[0001|t+0ms|ThreadId(1)] ==========================================================================
[0002|t+0ms|ThreadId(1)] [Rsift] session start: agentpath opts=
[0003|t+1ms|ThreadId(1)] [Rsift] log file: "C:\\Users\\Junji\\AppData\\Roaming\\PrismLauncher\\instances\\rsift\\rsift-natives\\rsift-bootstrap.log"
[0004|t+1ms|ThreadId(1)] [Rsift] dll directory: "C:\\Users\\Junji\\AppData\\Roaming\\PrismLauncher\\instances\\rsift\\rsift-natives"
[0005|t+3ms|ThreadId(1)] [Rsift] bootstrap jar: exists=true size=Some(43992)
[0006|t+3ms|ThreadId(1)] [Rsift] rsift_jvm.dll: exists=true size=Some(11697664)
[0007|t+4ms|ThreadId(1)] ==========================================================================
[0008|t+4ms|ThreadId(1)] [step] Agent_OnLoad — entered
[0009|t+4ms|ThreadId(1)] [step] Agent_OnLoad — options=""
[0010|t+5ms|ThreadId(1)] [step] jvmti — Agent_OnLoad: AddToBootstrapClassLoaderSearch rc=0 — RsiftHooks 可視化 (bootstrap CL): C:\Users\Junji\AppData\Roaming\PrismLauncher\instances\rsift\rsift-natives\rsift-bootstrap.jar
[0011|t+5ms|ThreadId(1)] [step] Agent_OnLoad — bootstrap classpath ensure rc=0
[0012|t+6ms|ThreadId(1)] [step] Agent_OnLoad — scheduling deferred init thread (mods load in background thread)
[0013|t+6ms|ThreadId(1)] [step] schedule_deferred_init — from_agentpath=true opts_len=0 agentpath_active=false
[0014|t+7ms|ThreadId(1)] [step] agentpath — marker written "C:\\Users\\Junji\\AppData\\Roaming\\PrismLauncher\\instances\\rsift\\rsift-natives\\.rsift-agentpath-active"
[0015|t+7ms|ThreadId(1)] [step] schedule_deferred_init — thread spawn OK
[0016|t+7ms|ThreadId(2)] [step] deferred_init — thread entered
[0017|t+7ms|ThreadId(1)] [step] Agent_OnLoad — complete — returning 0 to JVM
[0018|t+8ms|ThreadId(2)] [step] deferred_init — brief wait before JNI (agentpath-only, no javaagent)
[0019|t+1008ms|ThreadId(2)] [step] deferred_init — pre-JNI wait complete
[0020|t+1009ms|ThreadId(2)] [step] boot_markers — agentpath=true javaagent=false
[0021|t+1009ms|ThreadId(2)] [step] deferred_init — loading mods
[0022|t+1010ms|ThreadId(2)] [step] agent_premain — loading mods args=
[0023|t+1010ms|ThreadId(2)] [Rsift] mod_dir from game cwd: "C:\\Users\\Junji\\AppData\\Roaming\\PrismLauncher\\instances\\rsift\\.minecraft\\mods"
[0024|t+1010ms|ThreadId(2)] [step] agent_premain — mod_dir="C:\\Users\\Junji\\AppData\\Roaming\\PrismLauncher\\instances\\rsift\\.minecraft\\mods"
[0025|t+1011ms|ThreadId(2)] [step] agent_premain — mod candidates (3): ["rsgraphics.dll", "rsreplay.dll", "rszoom.dll"]
[0026|t+1012ms|ThreadId(2)] [step] agent_premain — official mod restore: all official mods already present
[0027|t+1012ms|ThreadId(2)] [step] agent_premain — abi table installed v1.21.11
[0028|t+1013ms|ThreadId(2)] [step] agent_premain — sim runtime ready backend=std_seek cores=8
[0029|t+1542ms|ThreadId(2)] [step] agent_premain — mods loaded OK: ["rsgraphics", "rsreplay", "rszoom"]
[0030|t+1542ms|ThreadId(2)] [step] deferred_init — JavaVM::from_raw addr=0x7ff8a25437b0
[0031|t+1871ms|ThreadId(2)] [Rsift] [obf_map] client.txt loaded → Obfuscated mode (classes=10291 methods=89557 fields=45679)
[0032|t+1872ms|ThreadId(2)] [step] deferred_init — obf_map mode = Obfuscated
[0033|t+1873ms|ThreadId(2)] [step] obf_method_aliases — registered 5 / 11 runtime method aliases (rest fall back to mojmap name)
[0034|t+1874ms|ThreadId(2)] [step] classloader_probe — attempt 0 attach OK
[0035|t+1875ms|ThreadId(2)] [step] jvmti — AddCapabilities request all_hook=true early_hook=false redefine=true retransform=true retransform_any=true (potential ∩ desired)
[0036|t+1875ms|ThreadId(2)] [step] jvmti — AddCapabilities rc=0 (全請求受理)
[0037|t+1876ms|ThreadId(2)] [step] jvmti — GetCapabilities rc=0 all_hook=true early_hook=false redefine=true retransform=true retransform_any=true
[0038|t+1876ms|ThreadId(2)] [JVMTI] ClassFileLoadHook + ClassLoad enabled (exact-spec indices)
[0039|t+1876ms|ThreadId(2)] [step] f3_marker — static spec pre-registered (load-free, reflection-independent): glz#getLines ()Ljava/util/List; (mojmap DebugScreenEntryList#getLines)
[0040|t+1876ms|ThreadId(2)] [step] deferred_init — JVMTI CFLH install (attached thread, attempt 0) = true
[0041|t+1877ms|ThreadId(2)] [step] classloader — attempt 0 — game still booting, deferring JNI probes
[0042|t+1877ms|ThreadId(2)] [step] classloader_probe — attempt 0 — not ready yet
[0043|t+4939ms|ThreadId(1)] [CFLH] net/minecraft/world/entity/Entity (runtime=cgk) matched target but NOT modified (method name/desc not found or refused) — 106567 bytes
[0044|t+4984ms|ThreadId(1)] [CFLH] net/minecraft/server/level/ServerLevel (runtime=axf) matched target but NOT modified (method name/desc not found or refused) — 58743 bytes
[0045|t+5438ms|ThreadId(1)] [CFLH] net/minecraft/world/level/material/FlowingFluid (runtime=fkz) matched target but NOT modified (method name/desc not found or refused) — 14050 bytes
[0046|t+5899ms|ThreadId(1)] [CFLH] net/minecraft/world/entity/Mob (runtime=chn) matched target but NOT modified (method name/desc not found or refused) — 38522 bytes
[0047|t+6454ms|ThreadId(1)] [CFLH] net/minecraft/world/level/block/entity/HopperBlockEntity (runtime=emf) matched target but NOT modified (method name/desc not found or refused) — 12215 bytes
[0048|t+6883ms|ThreadId(2)] [step] classloader_probe — attempt 5 attach OK
[0049|t+6886ms|ThreadId(2)] [CFLH] net/minecraft/client/Minecraft (runtime=gfj) matched target but NOT modified (method name/desc not found or refused) — 88505 bytes
[0050|t+6890ms|ThreadId(2)] [JVMTI] wanted class captured at ClassLoad (loader-independent): gfj
[0051|t+6890ms|ThreadId(2)] [Rsift] game ClassLoader cached
[0052|t+6891ms|ThreadId(2)] [step] classloader — FOUND via named thread context ClassLoader
[0053|t+6891ms|ThreadId(2)] [step] classloader_probe — FOUND on attempt 5
[0054|t+6893ms|ThreadId(2)] [Rsift] RsiftScreenHooks ready (minimal bootstrap)
[0055|t+6896ms|ThreadId(2)] [Rsift] RsiftPacketTap は同梱 bootstrap jar に未収録のためパケットタップは無効 (継続)
[0056|t+6897ms|ThreadId(2)] [Rsift] RsiftModBridge loaded
[0057|t+6900ms|ThreadId(2)] [Rsift] RsiftPlatformBridge loaded
[0058|t+6901ms|ThreadId(2)] [step] bridge_load — UiBridge=true ModBridge=true
[0059|t+6903ms|ThreadId(2)] [JVMTI] wanted class captured at ClassLoad (loader-independent): gjm
[0060|t+6907ms|ThreadId(2)] [CFLH] net/minecraft/world/level/chunk/LevelChunk (runtime=eqq) matched target but NOT modified (method name/desc not found or refused) — 23059 bytes
[0061|t+6916ms|ThreadId(2)] [JVMTI] game ClassLoader captured via CFLH (first class: net/minecraft/server/MinecraftServer)
[0062|t+6925ms|ThreadId(2)] [warn] jni_exc — loadClass(net.minecraft.client.gui.components.debug.DebugScreenOverlay [from mojmap net.minecraft.client.gui.components.debug.DebugScreenOverlay]) via game loader — returning None to caller: java.lang.ClassNotFoundException: net.minecraft.client.gui.components.debug.DebugScreenOverlay
[0063|t+6926ms|ThreadId(2)] [step] f3_marker — no F3-lines method (0-arg, List<String|Component>) found via reflection — F3 marker skipped honestly (window title marker remains)
[0064|t+6927ms|ThreadId(2)] [CFLH] PATCHED com/mojang/blaze3d/systems/RenderSystem (runtime=com/mojang/blaze3d/systems/RenderSystem) 11688 → 11742 bytes
[0065|t+6931ms|ThreadId(2)] [CFLH] net/minecraft/client/gui/screens/Screen (runtime=gsb) matched target but NOT modified (method name/desc not found or refused) — 19699 bytes
[0066|t+6936ms|ThreadId(2)] [JVMTI] wanted class captured at ClassLoad (loader-independent): gsb
[0067|t+6937ms|ThreadId(2)] [CFLH] net/minecraft/network/Connection (runtime=wu) matched target but NOT modified (method name/desc not found or refused) — 22766 bytes
[0068|t+6940ms|ThreadId(2)] [JVMTI] wanted class captured at ClassLoad (loader-independent): wu
[0069|t+6941ms|ThreadId(2)] [warn] jni_exc — loadClass(net.minecraft.world.level.redstone.RedstoneWireBlock [from mojmap net.minecraft.world.level.redstone.RedstoneWireBlock]) via game loader — returning None to caller: java.lang.ClassNotFoundException: net.minecraft.world.level.redstone.RedstoneWireBlock
[0070|t+6941ms|ThreadId(2)] [warn] jni_exc — retransform sweep: could not obtain jclass for net.minecraft.world.level.redstone.RedstoneWireBlock: java.lang.ClassNotFoundException: net.minecraft.world.level.redstone.RedstoneWireBlock
[0071|t+7091ms|ThreadId(2)] [step] retransform — RetransformClasses rc=0 (10 of 11 target classes already loaded)
[0072|t+7143ms|ThreadId(2)] [step] class_dump — 1675 interesting classes loaded (of 9500 total)
[0073|t+7144ms|ThreadId(2)] [class_dump] [B
[0074|t+7144ms|ThreadId(2)] [class_dump] [C
[0075|t+7146ms|ThreadId(2)] [class_dump] [D
[0076|t+7147ms|ThreadId(2)] [class_dump] [F
[0077|t+7148ms|ThreadId(2)] [class_dump] [I
[0078|t+7148ms|ThreadId(2)] [class_dump] [J
[0079|t+7149ms|ThreadId(2)] [class_dump] [Lbhh;
[0080|t+7149ms|ThreadId(2)] [class_dump] [Lbhr;
[0081|t+7150ms|ThreadId(2)] [class_dump] [Lbhz;
[0082|t+7150ms|ThreadId(2)] [class_dump] [Lcfl;
[0083|t+7150ms|ThreadId(2)] [class_dump] [Ldkr;
[0084|t+7151ms|ThreadId(2)] [class_dump] [Leev;
[0085|t+7151ms|ThreadId(2)] [class_dump] [Legm;
[0086|t+7151ms|ThreadId(2)] [class_dump] [Lenk;
[0087|t+7152ms|ThreadId(2)] [class_dump] [Lens;
[0088|t+7152ms|ThreadId(2)] [class_dump] [Leos;
[0089|t+7152ms|ThreadId(2)] [class_dump] [Leot;
[0090|t+7153ms|ThreadId(2)] [class_dump] [Leou;
[0091|t+7153ms|ThreadId(2)] [class_dump] [Leov;
[0092|t+7153ms|ThreadId(2)] [class_dump] [Leoy;
[0093|t+7153ms|ThreadId(2)] [class_dump] [Leoz;
[0094|t+7154ms|ThreadId(2)] [class_dump] [Lepa;
[0095|t+7154ms|ThreadId(2)] [class_dump] [Lepb;
[0096|t+7154ms|ThreadId(2)] [class_dump] [Lepc;
[0097|t+7154ms|ThreadId(2)] [class_dump] [Lepd;
[0098|t+7155ms|ThreadId(2)] [class_dump] [Lepe;
[0099|t+7155ms|ThreadId(2)] [class_dump] [Lepg;
[0100|t+7155ms|ThreadId(2)] [class_dump] [Lepi;
[0101|t+7156ms|ThreadId(2)] [class_dump] [Lepj;
[0102|t+7156ms|ThreadId(2)] [class_dump] [Lepk;
[0103|t+7156ms|ThreadId(2)] [class_dump] [Lepl;
[0104|t+7157ms|ThreadId(2)] [class_dump] [Lepm;
[0105|t+7157ms|ThreadId(2)] [class_dump] [Lepo;
[0106|t+7157ms|ThreadId(2)] [class_dump] [Lepp;
[0107|t+7158ms|ThreadId(2)] [class_dump] [Lepq;
[0108|t+7158ms|ThreadId(2)] [class_dump] [Lepr;
[0109|t+7158ms|ThreadId(2)] [class_dump] [Leps;
[0110|t+7159ms|ThreadId(2)] [class_dump] [Lept;
[0111|t+7159ms|ThreadId(2)] [class_dump] [Lepu;
[0112|t+7160ms|ThreadId(2)] [class_dump] [Lepv;
[0113|t+7160ms|ThreadId(2)] [class_dump] [Lf;
[0114|t+7160ms|ThreadId(2)] [class_dump] [Lflf;
[0115|t+7161ms|ThreadId(2)] [class_dump] [Lflg;
[0116|t+7161ms|ThreadId(2)] [class_dump] [Lfug;
[0117|t+7161ms|ThreadId(2)] [class_dump] [Lh;
[0118|t+7162ms|ThreadId(2)] [class_dump] [Liz;
[0119|t+7162ms|ThreadId(2)] [class_dump] [Ljb;
[0120|t+7163ms|ThreadId(2)] [class_dump] [Ll;
[0121|t+7163ms|ThreadId(2)] [class_dump] [S
[0122|t+7164ms|ThreadId(2)] [class_dump] [Z
[0123|t+7164ms|ThreadId(2)] [class_dump] [[B
[0124|t+7165ms|ThreadId(2)] [class_dump] [[C
[0125|t+7165ms|ThreadId(2)] [class_dump] [[I
[0126|t+7165ms|ThreadId(2)] [class_dump] [[J
[0127|t+7166ms|ThreadId(2)] [class_dump] [[Lbhh;
[0128|t+7166ms|ThreadId(2)] [class_dump] [[Lf;
[0129|t+7166ms|ThreadId(2)] [class_dump] [[Lh;
[0130|t+7167ms|ThreadId(2)] [class_dump] [[S
[0131|t+7167ms|ThreadId(2)] [class_dump] [[[C
[0132|t+7167ms|ThreadId(2)] [class_dump] aa → net.minecraft.WorldVersion
[0133|t+7168ms|ThreadId(2)] [class_dump] aah → net.minecraft.network.chat.numbers.NumberFormatType
[0134|t+7168ms|ThreadId(2)] [class_dump] aai → net.minecraft.network.chat.numbers.NumberFormatTypes
[0135|t+7168ms|ThreadId(2)] [class_dump] aam → net.minecraft.network.codec.ByteBufCodecs
[0136|t+7169ms|ThreadId(2)] [class_dump] aao → net.minecraft.network.codec.StreamCodec
[0137|t+7169ms|ThreadId(2)] [class_dump] aap → net.minecraft.network.codec.StreamDecoder
[0138|t+7169ms|ThreadId(2)] [class_dump] aaq → net.minecraft.network.codec.StreamEncoder
[0139|t+7170ms|ThreadId(2)] [class_dump] aay → net.minecraft.network.protocol.Packet
[0140|t+7170ms|ThreadId(2)] [class_dump] abk → net.minecraft.network.protocol.common.ClientboundDisconnectPacket
[0141|t+7170ms|ThreadId(2)] [class_dump] acv → net.minecraft.network.protocol.cookie.ClientCookiePacketListener
[0142|t+7170ms|ThreadId(2)] [class_dump] aj → net.minecraft.advancements.CriteriaTriggers
[0143|t+7171ms|ThreadId(2)] [class_dump] ako → net.minecraft.network.protocol.login.ClientLoginPacketListener
[0144|t+7171ms|ThreadId(2)] [class_dump] aks → net.minecraft.network.protocol.login.ClientboundLoginDisconnectPacket
[0145|t+7171ms|ThreadId(2)] [class_dump] alz → net.minecraft.network.syncher.SyncedDataHolder
[0146|t+7172ms|ThreadId(2)] [class_dump] am → net.minecraft.advancements.CriterionTrigger
[0147|t+7172ms|ThreadId(2)] [class_dump] amh → net.minecraft.references.Blocks
[0148|t+7172ms|ThreadId(2)] [class_dump] ami → net.minecraft.references.Items
[0149|t+7173ms|ThreadId(2)] [class_dump] aml → net.minecraft.resources.DependantName
[0150|t+7173ms|ThreadId(2)] [class_dump] amo → net.minecraft.resources.Identifier
[0151|t+7173ms|ThreadId(2)] [class_dump] amq → net.minecraft.resources.RegistryFileCodec
[0152|t+7173ms|ThreadId(2)] [class_dump] amr → net.minecraft.resources.RegistryFixedCodec
[0153|t+7174ms|ThreadId(2)] [class_dump] amt → net.minecraft.resources.ResourceKey
[0154|t+7174ms|ThreadId(2)] [class_dump] amv → net.minecraft.server.Bootstrap
[0155|t+7174ms|ThreadId(2)] [class_dump] amy → net.minecraft.server.DebugLoggedPrintStream
[0156|t+7175ms|ThreadId(2)] [class_dump] ana → net.minecraft.server.LoggedPrintStream
[0157|t+7175ms|ThreadId(2)] [class_dump] anf → net.minecraft.server.RunningOnDifferentThreadException
[0158|t+7175ms|ThreadId(2)] [class_dump] anj → net.minecraft.server.ServerInfo
[0159|t+7176ms|ThreadId(2)] [class_dump] anm → net.minecraft.server.ServerScoreboard
[0160|t+7176ms|ThreadId(2)] [class_dump] ann → net.minecraft.server.ServerTickRateManager
[0161|t+7176ms|ThreadId(2)] [class_dump] asm → net.minecraft.server.dialog.DialogTypes
[0162|t+7176ms|ThreadId(2)] [class_dump] asu → net.minecraft.server.dialog.action.ActionTypes
[0163|t+7177ms|ThreadId(2)] [class_dump] atb → net.minecraft.server.dialog.body.DialogBodyTypes
[0164|t+7177ms|ThreadId(2)] [class_dump] ath → net.minecraft.server.dialog.input.InputControlTypes
[0165|t+7177ms|ThreadId(2)] [class_dump] ats → net.minecraft.server.jsonrpc.IncomingRpcMethod
[0166|t+7178ms|ThreadId(2)] [class_dump] att → net.minecraft.server.jsonrpc.IncomingRpcMethods
[0167|t+7178ms|ThreadId(2)] [class_dump] awk → net.minecraft.server.level.ChunkResult
[0168|t+7181ms|ThreadId(2)] [class_dump] axc → net.minecraft.server.level.ServerChunkCache
[0169|t+7181ms|ThreadId(2)] [class_dump] axe → net.minecraft.server.level.ServerEntityGetter
[0170|t+7182ms|ThreadId(2)] [class_dump] axf → net.minecraft.server.level.ServerLevel
[0171|t+7182ms|ThreadId(2)] [class_dump] axg → net.minecraft.server.level.ServerPlayer
[0172|t+7183ms|ThreadId(2)] [class_dump] axq → net.minecraft.server.level.progress.LevelLoadListener
[0173|t+7183ms|ThreadId(2)] [class_dump] azl → net.minecraft.server.packs.PackResources
[0174|t+7184ms|ThreadId(2)] [class_dump] azz → net.minecraft.server.packs.metadata.pack.PackFormat
[0175|t+7184ms|ThreadId(2)] [class_dump] bat → net.minecraft.server.packs.resources.PreparableReloadListener
[0176|t+7184ms|ThreadId(2)] [class_dump] baz → net.minecraft.server.packs.resources.ResourceManager
[0177|t+7185ms|ThreadId(2)] [class_dump] bbc → net.minecraft.server.packs.resources.ResourceProvider
[0178|t+7185ms|ThreadId(2)] [class_dump] bbk → net.minecraft.server.permissions.PermissionCheckTypes
[0179|t+7185ms|ThreadId(2)] [class_dump] bbq → net.minecraft.server.permissions.PermissionTypes
[0180|t+7185ms|ThreadId(2)] [class_dump] bca → net.minecraft.server.players.ProfileResolver
[0181|t+7186ms|ThreadId(2)] [class_dump] bcz → net.minecraft.sounds.SoundEvent
[0182|t+7186ms|ThreadId(2)] [class_dump] bda → net.minecraft.sounds.SoundEvents
[0183|t+7186ms|ThreadId(2)] [class_dump] bel → net.minecraft.util.ARGB
[0184|t+7186ms|ThreadId(2)] [class_dump] beu → net.minecraft.util.ByIdMap
[0185|t+7187ms|ThreadId(2)] [class_dump] bex → net.minecraft.util.ColorRGBA
[0186|t+7187ms|ThreadId(2)] [class_dump] bfm → net.minecraft.util.ExtraCodecs
[0187|t+7187ms|ThreadId(2)] [class_dump] bfr → net.minecraft.util.FormattedCharSequence
[0188|t+7188ms|ThreadId(2)] [class_dump] bfs → net.minecraft.util.FormattedCharSink
[0189|t+7188ms|ThreadId(2)] [class_dump] bfv → net.minecraft.util.GsonHelper
[0190|t+7188ms|ThreadId(2)] [class_dump] bgh → net.minecraft.util.MemoryReserve
[0191|t+7189ms|ThreadId(2)] [class_dump] bgj → net.minecraft.util.Mth
[0192|t+7189ms|ThreadId(2)] [class_dump] bgp → net.minecraft.util.ProblemReporter
[0193|t+7189ms|ThreadId(2)] [class_dump] bgq → net.minecraft.util.ProgressListener
[0194|t+7189ms|ThreadId(2)] [class_dump] bgr → net.minecraft.util.RandomSource
[0195|t+7190ms|ThreadId(2)] [class_dump] bgt → net.minecraft.util.SegmentedAnglePrecision
[0196|t+7190ms|ThreadId(2)] [class_dump] bhh → net.minecraft.util.StringRepresentable
[0197|t+7190ms|ThreadId(2)] [class_dump] bhm → net.minecraft.util.TimeSource
[0198|t+7191ms|ThreadId(2)] [class_dump] bhr → net.minecraft.util.Unit
[0199|t+7191ms|ThreadId(2)] [class_dump] bhs → net.minecraft.util.Util
[0200|t+7191ms|ThreadId(2)] [class_dump] bhz → net.minecraft.util.datafix.DataFixTypes
[0201|t+7192ms|ThreadId(2)] [class_dump] bia → net.minecraft.util.datafix.DataFixers
[0202|t+7192ms|ThreadId(2)] [class_dump] bib → net.minecraft.util.datafix.ExtraDataFixUtils
[0203|t+7192ms|ThreadId(2)] [class_dump] bie → net.minecraft.util.datafix.fixes.AbstractArrowPickupFix
[0204|t+7193ms|ThreadId(2)] [class_dump] bif → net.minecraft.util.datafix.fixes.AbstractBlockPropertyFix
[0205|t+7193ms|ThreadId(2)] [class_dump] big → net.minecraft.util.datafix.fixes.AbstractPoiSectionFix
[0206|t+7193ms|ThreadId(2)] [class_dump] bih → net.minecraft.util.datafix.fixes.AbstractUUIDFix
[0207|t+7193ms|ThreadId(2)] [class_dump] bii → net.minecraft.util.datafix.fixes.AddFieldFix
[0208|t+7194ms|ThreadId(2)] [class_dump] bij → net.minecraft.util.datafix.fixes.AddFlagIfNotPresentFix
[0209|t+7194ms|ThreadId(2)] [class_dump] bik → net.minecraft.util.datafix.fixes.AddNewChoices
[0210|t+7197ms|ThreadId(2)] [class_dump] bil → net.minecraft.util.datafix.fixes.AdvancementsFix
[0211|t+7197ms|ThreadId(2)] [class_dump] bim → net.minecraft.util.datafix.fixes.AdvancementsRenameFix
[0212|t+7198ms|ThreadId(2)] [class_dump] bin → net.minecraft.util.datafix.fixes.AreaEffectCloudDurationScaleFix
[0213|t+7198ms|ThreadId(2)] [class_dump] bio → net.minecraft.util.datafix.fixes.AreaEffectCloudPotionFix
[0214|t+7199ms|ThreadId(2)] [class_dump] bip → net.minecraft.util.datafix.fixes.AttributeIdPrefixFix
[0215|t+7199ms|ThreadId(2)] [class_dump] biq → net.minecraft.util.datafix.fixes.AttributeModifierIdFix
[0216|t+7200ms|ThreadId(2)] [class_dump] bir → net.minecraft.util.datafix.fixes.AttributesRenameFix
[0217|t+7200ms|ThreadId(2)] [class_dump] bis → net.minecraft.util.datafix.fixes.AttributesRenameLegacy
[0218|t+7200ms|ThreadId(2)] [class_dump] bit → net.minecraft.util.datafix.fixes.BannerEntityCustomNameToOverrideComponentFix
[0219|t+7201ms|ThreadId(2)] [class_dump] biu → net.minecraft.util.datafix.fixes.BannerPatternFormatFix
[0220|t+7201ms|ThreadId(2)] [class_dump] biv → net.minecraft.util.datafix.fixes.BedItemColorFix
[0221|t+7201ms|ThreadId(2)] [class_dump] biw → net.minecraft.util.datafix.fixes.BeehiveFieldRenameFix
[0222|t+7201ms|ThreadId(2)] [class_dump] bix → net.minecraft.util.datafix.fixes.BiomeFix
[0223|t+7202ms|ThreadId(2)] [class_dump] biy → net.minecraft.util.datafix.fixes.BitStorageAlignFix
[0224|t+7202ms|ThreadId(2)] [class_dump] biz → net.minecraft.util.datafix.fixes.BlendingDataFix
[0225|t+7202ms|ThreadId(2)] [class_dump] bja → net.minecraft.util.datafix.fixes.BlendingDataRemoveFromNetherEndFix
[0226|t+7203ms|ThreadId(2)] [class_dump] bjb → net.minecraft.util.datafix.fixes.BlockEntityBannerColorFix
[0227|t+7203ms|ThreadId(2)] [class_dump] bjc → net.minecraft.util.datafix.fixes.BlockEntityBlockStateFix
[0228|t+7203ms|ThreadId(2)] [class_dump] bjd → net.minecraft.util.datafix.fixes.BlockEntityCustomNameToComponentFix
[0229|t+7203ms|ThreadId(2)] [class_dump] bje → net.minecraft.util.datafix.fixes.BlockEntityFurnaceBurnTimeFix
[0230|t+7204ms|ThreadId(2)] [class_dump] bjf → net.minecraft.util.datafix.fixes.BlockEntityIdFix
[0231|t+7204ms|ThreadId(2)] [class_dump] bjg → net.minecraft.util.datafix.fixes.BlockEntityJukeboxFix
[0232|t+7204ms|ThreadId(2)] [class_dump] bjh → net.minecraft.util.datafix.fixes.BlockEntityKeepPacked
[0233|t+7205ms|ThreadId(2)] [class_dump] bji → net.minecraft.util.datafix.fixes.BlockEntityRenameFix
[0234|t+7205ms|ThreadId(2)] [class_dump] bjj → net.minecraft.util.datafix.fixes.BlockEntityShulkerBoxColorFix
[0235|t+7205ms|ThreadId(2)] [class_dump] bjk → net.minecraft.util.datafix.fixes.BlockEntitySignDoubleSidedEditableTextFix
[0236|t+7205ms|ThreadId(2)] [class_dump] bjl → net.minecraft.util.datafix.fixes.BlockEntityUUIDFix
[0237|t+7206ms|ThreadId(2)] [class_dump] bjm → net.minecraft.util.datafix.fixes.BlockNameFlatteningFix
[0238|t+7206ms|ThreadId(2)] [class_dump] bjn → net.minecraft.util.datafix.fixes.BlockPosFormatAndRenamesFix
[0239|t+7206ms|ThreadId(2)] [class_dump] bjo → net.minecraft.util.datafix.fixes.BlockPropertyRenameAndFix
[0240|t+7207ms|ThreadId(2)] [class_dump] bjp → net.minecraft.util.datafix.fixes.BlockRenameFix
[0241|t+7207ms|ThreadId(2)] [class_dump] bjr → net.minecraft.util.datafix.fixes.BlockStateStructureTemplateFix
[0242|t+7207ms|ThreadId(2)] [class_dump] bjs → net.minecraft.util.datafix.fixes.BoatSplitFix
[0243|t+7207ms|ThreadId(2)] [class_dump] bjt → net.minecraft.util.datafix.fixes.CarvingStepRemoveFix
[0244|t+7208ms|ThreadId(2)] [class_dump] bju → net.minecraft.util.datafix.fixes.CatTypeFix
[0245|t+7208ms|ThreadId(2)] [class_dump] bjv → net.minecraft.util.datafix.fixes.CauldronRenameFix
[0246|t+7208ms|ThreadId(2)] [class_dump] bjw → net.minecraft.util.datafix.fixes.CavesAndCliffsRenames
[0247|t+7209ms|ThreadId(2)] [class_dump] bjx → net.minecraft.util.datafix.fixes.ChestedHorsesInventoryZeroIndexingFix
[0248|t+7209ms|ThreadId(2)] [class_dump] bjy → net.minecraft.util.datafix.fixes.ChunkBedBlockEntityInjecterFix
[0249|t+7209ms|ThreadId(2)] [class_dump] bjz → net.minecraft.util.datafix.fixes.ChunkBiomeFix
[0250|t+7210ms|ThreadId(2)] [class_dump] bka → net.minecraft.util.datafix.fixes.ChunkDeleteIgnoredLightDataFix
[0251|t+7210ms|ThreadId(2)] [class_dump] bkb → net.minecraft.util.datafix.fixes.ChunkDeleteLightFix
[0252|t+7210ms|ThreadId(2)] [class_dump] bkc → net.minecraft.util.datafix.fixes.ChunkHeightAndBiomeFix
[0253|t+7210ms|ThreadId(2)] [class_dump] bkd → net.minecraft.util.datafix.fixes.ChunkLightRemoveFix
[0254|t+7211ms|ThreadId(2)] [class_dump] bke → net.minecraft.util.datafix.fixes.ChunkPalettedStorageFix
[0255|t+7211ms|ThreadId(2)] [class_dump] bkf → net.minecraft.util.datafix.fixes.ChunkProtoTickListFix
[0256|t+7212ms|ThreadId(2)] [class_dump] bkg → net.minecraft.util.datafix.fixes.ChunkRenamesFix
[0257|t+7212ms|ThreadId(2)] [class_dump] bkh → net.minecraft.util.datafix.fixes.ChunkStatusFix
[0258|t+7213ms|ThreadId(2)] [class_dump] bki → net.minecraft.util.datafix.fixes.ChunkStatusFix2
[0259|t+7217ms|ThreadId(2)] [class_dump] bkj → net.minecraft.util.datafix.fixes.ChunkStructuresTemplateRenameFix
[0260|t+7217ms|ThreadId(2)] [class_dump] bkk → net.minecraft.util.datafix.fixes.ChunkTicketUnpackPosFix
[0261|t+7217ms|ThreadId(2)] [class_dump] bkl → net.minecraft.util.datafix.fixes.ChunkToProtochunkFix
[0262|t+7218ms|ThreadId(2)] [class_dump] bkm → net.minecraft.util.datafix.fixes.ColorlessShulkerEntityFix
[0263|t+7218ms|ThreadId(2)] [class_dump] bkn → net.minecraft.util.datafix.fixes.ContainerBlockEntityLockPredicateFix
[0264|t+7218ms|ThreadId(2)] [class_dump] bko → net.minecraft.util.datafix.fixes.CopperGolemWeatherStateFix
[0265|t+7218ms|ThreadId(2)] [class_dump] bkp → net.minecraft.util.datafix.fixes.CriteriaRenameFix
[0266|t+7219ms|ThreadId(2)] [class_dump] bkq → net.minecraft.util.datafix.fixes.CustomModelDataExpandFix
[0267|t+7219ms|ThreadId(2)] [class_dump] bkr → net.minecraft.util.datafix.fixes.DataComponentRemainderFix
[0268|t+7219ms|ThreadId(2)] [class_dump] bks → net.minecraft.util.datafix.fixes.DebugProfileOverlayReferenceFix
[0269|t+7219ms|ThreadId(2)] [class_dump] bkt → net.minecraft.util.datafix.fixes.DecoratedPotFieldRenameFix
[0270|t+7220ms|ThreadId(2)] [class_dump] bku → net.minecraft.util.datafix.fixes.DropChancesFormatFix
[0271|t+7220ms|ThreadId(2)] [class_dump] bkv → net.minecraft.util.datafix.fixes.DropInvalidSignDataFix
[0272|t+7220ms|ThreadId(2)] [class_dump] bkw → net.minecraft.util.datafix.fixes.DyeItemRenameFix
[0273|t+7221ms|ThreadId(2)] [class_dump] bkx → net.minecraft.util.datafix.fixes.EffectDurationFix
[0274|t+7221ms|ThreadId(2)] [class_dump] bky → net.minecraft.util.datafix.fixes.EmptyItemInHotbarFix
[0275|t+7221ms|ThreadId(2)] [class_dump] bkz → net.minecraft.util.datafix.fixes.EmptyItemInVillagerTradeFix
[0276|t+7221ms|ThreadId(2)] [class_dump] bla → net.minecraft.util.datafix.fixes.EntityArmorStandSilentFix
[0277|t+7222ms|ThreadId(2)] [class_dump] blb → net.minecraft.util.datafix.fixes.EntityAttributeBaseValueFix
[0278|t+7222ms|ThreadId(2)] [class_dump] blc → net.minecraft.util.datafix.fixes.EntityBlockStateFix
[0279|t+7222ms|ThreadId(2)] [class_dump] bld → net.minecraft.util.datafix.fixes.EntityBrushableBlockFieldsRenameFix
[0280|t+7223ms|ThreadId(2)] [class_dump] ble → net.minecraft.util.datafix.fixes.EntityCatSplitFix
[0281|t+7223ms|ThreadId(2)] [class_dump] blf → net.minecraft.util.datafix.fixes.EntityCodSalmonFix
[0282|t+7223ms|ThreadId(2)] [class_dump] blg → net.minecraft.util.datafix.fixes.EntityCustomNameToComponentFix
[0283|t+7224ms|ThreadId(2)] [class_dump] blh → net.minecraft.util.datafix.fixes.EntityElderGuardianSplitFix
[0284|t+7224ms|ThreadId(2)] [class_dump] bli → net.minecraft.util.datafix.fixes.EntityEquipmentToArmorAndHandFix
[0285|t+7225ms|ThreadId(2)] [class_dump] blj → net.minecraft.util.datafix.fixes.EntityFallDistanceFloatToDoubleFix
[0286|t+7225ms|ThreadId(2)] [class_dump] blk → net.minecraft.util.datafix.fixes.EntityFieldsRenameFix
[0287|t+7225ms|ThreadId(2)] [class_dump] bll → net.minecraft.util.datafix.fixes.EntityGoatMissingStateFix
[0288|t+7226ms|ThreadId(2)] [class_dump] blm → net.minecraft.util.datafix.fixes.EntityHealthFix
[0289|t+7226ms|ThreadId(2)] [class_dump] bln → net.minecraft.util.datafix.fixes.EntityHorseSaddleFix
[0290|t+7226ms|ThreadId(2)] [class_dump] blo → net.minecraft.util.datafix.fixes.EntityHorseSplitFix
[0291|t+7227ms|ThreadId(2)] [class_dump] blp → net.minecraft.util.datafix.fixes.EntityIdFix
[0292|t+7227ms|ThreadId(2)] [class_dump] blq → net.minecraft.util.datafix.fixes.EntityItemFrameDirectionFix
[0293|t+7227ms|ThreadId(2)] [class_dump] blr → net.minecraft.util.datafix.fixes.EntityMinecartIdentifiersFix
[0294|t+7228ms|ThreadId(2)] [class_dump] bls → net.minecraft.util.datafix.fixes.EntityPaintingItemFrameDirectionFix
[0295|t+7228ms|ThreadId(2)] [class_dump] blt → net.minecraft.util.datafix.fixes.EntityPaintingMotiveFix
[0296|t+7230ms|ThreadId(2)] [class_dump] blu → net.minecraft.util.datafix.fixes.EntityProjectileOwnerFix
[0297|t+7231ms|ThreadId(2)] [class_dump] blv → net.minecraft.util.datafix.fixes.EntityPufferfishRenameFix
[0298|t+7231ms|ThreadId(2)] [class_dump] blw → net.minecraft.util.datafix.fixes.EntityRavagerRenameFix
[0299|t+7232ms|ThreadId(2)] [class_dump] blx → net.minecraft.util.datafix.fixes.EntityRedundantChanceTagsFix
[0300|t+7232ms|ThreadId(2)] [class_dump] bly → net.minecraft.util.datafix.fixes.EntityRenameFix
[0301|t+7232ms|ThreadId(2)] [class_dump] blz → net.minecraft.util.datafix.fixes.EntityRidingToPassengersFix
[0302|t+7232ms|ThreadId(2)] [class_dump] bma → net.minecraft.util.datafix.fixes.EntitySalmonSizeFix
[0303|t+7233ms|ThreadId(2)] [class_dump] bmb → net.minecraft.util.datafix.fixes.EntityShulkerColorFix
[0304|t+7233ms|ThreadId(2)] [class_dump] bmc → net.minecraft.util.datafix.fixes.EntityShulkerRotationFix
[0305|t+7233ms|ThreadId(2)] [class_dump] bmd → net.minecraft.util.datafix.fixes.EntitySkeletonSplitFix
[0306|t+7233ms|ThreadId(2)] [class_dump] bme → net.minecraft.util.datafix.fixes.EntitySpawnerItemVariantComponentFix
[0307|t+7234ms|ThreadId(2)] [class_dump] bmf → net.minecraft.util.datafix.fixes.EntityStringUuidFix
[0308|t+7234ms|ThreadId(2)] [class_dump] bmg → net.minecraft.util.datafix.fixes.EntityTheRenameningFix
[0309|t+7234ms|ThreadId(2)] [class_dump] bmh → net.minecraft.util.datafix.fixes.EntityTippedArrowFix
[0310|t+7234ms|ThreadId(2)] [class_dump] bmi → net.minecraft.util.datafix.fixes.EntityUUIDFix
[0311|t+7235ms|ThreadId(2)] [class_dump] bmj → net.minecraft.util.datafix.fixes.EntityVariantFix
[0312|t+7235ms|ThreadId(2)] [class_dump] bmk → net.minecraft.util.datafix.fixes.EntityWolfColorFix
[0313|t+7235ms|ThreadId(2)] [class_dump] bml → net.minecraft.util.datafix.fixes.EntityZombieSplitFix
[0314|t+7235ms|ThreadId(2)] [class_dump] bmm → net.minecraft.util.datafix.fixes.EntityZombieVillagerTypeFix
[0315|t+7236ms|ThreadId(2)] [class_dump] bmn → net.minecraft.util.datafix.fixes.EntityZombifiedPiglinRenameFix
[0316|t+7236ms|ThreadId(2)] [class_dump] bmo → net.minecraft.util.datafix.fixes.EquipmentFormatFix
[0317|t+7236ms|ThreadId(2)] [class_dump] bmp → net.minecraft.util.datafix.fixes.EquippableAssetRenameFix
[0318|t+7236ms|ThreadId(2)] [class_dump] bmq → net.minecraft.util.datafix.fixes.FeatureFlagRemoveFix
[0319|t+7237ms|ThreadId(2)] [class_dump] bmr → net.minecraft.util.datafix.fixes.FilteredBooksFix
[0320|t+7237ms|ThreadId(2)] [class_dump] bms → net.minecraft.util.datafix.fixes.FilteredSignsFix
[0321|t+7237ms|ThreadId(2)] [class_dump] bmt → net.minecraft.util.datafix.fixes.FireResistantToDamageResistantComponentFix
[0322|t+7237ms|ThreadId(2)] [class_dump] bmu → net.minecraft.util.datafix.fixes.FixProjectileStoredItem
[0323|t+7238ms|ThreadId(2)] [class_dump] bmv → net.minecraft.util.datafix.fixes.FixWolfHealth
[0324|t+7238ms|ThreadId(2)] [class_dump] bmw → net.minecraft.util.datafix.fixes.FoodToConsumableFix
[0325|t+7238ms|ThreadId(2)] [class_dump] bmx → net.minecraft.util.datafix.fixes.ForcePoiRebuild
[0326|t+7238ms|ThreadId(2)] [class_dump] bmy → net.minecraft.util.datafix.fixes.ForcedChunkToTicketFix
[0327|t+7239ms|ThreadId(2)] [class_dump] bmz → net.minecraft.util.datafix.fixes.FurnaceRecipeFix
[0328|t+7239ms|ThreadId(2)] [class_dump] bna → net.minecraft.util.datafix.fixes.GameRuleRegistryFix
[0329|t+7239ms|ThreadId(2)] [class_dump] bnb → net.minecraft.util.datafix.fixes.GoatHornIdFix
[0330|t+7239ms|ThreadId(2)] [class_dump] bnc → net.minecraft.util.datafix.fixes.GossipUUIDFix
[0331|t+7240ms|ThreadId(2)] [class_dump] bnd → net.minecraft.util.datafix.fixes.HeightmapRenamingFix
[0332|t+7240ms|ThreadId(2)] [class_dump] bne → net.minecraft.util.datafix.fixes.HorseBodyArmorItemFix
[0333|t+7240ms|ThreadId(2)] [class_dump] bnf → net.minecraft.util.datafix.fixes.IglooMetadataRemovalFix
[0334|t+7241ms|ThreadId(2)] [class_dump] bng → net.minecraft.util.datafix.fixes.InlineBlockPosFormatFix
[0335|t+7241ms|ThreadId(2)] [class_dump] bnh → net.minecraft.util.datafix.fixes.InvalidBlockEntityLockFix
[0336|t+7241ms|ThreadId(2)] [class_dump] bni → net.minecraft.util.datafix.fixes.InvalidLockComponentFix
[0337|t+7242ms|ThreadId(2)] [class_dump] bnj → net.minecraft.util.datafix.fixes.ItemBannerColorFix
[0338|t+7242ms|ThreadId(2)] [class_dump] bnk → net.minecraft.util.datafix.fixes.ItemCustomNameToComponentFix
[0339|t+7242ms|ThreadId(2)] [class_dump] bnl → net.minecraft.util.datafix.fixes.ItemIdFix
[0340|t+7242ms|ThreadId(2)] [class_dump] bnm → net.minecraft.util.datafix.fixes.ItemLoreFix
[0341|t+7243ms|ThreadId(2)] [class_dump] bnn → net.minecraft.util.datafix.fixes.ItemPotionFix
[0342|t+7243ms|ThreadId(2)] [class_dump] bno → net.minecraft.util.datafix.fixes.ItemRenameFix
[0343|t+7243ms|ThreadId(2)] [class_dump] bnp → net.minecraft.util.datafix.fixes.ItemShulkerBoxColorFix
[0344|t+7244ms|ThreadId(2)] [class_dump] bnq → net.minecraft.util.datafix.fixes.ItemSpawnEggFix
[0345|t+7244ms|ThreadId(2)] [class_dump] bnr → net.minecraft.util.datafix.fixes.ItemStackComponentizationFix
[0346|t+7244ms|ThreadId(2)] [class_dump] bns → net.minecraft.util.datafix.fixes.ItemStackCustomNameToOverrideComponentFix
[0347|t+7247ms|ThreadId(2)] [class_dump] bnt → net.minecraft.util.datafix.fixes.ItemStackEnchantmentNamesFix
[0348|t+7247ms|ThreadId(2)] [class_dump] bnu → net.minecraft.util.datafix.fixes.ItemStackMapIdFix
[0349|t+7248ms|ThreadId(2)] [class_dump] bnv → net.minecraft.util.datafix.fixes.ItemStackSpawnEggFix
[0350|t+7248ms|ThreadId(2)] [class_dump] bnw → net.minecraft.util.datafix.fixes.ItemStackTagFix
[0351|t+7249ms|ThreadId(2)] [class_dump] bnx → net.minecraft.util.datafix.fixes.ItemStackTagRemainderFix
[0352|t+7249ms|ThreadId(2)] [class_dump] bny → net.minecraft.util.datafix.fixes.ItemStackTheFlatteningFix
[0353|t+7250ms|ThreadId(2)] [class_dump] bnz → net.minecraft.util.datafix.fixes.ItemStackUUIDFix
[0354|t+7250ms|ThreadId(2)] [class_dump] boa → net.minecraft.util.datafix.fixes.ItemWaterPotionFix
[0355|t+7250ms|ThreadId(2)] [class_dump] bob → net.minecraft.util.datafix.fixes.JigsawPropertiesFix
[0356|t+7251ms|ThreadId(2)] [class_dump] boc → net.minecraft.util.datafix.fixes.JigsawRotationFix
[0357|t+7251ms|ThreadId(2)] [class_dump] bod → net.minecraft.util.datafix.fixes.JukeboxTicksSinceSongStartedFix
[0358|t+7251ms|ThreadId(2)] [class_dump] boe → net.minecraft.util.datafix.fixes.LeavesFix
[0359|t+7251ms|ThreadId(2)] [class_dump] bof → net.minecraft.util.datafix.fixes.LegacyDimensionIdFix
[0360|t+7252ms|ThreadId(2)] [class_dump] bog → net.minecraft.util.datafix.fixes.LegacyDragonFightFix
[0361|t+7252ms|ThreadId(2)] [class_dump] boh → net.minecraft.util.datafix.fixes.LegacyHoverEventFix
[0362|t+7252ms|ThreadId(2)] [class_dump] boi → net.minecraft.util.datafix.fixes.LegacyWorldBorderFix
[0363|t+7253ms|ThreadId(2)] [class_dump] boj → net.minecraft.util.datafix.fixes.LevelDataGeneratorOptionsFix
[0364|t+7253ms|ThreadId(2)] [class_dump] bok → net.minecraft.util.datafix.fixes.LevelFlatGeneratorInfoFix
[0365|t+7253ms|ThreadId(2)] [class_dump] bol → net.minecraft.util.datafix.fixes.LevelLegacyWorldGenSettingsFix
[0366|t+7254ms|ThreadId(2)] [class_dump] bom → net.minecraft.util.datafix.fixes.LevelUUIDFix
[0367|t+7254ms|ThreadId(2)] [class_dump] bon → net.minecraft.util.datafix.fixes.LockComponentPredicateFix
[0368|t+7254ms|ThreadId(2)] [class_dump] boo → net.minecraft.util.datafix.fixes.LodestoneCompassComponentFix
[0369|t+7254ms|ThreadId(2)] [class_dump] bop → net.minecraft.util.datafix.fixes.MapBannerBlockPosFormatFix
[0370|t+7255ms|ThreadId(2)] [class_dump] boq → net.minecraft.util.datafix.fixes.MapIdFix
[0371|t+7255ms|ThreadId(2)] [class_dump] bor → net.minecraft.util.datafix.fixes.MemoryExpiryDataFix
[0372|t+7255ms|ThreadId(2)] [class_dump] bos → net.minecraft.util.datafix.fixes.MissingDimensionFix
[0373|t+7256ms|ThreadId(2)] [class_dump] bot → net.minecraft.util.datafix.fixes.MobEffectIdFix
[0374|t+7256ms|ThreadId(2)] [class_dump] bou → net.minecraft.util.datafix.fixes.MobSpawnerEntityIdentifiersFix
[0375|t+7256ms|ThreadId(2)] [class_dump] bov → net.minecraft.util.datafix.fixes.NamedEntityConvertUncheckedFix
[0376|t+7257ms|ThreadId(2)] [class_dump] bow → net.minecraft.util.datafix.fixes.NamedEntityFix
[0377|t+7257ms|ThreadId(2)] [class_dump] box → net.minecraft.util.datafix.fixes.NamedEntityWriteReadFix
[0378|t+7257ms|ThreadId(2)] [class_dump] boy → net.minecraft.util.datafix.fixes.NamespacedTypeRenameFix
[0379|t+7258ms|ThreadId(2)] [class_dump] boz → net.minecraft.util.datafix.fixes.NewVillageFix
[0380|t+7258ms|ThreadId(2)] [class_dump] bpa → net.minecraft.util.datafix.fixes.ObjectiveRenderTypeFix
[0381|t+7258ms|ThreadId(2)] [class_dump] bpb → net.minecraft.util.datafix.fixes.OminousBannerBlockEntityRenameFix
[0382|t+7258ms|ThreadId(2)] [class_dump] bpc → net.minecraft.util.datafix.fixes.OminousBannerRarityFix
[0383|t+7259ms|ThreadId(2)] [class_dump] bpd → net.minecraft.util.datafix.fixes.OminousBannerRenameFix
[0384|t+7259ms|ThreadId(2)] [class_dump] bpe → net.minecraft.util.datafix.fixes.OptionsAccessibilityOnboardFix
[0385|t+7259ms|ThreadId(2)] [class_dump] bpf → net.minecraft.util.datafix.fixes.OptionsAddTextBackgroundFix
[0386|t+7260ms|ThreadId(2)] [class_dump] bpg → net.minecraft.util.datafix.fixes.OptionsAmbientOcclusionFix
[0387|t+7260ms|ThreadId(2)] [class_dump] bph → net.minecraft.util.datafix.fixes.OptionsFancyGraphicsToGraphicsModeFix
[0388|t+7261ms|ThreadId(2)] [class_dump] bpi → net.minecraft.util.datafix.fixes.OptionsForceVBOFix
[0389|t+7261ms|ThreadId(2)] [class_dump] bpj → net.minecraft.util.datafix.fixes.OptionsGraphicsModeSplitFix
[0390|t+7261ms|ThreadId(2)] [class_dump] bpk → net.minecraft.util.datafix.fixes.OptionsKeyLwjgl3Fix
[0391|t+7262ms|ThreadId(2)] [class_dump] bpl → net.minecraft.util.datafix.fixes.OptionsKeyTranslationFix
[0392|t+7264ms|ThreadId(2)] [class_dump] bpm → net.minecraft.util.datafix.fixes.OptionsLowerCaseLanguageFix
[0393|t+7264ms|ThreadId(2)] [class_dump] bpn → net.minecraft.util.datafix.fixes.OptionsMenuBlurrinessFix
[0394|t+7265ms|ThreadId(2)] [class_dump] bpo → net.minecraft.util.datafix.fixes.OptionsMusicToastFix
[0395|t+7265ms|ThreadId(2)] [class_dump] bpp → net.minecraft.util.datafix.fixes.OptionsProgrammerArtFix
[0396|t+7265ms|ThreadId(2)] [class_dump] bpq → net.minecraft.util.datafix.fixes.OptionsRenameFieldFix
[0397|t+7266ms|ThreadId(2)] [class_dump] bpr → net.minecraft.util.datafix.fixes.OptionsSetGraphicsPresetToCustomFix
[0398|t+7266ms|ThreadId(2)] [class_dump] bps → net.minecraft.util.datafix.fixes.OverreachingTickFix
[0399|t+7266ms|ThreadId(2)] [class_dump] bpt → net.minecraft.util.datafix.fixes.ParticleUnflatteningFix
[0400|t+7267ms|ThreadId(2)] [class_dump] bpu → net.minecraft.util.datafix.fixes.PlayerEquipmentFix
[0401|t+7267ms|ThreadId(2)] [class_dump] bpv → net.minecraft.util.datafix.fixes.PlayerHeadBlockProfileFix
[0402|t+7267ms|ThreadId(2)] [class_dump] bpw → net.minecraft.util.datafix.fixes.PlayerRespawnDataFix
[0403|t+7268ms|ThreadId(2)] [class_dump] bpx → net.minecraft.util.datafix.fixes.PlayerUUIDFix
[0404|t+7268ms|ThreadId(2)] [class_dump] bpy → net.minecraft.util.datafix.fixes.PoiTypeRemoveFix
[0405|t+7268ms|ThreadId(2)] [class_dump] bpz → net.minecraft.util.datafix.fixes.PoiTypeRenameFix
[0406|t+7269ms|ThreadId(2)] [class_dump] bqa → net.minecraft.util.datafix.fixes.PrimedTntBlockStateFixer
[0407|t+7269ms|ThreadId(2)] [class_dump] bqb → net.minecraft.util.datafix.fixes.ProjectileStoredWeaponFix
[0408|t+7269ms|ThreadId(2)] [class_dump] bqc → net.minecraft.util.datafix.fixes.RaidRenamesDataFix
[0409|t+7270ms|ThreadId(2)] [class_dump] bqd → net.minecraft.util.datafix.fixes.RandomSequenceSettingsFix
[0410|t+7270ms|ThreadId(2)] [class_dump] bqe → net.minecraft.util.datafix.fixes.RecipesFix
[0411|t+7270ms|ThreadId(2)] [class_dump] bqf → net.minecraft.util.datafix.fixes.RecipesRenameningFix
[0412|t+7271ms|ThreadId(2)] [class_dump] bqg → net.minecraft.util.datafix.fixes.RedstoneWireConnectionsFix
[0413|t+7271ms|ThreadId(2)] [class_dump] bqh → net.minecraft.util.datafix.fixes.References
[0414|t+7271ms|ThreadId(2)] [class_dump] bqi → net.minecraft.util.datafix.fixes.RemapChunkStatusFix
[0415|t+7271ms|ThreadId(2)] [class_dump] bqj → net.minecraft.util.datafix.fixes.RemoveBlockEntityTagFix
[0416|t+7272ms|ThreadId(2)] [class_dump] bqk → net.minecraft.util.datafix.fixes.RemoveEmptyItemInBrushableBlockFix
[0417|t+7272ms|ThreadId(2)] [class_dump] bql → net.minecraft.util.datafix.fixes.RemoveGolemGossipFix
[0418|t+7272ms|ThreadId(2)] [class_dump] bqm → net.minecraft.util.datafix.fixes.RenameEnchantmentsFix
[0419|t+7272ms|ThreadId(2)] [class_dump] bqn → net.minecraft.util.datafix.fixes.RenamedCoralFansFix
[0420|t+7273ms|ThreadId(2)] [class_dump] bqo → net.minecraft.util.datafix.fixes.RenamedCoralFix
[0421|t+7273ms|ThreadId(2)] [class_dump] bqp → net.minecraft.util.datafix.fixes.ReorganizePoi
[0422|t+7273ms|ThreadId(2)] [class_dump] bqq → net.minecraft.util.datafix.fixes.SaddleEquipmentSlotFix
[0423|t+7273ms|ThreadId(2)] [class_dump] bqr → net.minecraft.util.datafix.fixes.SavedDataFeaturePoolElementFix
[0424|t+7274ms|ThreadId(2)] [class_dump] bqs → net.minecraft.util.datafix.fixes.SavedDataUUIDFix
[0425|t+7274ms|ThreadId(2)] [class_dump] bqt → net.minecraft.util.datafix.fixes.ScoreboardDisplayNameFix
[0426|t+7274ms|ThreadId(2)] [class_dump] bqu → net.minecraft.util.datafix.fixes.ScoreboardDisplaySlotFix
[0427|t+7274ms|ThreadId(2)] [class_dump] bqv → net.minecraft.util.datafix.fixes.SignTextStrictJsonFix
[0428|t+7275ms|ThreadId(2)] [class_dump] bqw → net.minecraft.util.datafix.fixes.SimpleEntityRenameFix
[0429|t+7275ms|ThreadId(2)] [class_dump] bqx → net.minecraft.util.datafix.fixes.SimplestEntityRenameFix
[0430|t+7275ms|ThreadId(2)] [class_dump] bqy → net.minecraft.util.datafix.fixes.SpawnerDataFix
[0431|t+7275ms|ThreadId(2)] [class_dump] bqz → net.minecraft.util.datafix.fixes.StatsCounterFix
[0432|t+7276ms|ThreadId(2)] [class_dump] bra → net.minecraft.util.datafix.fixes.StatsRenameFix
[0433|t+7276ms|ThreadId(2)] [class_dump] brb → net.minecraft.util.datafix.fixes.StriderGravityFix
[0434|t+7276ms|ThreadId(2)] [class_dump] brc → net.minecraft.util.datafix.fixes.StructureReferenceCountFix
[0435|t+7276ms|ThreadId(2)] [class_dump] brd → net.minecraft.util.datafix.fixes.StructureSettingsFlattenFix
[0436|t+7277ms|ThreadId(2)] [class_dump] bre → net.minecraft.util.datafix.fixes.StructuresBecomeConfiguredFix
[0437|t+7277ms|ThreadId(2)] [class_dump] brf → net.minecraft.util.datafix.fixes.TextComponentHoverAndClickEventFix
[0438|t+7277ms|ThreadId(2)] [class_dump] brg → net.minecraft.util.datafix.fixes.TextComponentStringifiedFlagsFix
[0439|t+7278ms|ThreadId(2)] [class_dump] brh → net.minecraft.util.datafix.fixes.ThrownPotionSplitFix
[0440|t+7280ms|ThreadId(2)] [class_dump] bri → net.minecraft.util.datafix.fixes.TippedArrowPotionToItemFix
[0441|t+7281ms|ThreadId(2)] [class_dump] brj → net.minecraft.util.datafix.fixes.TooltipDisplayComponentFix
[0442|t+7281ms|ThreadId(2)] [class_dump] brk → net.minecraft.util.datafix.fixes.TrappedChestBlockEntityFix
[0443|t+7282ms|ThreadId(2)] [class_dump] brl → net.minecraft.util.datafix.fixes.TrialSpawnerConfigFix
[0444|t+7282ms|ThreadId(2)] [class_dump] brm → net.minecraft.util.datafix.fixes.TrialSpawnerConfigInRegistryFix
[0445|t+7283ms|ThreadId(2)] [class_dump] brn → net.minecraft.util.datafix.fixes.TridentAnimationFix
[0446|t+7283ms|ThreadId(2)] [class_dump] bro → net.minecraft.util.datafix.fixes.UnflattenTextComponentFix
[0447|t+7283ms|ThreadId(2)] [class_dump] brp → net.minecraft.util.datafix.fixes.VariantRenameFix
[0448|t+7284ms|ThreadId(2)] [class_dump] brq → net.minecraft.util.datafix.fixes.VillagerDataFix
[0449|t+7284ms|ThreadId(2)] [class_dump] brr → net.minecraft.util.datafix.fixes.VillagerFollowRangeFix
[0450|t+7284ms|ThreadId(2)] [class_dump] brs → net.minecraft.util.datafix.fixes.VillagerRebuildLevelAndXpFix
[0451|t+7285ms|ThreadId(2)] [class_dump] brt → net.minecraft.util.datafix.fixes.VillagerSetCanPickUpLootFix
[0452|t+7285ms|ThreadId(2)] [class_dump] bru → net.minecraft.util.datafix.fixes.VillagerTradeFix
[0453|t+7285ms|ThreadId(2)] [class_dump] brv → net.minecraft.util.datafix.fixes.WallPropertyFix
[0454|t+7285ms|ThreadId(2)] [class_dump] brw → net.minecraft.util.datafix.fixes.WeaponSmithChestLootTableFix
[0455|t+7286ms|ThreadId(2)] [class_dump] brx → net.minecraft.util.datafix.fixes.WorldBorderWarningTimeFix
[0456|t+7286ms|ThreadId(2)] [class_dump] bry → net.minecraft.util.datafix.fixes.WorldGenSettingsDisallowOldCustomWorldsFix
[0457|t+7286ms|ThreadId(2)] [class_dump] brz → net.minecraft.util.datafix.fixes.WorldGenSettingsFix
[0458|t+7286ms|ThreadId(2)] [class_dump] bsa → net.minecraft.util.datafix.fixes.WorldGenSettingsHeightAndBiomeFix
[0459|t+7287ms|ThreadId(2)] [class_dump] bsb → net.minecraft.util.datafix.fixes.WorldSpawnDataFix
[0460|t+7287ms|ThreadId(2)] [class_dump] bsc → net.minecraft.util.datafix.fixes.WriteAndReadFix
[0461|t+7287ms|ThreadId(2)] [class_dump] bsd → net.minecraft.util.datafix.fixes.WrittenBookPagesStrictJsonFix
[0462|t+7287ms|ThreadId(2)] [class_dump] bse → net.minecraft.util.datafix.fixes.ZombieVillagerRebuildXpFix
[0463|t+7288ms|ThreadId(2)] [class_dump] bsh → net.minecraft.util.datafix.schemas.NamespacedSchema
[0464|t+7288ms|ThreadId(2)] [class_dump] bsi → net.minecraft.util.datafix.schemas.V100
[0465|t+7288ms|ThreadId(2)] [class_dump] bsj → net.minecraft.util.datafix.schemas.V102
[0466|t+7288ms|ThreadId(2)] [class_dump] bsk → net.minecraft.util.datafix.schemas.V1022
[0467|t+7288ms|ThreadId(2)] [class_dump] bsl → net.minecraft.util.datafix.schemas.V106
[0468|t+7289ms|ThreadId(2)] [class_dump] bsm → net.minecraft.util.datafix.schemas.V107
[0469|t+7289ms|ThreadId(2)] [class_dump] bsn → net.minecraft.util.datafix.schemas.V1125
[0470|t+7290ms|ThreadId(2)] [class_dump] bso → net.minecraft.util.datafix.schemas.V135
[0471|t+7290ms|ThreadId(2)] [class_dump] bsp → net.minecraft.util.datafix.schemas.V143
[0472|t+7290ms|ThreadId(2)] [class_dump] bsq → net.minecraft.util.datafix.schemas.V1451
[0473|t+7290ms|ThreadId(2)] [class_dump] bsr → net.minecraft.util.datafix.schemas.V1451_1
[0474|t+7291ms|ThreadId(2)] [class_dump] bss → net.minecraft.util.datafix.schemas.V1451_2
[0475|t+7291ms|ThreadId(2)] [class_dump] bst → net.minecraft.util.datafix.schemas.V1451_3
[0476|t+7292ms|ThreadId(2)] [class_dump] bsu → net.minecraft.util.datafix.schemas.V1451_4
[0477|t+7292ms|ThreadId(2)] [class_dump] bsv → net.minecraft.util.datafix.schemas.V1451_5
[0478|t+7292ms|ThreadId(2)] [class_dump] bsw → net.minecraft.util.datafix.schemas.V1451_6
[0479|t+7293ms|ThreadId(2)] [class_dump] bsx → net.minecraft.util.datafix.schemas.V1458
[0480|t+7293ms|ThreadId(2)] [class_dump] bsy → net.minecraft.util.datafix.schemas.V1460
[0481|t+7293ms|ThreadId(2)] [class_dump] bsz → net.minecraft.util.datafix.schemas.V1466
[0482|t+7294ms|ThreadId(2)] [class_dump] bta → net.minecraft.util.datafix.schemas.V1470
[0483|t+7294ms|ThreadId(2)] [class_dump] btb → net.minecraft.util.datafix.schemas.V1481
[0484|t+7294ms|ThreadId(2)] [class_dump] btc → net.minecraft.util.datafix.schemas.V1483
[0485|t+7294ms|ThreadId(2)] [class_dump] btd → net.minecraft.util.datafix.schemas.V1486
[0486|t+7295ms|ThreadId(2)] [class_dump] bte → net.minecraft.util.datafix.schemas.V1488
[0487|t+7295ms|ThreadId(2)] [class_dump] btf → net.minecraft.util.datafix.schemas.V1510
[0488|t+7296ms|ThreadId(2)] [class_dump] btg → net.minecraft.util.datafix.schemas.V1800
[0489|t+7297ms|ThreadId(2)] [class_dump] bth → net.minecraft.util.datafix.schemas.V1801
[0490|t+7297ms|ThreadId(2)] [class_dump] bti → net.minecraft.util.datafix.schemas.V1904
[0491|t+7298ms|ThreadId(2)] [class_dump] btj → net.minecraft.util.datafix.schemas.V1906
[0492|t+7298ms|ThreadId(2)] [class_dump] btk → net.minecraft.util.datafix.schemas.V1909
[0493|t+7299ms|ThreadId(2)] [class_dump] btl → net.minecraft.util.datafix.schemas.V1920
[0494|t+7299ms|ThreadId(2)] [class_dump] btm → net.minecraft.util.datafix.schemas.V1928
[0495|t+7299ms|ThreadId(2)] [class_dump] btn → net.minecraft.util.datafix.schemas.V1929
[0496|t+7300ms|ThreadId(2)] [class_dump] bto → net.minecraft.util.datafix.schemas.V1931
[0497|t+7300ms|ThreadId(2)] [class_dump] btp → net.minecraft.util.datafix.schemas.V2100
[0498|t+7300ms|ThreadId(2)] [class_dump] btq → net.minecraft.util.datafix.schemas.V2501
[0499|t+7301ms|ThreadId(2)] [class_dump] btr → net.minecraft.util.datafix.schemas.V2502
[0500|t+7301ms|ThreadId(2)] [class_dump] bts → net.minecraft.util.datafix.schemas.V2505
[0501|t+7301ms|ThreadId(2)] [class_dump] btt → net.minecraft.util.datafix.schemas.V2509
[0502|t+7301ms|ThreadId(2)] [class_dump] btu → net.minecraft.util.datafix.schemas.V2511_1
[0503|t+7302ms|ThreadId(2)] [class_dump] btv → net.minecraft.util.datafix.schemas.V2519
[0504|t+7302ms|ThreadId(2)] [class_dump] btw → net.minecraft.util.datafix.schemas.V2522
[0505|t+7302ms|ThreadId(2)] [class_dump] btx → net.minecraft.util.datafix.schemas.V2551
[0506|t+7302ms|ThreadId(2)] [class_dump] bty → net.minecraft.util.datafix.schemas.V2568
[0507|t+7303ms|ThreadId(2)] [class_dump] btz → net.minecraft.util.datafix.schemas.V2571
[0508|t+7303ms|ThreadId(2)] [class_dump] bu → net.minecraft.advancements.criterion.EntitySubPredicates
[0509|t+7303ms|ThreadId(2)] [class_dump] bua → net.minecraft.util.datafix.schemas.V2684
[0510|t+7303ms|ThreadId(2)] [class_dump] bub → net.minecraft.util.datafix.schemas.V2686
[0511|t+7304ms|ThreadId(2)] [class_dump] buc → net.minecraft.util.datafix.schemas.V2688
[0512|t+7304ms|ThreadId(2)] [class_dump] bud → net.minecraft.util.datafix.schemas.V2704
[0513|t+7304ms|ThreadId(2)] [class_dump] bue → net.minecraft.util.datafix.schemas.V2707
[0514|t+7304ms|ThreadId(2)] [class_dump] buf → net.minecraft.util.datafix.schemas.V2831
[0515|t+7305ms|ThreadId(2)] [class_dump] bug → net.minecraft.util.datafix.schemas.V2832
[0516|t+7305ms|ThreadId(2)] [class_dump] buh → net.minecraft.util.datafix.schemas.V2842
[0517|t+7305ms|ThreadId(2)] [class_dump] bui → net.minecraft.util.datafix.schemas.V3076
[0518|t+7305ms|ThreadId(2)] [class_dump] buj → net.minecraft.util.datafix.schemas.V3078
[0519|t+7306ms|ThreadId(2)] [class_dump] buk → net.minecraft.util.datafix.schemas.V3081
[0520|t+7306ms|ThreadId(2)] [class_dump] bul → net.minecraft.util.datafix.schemas.V3082
[0521|t+7306ms|ThreadId(2)] [class_dump] bum → net.minecraft.util.datafix.schemas.V3083
[0522|t+7307ms|ThreadId(2)] [class_dump] bun → net.minecraft.util.datafix.schemas.V3202
[0523|t+7308ms|ThreadId(2)] [class_dump] buo → net.minecraft.util.datafix.schemas.V3203
[0524|t+7308ms|ThreadId(2)] [class_dump] bup → net.minecraft.util.datafix.schemas.V3204
[0525|t+7308ms|ThreadId(2)] [class_dump] buq → net.minecraft.util.datafix.schemas.V3325
[0526|t+7309ms|ThreadId(2)] [class_dump] bur → net.minecraft.util.datafix.schemas.V3326
[0527|t+7309ms|ThreadId(2)] [class_dump] bus → net.minecraft.util.datafix.schemas.V3327
[0528|t+7309ms|ThreadId(2)] [class_dump] but → net.minecraft.util.datafix.schemas.V3328
[0529|t+7310ms|ThreadId(2)] [class_dump] buu → net.minecraft.util.datafix.schemas.V3438
[0530|t+7310ms|ThreadId(2)] [class_dump] buv → net.minecraft.util.datafix.schemas.V3439
[0531|t+7310ms|ThreadId(2)] [class_dump] buw → net.minecraft.util.datafix.schemas.V3439_1
[0532|t+7310ms|ThreadId(2)] [class_dump] bux → net.minecraft.util.datafix.schemas.V3448
[0533|t+7311ms|ThreadId(2)] [class_dump] buy → net.minecraft.util.datafix.schemas.V3682
[0534|t+7311ms|ThreadId(2)] [class_dump] buz → net.minecraft.util.datafix.schemas.V3683
[0535|t+7312ms|ThreadId(2)] [class_dump] bva → net.minecraft.util.datafix.schemas.V3685
[0536|t+7314ms|ThreadId(2)] [class_dump] bvb → net.minecraft.util.datafix.schemas.V3689
[0537|t+7314ms|ThreadId(2)] [class_dump] bvc → net.minecraft.util.datafix.schemas.V3799
[0538|t+7315ms|ThreadId(2)] [class_dump] bvd → net.minecraft.util.datafix.schemas.V3807
[0539|t+7315ms|ThreadId(2)] [class_dump] bve → net.minecraft.util.datafix.schemas.V3808
[0540|t+7315ms|ThreadId(2)] [class_dump] bvf → net.minecraft.util.datafix.schemas.V3808_1
[0541|t+7316ms|ThreadId(2)] [class_dump] bvg → net.minecraft.util.datafix.schemas.V3808_2
[0542|t+7316ms|ThreadId(2)] [class_dump] bvh → net.minecraft.util.datafix.schemas.V3813
[0543|t+7316ms|ThreadId(2)] [class_dump] bvi → net.minecraft.util.datafix.schemas.V3816
[0544|t+7316ms|ThreadId(2)] [class_dump] bvj → net.minecraft.util.datafix.schemas.V3818
[0545|t+7317ms|ThreadId(2)] [class_dump] bvk → net.minecraft.util.datafix.schemas.V3818_3
[0546|t+7317ms|ThreadId(2)] [class_dump] bvl → net.minecraft.util.datafix.schemas.V3818_4
[0547|t+7317ms|ThreadId(2)] [class_dump] bvm → net.minecraft.util.datafix.schemas.V3818_5
[0548|t+7317ms|ThreadId(2)] [class_dump] bvn → net.minecraft.util.datafix.schemas.V3825
[0549|t+7318ms|ThreadId(2)] [class_dump] bvo → net.minecraft.util.datafix.schemas.V3938
[0550|t+7318ms|ThreadId(2)] [class_dump] bvp → net.minecraft.util.datafix.schemas.V4059
[0551|t+7318ms|ThreadId(2)] [class_dump] bvq → net.minecraft.util.datafix.schemas.V4067
[0552|t+7319ms|ThreadId(2)] [class_dump] bvr → net.minecraft.util.datafix.schemas.V4070
[0553|t+7319ms|ThreadId(2)] [class_dump] bvs → net.minecraft.util.datafix.schemas.V4071
[0554|t+7319ms|ThreadId(2)] [class_dump] bvt → net.minecraft.util.datafix.schemas.V4290
[0555|t+7319ms|ThreadId(2)] [class_dump] bvu → net.minecraft.util.datafix.schemas.V4292
[0556|t+7320ms|ThreadId(2)] [class_dump] bvv → net.minecraft.util.datafix.schemas.V4300
[0557|t+7320ms|ThreadId(2)] [class_dump] bvw → net.minecraft.util.datafix.schemas.V4301
[0558|t+7321ms|ThreadId(2)] [class_dump] bvx → net.minecraft.util.datafix.schemas.V4302
[0559|t+7321ms|ThreadId(2)] [class_dump] bvy → net.minecraft.util.datafix.schemas.V4306
[0560|t+7321ms|ThreadId(2)] [class_dump] bvz → net.minecraft.util.datafix.schemas.V4307
[0561|t+7321ms|ThreadId(2)] [class_dump] bwa → net.minecraft.util.datafix.schemas.V4312
[0562|t+7321ms|ThreadId(2)] [class_dump] bwb → net.minecraft.util.datafix.schemas.V4420
[0563|t+7322ms|ThreadId(2)] [class_dump] bwc → net.minecraft.util.datafix.schemas.V4421
[0564|t+7322ms|ThreadId(2)] [class_dump] bwd → net.minecraft.util.datafix.schemas.V4531
[0565|t+7323ms|ThreadId(2)] [class_dump] bwe → net.minecraft.util.datafix.schemas.V4532
[0566|t+7323ms|ThreadId(2)] [class_dump] bwf → net.minecraft.util.datafix.schemas.V4533
[0567|t+7323ms|ThreadId(2)] [class_dump] bwg → net.minecraft.util.datafix.schemas.V4543
[0568|t+7324ms|ThreadId(2)] [class_dump] bwh → net.minecraft.util.datafix.schemas.V4648
[0569|t+7324ms|ThreadId(2)] [class_dump] bwi → net.minecraft.util.datafix.schemas.V4656
[0570|t+7324ms|ThreadId(2)] [class_dump] bwj → net.minecraft.util.datafix.schemas.V501
[0571|t+7324ms|ThreadId(2)] [class_dump] bwk → net.minecraft.util.datafix.schemas.V700
[0572|t+7325ms|ThreadId(2)] [class_dump] bwl → net.minecraft.util.datafix.schemas.V701
[0573|t+7325ms|ThreadId(2)] [class_dump] bwm → net.minecraft.util.datafix.schemas.V702
[0574|t+7325ms|ThreadId(2)] [class_dump] bwn → net.minecraft.util.datafix.schemas.V703
[0575|t+7326ms|ThreadId(2)] [class_dump] bwo → net.minecraft.util.datafix.schemas.V704
[0576|t+7326ms|ThreadId(2)] [class_dump] bwp → net.minecraft.util.datafix.schemas.V705
[0577|t+7326ms|ThreadId(2)] [class_dump] bwq → net.minecraft.util.datafix.schemas.V808
[0578|t+7327ms|ThreadId(2)] [class_dump] bwr → net.minecraft.util.datafix.schemas.V99
[0579|t+7327ms|ThreadId(2)] [class_dump] bxe → net.minecraft.util.debug.DebugSubscription
[0580|t+7327ms|ThreadId(2)] [class_dump] bxf → net.minecraft.util.debug.DebugSubscriptions
[0581|t+7328ms|ThreadId(2)] [class_dump] bxh → net.minecraft.util.debug.DebugValueSource
[0582|t+7328ms|ThreadId(2)] [class_dump] bxm → net.minecraft.util.debugchart.AbstractSampleLogger
[0583|t+7331ms|ThreadId(2)] [class_dump] bxn → net.minecraft.util.debugchart.LocalSampleLogger
[0584|t+7332ms|ThreadId(2)] [class_dump] bxo → net.minecraft.util.debugchart.RemoteDebugSampleType
[0585|t+7332ms|ThreadId(2)] [class_dump] bxq → net.minecraft.util.debugchart.SampleLogger
[0586|t+7333ms|ThreadId(2)] [class_dump] bxr → net.minecraft.util.debugchart.SampleStorage
[0587|t+7333ms|ThreadId(2)] [class_dump] bzm → net.minecraft.util.profiling.ProfilerFiller
[0588|t+7333ms|ThreadId(2)] [class_dump] caz → net.minecraft.util.profiling.metrics.MetricsSamplerProvider
[0589|t+7334ms|ThreadId(2)] [class_dump] cba → net.minecraft.util.profiling.metrics.ProfilerMeasured
[0590|t+7334ms|ThreadId(2)] [class_dump] cbe → net.minecraft.util.profiling.metrics.profiling.MetricsRecorder
[0591|t+7334ms|ThreadId(2)] [class_dump] cbr → net.minecraft.util.thread.BlockableEventLoop
[0592|t+7334ms|ThreadId(2)] [class_dump] cbv → net.minecraft.util.thread.ReentrantBlockableEventLoop
[0593|t+7335ms|ThreadId(2)] [class_dump] cbx → net.minecraft.util.thread.TaskScheduler
[0594|t+7335ms|ThreadId(2)] [class_dump] cce → net.minecraft.util.valueproviders.ConstantInt
[0595|t+7335ms|ThreadId(2)] [class_dump] cch → net.minecraft.util.valueproviders.IntProvider
[0596|t+7335ms|ThreadId(2)] [class_dump] cci → net.minecraft.util.valueproviders.IntProviderType
[0597|t+7336ms|ThreadId(2)] [class_dump] ccn → net.minecraft.util.valueproviders.UniformInt
[0598|t+7336ms|ThreadId(2)] [class_dump] cco → net.minecraft.util.valueproviders.WeightedListInt
[0599|t+7336ms|ThreadId(2)] [class_dump] cct → net.minecraft.world.Clearable
[0600|t+7336ms|ThreadId(2)] [class_dump] ccv → net.minecraft.world.Container
[0601|t+7337ms|ThreadId(2)] [class_dump] cdb → net.minecraft.world.InteractionHand
[0602|t+7337ms|ThreadId(2)] [class_dump] cdc → net.minecraft.world.InteractionResult
[0603|t+7337ms|ThreadId(2)] [class_dump] cdf → net.minecraft.world.MenuProvider
[0604|t+7338ms|ThreadId(2)] [class_dump] cdg → net.minecraft.world.Nameable
[0605|t+7338ms|ThreadId(2)] [class_dump] cdj → net.minecraft.world.RandomizableContainer
[0606|t+7338ms|ThreadId(2)] [class_dump] cdo → net.minecraft.world.TickRateManager
[0607|t+7339ms|ThreadId(2)] [class_dump] cdp → net.minecraft.world.WorldlyContainer
[0608|t+7339ms|ThreadId(2)] [class_dump] cdq → net.minecraft.world.WorldlyContainerHolder
[0609|t+7339ms|ThreadId(2)] [class_dump] cdw → net.minecraft.world.attribute.AttributeType
[0610|t+7339ms|ThreadId(2)] [class_dump] cdx → net.minecraft.world.attribute.AttributeTypes
[0611|t+7340ms|ThreadId(2)] [class_dump] cea → net.minecraft.world.attribute.EnvironmentAttribute
[0612|t+7340ms|ThreadId(2)] [class_dump] cee → net.minecraft.world.attribute.EnvironmentAttributeReader
[0613|t+7340ms|ThreadId(2)] [class_dump] ceg → net.minecraft.world.attribute.EnvironmentAttributes
[0614|t+7341ms|ThreadId(2)] [class_dump] cfe → net.minecraft.world.effect.AbsorptionMobEffect
[0615|t+7341ms|ThreadId(2)] [class_dump] cff → net.minecraft.world.effect.BadOmenMobEffect
[0616|t+7341ms|ThreadId(2)] [class_dump] cfg → net.minecraft.world.effect.HealOrHarmMobEffect
[0617|t+7342ms|ThreadId(2)] [class_dump] cfh → net.minecraft.world.effect.HungerMobEffect
[0618|t+7342ms|ThreadId(2)] [class_dump] cfi → net.minecraft.world.effect.InfestedMobEffect
[0619|t+7342ms|ThreadId(2)] [class_dump] cfj → net.minecraft.world.effect.InstantenousMobEffect
[0620|t+7343ms|ThreadId(2)] [class_dump] cfk → net.minecraft.world.effect.MobEffect
[0621|t+7343ms|ThreadId(2)] [class_dump] cfl → net.minecraft.world.effect.MobEffectCategory
[0622|t+7343ms|ThreadId(2)] [class_dump] cfm → net.minecraft.world.effect.MobEffectInstance
[0623|t+7344ms|ThreadId(2)] [class_dump] cfo → net.minecraft.world.effect.MobEffects
[0624|t+7344ms|ThreadId(2)] [class_dump] cfp → net.minecraft.world.effect.OozingMobEffect
[0625|t+7344ms|ThreadId(2)] [class_dump] cfq → net.minecraft.world.effect.PoisonMobEffect
[0626|t+7345ms|ThreadId(2)] [class_dump] cfr → net.minecraft.world.effect.RaidOmenMobEffect
[0627|t+7348ms|ThreadId(2)] [class_dump] cfs → net.minecraft.world.effect.RegenerationMobEffect
[0628|t+7349ms|ThreadId(2)] [class_dump] cft → net.minecraft.world.effect.SaturationMobEffect
[0629|t+7349ms|ThreadId(2)] [class_dump] cfu → net.minecraft.world.effect.WeavingMobEffect
[0630|t+7350ms|ThreadId(2)] [class_dump] cfv → net.minecraft.world.effect.WindChargedMobEffect
[0631|t+7351ms|ThreadId(2)] [class_dump] cfw → net.minecraft.world.effect.WitherMobEffect
[0632|t+7351ms|ThreadId(2)] [class_dump] cfy → net.minecraft.world.entity.AgeableMob
[0633|t+7352ms|ThreadId(2)] [class_dump] cgb → net.minecraft.world.entity.Attackable
[0634|t+7352ms|ThreadId(2)] [class_dump] cgc → net.minecraft.world.entity.Avatar
[0635|t+7352ms|ThreadId(2)] [class_dump] cgd → net.minecraft.world.entity.ContainerUser
[0636|t+7353ms|ThreadId(2)] [class_dump] cgk → net.minecraft.world.entity.Entity
[0637|t+7353ms|ThreadId(2)] [class_dump] cgu → net.minecraft.world.entity.EntityType
[0638|t+7353ms|ThreadId(2)] [class_dump] cgy → net.minecraft.world.entity.EquipmentUser
[0639|t+7354ms|ThreadId(2)] [class_dump] cha → net.minecraft.world.entity.HasCustomInventoryScreen
[0640|t+7354ms|ThreadId(2)] [class_dump] chc → net.minecraft.world.entity.InsideBlockEffectApplier
[0641|t+7354ms|ThreadId(2)] [class_dump] chh → net.minecraft.world.entity.ItemOwner
[0642|t+7355ms|ThreadId(2)] [class_dump] chj → net.minecraft.world.entity.Leashable
[0643|t+7355ms|ThreadId(2)] [class_dump] chk → net.minecraft.world.entity.LightningBolt
[0644|t+7355ms|ThreadId(2)] [class_dump] chl → net.minecraft.world.entity.LivingEntity
[0645|t+7356ms|ThreadId(2)] [class_dump] chn → net.minecraft.world.entity.Mob
[0646|t+7356ms|ThreadId(2)] [class_dump] chq → net.minecraft.world.entity.NeutralMob
[0647|t+7356ms|ThreadId(2)] [class_dump] chr → net.minecraft.world.entity.OminousItemSpawner
[0648|t+7357ms|ThreadId(2)] [class_dump] chs → net.minecraft.world.entity.OwnableEntity
[0649|t+7357ms|ThreadId(2)] [class_dump] cht → net.minecraft.world.entity.PathfinderMob
[0650|t+7357ms|ThreadId(2)] [class_dump] chu → net.minecraft.world.entity.PlayerRideable
[0651|t+7358ms|ThreadId(2)] [class_dump] chv → net.minecraft.world.entity.PlayerRideableJumping
[0652|t+7358ms|ThreadId(2)] [class_dump] cib → net.minecraft.world.entity.Shearable
[0653|t+7358ms|ThreadId(2)] [class_dump] cic → net.minecraft.world.entity.SlotAccess
[0654|t+7359ms|ThreadId(2)] [class_dump] cid → net.minecraft.world.entity.SlotProvider
[0655|t+7359ms|ThreadId(2)] [class_dump] cij → net.minecraft.world.entity.Targeting
[0656|t+7360ms|ThreadId(2)] [class_dump] cik → net.minecraft.world.entity.TraceableEntity
[0657|t+7360ms|ThreadId(2)] [class_dump] cin → net.minecraft.world.entity.ai.attributes.Attribute
[0658|t+7360ms|ThreadId(2)] [class_dump] ciq → net.minecraft.world.entity.ai.attributes.AttributeModifier
[0659|t+7361ms|ThreadId(2)] [class_dump] cis → net.minecraft.world.entity.ai.attributes.Attributes
[0660|t+7362ms|ThreadId(2)] [class_dump] ciu → net.minecraft.world.entity.ai.attributes.RangedAttribute
[0661|t+7362ms|ThreadId(2)] [class_dump] com.mojang.authlib.GameProfile
[0662|t+7363ms|ThreadId(2)] [class_dump] com.mojang.authlib.exceptions.AuthenticationException
[0663|t+7364ms|ThreadId(2)] [class_dump] com.mojang.authlib.minecraft.TelemetryPropertyContainer
[0664|t+7364ms|ThreadId(2)] [class_dump] com.mojang.authlib.properties.Property
[0665|t+7365ms|ThreadId(2)] [class_dump] com.mojang.authlib.properties.PropertyMap
[0666|t+7365ms|ThreadId(2)] [class_dump] com.mojang.blaze3d.systems.GpuDevice → com.mojang.blaze3d.systems.GpuDevice
[0667|t+7366ms|ThreadId(2)] [class_dump] com.mojang.blaze3d.systems.RenderSystem → com.mojang.blaze3d.systems.RenderSystem
[0668|t+7366ms|ThreadId(2)] [class_dump] com.mojang.brigadier.ImmutableStringReader
[0669|t+7366ms|ThreadId(2)] [class_dump] com.mojang.brigadier.LiteralMessage
[0670|t+7367ms|ThreadId(2)] [class_dump] com.mojang.brigadier.Message
[0671|t+7367ms|ThreadId(2)] [class_dump] com.mojang.brigadier.arguments.ArgumentType
[0672|t+7367ms|ThreadId(2)] [class_dump] com.mojang.brigadier.exceptions.BuiltInExceptionProvider
[0673|t+7368ms|ThreadId(2)] [class_dump] com.mojang.brigadier.exceptions.BuiltInExceptions
[0674|t+7368ms|ThreadId(2)] [class_dump] com.mojang.brigadier.exceptions.BuiltInExceptions$$Lambda/0x0000000800257400
[0675|t+7368ms|ThreadId(2)] [class_dump] com.mojang.brigadier.exceptions.BuiltInExceptions$$Lambda/0x0000000800257800
[0676|t+7369ms|ThreadId(2)] [class_dump] com.mojang.brigadier.exceptions.BuiltInExceptions$$Lambda/0x0000000800257a10
[0677|t+7369ms|ThreadId(2)] [class_dump] com.mojang.brigadier.exceptions.BuiltInExceptions$$Lambda/0x0000000800257c20
[0678|t+7369ms|ThreadId(2)] [class_dump] com.mojang.brigadier.exceptions.BuiltInExceptions$$Lambda/0x0000000800258000
[0679|t+7370ms|ThreadId(2)] [class_dump] com.mojang.brigadier.exceptions.BuiltInExceptions$$Lambda/0x0000000800258210
[0680|t+7370ms|ThreadId(2)] [class_dump] com.mojang.brigadier.exceptions.BuiltInExceptions$$Lambda/0x0000000800258420
[0681|t+7370ms|ThreadId(2)] [class_dump] com.mojang.brigadier.exceptions.BuiltInExceptions$$Lambda/0x0000000800258630
[0682|t+7371ms|ThreadId(2)] [class_dump] com.mojang.brigadier.exceptions.BuiltInExceptions$$Lambda/0x0000000800258a50
[0683|t+7371ms|ThreadId(2)] [class_dump] com.mojang.brigadier.exceptions.BuiltInExceptions$$Lambda/0x00000008002590b0
[0684|t+7371ms|ThreadId(2)] [class_dump] com.mojang.brigadier.exceptions.BuiltInExceptions$$Lambda/0x00000008002592e0
[0685|t+7371ms|ThreadId(2)] [class_dump] com.mojang.brigadier.exceptions.BuiltInExceptions$$Lambda/0x0000000800259510
[0686|t+7372ms|ThreadId(2)] [class_dump] com.mojang.brigadier.exceptions.BuiltInExceptions$$Lambda/0x0000000800259740
[0687|t+7372ms|ThreadId(2)] [class_dump] com.mojang.brigadier.exceptions.BuiltInExceptions$$Lambda/0x0000000800259970
[0688|t+7372ms|ThreadId(2)] [class_dump] com.mojang.brigadier.exceptions.BuiltInExceptions$$Lambda/0x0000000800259ba0
[0689|t+7373ms|ThreadId(2)] [class_dump] com.mojang.brigadier.exceptions.BuiltInExceptions$$Lambda/0x0000000800259dd0
[0690|t+7373ms|ThreadId(2)] [class_dump] com.mojang.brigadier.exceptions.BuiltInExceptions$$Lambda/0x000000080025a000
[0691|t+7373ms|ThreadId(2)] [class_dump] com.mojang.brigadier.exceptions.CommandExceptionType
[0692|t+7374ms|ThreadId(2)] [class_dump] com.mojang.brigadier.exceptions.CommandSyntaxException
[0693|t+7374ms|ThreadId(2)] [class_dump] com.mojang.brigadier.exceptions.Dynamic2CommandExceptionType
[0694|t+7374ms|ThreadId(2)] [class_dump] com.mojang.brigadier.exceptions.Dynamic2CommandExceptionType$Function
[0695|t+7375ms|ThreadId(2)] [class_dump] com.mojang.brigadier.exceptions.DynamicCommandExceptionType
[0696|t+7375ms|ThreadId(2)] [class_dump] com.mojang.brigadier.exceptions.SimpleCommandExceptionType
[0697|t+7375ms|ThreadId(2)] [class_dump] com.mojang.datafixers.DSL
[0698|t+7375ms|ThreadId(2)] [class_dump] com.mojang.datafixers.DSL$$Lambda/0x00000008002d1ce0
[0699|t+7376ms|ThreadId(2)] [class_dump] com.mojang.datafixers.DSL$$Lambda/0x00000008002d5e78
[0700|t+7376ms|ThreadId(2)] [class_dump] com.mojang.datafixers.DSL$$Lambda/0x00000008002d60a8
[0701|t+7376ms|ThreadId(2)] [class_dump] com.mojang.datafixers.DSL$$Lambda/0x0000000800328708
[0702|t+7377ms|ThreadId(2)] [class_dump] com.mojang.datafixers.DSL$$Lambda/0x0000000800369920
[0703|t+7377ms|ThreadId(2)] [class_dump] com.mojang.datafixers.DSL$Instances
[0704|t+7377ms|ThreadId(2)] [class_dump] com.mojang.datafixers.DSL$Instances$TaggedChoiceCacheKey
[0705|t+7377ms|ThreadId(2)] [class_dump] com.mojang.datafixers.DSL$TypeReference
[0706|t+7378ms|ThreadId(2)] [class_dump] com.mojang.datafixers.DataFix
[0707|t+7378ms|ThreadId(2)] [class_dump] com.mojang.datafixers.DataFix$$Lambda/0x0000000800382f00
[0708|t+7381ms|ThreadId(2)] [class_dump] com.mojang.datafixers.DataFix$$Lambda/0x00000008003872d0
[0709|t+7382ms|ThreadId(2)] [class_dump] com.mojang.datafixers.DataFix$$Lambda/0x000000080038e2e8
[0710|t+7382ms|ThreadId(2)] [class_dump] com.mojang.datafixers.DataFix$$Lambda/0x00000008003a0d78
[0711|t+7383ms|ThreadId(2)] [class_dump] com.mojang.datafixers.DataFix$NamedFunctionWrapper
[0712|t+7383ms|ThreadId(2)] [class_dump] com.mojang.datafixers.DataFixUtils
[0713|t+7384ms|ThreadId(2)] [class_dump] com.mojang.datafixers.DataFixUtils$$Lambda/0x0000000800385910
[0714|t+7384ms|ThreadId(2)] [class_dump] com.mojang.datafixers.DataFixUtils$$Lambda/0x00000008003861d0
[0715|t+7384ms|ThreadId(2)] [class_dump] com.mojang.datafixers.DataFixUtils$$Lambda/0x00000008004e8a18
[0716|t+7385ms|ThreadId(2)] [class_dump] com.mojang.datafixers.DataFixer
[0717|t+7385ms|ThreadId(2)] [class_dump] com.mojang.datafixers.DataFixerBuilder
[0718|t+7385ms|ThreadId(2)] [class_dump] com.mojang.datafixers.DataFixerBuilder$Result
[0719|t+7386ms|ThreadId(2)] [class_dump] com.mojang.datafixers.DataFixerBuilder$Result$$Lambda/0x000000080037eda0
[0720|t+7386ms|ThreadId(2)] [class_dump] com.mojang.datafixers.DataFixerBuilder$Result$$Lambda/0x000000080037efd0
[0721|t+7386ms|ThreadId(2)] [class_dump] com.mojang.datafixers.DataFixerBuilder$Result$$Lambda/0x000000080037f1e8
[0722|t+7386ms|ThreadId(2)] [class_dump] com.mojang.datafixers.DataFixerBuilder$Result$$Lambda/0x000000080037f420
[0723|t+7387ms|ThreadId(2)] [class_dump] com.mojang.datafixers.DataFixerBuilder$Result$$Lambda/0x0000000800384000
[0724|t+7387ms|ThreadId(2)] [class_dump] com.mojang.datafixers.DataFixerBuilder$Result$$Lambda/0x0000000800384db0
[0725|t+7387ms|ThreadId(2)] [class_dump] com.mojang.datafixers.DataFixerBuilder$Result$$Lambda/0x00000008003851f8
[0726|t+7387ms|ThreadId(2)] [class_dump] com.mojang.datafixers.DataFixerUpper
[0727|t+7388ms|ThreadId(2)] [class_dump] com.mojang.datafixers.DataFixerUpper$$Lambda/0x0000000800306ea8
[0728|t+7388ms|ThreadId(2)] [class_dump] com.mojang.datafixers.DataFixerUpper$$Lambda/0x000000080037fa70
[0729|t+7388ms|ThreadId(2)] [class_dump] com.mojang.datafixers.FieldFinder
[0730|t+7388ms|ThreadId(2)] [class_dump] com.mojang.datafixers.NamedChoiceFinder
[0731|t+7389ms|ThreadId(2)] [class_dump] com.mojang.datafixers.OpticFinder
[0732|t+7389ms|ThreadId(2)] [class_dump] com.mojang.datafixers.Products$P1
[0733|t+7389ms|ThreadId(2)] [class_dump] com.mojang.datafixers.Products$P2
[0734|t+7389ms|ThreadId(2)] [class_dump] com.mojang.datafixers.Products$P3
[0735|t+7390ms|ThreadId(2)] [class_dump] com.mojang.datafixers.Products$P4
[0736|t+7390ms|ThreadId(2)] [class_dump] com.mojang.datafixers.Products$P6
[0737|t+7390ms|ThreadId(2)] [class_dump] com.mojang.datafixers.RewriteResult
[0738|t+7390ms|ThreadId(2)] [class_dump] com.mojang.datafixers.TypeRewriteRule
[0739|t+7391ms|ThreadId(2)] [class_dump] com.mojang.datafixers.TypeRewriteRule$All
[0740|t+7391ms|ThreadId(2)] [class_dump] com.mojang.datafixers.TypeRewriteRule$Everywhere
[0741|t+7391ms|ThreadId(2)] [class_dump] com.mojang.datafixers.TypeRewriteRule$IfSame
[0742|t+7391ms|ThreadId(2)] [class_dump] com.mojang.datafixers.TypeRewriteRule$Nop
[0743|t+7392ms|ThreadId(2)] [class_dump] com.mojang.datafixers.TypeRewriteRule$OrElse
[0744|t+7392ms|ThreadId(2)] [class_dump] com.mojang.datafixers.TypeRewriteRule$Seq
[0745|t+7392ms|ThreadId(2)] [class_dump] com.mojang.datafixers.TypeRewriteRule$Seq$$Lambda/0x0000000800394000
[0746|t+7392ms|ThreadId(2)] [class_dump] com.mojang.datafixers.Typed
[0747|t+7393ms|ThreadId(2)] [class_dump] com.mojang.datafixers.TypedOptic
[0748|t+7393ms|ThreadId(2)] [class_dump] com.mojang.datafixers.TypedOptic$Element
[0749|t+7393ms|ThreadId(2)] [class_dump] com.mojang.datafixers.View
[0750|t+7393ms|ThreadId(2)] [class_dump] com.mojang.datafixers.View$$Lambda/0x0000000800395470
[0751|t+7394ms|ThreadId(2)] [class_dump] com.mojang.datafixers.functions.Apply
[0752|t+7394ms|ThreadId(2)] [class_dump] com.mojang.datafixers.functions.Comp
[0753|t+7394ms|ThreadId(2)] [class_dump] com.mojang.datafixers.functions.Comp$$Lambda/0x00000008003deea0
[0754|t+7395ms|ThreadId(2)] [class_dump] com.mojang.datafixers.functions.Fold
[0755|t+7396ms|ThreadId(2)] [class_dump] com.mojang.datafixers.functions.FunctionWrapper
[0756|t+7397ms|ThreadId(2)] [class_dump] com.mojang.datafixers.functions.Functions
[0757|t+7398ms|ThreadId(2)] [class_dump] com.mojang.datafixers.functions.Id
[0758|t+7398ms|ThreadId(2)] [class_dump] com.mojang.datafixers.functions.In
[0759|t+7399ms|ThreadId(2)] [class_dump] com.mojang.datafixers.functions.Out
[0760|t+7399ms|ThreadId(2)] [class_dump] com.mojang.datafixers.functions.PointFree
[0761|t+7400ms|ThreadId(2)] [class_dump] com.mojang.datafixers.functions.PointFreeRule
[0762|t+7401ms|ThreadId(2)] [class_dump] com.mojang.datafixers.functions.PointFreeRule$AppNest
[0763|t+7401ms|ThreadId(2)] [class_dump] com.mojang.datafixers.functions.PointFreeRule$CataFuseDifferent
[0764|t+7401ms|ThreadId(2)] [class_dump] com.mojang.datafixers.functions.PointFreeRule$CataFuseSame
[0765|t+7402ms|ThreadId(2)] [class_dump] com.mojang.datafixers.functions.PointFreeRule$CompRewrite
[0766|t+7402ms|ThreadId(2)] [class_dump] com.mojang.datafixers.functions.PointFreeRule$CompRewrite$$Lambda/0x00000008003033f0
[0767|t+7402ms|ThreadId(2)] [class_dump] com.mojang.datafixers.functions.PointFreeRule$CompRewrite$$Lambda/0x00000008003de540
[0768|t+7402ms|ThreadId(2)] [class_dump] com.mojang.datafixers.functions.PointFreeRule$CompRewrite$$Lambda/0x00000008003dea10
[0769|t+7403ms|ThreadId(2)] [class_dump] com.mojang.datafixers.functions.PointFreeRule$Everywhere
[0770|t+7403ms|ThreadId(2)] [class_dump] com.mojang.datafixers.functions.PointFreeRule$LensComp
[0771|t+7403ms|ThreadId(2)] [class_dump] com.mojang.datafixers.functions.PointFreeRule$Nop
[0772|t+7403ms|ThreadId(2)] [class_dump] com.mojang.datafixers.functions.PointFreeRule$Seq
[0773|t+7404ms|ThreadId(2)] [class_dump] com.mojang.datafixers.functions.PointFreeRule$SortInj
[0774|t+7404ms|ThreadId(2)] [class_dump] com.mojang.datafixers.functions.PointFreeRule$SortProj
[0775|t+7404ms|ThreadId(2)] [class_dump] com.mojang.datafixers.functions.ProfunctorTransformer
[0776|t+7404ms|ThreadId(2)] [class_dump] com.mojang.datafixers.kinds.App
[0777|t+7405ms|ThreadId(2)] [class_dump] com.mojang.datafixers.kinds.App2
[0778|t+7405ms|ThreadId(2)] [class_dump] com.mojang.datafixers.kinds.Applicative
[0779|t+7405ms|ThreadId(2)] [class_dump] com.mojang.datafixers.kinds.Applicative$$Lambda/0x00000008004aa488
[0780|t+7405ms|ThreadId(2)] [class_dump] com.mojang.datafixers.kinds.Functor
[0781|t+7406ms|ThreadId(2)] [class_dump] com.mojang.datafixers.kinds.K1
[0782|t+7406ms|ThreadId(2)] [class_dump] com.mojang.datafixers.kinds.Kind1
[0783|t+7406ms|ThreadId(2)] [class_dump] com.mojang.datafixers.kinds.Kind2$Mu
[0784|t+7407ms|ThreadId(2)] [class_dump] com.mojang.datafixers.optics.Adapter
[0785|t+7407ms|ThreadId(2)] [class_dump] com.mojang.datafixers.optics.Affine
[0786|t+7407ms|ThreadId(2)] [class_dump] com.mojang.datafixers.optics.IdAdapter
[0787|t+7407ms|ThreadId(2)] [class_dump] com.mojang.datafixers.optics.Inj1
[0788|t+7408ms|ThreadId(2)] [class_dump] com.mojang.datafixers.optics.Inj2
[0789|t+7408ms|ThreadId(2)] [class_dump] com.mojang.datafixers.optics.Lens
[0790|t+7409ms|ThreadId(2)] [class_dump] com.mojang.datafixers.optics.ListTraversal
[0791|t+7409ms|ThreadId(2)] [class_dump] com.mojang.datafixers.optics.Optic
[0792|t+7409ms|ThreadId(2)] [class_dump] com.mojang.datafixers.optics.Optics
[0793|t+7410ms|ThreadId(2)] [class_dump] com.mojang.datafixers.optics.PStore
[0794|t+7410ms|ThreadId(2)] [class_dump] com.mojang.datafixers.optics.Prism
[0795|t+7410ms|ThreadId(2)] [class_dump] com.mojang.datafixers.optics.Proj1
[0796|t+7411ms|ThreadId(2)] [class_dump] com.mojang.datafixers.optics.Proj2
[0797|t+7411ms|ThreadId(2)] [class_dump] com.mojang.datafixers.optics.ReForgetC
[0798|t+7411ms|ThreadId(2)] [class_dump] com.mojang.datafixers.optics.ReForgetE
[0799|t+7411ms|ThreadId(2)] [class_dump] com.mojang.datafixers.optics.ReForgetEP
[0800|t+7412ms|ThreadId(2)] [class_dump] com.mojang.datafixers.optics.ReForgetP
[0801|t+7414ms|ThreadId(2)] [class_dump] com.mojang.datafixers.optics.Traversal
[0802|t+7414ms|ThreadId(2)] [class_dump] com.mojang.datafixers.optics.Wander
[0803|t+7415ms|ThreadId(2)] [class_dump] com.mojang.datafixers.optics.profunctors.AffineP$Mu
[0804|t+7415ms|ThreadId(2)] [class_dump] com.mojang.datafixers.optics.profunctors.AffineP$Mu$1
[0805|t+7416ms|ThreadId(2)] [class_dump] com.mojang.datafixers.optics.profunctors.Cartesian$Mu
[0806|t+7416ms|ThreadId(2)] [class_dump] com.mojang.datafixers.optics.profunctors.Cartesian$Mu$1
[0807|t+7416ms|ThreadId(2)] [class_dump] com.mojang.datafixers.optics.profunctors.Cocartesian$Mu
[0808|t+7417ms|ThreadId(2)] [class_dump] com.mojang.datafixers.optics.profunctors.Cocartesian$Mu$1
[0809|t+7417ms|ThreadId(2)] [class_dump] com.mojang.datafixers.optics.profunctors.Profunctor$Mu
[0810|t+7417ms|ThreadId(2)] [class_dump] com.mojang.datafixers.optics.profunctors.Profunctor$Mu$1
[0811|t+7418ms|ThreadId(2)] [class_dump] com.mojang.datafixers.optics.profunctors.TraversalP$Mu
[0812|t+7418ms|ThreadId(2)] [class_dump] com.mojang.datafixers.optics.profunctors.TraversalP$Mu$1
[0813|t+7418ms|ThreadId(2)] [class_dump] com.mojang.datafixers.schemas.Schema
[0814|t+7418ms|ThreadId(2)] [class_dump] com.mojang.datafixers.schemas.Schema$$Lambda/0x00000008002c1790
[0815|t+7419ms|ThreadId(2)] [class_dump] com.mojang.datafixers.schemas.Schema$$Lambda/0x00000008002c2c20
[0816|t+7419ms|ThreadId(2)] [class_dump] com.mojang.datafixers.schemas.Schema$$Lambda/0x00000008002d0630
[0817|t+7419ms|ThreadId(2)] [class_dump] com.mojang.datafixers.schemas.Schema$$Lambda/0x00000008002d6718
[0818|t+7419ms|ThreadId(2)] [class_dump] com.mojang.datafixers.schemas.Schema$$Lambda/0x000000080037f648
[0819|t+7420ms|ThreadId(2)] [class_dump] com.mojang.datafixers.schemas.Schema$$Lambda/0x0000000800385b40
[0820|t+7420ms|ThreadId(2)] [class_dump] com.mojang.datafixers.schemas.Schema$$Lambda/0x0000000800386810
[0821|t+7421ms|ThreadId(2)] [class_dump] com.mojang.datafixers.schemas.Schema$$Lambda/0x000000080038c000
[0822|t+7421ms|ThreadId(2)] [class_dump] com.mojang.datafixers.types.Func
[0823|t+7421ms|ThreadId(2)] [class_dump] com.mojang.datafixers.types.Type
[0824|t+7422ms|ThreadId(2)] [class_dump] com.mojang.datafixers.types.Type$$Lambda/0x0000000800381a10
[0825|t+7422ms|ThreadId(2)] [class_dump] com.mojang.datafixers.types.Type$$Lambda/0x000000080038e710
[0826|t+7422ms|ThreadId(2)] [class_dump] com.mojang.datafixers.types.Type$$Lambda/0x000000080038f978
[0827|t+7423ms|ThreadId(2)] [class_dump] com.mojang.datafixers.types.Type$$Lambda/0x0000000800394640
[0828|t+7423ms|ThreadId(2)] [class_dump] com.mojang.datafixers.types.Type$$Lambda/0x0000000800394e58
[0829|t+7423ms|ThreadId(2)] [class_dump] com.mojang.datafixers.types.Type$$Lambda/0x0000000800395890
[0830|t+7423ms|ThreadId(2)] [class_dump] com.mojang.datafixers.types.Type$RewriteCacheKey
[0831|t+7424ms|ThreadId(2)] [class_dump] com.mojang.datafixers.types.Type$TypeMatcher
[0832|t+7424ms|ThreadId(2)] [class_dump] com.mojang.datafixers.types.constant.EmptyPart
[0833|t+7424ms|ThreadId(2)] [class_dump] com.mojang.datafixers.types.constant.EmptyPartPassthrough
[0834|t+7424ms|ThreadId(2)] [class_dump] com.mojang.datafixers.types.families.Algebra
[0835|t+7425ms|ThreadId(2)] [class_dump] com.mojang.datafixers.types.families.ListAlgebra
[0836|t+7425ms|ThreadId(2)] [class_dump] com.mojang.datafixers.types.families.RecursiveTypeFamily
[0837|t+7425ms|ThreadId(2)] [class_dump] com.mojang.datafixers.types.families.RecursiveTypeFamily$$Lambda/0x0000000800304fa0
[0838|t+7425ms|ThreadId(2)] [class_dump] com.mojang.datafixers.types.families.RecursiveTypeFamily$$Lambda/0x0000000800305468
[0839|t+7426ms|ThreadId(2)] [class_dump] com.mojang.datafixers.types.families.RecursiveTypeFamily$$Lambda/0x00000008003a7c38
[0840|t+7426ms|ThreadId(2)] [class_dump] com.mojang.datafixers.types.families.TypeFamily
[0841|t+7426ms|ThreadId(2)] [class_dump] com.mojang.datafixers.types.templates.Check
[0842|t+7426ms|ThreadId(2)] [class_dump] com.mojang.datafixers.types.templates.Check$1
[0843|t+7427ms|ThreadId(2)] [class_dump] com.mojang.datafixers.types.templates.Check$CheckType
[0844|t+7427ms|ThreadId(2)] [class_dump] com.mojang.datafixers.types.templates.CompoundList
[0845|t+7427ms|ThreadId(2)] [class_dump] com.mojang.datafixers.types.templates.CompoundList$$Lambda/0x00000008003058a0
[0846|t+7427ms|ThreadId(2)] [class_dump] com.mojang.datafixers.types.templates.CompoundList$CompoundListType
[0847|t+7428ms|ThreadId(2)] [class_dump] com.mojang.datafixers.types.templates.Const
[0848|t+7428ms|ThreadId(2)] [class_dump] com.mojang.datafixers.types.templates.Const$1
[0849|t+7429ms|ThreadId(2)] [class_dump] com.mojang.datafixers.types.templates.Const$PrimitiveType
[0850|t+7429ms|ThreadId(2)] [class_dump] com.mojang.datafixers.types.templates.Hook
[0851|t+7430ms|ThreadId(2)] [class_dump] com.mojang.datafixers.types.templates.Hook$$Lambda/0x0000000800326778
[0852|t+7430ms|ThreadId(2)] [class_dump] com.mojang.datafixers.types.templates.Hook$HookFunction
[0853|t+7431ms|ThreadId(2)] [class_dump] com.mojang.datafixers.types.templates.Hook$HookFunction$1
[0854|t+7432ms|ThreadId(2)] [class_dump] com.mojang.datafixers.types.templates.Hook$HookType
[0855|t+7432ms|ThreadId(2)] [class_dump] com.mojang.datafixers.types.templates.List
[0856|t+7433ms|ThreadId(2)] [class_dump] com.mojang.datafixers.types.templates.List$1
[0857|t+7433ms|ThreadId(2)] [class_dump] com.mojang.datafixers.types.templates.List$ListType
[0858|t+7433ms|ThreadId(2)] [class_dump] com.mojang.datafixers.types.templates.Named
[0859|t+7434ms|ThreadId(2)] [class_dump] com.mojang.datafixers.types.templates.Named$$Lambda/0x0000000800304000
[0860|t+7434ms|ThreadId(2)] [class_dump] com.mojang.datafixers.types.templates.Named$NamedType
[0861|t+7435ms|ThreadId(2)] [class_dump] com.mojang.datafixers.types.templates.Product
[0862|t+7435ms|ThreadId(2)] [class_dump] com.mojang.datafixers.types.templates.Product$1
[0863|t+7435ms|ThreadId(2)] [class_dump] com.mojang.datafixers.types.templates.Product$ProductType
[0864|t+7435ms|ThreadId(2)] [class_dump] com.mojang.datafixers.types.templates.Product$ProductType$$Lambda/0x0000000800383be8
[0865|t+7436ms|ThreadId(2)] [class_dump] com.mojang.datafixers.types.templates.Product$ProductType$$Lambda/0x0000000800386400
[0866|t+7436ms|ThreadId(2)] [class_dump] com.mojang.datafixers.types.templates.RecursivePoint
[0867|t+7436ms|ThreadId(2)] [class_dump] com.mojang.datafixers.types.templates.RecursivePoint$1
[0868|t+7437ms|ThreadId(2)] [class_dump] com.mojang.datafixers.types.templates.RecursivePoint$RecursivePointType
[0869|t+7437ms|ThreadId(2)] [class_dump] com.mojang.datafixers.types.templates.RecursivePoint$RecursivePointType$$Lambda/0x000000080039f9a8
[0870|t+7437ms|ThreadId(2)] [class_dump] com.mojang.datafixers.types.templates.Sum
[0871|t+7437ms|ThreadId(2)] [class_dump] com.mojang.datafixers.types.templates.Sum$1
[0872|t+7438ms|ThreadId(2)] [class_dump] com.mojang.datafixers.types.templates.Sum$SumType
[0873|t+7438ms|ThreadId(2)] [class_dump] com.mojang.datafixers.types.templates.Sum$SumType$$Lambda/0x00000008003839d0
[0874|t+7438ms|ThreadId(2)] [class_dump] com.mojang.datafixers.types.templates.Sum$SumType$$Lambda/0x00000008003856f8
[0875|t+7438ms|ThreadId(2)] [class_dump] com.mojang.datafixers.types.templates.Sum$SumType$$Lambda/0x0000000800385fb8
[0876|t+7439ms|ThreadId(2)] [class_dump] com.mojang.datafixers.types.templates.Tag
[0877|t+7439ms|ThreadId(2)] [class_dump] com.mojang.datafixers.types.templates.Tag$1
[0878|t+7439ms|ThreadId(2)] [class_dump] com.mojang.datafixers.types.templates.Tag$TagType
[0879|t+7439ms|ThreadId(2)] [class_dump] com.mojang.datafixers.types.templates.TaggedChoice
[0880|t+7440ms|ThreadId(2)] [class_dump] com.mojang.datafixers.types.templates.TaggedChoice$$Lambda/0x00000008002d5120
[0881|t+7440ms|ThreadId(2)] [class_dump] com.mojang.datafixers.types.templates.TaggedChoice$$Lambda/0x0000000800326990
[0882|t+7441ms|ThreadId(2)] [class_dump] com.mojang.datafixers.types.templates.TaggedChoice$$Lambda/0x0000000800326ba8
[0883|t+7441ms|ThreadId(2)] [class_dump] com.mojang.datafixers.types.templates.TaggedChoice$TaggedChoiceType
[0884|t+7441ms|ThreadId(2)] [class_dump] com.mojang.datafixers.types.templates.TaggedChoice$TaggedChoiceType$$Lambda/0x00000008003dd720
[0885|t+7441ms|ThreadId(2)] [class_dump] com.mojang.datafixers.types.templates.TaggedChoice$TaggedChoiceType$$Lambda/0x00000008003dd958
[0886|t+7442ms|ThreadId(2)] [class_dump] com.mojang.datafixers.types.templates.TaggedChoice$TaggedChoiceType$RewriteFunc
[0887|t+7442ms|ThreadId(2)] [class_dump] com.mojang.datafixers.types.templates.TypeTemplate
[0888|t+7442ms|ThreadId(2)] [class_dump] com.mojang.datafixers.util.Either
[0889|t+7443ms|ThreadId(2)] [class_dump] com.mojang.datafixers.util.Either$Left
[0890|t+7443ms|ThreadId(2)] [class_dump] com.mojang.datafixers.util.Either$Right
[0891|t+7443ms|ThreadId(2)] [class_dump] com.mojang.datafixers.util.Function3
[0892|t+7444ms|ThreadId(2)] [class_dump] com.mojang.datafixers.util.Function4
[0893|t+7444ms|ThreadId(2)] [class_dump] com.mojang.datafixers.util.Function6
[0894|t+7444ms|ThreadId(2)] [class_dump] com.mojang.datafixers.util.Pair
[0895|t+7445ms|ThreadId(2)] [class_dump] com.mojang.datafixers.util.Pair$$Lambda/0x00000008002d1f10
[0896|t+7445ms|ThreadId(2)] [class_dump] com.mojang.datafixers.util.Pair$$Lambda/0x00000008002d2140
[0897|t+7450ms|ThreadId(2)] [class_dump] com.mojang.datafixers.util.Unit
[0898|t+7450ms|ThreadId(2)] [class_dump] com.mojang.jtracy.TracyClient
[0899|t+7451ms|ThreadId(2)] [class_dump] com.mojang.logging.LogListeners
[0900|t+7451ms|ThreadId(2)] [class_dump] com.mojang.logging.LogListeners$$Lambda/0x00000008001b7a78
[0901|t+7451ms|ThreadId(2)] [class_dump] com.mojang.logging.LogListeners$Target
[0902|t+7452ms|ThreadId(2)] [class_dump] com.mojang.logging.LogQueues
[0903|t+7452ms|ThreadId(2)] [class_dump] com.mojang.logging.LogQueues$$Lambda/0x00000008001ad598
[0904|t+7452ms|ThreadId(2)] [class_dump] com.mojang.logging.LogUtils
[0905|t+7453ms|ThreadId(2)] [class_dump] com.mojang.logging.plugins.LegacyXMLLayout
[0906|t+7453ms|ThreadId(2)] [class_dump] com.mojang.logging.plugins.ListenerLogAppender
[0907|t+7453ms|ThreadId(2)] [class_dump] com.mojang.logging.plugins.QueueLogAppender
[0908|t+7454ms|ThreadId(2)] [class_dump] com.mojang.serialization.Codec
[0909|t+7454ms|ThreadId(2)] [class_dump] com.mojang.serialization.Codec$$Lambda/0x00000008002120d0
[0910|t+7455ms|ThreadId(2)] [class_dump] com.mojang.serialization.Codec$$Lambda/0x0000000800212300
[0911|t+7455ms|ThreadId(2)] [class_dump] com.mojang.serialization.Codec$$Lambda/0x000000080021ede8
[0912|t+7455ms|ThreadId(2)] [class_dump] com.mojang.serialization.Codec$$Lambda/0x000000080021f020
[0913|t+7456ms|ThreadId(2)] [class_dump] com.mojang.serialization.Codec$$Lambda/0x00000008002255a0
[0914|t+7456ms|ThreadId(2)] [class_dump] com.mojang.serialization.Codec$$Lambda/0x000000080022f2b0
[0915|t+7457ms|ThreadId(2)] [class_dump] com.mojang.serialization.Codec$$Lambda/0x000000080022f4e8
[0916|t+7457ms|ThreadId(2)] [class_dump] com.mojang.serialization.Codec$$Lambda/0x000000080023d150
[0917|t+7457ms|ThreadId(2)] [class_dump] com.mojang.serialization.Codec$$Lambda/0x0000000800243b30
[0918|t+7458ms|ThreadId(2)] [class_dump] com.mojang.serialization.Codec$$Lambda/0x0000000800243d68
[0919|t+7460ms|ThreadId(2)] [class_dump] com.mojang.serialization.Codec$$Lambda/0x000000080058d518
[0920|t+7460ms|ThreadId(2)] [class_dump] com.mojang.serialization.Codec$1
[0921|t+7461ms|ThreadId(2)] [class_dump] com.mojang.serialization.Codec$10
[0922|t+7461ms|ThreadId(2)] [class_dump] com.mojang.serialization.Codec$11
[0923|t+7461ms|ThreadId(2)] [class_dump] com.mojang.serialization.Codec$12
[0924|t+7466ms|ThreadId(2)] [class_dump] com.mojang.serialization.Codec$13
[0925|t+7466ms|ThreadId(2)] [class_dump] com.mojang.serialization.Codec$14
[0926|t+7467ms|ThreadId(2)] [class_dump] com.mojang.serialization.Codec$15
[0927|t+7467ms|ThreadId(2)] [class_dump] com.mojang.serialization.Codec$16
[0928|t+7467ms|ThreadId(2)] [class_dump] com.mojang.serialization.Codec$17
[0929|t+7468ms|ThreadId(2)] [class_dump] com.mojang.serialization.Codec$18
[0930|t+7468ms|ThreadId(2)] [class_dump] com.mojang.serialization.Codec$19
[0931|t+7468ms|ThreadId(2)] [class_dump] com.mojang.serialization.Codec$2
[0932|t+7468ms|ThreadId(2)] [class_dump] com.mojang.serialization.Codec$20
[0933|t+7469ms|ThreadId(2)] [class_dump] com.mojang.serialization.Codec$3
[0934|t+7469ms|ThreadId(2)] [class_dump] com.mojang.serialization.Codec$4
[0935|t+7469ms|ThreadId(2)] [class_dump] com.mojang.serialization.Codec$9
[0936|t+7469ms|ThreadId(2)] [class_dump] com.mojang.serialization.Codec$RecursiveCodec
[0937|t+7470ms|ThreadId(2)] [class_dump] com.mojang.serialization.Codec$RecursiveCodec$$Lambda/0x000000080025d730
[0938|t+7470ms|ThreadId(2)] [class_dump] com.mojang.serialization.Codec$ResultFunction
[0939|t+7470ms|ThreadId(2)] [class_dump] com.mojang.serialization.Compressable
[0940|t+7471ms|ThreadId(2)] [class_dump] com.mojang.serialization.CompressorHolder
[0941|t+7471ms|ThreadId(2)] [class_dump] com.mojang.serialization.DataResult
[0942|t+7471ms|ThreadId(2)] [class_dump] com.mojang.serialization.Decoder
[0943|t+7471ms|ThreadId(2)] [class_dump] com.mojang.serialization.Decoder$$Lambda/0x000000080022c468
[0944|t+7472ms|ThreadId(2)] [class_dump] com.mojang.serialization.Decoder$1
[0945|t+7472ms|ThreadId(2)] [class_dump] com.mojang.serialization.Decoder$2
[0946|t+7472ms|ThreadId(2)] [class_dump] com.mojang.serialization.Decoder$5
[0947|t+7473ms|ThreadId(2)] [class_dump] com.mojang.serialization.Dynamic
[0948|t+7473ms|ThreadId(2)] [class_dump] com.mojang.serialization.DynamicLike
[0949|t+7473ms|ThreadId(2)] [class_dump] com.mojang.serialization.DynamicOps
[0950|t+7473ms|ThreadId(2)] [class_dump] com.mojang.serialization.Encoder
[0951|t+7474ms|ThreadId(2)] [class_dump] com.mojang.serialization.Encoder$1
[0952|t+7474ms|ThreadId(2)] [class_dump] com.mojang.serialization.Encoder$2
[0953|t+7474ms|ThreadId(2)] [class_dump] com.mojang.serialization.Encoder$4
[0954|t+7475ms|ThreadId(2)] [class_dump] com.mojang.serialization.JavaOps
[0955|t+7475ms|ThreadId(2)] [class_dump] com.mojang.serialization.JsonOps
[0956|t+7475ms|ThreadId(2)] [class_dump] com.mojang.serialization.Keyable
[0957|t+7476ms|ThreadId(2)] [class_dump] com.mojang.serialization.Lifecycle
[0958|t+7476ms|ThreadId(2)] [class_dump] com.mojang.serialization.Lifecycle$1
[0959|t+7476ms|ThreadId(2)] [class_dump] com.mojang.serialization.Lifecycle$2
[0960|t+7476ms|ThreadId(2)] [class_dump] com.mojang.serialization.Lifecycle$Deprecated
[0961|t+7477ms|ThreadId(2)] [class_dump] com.mojang.serialization.ListBuilder
[0962|t+7477ms|ThreadId(2)] [class_dump] com.mojang.serialization.MapCodec
[0963|t+7477ms|ThreadId(2)] [class_dump] com.mojang.serialization.MapCodec$$Lambda/0x0000000800206fe8
[0964|t+7477ms|ThreadId(2)] [class_dump] com.mojang.serialization.MapCodec$$Lambda/0x0000000800248590
[0965|t+7478ms|ThreadId(2)] [class_dump] com.mojang.serialization.MapCodec$$Lambda/0x0000000800268f10
[0966|t+7478ms|ThreadId(2)] [class_dump] com.mojang.serialization.MapCodec$$Lambda/0x00000008004e57c8
[0967|t+7478ms|ThreadId(2)] [class_dump] com.mojang.serialization.MapCodec$$Lambda/0x00000008004ec238
[0968|t+7479ms|ThreadId(2)] [class_dump] com.mojang.serialization.MapCodec$$Lambda/0x00000008004ec468
[0969|t+7479ms|ThreadId(2)] [class_dump] com.mojang.serialization.MapCodec$$Lambda/0x0000000800505000
[0970|t+7480ms|ThreadId(2)] [class_dump] com.mojang.serialization.MapCodec$1
[0971|t+7480ms|ThreadId(2)] [class_dump] com.mojang.serialization.MapCodec$10
[0972|t+7480ms|ThreadId(2)] [class_dump] com.mojang.serialization.MapCodec$11
[0973|t+7481ms|ThreadId(2)] [class_dump] com.mojang.serialization.MapCodec$2
[0974|t+7481ms|ThreadId(2)] [class_dump] com.mojang.serialization.MapCodec$3
[0975|t+7481ms|ThreadId(2)] [class_dump] com.mojang.serialization.MapCodec$4
[0976|t+7482ms|ThreadId(2)] [class_dump] com.mojang.serialization.MapCodec$6
[0977|t+7482ms|ThreadId(2)] [class_dump] com.mojang.serialization.MapCodec$Dependent
[0978|t+7483ms|ThreadId(2)] [class_dump] com.mojang.serialization.MapCodec$MapCodecCodec
[0979|t+7483ms|ThreadId(2)] [class_dump] com.mojang.serialization.MapCodec$RecursiveMapCodec
[0980|t+7484ms|ThreadId(2)] [class_dump] com.mojang.serialization.MapCodec$ResultFunction
[0981|t+7484ms|ThreadId(2)] [class_dump] com.mojang.serialization.MapDecoder
[0982|t+7484ms|ThreadId(2)] [class_dump] com.mojang.serialization.MapDecoder$3
[0983|t+7484ms|ThreadId(2)] [class_dump] com.mojang.serialization.MapDecoder$4
[0984|t+7485ms|ThreadId(2)] [class_dump] com.mojang.serialization.MapDecoder$Implementation
[0985|t+7485ms|ThreadId(2)] [class_dump] com.mojang.serialization.MapEncoder
[0986|t+7485ms|ThreadId(2)] [class_dump] com.mojang.serialization.MapEncoder$1
[0987|t+7486ms|ThreadId(2)] [class_dump] com.mojang.serialization.MapEncoder$2
[0988|t+7486ms|ThreadId(2)] [class_dump] com.mojang.serialization.MapEncoder$Implementation
[0989|t+7488ms|ThreadId(2)] [class_dump] com.mojang.serialization.MapLike
[0990|t+7488ms|ThreadId(2)] [class_dump] com.mojang.serialization.RecordBuilder
[0991|t+7488ms|ThreadId(2)] [class_dump] com.mojang.serialization.codecs.BaseMapCodec
[0992|t+7488ms|ThreadId(2)] [class_dump] com.mojang.serialization.codecs.EitherCodec
[0993|t+7489ms|ThreadId(2)] [class_dump] com.mojang.serialization.codecs.EitherMapCodec
[0994|t+7489ms|ThreadId(2)] [class_dump] com.mojang.serialization.codecs.FieldDecoder
[0995|t+7489ms|ThreadId(2)] [class_dump] com.mojang.serialization.codecs.FieldEncoder
[0996|t+7490ms|ThreadId(2)] [class_dump] com.mojang.serialization.codecs.KeyDispatchCodec
[0997|t+7490ms|ThreadId(2)] [class_dump] com.mojang.serialization.codecs.KeyDispatchCodec$$Lambda/0x00000008004ec698
[0998|t+7490ms|ThreadId(2)] [class_dump] com.mojang.serialization.codecs.ListCodec
[0999|t+7490ms|ThreadId(2)] [class_dump] com.mojang.serialization.codecs.OptionalFieldCodec
[1000|t+7491ms|ThreadId(2)] [class_dump] com.mojang.serialization.codecs.PairMapCodec
[1001|t+7491ms|ThreadId(2)] [class_dump] com.mojang.serialization.codecs.PrimitiveCodec
[1002|t+7491ms|ThreadId(2)] [class_dump] com.mojang.serialization.codecs.RecordCodecBuilder
[1003|t+7492ms|ThreadId(2)] [class_dump] com.mojang.serialization.codecs.RecordCodecBuilder$$Lambda/0x0000000800225ce0
[1004|t+7492ms|ThreadId(2)] [class_dump] com.mojang.serialization.codecs.RecordCodecBuilder$$Lambda/0x000000080022c000
[1005|t+7492ms|ThreadId(2)] [class_dump] com.mojang.serialization.codecs.RecordCodecBuilder$$Lambda/0x000000080022c238
[1006|t+7493ms|ThreadId(2)] [class_dump] com.mojang.serialization.codecs.RecordCodecBuilder$2
[1007|t+7493ms|ThreadId(2)] [class_dump] com.mojang.serialization.codecs.RecordCodecBuilder$Instance
[1008|t+7493ms|ThreadId(2)] [class_dump] com.mojang.serialization.codecs.RecordCodecBuilder$Instance$$Lambda/0x000000080022c950
[1009|t+7494ms|ThreadId(2)] [class_dump] com.mojang.serialization.codecs.RecordCodecBuilder$Instance$$Lambda/0x000000080022cb88
[1010|t+7494ms|ThreadId(2)] [class_dump] com.mojang.serialization.codecs.RecordCodecBuilder$Instance$$Lambda/0x000000080023e230
[1011|t+7494ms|ThreadId(2)] [class_dump] com.mojang.serialization.codecs.RecordCodecBuilder$Instance$$Lambda/0x000000080023e468
[1012|t+7495ms|ThreadId(2)] [class_dump] com.mojang.serialization.codecs.RecordCodecBuilder$Instance$$Lambda/0x0000000800487210
[1013|t+7495ms|ThreadId(2)] [class_dump] com.mojang.serialization.codecs.RecordCodecBuilder$Instance$$Lambda/0x0000000800487448
[1014|t+7495ms|ThreadId(2)] [class_dump] com.mojang.serialization.codecs.RecordCodecBuilder$Instance$$Lambda/0x0000000800487680
[1015|t+7496ms|ThreadId(2)] [class_dump] com.mojang.serialization.codecs.RecordCodecBuilder$Instance$$Lambda/0x00000008004aa6b8
[1016|t+7497ms|ThreadId(2)] [class_dump] com.mojang.serialization.codecs.RecordCodecBuilder$Instance$$Lambda/0x0000000800501d68
[1017|t+7497ms|ThreadId(2)] [class_dump] com.mojang.serialization.codecs.RecordCodecBuilder$Instance$$Lambda/0x0000000800501fa0
[1018|t+7498ms|ThreadId(2)] [class_dump] com.mojang.serialization.codecs.RecordCodecBuilder$Instance$1
[1019|t+7498ms|ThreadId(2)] [class_dump] com.mojang.serialization.codecs.RecordCodecBuilder$Instance$3
[1020|t+7499ms|ThreadId(2)] [class_dump] com.mojang.serialization.codecs.RecordCodecBuilder$Instance$5
[1021|t+7500ms|ThreadId(2)] [class_dump] com.mojang.serialization.codecs.RecordCodecBuilder$Instance$7
[1022|t+7500ms|ThreadId(2)] [class_dump] com.mojang.serialization.codecs.UnboundedMapCodec
[1023|t+7500ms|ThreadId(2)] [class_dump] com.mojang.util.UndashedUuid
[1024|t+7501ms|ThreadId(2)] [class_dump] crd → net.minecraft.world.entity.ai.navigation.GroundPathNavigation
[1025|t+7501ms|ThreadId(2)] [class_dump] cre → net.minecraft.world.entity.ai.navigation.PathNavigation
[1026|t+7501ms|ThreadId(2)] [class_dump] cta → net.minecraft.world.entity.ai.village.poi.PoiType
[1027|t+7501ms|ThreadId(2)] [class_dump] ctb → net.minecraft.world.entity.ai.village.poi.PoiTypes
[1028|t+7502ms|ThreadId(2)] [class_dump] cth → net.minecraft.world.entity.animal.Animal
[1029|t+7502ms|ThreadId(2)] [class_dump] cup → net.minecraft.world.entity.animal.equine.AbstractHorse
[1030|t+7502ms|ThreadId(2)] [class_dump] cuv → net.minecraft.world.entity.animal.equine.SkeletonHorse
[1031|t+7502ms|ThreadId(2)] [class_dump] cwb → net.minecraft.world.entity.animal.golem.AbstractGolem
[1032|t+7503ms|ThreadId(2)] [class_dump] cwc → net.minecraft.world.entity.animal.golem.CopperGolem
[1033|t+7503ms|ThreadId(2)] [class_dump] cwh → net.minecraft.world.entity.animal.golem.IronGolem
[1034|t+7503ms|ThreadId(2)] [class_dump] cwi → net.minecraft.world.entity.animal.golem.SnowGolem
[1035|t+7503ms|ThreadId(2)] [class_dump] cwk → net.minecraft.world.entity.animal.happyghast.HappyGhast
[1036|t+7503ms|ThreadId(2)] [class_dump] cxm → net.minecraft.world.entity.animal.sniffer.Sniffer
[1037|t+7504ms|ThreadId(2)] [class_dump] cxs → net.minecraft.world.entity.animal.turtle.Turtle
[1038|t+7504ms|ThreadId(2)] [class_dump] cxv → net.minecraft.world.entity.animal.wolf.WolfSoundVariant
[1039|t+7504ms|ThreadId(2)] [class_dump] cyw → net.minecraft.world.entity.boss.wither.WitherBoss
[1040|t+7505ms|ThreadId(2)] [class_dump] cyz → net.minecraft.world.entity.decoration.BlockAttachedEntity
[1041|t+7505ms|ThreadId(2)] [class_dump] czd → net.minecraft.world.entity.decoration.LeashFenceKnotEntity
[1042|t+7505ms|ThreadId(2)] [class_dump] czk → net.minecraft.world.entity.item.FallingBlockEntity
[1043|t+7505ms|ThreadId(2)] [class_dump] czl → net.minecraft.world.entity.item.ItemEntity
[1044|t+7506ms|ThreadId(2)] [class_dump] czm → net.minecraft.world.entity.item.PrimedTnt
[1045|t+7506ms|ThreadId(2)] [class_dump] czu → net.minecraft.world.entity.monster.Enemy
[1046|t+7506ms|ThreadId(2)] [class_dump] czz → net.minecraft.world.entity.monster.Monster
[1047|t+7507ms|ThreadId(2)] [class_dump] dac → net.minecraft.world.entity.monster.RangedAttackMob
[1048|t+7507ms|ThreadId(2)] [class_dump] daf → net.minecraft.world.entity.monster.Silverfish
[1049|t+7507ms|ThreadId(2)] [class_dump] dag → net.minecraft.world.entity.monster.Slime
[1050|t+7507ms|ThreadId(2)] [class_dump] dda → net.minecraft.world.entity.npc.villager.VillagerProfession
[1051|t+7508ms|ThreadId(2)] [class_dump] ddc → net.minecraft.world.entity.npc.villager.VillagerType
[1052|t+7508ms|ThreadId(2)] [class_dump] ddm → net.minecraft.world.entity.player.Player
[1053|t+7508ms|ThreadId(2)] [class_dump] dec → net.minecraft.world.entity.projectile.Projectile
[1054|t+7509ms|ThreadId(2)] [class_dump] deh → net.minecraft.world.entity.projectile.arrow.AbstractArrow
[1055|t+7509ms|ThreadId(2)] [class_dump] dfs → net.minecraft.world.entity.variant.SpawnConditions
[1056|t+7510ms|ThreadId(2)] [class_dump] dgw → net.minecraft.world.flag.FeatureElement
[1057|t+7510ms|ThreadId(2)] [class_dump] dgx → net.minecraft.world.flag.FeatureFlag
[1058|t+7510ms|ThreadId(2)] [class_dump] dgy → net.minecraft.world.flag.FeatureFlagRegistry
[1059|t+7511ms|ThreadId(2)] [class_dump] dgz → net.minecraft.world.flag.FeatureFlagSet
[1060|t+7511ms|ThreadId(2)] [class_dump] dha → net.minecraft.world.flag.FeatureFlagUniverse
[1061|t+7511ms|ThreadId(2)] [class_dump] dhb → net.minecraft.world.flag.FeatureFlags
[1062|t+7512ms|ThreadId(2)] [class_dump] dhi → net.minecraft.world.inventory.AbstractContainerMenu
[1063|t+7515ms|ThreadId(2)] [class_dump] dhj → net.minecraft.world.inventory.AbstractCraftingMenu
[1064|t+7515ms|ThreadId(2)] [class_dump] dhm → net.minecraft.world.inventory.AnvilMenu
[1065|t+7516ms|ThreadId(2)] [class_dump] dhr → net.minecraft.world.inventory.CartographyTableMenu
[1066|t+7516ms|ThreadId(2)] [class_dump] dhs → net.minecraft.world.inventory.ChestMenu
[1067|t+7516ms|ThreadId(2)] [class_dump] dic → net.minecraft.world.inventory.CraftingMenu
[1068|t+7517ms|ThreadId(2)] [class_dump] dif → net.minecraft.world.inventory.EnchantmentMenu
[1069|t+7517ms|ThreadId(2)] [class_dump] dij → net.minecraft.world.inventory.GrindstoneMenu
[1070|t+7517ms|ThreadId(2)] [class_dump] dik → net.minecraft.world.inventory.HopperMenu
[1071|t+7518ms|ThreadId(2)] [class_dump] din → net.minecraft.world.inventory.ItemCombinerMenu
[1072|t+7518ms|ThreadId(2)] [class_dump] diq → net.minecraft.world.inventory.LoomMenu
[1073|t+7518ms|ThreadId(2)] [class_dump] dir → net.minecraft.world.inventory.MenuConstructor
[1074|t+7519ms|ThreadId(2)] [class_dump] diz → net.minecraft.world.inventory.RecipeBookMenu
[1075|t+7519ms|ThreadId(2)] [class_dump] djb → net.minecraft.world.inventory.RecipeCraftingHolder
[1076|t+7519ms|ThreadId(2)] [class_dump] djl → net.minecraft.world.inventory.SmithingMenu
[1077|t+7520ms|ThreadId(2)] [class_dump] djn → net.minecraft.world.inventory.StackedContentsCompatible
[1078|t+7520ms|ThreadId(2)] [class_dump] djo → net.minecraft.world.inventory.StonecutterMenu
[1079|t+7520ms|ThreadId(2)] [class_dump] dkk → net.minecraft.world.item.CreativeModeTab
[1080|t+7521ms|ThreadId(2)] [class_dump] dkl → net.minecraft.world.item.CreativeModeTabs
[1081|t+7521ms|ThreadId(2)] [class_dump] dkr → net.minecraft.world.item.DyeColor
[1082|t+7521ms|ThreadId(2)] [class_dump] dlt → net.minecraft.world.item.ItemStack
[1083|t+7522ms|ThreadId(2)] [class_dump] dnj → net.minecraft.world.item.TooltipFlag
[1084|t+7522ms|ThreadId(2)] [class_dump] dns → net.minecraft.world.item.alchemy.Potions
[1085|t+7522ms|ThreadId(2)] [class_dump] doc → net.minecraft.world.item.component.ConsumableListener
[1086|t+7523ms|ThreadId(2)] [class_dump] dpa → net.minecraft.world.item.component.SuspiciousStewEffects
[1087|t+7523ms|ThreadId(2)] [class_dump] dpe → net.minecraft.world.item.component.TooltipProvider
[1088|t+7523ms|ThreadId(2)] [class_dump] dqk → net.minecraft.world.item.crafting.ExtendedRecipeBookCategory
[1089|t+7524ms|ThreadId(2)] [class_dump] dqt → net.minecraft.world.item.crafting.RecipeAccess
[1090|t+7524ms|ThreadId(2)] [class_dump] dqu → net.minecraft.world.item.crafting.RecipeBookCategories
[1091|t+7524ms|ThreadId(2)] [class_dump] dqv → net.minecraft.world.item.crafting.RecipeBookCategory
[1092|t+7525ms|ThreadId(2)] [class_dump] dqy → net.minecraft.world.item.crafting.RecipeInput
[1093|t+7525ms|ThreadId(2)] [class_dump] dsb → net.minecraft.world.item.crafting.display.RecipeDisplays
[1094|t+7525ms|ThreadId(2)] [class_dump] dsg → net.minecraft.world.item.crafting.display.SlotDisplays
[1095|t+7526ms|ThreadId(2)] [class_dump] dsp → net.minecraft.world.item.enchantment.EnchantmentEffectComponents
[1096|t+7526ms|ThreadId(2)] [class_dump] dsv → net.minecraft.world.item.enchantment.LevelBasedValue
[1097|t+7526ms|ThreadId(2)] [class_dump] dth → net.minecraft.world.item.enchantment.effects.EnchantmentEntityEffect
[1098|t+7526ms|ThreadId(2)] [class_dump] dti → net.minecraft.world.item.enchantment.effects.EnchantmentLocationBasedEffect
[1099|t+7527ms|ThreadId(2)] [class_dump] dtj → net.minecraft.world.item.enchantment.effects.EnchantmentValueEffect
[1100|t+7527ms|ThreadId(2)] [class_dump] dua → net.minecraft.world.item.enchantment.providers.EnchantmentProviderTypes
[1101|t+7527ms|ThreadId(2)] [class_dump] dvg → net.minecraft.world.item.slot.SlotSources
[1102|t+7527ms|ThreadId(2)] [class_dump] dvq → net.minecraft.world.level.BlockAndTintGetter
[1103|t+7528ms|ThreadId(2)] [class_dump] dvt → net.minecraft.world.level.BlockGetter
[1104|t+7528ms|ThreadId(2)] [class_dump] dvx → net.minecraft.world.level.CollisionGetter
[1105|t+7528ms|ThreadId(2)] [class_dump] dwa → net.minecraft.world.level.CommonLevelAccessor
[1106|t+7528ms|ThreadId(2)] [class_dump] dwh → net.minecraft.world.level.EntityGetter
[1107|t+7529ms|ThreadId(2)] [class_dump] dwj → net.minecraft.world.level.ExplosionDamageCalculator
[1108|t+7529ms|ThreadId(2)] [class_dump] dwn → net.minecraft.world.level.ItemLike
[1109|t+7530ms|ThreadId(2)] [class_dump] dwo → net.minecraft.world.level.Level
[1110|t+7530ms|ThreadId(2)] [class_dump] dwp → net.minecraft.world.level.LevelAccessor
[1111|t+7531ms|ThreadId(2)] [class_dump] dwq → net.minecraft.world.level.LevelHeightAccessor
[1112|t+7531ms|ThreadId(2)] [class_dump] dwr → net.minecraft.world.level.LevelReader
[1113|t+7531ms|ThreadId(2)] [class_dump] dwt → net.minecraft.world.level.LevelSimulatedRW
[1114|t+7532ms|ThreadId(2)] [class_dump] dwu → net.minecraft.world.level.LevelSimulatedReader
[1115|t+7532ms|ThreadId(2)] [class_dump] dwv → net.minecraft.world.level.LevelWriter
[1116|t+7532ms|ThreadId(2)] [class_dump] dx → net.minecraft.commands.BrigadierExceptions
[1117|t+7533ms|ThreadId(2)] [class_dump] dxd → net.minecraft.world.level.ScheduledTickAccess
[1118|t+7533ms|ThreadId(2)] [class_dump] dxf → net.minecraft.world.level.ServerLevelAccessor
[1119|t+7533ms|ThreadId(2)] [class_dump] dxg → net.minecraft.world.level.SignalGetter
[1120|t+7533ms|ThreadId(2)] [class_dump] dxj → net.minecraft.world.level.Spawner
[1121|t+7534ms|ThreadId(2)] [class_dump] dxn → net.minecraft.world.level.WorldGenLevel
[1122|t+7534ms|ThreadId(2)] [class_dump] dxo → net.minecraft.world.level.biome.Biome
[1123|t+7534ms|ThreadId(2)] [class_dump] dxt → net.minecraft.world.level.biome.BiomeSources
[1124|t+7535ms|ThreadId(2)] [class_dump] dyh → net.minecraft.world.level.block.AbstractBannerBlock
[1125|t+7535ms|ThreadId(2)] [class_dump] dyi → net.minecraft.world.level.block.AbstractCandleBlock
[1126|t+7535ms|ThreadId(2)] [class_dump] dyj → net.minecraft.world.level.block.AbstractCauldronBlock
[1127|t+7535ms|ThreadId(2)] [class_dump] dyk → net.minecraft.world.level.block.AbstractChestBlock
[1128|t+7536ms|ThreadId(2)] [class_dump] dyl → net.minecraft.world.level.block.AbstractFurnaceBlock
[1129|t+7536ms|ThreadId(2)] [class_dump] dym → net.minecraft.world.level.block.AbstractSkullBlock
[1130|t+7536ms|ThreadId(2)] [class_dump] dyn → net.minecraft.world.level.block.AirBlock
[1131|t+7537ms|ThreadId(2)] [class_dump] dyo → net.minecraft.world.level.block.AmethystBlock
[1132|t+7537ms|ThreadId(2)] [class_dump] dyp → net.minecraft.world.level.block.AmethystClusterBlock
[1133|t+7537ms|ThreadId(2)] [class_dump] dyq → net.minecraft.world.level.block.AnvilBlock
[1134|t+7537ms|ThreadId(2)] [class_dump] dyr → net.minecraft.world.level.block.AttachedStemBlock
[1135|t+7538ms|ThreadId(2)] [class_dump] dyt → net.minecraft.world.level.block.BambooSaplingBlock
[1136|t+7538ms|ThreadId(2)] [class_dump] dyu → net.minecraft.world.level.block.BambooStalkBlock
[1137|t+7538ms|ThreadId(2)] [class_dump] dyv → net.minecraft.world.level.block.BannerBlock
[1138|t+7539ms|ThreadId(2)] [class_dump] dyw → net.minecraft.world.level.block.BarrelBlock
[1139|t+7539ms|ThreadId(2)] [class_dump] dyx → net.minecraft.world.level.block.BarrierBlock
[1140|t+7539ms|ThreadId(2)] [class_dump] dyy → net.minecraft.world.level.block.BaseCoralFanBlock
[1141|t+7539ms|ThreadId(2)] [class_dump] dyz → net.minecraft.world.level.block.BaseCoralPlantBlock
[1142|t+7540ms|ThreadId(2)] [class_dump] dza → net.minecraft.world.level.block.BaseCoralPlantTypeBlock
[1143|t+7540ms|ThreadId(2)] [class_dump] dzb → net.minecraft.world.level.block.BaseCoralWallFanBlock
[1144|t+7540ms|ThreadId(2)] [class_dump] dzc → net.minecraft.world.level.block.BaseEntityBlock
[1145|t+7541ms|ThreadId(2)] [class_dump] dzd → net.minecraft.world.level.block.BaseFireBlock
[1146|t+7541ms|ThreadId(2)] [class_dump] dze → net.minecraft.world.level.block.BasePressurePlateBlock
[1147|t+7541ms|ThreadId(2)] [class_dump] dzf → net.minecraft.world.level.block.BaseRailBlock
[1148|t+7541ms|ThreadId(2)] [class_dump] dzg → net.minecraft.world.level.block.BaseTorchBlock
[1149|t+7542ms|ThreadId(2)] [class_dump] dzh → net.minecraft.world.level.block.BeaconBeamBlock
[1150|t+7542ms|ThreadId(2)] [class_dump] dzi → net.minecraft.world.level.block.BeaconBlock
[1151|t+7542ms|ThreadId(2)] [class_dump] dzj → net.minecraft.world.level.block.BedBlock
[1152|t+7543ms|ThreadId(2)] [class_dump] dzk → net.minecraft.world.level.block.BeehiveBlock
[1153|t+7543ms|ThreadId(2)] [class_dump] dzl → net.minecraft.world.level.block.BeetrootBlock
[1154|t+7543ms|ThreadId(2)] [class_dump] dzm → net.minecraft.world.level.block.BellBlock
[1155|t+7543ms|ThreadId(2)] [class_dump] dzp → net.minecraft.world.level.block.BlastFurnaceBlock
[1156|t+7544ms|ThreadId(2)] [class_dump] dzq → net.minecraft.world.level.block.Block
[1157|t+7544ms|ThreadId(2)] [class_dump] dzr → net.minecraft.world.level.block.BlockTypes
[1158|t+7544ms|ThreadId(2)] [class_dump] dzs → net.minecraft.world.level.block.Blocks
[1159|t+7544ms|ThreadId(2)] [class_dump] dzt → net.minecraft.world.level.block.BonemealableBlock
[1160|t+7545ms|ThreadId(2)] [class_dump] dzu → net.minecraft.world.level.block.BonemealableFeaturePlacerBlock
[1161|t+7545ms|ThreadId(2)] [class_dump] dzv → net.minecraft.world.level.block.BrewingStandBlock
[1162|t+7545ms|ThreadId(2)] [class_dump] dzw → net.minecraft.world.level.block.BrushableBlock
[1163|t+7548ms|ThreadId(2)] [class_dump] dzx → net.minecraft.world.level.block.BubbleColumnBlock
[1164|t+7548ms|ThreadId(2)] [class_dump] dzy → net.minecraft.world.level.block.BucketPickup
[1165|t+7549ms|ThreadId(2)] [class_dump] dzz → net.minecraft.world.level.block.BuddingAmethystBlock
[1166|t+7549ms|ThreadId(2)] [class_dump] eaa → net.minecraft.world.level.block.BushBlock
[1167|t+7550ms|ThreadId(2)] [class_dump] eab → net.minecraft.world.level.block.ButtonBlock
[1168|t+7550ms|ThreadId(2)] [class_dump] eac → net.minecraft.world.level.block.CactusBlock
[1169|t+7551ms|ThreadId(2)] [class_dump] ead → net.minecraft.world.level.block.CactusFlowerBlock
[1170|t+7551ms|ThreadId(2)] [class_dump] eae → net.minecraft.world.level.block.CakeBlock
[1171|t+7551ms|ThreadId(2)] [class_dump] eag → net.minecraft.world.level.block.CampfireBlock
[1172|t+7551ms|ThreadId(2)] [class_dump] eah → net.minecraft.world.level.block.CandleBlock
[1173|t+7552ms|ThreadId(2)] [class_dump] eai → net.minecraft.world.level.block.CandleCakeBlock
[1174|t+7552ms|ThreadId(2)] [class_dump] eaj → net.minecraft.world.level.block.CarpetBlock
[1175|t+7552ms|ThreadId(2)] [class_dump] eak → net.minecraft.world.level.block.CarrotBlock
[1176|t+7552ms|ThreadId(2)] [class_dump] eal → net.minecraft.world.level.block.CartographyTableBlock
[1177|t+7553ms|ThreadId(2)] [class_dump] eam → net.minecraft.world.level.block.CarvedPumpkinBlock
[1178|t+7553ms|ThreadId(2)] [class_dump] ean → net.minecraft.world.level.block.CauldronBlock
[1179|t+7553ms|ThreadId(2)] [class_dump] ear → net.minecraft.world.level.block.CeilingHangingSignBlock
[1180|t+7554ms|ThreadId(2)] [class_dump] eas → net.minecraft.world.level.block.ChainBlock
[1181|t+7554ms|ThreadId(2)] [class_dump] eat → net.minecraft.world.level.block.ChangeOverTimeBlock
[1182|t+7554ms|ThreadId(2)] [class_dump] eau → net.minecraft.world.level.block.ChestBlock
[1183|t+7555ms|ThreadId(2)] [class_dump] eav → net.minecraft.world.level.block.ChiseledBookShelfBlock
[1184|t+7555ms|ThreadId(2)] [class_dump] eaw → net.minecraft.world.level.block.ChorusFlowerBlock
[1185|t+7555ms|ThreadId(2)] [class_dump] eax → net.minecraft.world.level.block.ChorusPlantBlock
[1186|t+7556ms|ThreadId(2)] [class_dump] eay → net.minecraft.world.level.block.CocoaBlock
[1187|t+7556ms|ThreadId(2)] [class_dump] eaz → net.minecraft.world.level.block.ColoredFallingBlock
[1188|t+7556ms|ThreadId(2)] [class_dump] eba → net.minecraft.world.level.block.CommandBlock
[1189|t+7557ms|ThreadId(2)] [class_dump] ebb → net.minecraft.world.level.block.ComparatorBlock
[1190|t+7557ms|ThreadId(2)] [class_dump] ebc → net.minecraft.world.level.block.ComposterBlock
[1191|t+7557ms|ThreadId(2)] [class_dump] ebd → net.minecraft.world.level.block.ConcretePowderBlock
[1192|t+7558ms|ThreadId(2)] [class_dump] ebe → net.minecraft.world.level.block.ConduitBlock
[1193|t+7558ms|ThreadId(2)] [class_dump] ebf → net.minecraft.world.level.block.CopperBulbBlock
[1194|t+7558ms|ThreadId(2)] [class_dump] ebg → net.minecraft.world.level.block.CopperChestBlock
[1195|t+7558ms|ThreadId(2)] [class_dump] ebh → net.minecraft.world.level.block.CopperGolemStatueBlock
[1196|t+7559ms|ThreadId(2)] [class_dump] ebi → net.minecraft.world.level.block.CoralBlock
[1197|t+7559ms|ThreadId(2)] [class_dump] ebj → net.minecraft.world.level.block.CoralFanBlock
[1198|t+7559ms|ThreadId(2)] [class_dump] ebk → net.minecraft.world.level.block.CoralPlantBlock
[1199|t+7560ms|ThreadId(2)] [class_dump] ebl → net.minecraft.world.level.block.CoralWallFanBlock
[1200|t+7560ms|ThreadId(2)] [class_dump] ebn → net.minecraft.world.level.block.CraftingTableBlock
[1201|t+7560ms|ThreadId(2)] [class_dump] ebo → net.minecraft.world.level.block.CreakingHeartBlock
[1202|t+7561ms|ThreadId(2)] [class_dump] ebp → net.minecraft.world.level.block.CropBlock
[1203|t+7561ms|ThreadId(2)] [class_dump] ebq → net.minecraft.world.level.block.CrossCollisionBlock
[1204|t+7561ms|ThreadId(2)] [class_dump] ebr → net.minecraft.world.level.block.CryingObsidianBlock
[1205|t+7561ms|ThreadId(2)] [class_dump] ebs → net.minecraft.world.level.block.DaylightDetectorBlock
[1206|t+7562ms|ThreadId(2)] [class_dump] ebu → net.minecraft.world.level.block.DetectorRailBlock
[1207|t+7563ms|ThreadId(2)] [class_dump] ebv → net.minecraft.world.level.block.DiodeBlock
[1208|t+7564ms|ThreadId(2)] [class_dump] ebw → net.minecraft.world.level.block.DirectionalBlock
[1209|t+7565ms|ThreadId(2)] [class_dump] ebx → net.minecraft.world.level.block.DirtPathBlock
[1210|t+7565ms|ThreadId(2)] [class_dump] eby → net.minecraft.world.level.block.DispenserBlock
[1211|t+7565ms|ThreadId(2)] [class_dump] ebz → net.minecraft.world.level.block.DoorBlock
[1212|t+7566ms|ThreadId(2)] [class_dump] ec → net.minecraft.commands.CommandSource
[1213|t+7566ms|ThreadId(2)] [class_dump] ecb → net.minecraft.world.level.block.DoublePlantBlock
[1214|t+7566ms|ThreadId(2)] [class_dump] ecc → net.minecraft.world.level.block.DragonEggBlock
[1215|t+7567ms|ThreadId(2)] [class_dump] ecd → net.minecraft.world.level.block.DriedGhastBlock
[1216|t+7567ms|ThreadId(2)] [class_dump] ece → net.minecraft.world.level.block.DropExperienceBlock
[1217|t+7567ms|ThreadId(2)] [class_dump] ecf → net.minecraft.world.level.block.DropperBlock
[1218|t+7567ms|ThreadId(2)] [class_dump] ecg → net.minecraft.world.level.block.DryVegetationBlock
[1219|t+7568ms|ThreadId(2)] [class_dump] ech → net.minecraft.world.level.block.EnchantingTableBlock
[1220|t+7568ms|ThreadId(2)] [class_dump] eci → net.minecraft.world.level.block.EndGatewayBlock
[1221|t+7568ms|ThreadId(2)] [class_dump] ecj → net.minecraft.world.level.block.EndPortalBlock
[1222|t+7569ms|ThreadId(2)] [class_dump] eck → net.minecraft.world.level.block.EndPortalFrameBlock
[1223|t+7569ms|ThreadId(2)] [class_dump] ecl → net.minecraft.world.level.block.EndRodBlock
[1224|t+7569ms|ThreadId(2)] [class_dump] ecm → net.minecraft.world.level.block.EnderChestBlock
[1225|t+7569ms|ThreadId(2)] [class_dump] ecn → net.minecraft.world.level.block.EntityBlock
[1226|t+7570ms|ThreadId(2)] [class_dump] eco → net.minecraft.world.level.block.EyeblossomBlock
[1227|t+7570ms|ThreadId(2)] [class_dump] ecp → net.minecraft.world.level.block.FaceAttachedHorizontalDirectionalBlock
[1228|t+7570ms|ThreadId(2)] [class_dump] ecq → net.minecraft.world.level.block.Fallable
[1229|t+7571ms|ThreadId(2)] [class_dump] ecr → net.minecraft.world.level.block.FallingBlock
[1230|t+7571ms|ThreadId(2)] [class_dump] ecs → net.minecraft.world.level.block.FarmBlock
[1231|t+7571ms|ThreadId(2)] [class_dump] ect → net.minecraft.world.level.block.FenceBlock
[1232|t+7572ms|ThreadId(2)] [class_dump] ecu → net.minecraft.world.level.block.FenceGateBlock
[1233|t+7572ms|ThreadId(2)] [class_dump] ecv → net.minecraft.world.level.block.FireBlock
[1234|t+7572ms|ThreadId(2)] [class_dump] ecy → net.minecraft.world.level.block.FlowerBlock
[1235|t+7573ms|ThreadId(2)] [class_dump] ecz → net.minecraft.world.level.block.FlowerPotBlock
[1236|t+7573ms|ThreadId(2)] [class_dump] edb → net.minecraft.world.level.block.FrostedIceBlock
[1237|t+7573ms|ThreadId(2)] [class_dump] edc → net.minecraft.world.level.block.FungusBlock
[1238|t+7573ms|ThreadId(2)] [class_dump] edd → net.minecraft.world.level.block.FurnaceBlock
[1239|t+7574ms|ThreadId(2)] [class_dump] ede → net.minecraft.world.level.block.GameMasterBlock
[1240|t+7574ms|ThreadId(2)] [class_dump] edf → net.minecraft.world.level.block.GlazedTerracottaBlock
[1241|t+7574ms|ThreadId(2)] [class_dump] edg → net.minecraft.world.level.block.GlowLichenBlock
[1242|t+7574ms|ThreadId(2)] [class_dump] edh → net.minecraft.world.level.block.GrassBlock
[1243|t+7575ms|ThreadId(2)] [class_dump] edi → net.minecraft.world.level.block.GrindstoneBlock
[1244|t+7575ms|ThreadId(2)] [class_dump] edj → net.minecraft.world.level.block.GrowingPlantBlock
[1245|t+7575ms|ThreadId(2)] [class_dump] edk → net.minecraft.world.level.block.GrowingPlantBodyBlock
[1246|t+7575ms|ThreadId(2)] [class_dump] edl → net.minecraft.world.level.block.GrowingPlantHeadBlock
[1247|t+7576ms|ThreadId(2)] [class_dump] edm → net.minecraft.world.level.block.HalfTransparentBlock
[1248|t+7576ms|ThreadId(2)] [class_dump] edp → net.minecraft.world.level.block.HayBlock
[1249|t+7576ms|ThreadId(2)] [class_dump] edr → net.minecraft.world.level.block.HoneyBlock
[1250|t+7577ms|ThreadId(2)] [class_dump] eds → net.minecraft.world.level.block.HopperBlock
[1251|t+7577ms|ThreadId(2)] [class_dump] edt → net.minecraft.world.level.block.HorizontalDirectionalBlock
[1252|t+7577ms|ThreadId(2)] [class_dump] edu → net.minecraft.world.level.block.HugeMushroomBlock
[1253|t+7577ms|ThreadId(2)] [class_dump] edv → net.minecraft.world.level.block.IceBlock
[1254|t+7578ms|ThreadId(2)] [class_dump] edw → net.minecraft.world.level.block.InfestedBlock
[1255|t+7578ms|ThreadId(2)] [class_dump] edx → net.minecraft.world.level.block.InfestedRotatedPillarBlock
[1256|t+7579ms|ThreadId(2)] [class_dump] edy → net.minecraft.world.level.block.IronBarsBlock
[1257|t+7579ms|ThreadId(2)] [class_dump] edz → net.minecraft.world.level.block.JigsawBlock
[1258|t+7580ms|ThreadId(2)] [class_dump] eea → net.minecraft.world.level.block.JukeboxBlock
[1259|t+7581ms|ThreadId(2)] [class_dump] eeb → net.minecraft.world.level.block.KelpBlock
[1260|t+7582ms|ThreadId(2)] [class_dump] eec → net.minecraft.world.level.block.KelpPlantBlock
[1261|t+7582ms|ThreadId(2)] [class_dump] eed → net.minecraft.world.level.block.LadderBlock
[1262|t+7582ms|ThreadId(2)] [class_dump] eee → net.minecraft.world.level.block.LanternBlock
[1263|t+7583ms|ThreadId(2)] [class_dump] eef → net.minecraft.world.level.block.LavaCauldronBlock
[1264|t+7583ms|ThreadId(2)] [class_dump] eeg → net.minecraft.world.level.block.LayeredCauldronBlock
[1265|t+7583ms|ThreadId(2)] [class_dump] eei → net.minecraft.world.level.block.LeavesBlock
[1266|t+7583ms|ThreadId(2)] [class_dump] eej → net.minecraft.world.level.block.LecternBlock
[1267|t+7584ms|ThreadId(2)] [class_dump] eel → net.minecraft.world.level.block.LeverBlock
[1268|t+7584ms|ThreadId(2)] [class_dump] eem → net.minecraft.world.level.block.LightBlock
[1269|t+7584ms|ThreadId(2)] [class_dump] een → net.minecraft.world.level.block.LightningRodBlock
[1270|t+7584ms|ThreadId(2)] [class_dump] eeo → net.minecraft.world.level.block.LiquidBlock
[1271|t+7585ms|ThreadId(2)] [class_dump] eep → net.minecraft.world.level.block.LiquidBlockContainer
[1272|t+7585ms|ThreadId(2)] [class_dump] eeq → net.minecraft.world.level.block.LoomBlock
[1273|t+7585ms|ThreadId(2)] [class_dump] eer → net.minecraft.world.level.block.MagmaBlock
[1274|t+7585ms|ThreadId(2)] [class_dump] ees → net.minecraft.world.level.block.MangroveLeavesBlock
[1275|t+7586ms|ThreadId(2)] [class_dump] eet → net.minecraft.world.level.block.MangrovePropaguleBlock
[1276|t+7586ms|ThreadId(2)] [class_dump] eeu → net.minecraft.world.level.block.MangroveRootsBlock
[1277|t+7586ms|ThreadId(2)] [class_dump] eev → net.minecraft.world.level.block.Mirror
[1278|t+7587ms|ThreadId(2)] [class_dump] eey → net.minecraft.world.level.block.MultifaceBlock
[1279|t+7587ms|ThreadId(2)] [class_dump] eez → net.minecraft.world.level.block.MultifaceSpreadeableBlock
[1280|t+7587ms|ThreadId(2)] [class_dump] efa → net.minecraft.world.level.block.MultifaceSpreader
[1281|t+7588ms|ThreadId(2)] [class_dump] efb → net.minecraft.world.level.block.MushroomBlock
[1282|t+7588ms|ThreadId(2)] [class_dump] efc → net.minecraft.world.level.block.MyceliumBlock
[1283|t+7588ms|ThreadId(2)] [class_dump] efd → net.minecraft.world.level.block.NetherPortalBlock
[1284|t+7589ms|ThreadId(2)] [class_dump] efe → net.minecraft.world.level.block.NetherSproutsBlock
[1285|t+7589ms|ThreadId(2)] [class_dump] efg → net.minecraft.world.level.block.NetherWartBlock
[1286|t+7589ms|ThreadId(2)] [class_dump] efh → net.minecraft.world.level.block.NetherrackBlock
[1287|t+7590ms|ThreadId(2)] [class_dump] efi → net.minecraft.world.level.block.NoteBlock
[1288|t+7590ms|ThreadId(2)] [class_dump] efj → net.minecraft.world.level.block.NyliumBlock
[1289|t+7590ms|ThreadId(2)] [class_dump] efk → net.minecraft.world.level.block.ObserverBlock
[1290|t+7591ms|ThreadId(2)] [class_dump] efl → net.minecraft.world.level.block.PiglinWallSkullBlock
[1291|t+7591ms|ThreadId(2)] [class_dump] efm → net.minecraft.world.level.block.PipeBlock
[1292|t+7591ms|ThreadId(2)] [class_dump] efn → net.minecraft.world.level.block.PitcherCropBlock
[1293|t+7592ms|ThreadId(2)] [class_dump] efo → net.minecraft.world.level.block.PlayerHeadBlock
[1294|t+7592ms|ThreadId(2)] [class_dump] efp → net.minecraft.world.level.block.PlayerWallHeadBlock
[1295|t+7592ms|ThreadId(2)] [class_dump] efr → net.minecraft.world.level.block.Portal
[1296|t+7592ms|ThreadId(2)] [class_dump] efs → net.minecraft.world.level.block.PotatoBlock
[1297|t+7593ms|ThreadId(2)] [class_dump] eft → net.minecraft.world.level.block.PowderSnowBlock
[1298|t+7593ms|ThreadId(2)] [class_dump] efu → net.minecraft.world.level.block.PoweredBlock
[1299|t+7593ms|ThreadId(2)] [class_dump] efv → net.minecraft.world.level.block.PoweredRailBlock
[1300|t+7594ms|ThreadId(2)] [class_dump] efw → net.minecraft.world.level.block.PressurePlateBlock
[1301|t+7594ms|ThreadId(2)] [class_dump] efx → net.minecraft.world.level.block.PumpkinBlock
[1302|t+7594ms|ThreadId(2)] [class_dump] efy → net.minecraft.world.level.block.RailBlock
[1303|t+7594ms|ThreadId(2)] [class_dump] ega → net.minecraft.world.level.block.RedStoneOreBlock
[1304|t+7595ms|ThreadId(2)] [class_dump] egb → net.minecraft.world.level.block.RedStoneWireBlock
[1305|t+7599ms|ThreadId(2)] [class_dump] egc → net.minecraft.world.level.block.RedstoneLampBlock
[1306|t+7600ms|ThreadId(2)] [class_dump] egd → net.minecraft.world.level.block.RedstoneTorchBlock
[1307|t+7600ms|ThreadId(2)] [class_dump] ege → net.minecraft.world.level.block.RedstoneWallTorchBlock
[1308|t+7601ms|ThreadId(2)] [class_dump] egg → net.minecraft.world.level.block.RepeaterBlock
[1309|t+7601ms|ThreadId(2)] [class_dump] egh → net.minecraft.world.level.block.RespawnAnchorBlock
[1310|t+7601ms|ThreadId(2)] [class_dump] egi → net.minecraft.world.level.block.RodBlock
[1311|t+7601ms|ThreadId(2)] [class_dump] egk → net.minecraft.world.level.block.RootsBlock
[1312|t+7602ms|ThreadId(2)] [class_dump] egl → net.minecraft.world.level.block.RotatedPillarBlock
[1313|t+7602ms|ThreadId(2)] [class_dump] egm → net.minecraft.world.level.block.Rotation
[1314|t+7602ms|ThreadId(2)] [class_dump] egn → net.minecraft.world.level.block.SandBlock
[1315|t+7602ms|ThreadId(2)] [class_dump] ego → net.minecraft.world.level.block.SaplingBlock
[1316|t+7603ms|ThreadId(2)] [class_dump] egp → net.minecraft.world.level.block.ScaffoldingBlock
[1317|t+7603ms|ThreadId(2)] [class_dump] egx → net.minecraft.world.level.block.SeaPickleBlock
[1318|t+7603ms|ThreadId(2)] [class_dump] egy → net.minecraft.world.level.block.SeagrassBlock
[1319|t+7604ms|ThreadId(2)] [class_dump] eha → net.minecraft.world.level.block.SelectableSlotContainer
[1320|t+7604ms|ThreadId(2)] [class_dump] ehb → net.minecraft.world.level.block.ShelfBlock
[1321|t+7604ms|ThreadId(2)] [class_dump] ehc → net.minecraft.world.level.block.ShortDryGrassBlock
[1322|t+7604ms|ThreadId(2)] [class_dump] ehd → net.minecraft.world.level.block.ShulkerBoxBlock
[1323|t+7605ms|ThreadId(2)] [class_dump] ehe → net.minecraft.world.level.block.SideChainPartBlock
[1324|t+7605ms|ThreadId(2)] [class_dump] ehf → net.minecraft.world.level.block.SignBlock
[1325|t+7605ms|ThreadId(2)] [class_dump] ehg → net.minecraft.world.level.block.SimpleWaterloggedBlock
[1326|t+7605ms|ThreadId(2)] [class_dump] ehh → net.minecraft.world.level.block.SkullBlock
[1327|t+7606ms|ThreadId(2)] [class_dump] ehi → net.minecraft.world.level.block.SlabBlock
[1328|t+7606ms|ThreadId(2)] [class_dump] ehj → net.minecraft.world.level.block.SlimeBlock
[1329|t+7606ms|ThreadId(2)] [class_dump] ehl → net.minecraft.world.level.block.SmithingTableBlock
[1330|t+7607ms|ThreadId(2)] [class_dump] ehm → net.minecraft.world.level.block.SmokerBlock
[1331|t+7607ms|ThreadId(2)] [class_dump] ehn → net.minecraft.world.level.block.SnifferEggBlock
[1332|t+7607ms|ThreadId(2)] [class_dump] eho → net.minecraft.world.level.block.SnowLayerBlock
[1333|t+7607ms|ThreadId(2)] [class_dump] ehp → net.minecraft.world.level.block.SnowyDirtBlock
[1334|t+7608ms|ThreadId(2)] [class_dump] ehq → net.minecraft.world.level.block.SoulFireBlock
[1335|t+7608ms|ThreadId(2)] [class_dump] ehr → net.minecraft.world.level.block.SoulSandBlock
[1336|t+7608ms|ThreadId(2)] [class_dump] ehs → net.minecraft.world.level.block.SoundType
[1337|t+7609ms|ThreadId(2)] [class_dump] eht → net.minecraft.world.level.block.SpawnerBlock
[1338|t+7609ms|ThreadId(2)] [class_dump] ehu → net.minecraft.world.level.block.SpongeBlock
[1339|t+7609ms|ThreadId(2)] [class_dump] ehw → net.minecraft.world.level.block.SpreadingSnowyDirtBlock
[1340|t+7610ms|ThreadId(2)] [class_dump] ehx → net.minecraft.world.level.block.StainedGlassBlock
[1341|t+7610ms|ThreadId(2)] [class_dump] ehy → net.minecraft.world.level.block.StainedGlassPaneBlock
[1342|t+7611ms|ThreadId(2)] [class_dump] ehz → net.minecraft.world.level.block.StairBlock
[1343|t+7611ms|ThreadId(2)] [class_dump] eia → net.minecraft.world.level.block.StandingSignBlock
[1344|t+7611ms|ThreadId(2)] [class_dump] eib → net.minecraft.world.level.block.StemBlock
[1345|t+7611ms|ThreadId(2)] [class_dump] eic → net.minecraft.world.level.block.StonecutterBlock
[1346|t+7612ms|ThreadId(2)] [class_dump] eid → net.minecraft.world.level.block.StructureBlock
[1347|t+7612ms|ThreadId(2)] [class_dump] eie → net.minecraft.world.level.block.StructureVoidBlock
[1348|t+7613ms|ThreadId(2)] [class_dump] eif → net.minecraft.world.level.block.SugarCaneBlock
[1349|t+7613ms|ThreadId(2)] [class_dump] eih → net.minecraft.world.level.block.SuspiciousEffectHolder
[1350|t+7614ms|ThreadId(2)] [class_dump] eii → net.minecraft.world.level.block.SweetBerryBushBlock
[1351|t+7614ms|ThreadId(2)] [class_dump] eij → net.minecraft.world.level.block.TallDryGrassBlock
[1352|t+7615ms|ThreadId(2)] [class_dump] eik → net.minecraft.world.level.block.TallFlowerBlock
[1353|t+7615ms|ThreadId(2)] [class_dump] eil → net.minecraft.world.level.block.TallGrassBlock
[1354|t+7616ms|ThreadId(2)] [class_dump] eim → net.minecraft.world.level.block.TallSeagrassBlock
[1355|t+7616ms|ThreadId(2)] [class_dump] ein → net.minecraft.world.level.block.TargetBlock
[1356|t+7616ms|ThreadId(2)] [class_dump] eio → net.minecraft.world.level.block.TestBlock
[1357|t+7617ms|ThreadId(2)] [class_dump] eip → net.minecraft.world.level.block.TestInstanceBlock
[1358|t+7617ms|ThreadId(2)] [class_dump] eiq → net.minecraft.world.level.block.TintedGlassBlock
[1359|t+7617ms|ThreadId(2)] [class_dump] eir → net.minecraft.world.level.block.TintedParticleLeavesBlock
[1360|t+7617ms|ThreadId(2)] [class_dump] eis → net.minecraft.world.level.block.TntBlock
[1361|t+7618ms|ThreadId(2)] [class_dump] eit → net.minecraft.world.level.block.TorchBlock
[1362|t+7618ms|ThreadId(2)] [class_dump] eiu → net.minecraft.world.level.block.TorchflowerCropBlock
[1363|t+7618ms|ThreadId(2)] [class_dump] eiv → net.minecraft.world.level.block.TransparentBlock
[1364|t+7619ms|ThreadId(2)] [class_dump] eiw → net.minecraft.world.level.block.TrapDoorBlock
[1365|t+7619ms|ThreadId(2)] [class_dump] eix → net.minecraft.world.level.block.TrappedChestBlock
[1366|t+7619ms|ThreadId(2)] [class_dump] eiz → net.minecraft.world.level.block.TripWireBlock
[1367|t+7620ms|ThreadId(2)] [class_dump] eja → net.minecraft.world.level.block.TripWireHookBlock
[1368|t+7620ms|ThreadId(2)] [class_dump] ejb → net.minecraft.world.level.block.TurtleEggBlock
[1369|t+7620ms|ThreadId(2)] [class_dump] ejc → net.minecraft.world.level.block.TwistingVinesBlock
[1370|t+7621ms|ThreadId(2)] [class_dump] ejd → net.minecraft.world.level.block.TwistingVinesPlantBlock
[1371|t+7621ms|ThreadId(2)] [class_dump] eje → net.minecraft.world.level.block.UntintedParticleLeavesBlock
[1372|t+7621ms|ThreadId(2)] [class_dump] ejg → net.minecraft.world.level.block.VegetationBlock
[1373|t+7621ms|ThreadId(2)] [class_dump] ejh → net.minecraft.world.level.block.VineBlock
[1374|t+7622ms|ThreadId(2)] [class_dump] eji → net.minecraft.world.level.block.WallBannerBlock
[1375|t+7622ms|ThreadId(2)] [class_dump] ejj → net.minecraft.world.level.block.WallBlock
[1376|t+7622ms|ThreadId(2)] [class_dump] ejk → net.minecraft.world.level.block.WallHangingSignBlock
[1377|t+7623ms|ThreadId(2)] [class_dump] ejl → net.minecraft.world.level.block.WallSignBlock
[1378|t+7623ms|ThreadId(2)] [class_dump] ejm → net.minecraft.world.level.block.WallSkullBlock
[1379|t+7623ms|ThreadId(2)] [class_dump] ejn → net.minecraft.world.level.block.WallTorchBlock
[1380|t+7623ms|ThreadId(2)] [class_dump] ejo → net.minecraft.world.level.block.WaterlilyBlock
[1381|t+7624ms|ThreadId(2)] [class_dump] ejp → net.minecraft.world.level.block.WaterloggedTransparentBlock
[1382|t+7624ms|ThreadId(2)] [class_dump] ejq → net.minecraft.world.level.block.WeatheringCopper
[1383|t+7624ms|ThreadId(2)] [class_dump] ejr → net.minecraft.world.level.block.WeatheringCopperBarsBlock
[1384|t+7624ms|ThreadId(2)] [class_dump] ejs → net.minecraft.world.level.block.WeatheringCopperBlocks
[1385|t+7625ms|ThreadId(2)] [class_dump] ejt → net.minecraft.world.level.block.WeatheringCopperBulbBlock
[1386|t+7625ms|ThreadId(2)] [class_dump] eju → net.minecraft.world.level.block.WeatheringCopperChainBlock
[1387|t+7625ms|ThreadId(2)] [class_dump] ejv → net.minecraft.world.level.block.WeatheringCopperChestBlock
[1388|t+7625ms|ThreadId(2)] [class_dump] ejw → net.minecraft.world.level.block.WeatheringCopperDoorBlock
[1389|t+7626ms|ThreadId(2)] [class_dump] ejx → net.minecraft.world.level.block.WeatheringCopperFullBlock
[1390|t+7626ms|ThreadId(2)] [class_dump] ejy → net.minecraft.world.level.block.WeatheringCopperGolemStatueBlock
[1391|t+7626ms|ThreadId(2)] [class_dump] ejz → net.minecraft.world.level.block.WeatheringCopperGrateBlock
[1392|t+7626ms|ThreadId(2)] [class_dump] eka → net.minecraft.world.level.block.WeatheringCopperSlabBlock
[1393|t+7627ms|ThreadId(2)] [class_dump] ekb → net.minecraft.world.level.block.WeatheringCopperStairBlock
[1394|t+7627ms|ThreadId(2)] [class_dump] ekc → net.minecraft.world.level.block.WeatheringCopperTrapDoorBlock
[1395|t+7627ms|ThreadId(2)] [class_dump] ekd → net.minecraft.world.level.block.WeatheringLanternBlock
[1396|t+7627ms|ThreadId(2)] [class_dump] eke → net.minecraft.world.level.block.WeatheringLightningRodBlock
[1397|t+7628ms|ThreadId(2)] [class_dump] ekf → net.minecraft.world.level.block.WebBlock
[1398|t+7628ms|ThreadId(2)] [class_dump] ekg → net.minecraft.world.level.block.WeepingVinesBlock
[1399|t+7628ms|ThreadId(2)] [class_dump] ekh → net.minecraft.world.level.block.WeepingVinesPlantBlock
[1400|t+7628ms|ThreadId(2)] [class_dump] eki → net.minecraft.world.level.block.WeightedPressurePlateBlock
[1401|t+7629ms|ThreadId(2)] [class_dump] ekj → net.minecraft.world.level.block.WetSpongeBlock
[1402|t+7632ms|ThreadId(2)] [class_dump] ekk → net.minecraft.world.level.block.WitherRoseBlock
[1403|t+7633ms|ThreadId(2)] [class_dump] ekl → net.minecraft.world.level.block.WitherSkullBlock
[1404|t+7633ms|ThreadId(2)] [class_dump] ekm → net.minecraft.world.level.block.WitherWallSkullBlock
[1405|t+7634ms|ThreadId(2)] [class_dump] ekn → net.minecraft.world.level.block.WoolCarpetBlock
[1406|t+7634ms|ThreadId(2)] [class_dump] eko → net.minecraft.world.level.block.entity.AbstractFurnaceBlockEntity
[1407|t+7634ms|ThreadId(2)] [class_dump] ekp → net.minecraft.world.level.block.entity.BannerBlockEntity
[1408|t+7634ms|ThreadId(2)] [class_dump] ekt → net.minecraft.world.level.block.entity.BarrelBlockEntity
[1409|t+7635ms|ThreadId(2)] [class_dump] eku → net.minecraft.world.level.block.entity.BaseContainerBlockEntity
[1410|t+7635ms|ThreadId(2)] [class_dump] ekv → net.minecraft.world.level.block.entity.BeaconBeamOwner
[1411|t+7635ms|ThreadId(2)] [class_dump] ekw → net.minecraft.world.level.block.entity.BeaconBlockEntity
[1412|t+7636ms|ThreadId(2)] [class_dump] ekx → net.minecraft.world.level.block.entity.BedBlockEntity
[1413|t+7636ms|ThreadId(2)] [class_dump] eky → net.minecraft.world.level.block.entity.BeehiveBlockEntity
[1414|t+7636ms|ThreadId(2)] [class_dump] ekz → net.minecraft.world.level.block.entity.BellBlockEntity
[1415|t+7637ms|ThreadId(2)] [class_dump] ela → net.minecraft.world.level.block.entity.BlastFurnaceBlockEntity
[1416|t+7637ms|ThreadId(2)] [class_dump] elb → net.minecraft.world.level.block.entity.BlockEntity
[1417|t+7637ms|ThreadId(2)] [class_dump] eld → net.minecraft.world.level.block.entity.BlockEntityType
[1418|t+7638ms|ThreadId(2)] [class_dump] ele → net.minecraft.world.level.block.entity.BoundingBoxRenderable
[1419|t+7638ms|ThreadId(2)] [class_dump] elf → net.minecraft.world.level.block.entity.BrewingStandBlockEntity
[1420|t+7638ms|ThreadId(2)] [class_dump] elg → net.minecraft.world.level.block.entity.BrushableBlockEntity
[1421|t+7639ms|ThreadId(2)] [class_dump] eli → net.minecraft.world.level.block.entity.CampfireBlockEntity
[1422|t+7639ms|ThreadId(2)] [class_dump] elj → net.minecraft.world.level.block.entity.ChestBlockEntity
[1423|t+7639ms|ThreadId(2)] [class_dump] ell → net.minecraft.world.level.block.entity.ChiseledBookShelfBlockEntity
[1424|t+7640ms|ThreadId(2)] [class_dump] elm → net.minecraft.world.level.block.entity.CommandBlockEntity
[1425|t+7640ms|ThreadId(2)] [class_dump] eln → net.minecraft.world.level.block.entity.ComparatorBlockEntity
[1426|t+7640ms|ThreadId(2)] [class_dump] elo → net.minecraft.world.level.block.entity.ConduitBlockEntity
[1427|t+7641ms|ThreadId(2)] [class_dump] els → net.minecraft.world.level.block.entity.CreakingHeartBlockEntity
[1428|t+7641ms|ThreadId(2)] [class_dump] elt → net.minecraft.world.level.block.entity.DaylightDetectorBlockEntity
[1429|t+7641ms|ThreadId(2)] [class_dump] elv → net.minecraft.world.level.block.entity.DecoratedPotPattern
[1430|t+7641ms|ThreadId(2)] [class_dump] elw → net.minecraft.world.level.block.entity.DecoratedPotPatterns
[1431|t+7642ms|ThreadId(2)] [class_dump] elx → net.minecraft.world.level.block.entity.DispenserBlockEntity
[1432|t+7642ms|ThreadId(2)] [class_dump] ely → net.minecraft.world.level.block.entity.DropperBlockEntity
[1433|t+7642ms|ThreadId(2)] [class_dump] elz → net.minecraft.world.level.block.entity.EnchantingTableBlockEntity
[1434|t+7643ms|ThreadId(2)] [class_dump] ema → net.minecraft.world.level.block.entity.EnderChestBlockEntity
[1435|t+7643ms|ThreadId(2)] [class_dump] emc → net.minecraft.world.level.block.entity.FurnaceBlockEntity
[1436|t+7643ms|ThreadId(2)] [class_dump] emd → net.minecraft.world.level.block.entity.HangingSignBlockEntity
[1437|t+7643ms|ThreadId(2)] [class_dump] eme → net.minecraft.world.level.block.entity.Hopper
[1438|t+7644ms|ThreadId(2)] [class_dump] emf → net.minecraft.world.level.block.entity.HopperBlockEntity
[1439|t+7644ms|ThreadId(2)] [class_dump] emg → net.minecraft.world.level.block.entity.JigsawBlockEntity
[1440|t+7644ms|ThreadId(2)] [class_dump] emh → net.minecraft.world.level.block.entity.JukeboxBlockEntity
[1441|t+7644ms|ThreadId(2)] [class_dump] emi → net.minecraft.world.level.block.entity.LecternBlockEntity
[1442|t+7645ms|ThreadId(2)] [class_dump] emj → net.minecraft.world.level.block.entity.LidBlockEntity
[1443|t+7645ms|ThreadId(2)] [class_dump] emk → net.minecraft.world.level.block.entity.ListBackedContainer
[1444|t+7645ms|ThreadId(2)] [class_dump] emm → net.minecraft.world.level.block.entity.RandomizableContainerBlockEntity
[1445|t+7646ms|ThreadId(2)] [class_dump] emq → net.minecraft.world.level.block.entity.ShelfBlockEntity
[1446|t+7649ms|ThreadId(2)] [class_dump] emr → net.minecraft.world.level.block.entity.ShulkerBoxBlockEntity
[1447|t+7650ms|ThreadId(2)] [class_dump] ems → net.minecraft.world.level.block.entity.SignBlockEntity
[1448|t+7650ms|ThreadId(2)] [class_dump] emu → net.minecraft.world.level.block.entity.SkullBlockEntity
[1449|t+7651ms|ThreadId(2)] [class_dump] emv → net.minecraft.world.level.block.entity.SmokerBlockEntity
[1450|t+7651ms|ThreadId(2)] [class_dump] emw → net.minecraft.world.level.block.entity.SpawnerBlockEntity
[1451|t+7651ms|ThreadId(2)] [class_dump] emx → net.minecraft.world.level.block.entity.StructureBlockEntity
[1452|t+7651ms|ThreadId(2)] [class_dump] emy → net.minecraft.world.level.block.entity.TestBlockEntity
[1453|t+7652ms|ThreadId(2)] [class_dump] emz → net.minecraft.world.level.block.entity.TestInstanceBlockEntity
[1454|t+7652ms|ThreadId(2)] [class_dump] ena → net.minecraft.world.level.block.entity.TheEndGatewayBlockEntity
[1455|t+7652ms|ThreadId(2)] [class_dump] enb → net.minecraft.world.level.block.entity.TheEndPortalBlockEntity
[1456|t+7652ms|ThreadId(2)] [class_dump] enc → net.minecraft.world.level.block.entity.TickingBlockEntity
[1457|t+7653ms|ThreadId(2)] [class_dump] end → net.minecraft.world.level.block.entity.TrappedChestBlockEntity
[1458|t+7653ms|ThreadId(2)] [class_dump] enk → net.minecraft.world.level.block.entity.trialspawner.TrialSpawnerState
[1459|t+7653ms|ThreadId(2)] [class_dump] enp → net.minecraft.world.level.block.entity.vault.VaultConfig
[1460|t+7653ms|ThreadId(2)] [class_dump] enq → net.minecraft.world.level.block.entity.vault.VaultServerData
[1461|t+7654ms|ThreadId(2)] [class_dump] enr → net.minecraft.world.level.block.entity.vault.VaultSharedData
[1462|t+7654ms|ThreadId(2)] [class_dump] ens → net.minecraft.world.level.block.entity.vault.VaultState
[1463|t+7654ms|ThreadId(2)] [class_dump] enu → net.minecraft.world.level.block.grower.TreeGrower
[1464|t+7654ms|ThreadId(2)] [class_dump] enx → net.minecraft.world.level.block.piston.MovingPistonBlock
[1465|t+7655ms|ThreadId(2)] [class_dump] eny → net.minecraft.world.level.block.piston.PistonBaseBlock
[1466|t+7655ms|ThreadId(2)] [class_dump] enz → net.minecraft.world.level.block.piston.PistonHeadBlock
[1467|t+7655ms|ThreadId(2)] [class_dump] eob → net.minecraft.world.level.block.piston.PistonMovingBlockEntity
[1468|t+7655ms|ThreadId(2)] [class_dump] eog → net.minecraft.world.level.block.state.BlockBehaviour
[1469|t+7656ms|ThreadId(2)] [class_dump] eoh → net.minecraft.world.level.block.state.BlockState
[1470|t+7656ms|ThreadId(2)] [class_dump] eoi → net.minecraft.world.level.block.state.StateDefinition
[1471|t+7656ms|ThreadId(2)] [class_dump] eoj → net.minecraft.world.level.block.state.StateHolder
[1472|t+7656ms|ThreadId(2)] [class_dump] eos → net.minecraft.world.level.block.state.properties.AttachFace
[1473|t+7657ms|ThreadId(2)] [class_dump] eot → net.minecraft.world.level.block.state.properties.BambooLeaves
[1474|t+7657ms|ThreadId(2)] [class_dump] eou → net.minecraft.world.level.block.state.properties.BedPart
[1475|t+7657ms|ThreadId(2)] [class_dump] eov → net.minecraft.world.level.block.state.properties.BellAttachType
[1476|t+7657ms|ThreadId(2)] [class_dump] eow → net.minecraft.world.level.block.state.properties.BlockSetType
[1477|t+7658ms|ThreadId(2)] [class_dump] eox → net.minecraft.world.level.block.state.properties.BlockStateProperties
[1478|t+7658ms|ThreadId(2)] [class_dump] eoy → net.minecraft.world.level.block.state.properties.BooleanProperty
[1479|t+7658ms|ThreadId(2)] [class_dump] eoz → net.minecraft.world.level.block.state.properties.ChestType
[1480|t+7659ms|ThreadId(2)] [class_dump] epa → net.minecraft.world.level.block.state.properties.ComparatorMode
[1481|t+7659ms|ThreadId(2)] [class_dump] epb → net.minecraft.world.level.block.state.properties.CreakingHeartState
[1482|t+7659ms|ThreadId(2)] [class_dump] epc → net.minecraft.world.level.block.state.properties.DoorHingeSide
[1483|t+7660ms|ThreadId(2)] [class_dump] epd → net.minecraft.world.level.block.state.properties.DoubleBlockHalf
[1484|t+7660ms|ThreadId(2)] [class_dump] epe → net.minecraft.world.level.block.state.properties.DripstoneThickness
[1485|t+7661ms|ThreadId(2)] [class_dump] epf → net.minecraft.world.level.block.state.properties.EnumProperty
[1486|t+7661ms|ThreadId(2)] [class_dump] epg → net.minecraft.world.level.block.state.properties.Half
[1487|t+7661ms|ThreadId(2)] [class_dump] eph → net.minecraft.world.level.block.state.properties.IntegerProperty
[1488|t+7662ms|ThreadId(2)] [class_dump] epi → net.minecraft.world.level.block.state.properties.NoteBlockInstrument
[1489|t+7662ms|ThreadId(2)] [class_dump] epj → net.minecraft.world.level.block.state.properties.PistonType
[1490|t+7663ms|ThreadId(2)] [class_dump] epk → net.minecraft.world.level.block.state.properties.Property
[1491|t+7663ms|ThreadId(2)] [class_dump] epl → net.minecraft.world.level.block.state.properties.RailShape
[1492|t+7664ms|ThreadId(2)] [class_dump] epm → net.minecraft.world.level.block.state.properties.RedstoneSide
[1493|t+7664ms|ThreadId(2)] [class_dump] epn → net.minecraft.world.level.block.state.properties.RotationSegment
[1494|t+7664ms|ThreadId(2)] [class_dump] epo → net.minecraft.world.level.block.state.properties.SculkSensorPhase
[1495|t+7665ms|ThreadId(2)] [class_dump] epp → net.minecraft.world.level.block.state.properties.SideChainPart
[1496|t+7665ms|ThreadId(2)] [class_dump] epq → net.minecraft.world.level.block.state.properties.SlabType
[1497|t+7666ms|ThreadId(2)] [class_dump] epr → net.minecraft.world.level.block.state.properties.StairsShape
[1498|t+7666ms|ThreadId(2)] [class_dump] eps → net.minecraft.world.level.block.state.properties.StructureMode
[1499|t+7666ms|ThreadId(2)] [class_dump] ept → net.minecraft.world.level.block.state.properties.TestBlockMode
[1500|t+7666ms|ThreadId(2)] [class_dump] epu → net.minecraft.world.level.block.state.properties.Tilt
[1501|t+7667ms|ThreadId(2)] [class_dump] epv → net.minecraft.world.level.block.state.properties.WallSide
[1502|t+7667ms|ThreadId(2)] [class_dump] epw → net.minecraft.world.level.block.state.properties.WoodType
[1503|t+7667ms|ThreadId(2)] [class_dump] eqf → net.minecraft.world.level.chunk.ChunkAccess
[1504|t+7668ms|ThreadId(2)] [class_dump] eqi → net.minecraft.world.level.chunk.ChunkGenerators
[1505|t+7668ms|ThreadId(2)] [class_dump] eqj → net.minecraft.world.level.chunk.ChunkSource
[1506|t+7668ms|ThreadId(2)] [class_dump] eqq → net.minecraft.world.level.chunk.LevelChunk
[1507|t+7668ms|ThreadId(2)] [class_dump] eqs → net.minecraft.world.level.chunk.LightChunk
[1508|t+7669ms|ThreadId(2)] [class_dump] eqt → net.minecraft.world.level.chunk.LightChunkGetter
[1509|t+7669ms|ThreadId(2)] [class_dump] ere → net.minecraft.world.level.chunk.StructureAccess
[1510|t+7669ms|ThreadId(2)] [class_dump] erq → net.minecraft.world.level.chunk.storage.ChunkIOErrorReporter
[1511|t+7670ms|ThreadId(2)] [class_dump] esp → net.minecraft.world.level.entity.EntityAccess
[1512|t+7670ms|ThreadId(2)] [class_dump] ess → net.minecraft.world.level.entity.EntityPersistentStorage
[1513|t+7670ms|ThreadId(2)] [class_dump] esw → net.minecraft.world.level.entity.EntityTypeTest
[1514|t+7670ms|ThreadId(2)] [class_dump] esx → net.minecraft.world.level.entity.LevelCallback
[1515|t+7671ms|ThreadId(2)] [class_dump] etd → net.minecraft.world.level.entity.UniquelyIdentifyable
[1516|t+7671ms|ThreadId(2)] [class_dump] etk → net.minecraft.world.level.gameevent.GameEvent
[1517|t+7671ms|ThreadId(2)] [class_dump] etn → net.minecraft.world.level.gameevent.GameEventListenerRegistry
[1518|t+7671ms|ThreadId(2)] [class_dump] etv → net.minecraft.world.level.gamerules.GameRule
[1519|t+7672ms|ThreadId(2)] [class_dump] etz → net.minecraft.world.level.gamerules.GameRuleTypeVisitor
[1520|t+7672ms|ThreadId(2)] [class_dump] eua → net.minecraft.world.level.gamerules.GameRules
[1521|t+7672ms|ThreadId(2)] [class_dump] euf → net.minecraft.world.level.levelgen.BitRandomSource
[1522|t+7672ms|ThreadId(2)] [class_dump] euj → net.minecraft.world.level.levelgen.DensityFunction
[1523|t+7673ms|ThreadId(2)] [class_dump] euk → net.minecraft.world.level.levelgen.DensityFunctions
[1524|t+7673ms|ThreadId(2)] [class_dump] eus → net.minecraft.world.level.levelgen.MarsagliaPolarGaussian
[1525|t+7673ms|ThreadId(2)] [class_dump] evd → net.minecraft.world.level.levelgen.PositionalRandomFactory
[1526|t+7673ms|ThreadId(2)] [class_dump] evf → net.minecraft.world.level.levelgen.RandomSupport
[1527|t+7674ms|ThreadId(2)] [class_dump] evj → net.minecraft.world.level.levelgen.ThreadSafeLegacyRandomSource
[1528|t+7674ms|ThreadId(2)] [class_dump] f → com.mojang.math.OctahedralGroup
[1529|t+7674ms|ThreadId(2)] [class_dump] fac → net.minecraft.world.level.levelgen.feature.configurations.FeatureConfiguration
[1530|t+7674ms|ThreadId(2)] [class_dump] fbd → net.minecraft.world.level.levelgen.feature.featuresize.FeatureSize
[1531|t+7675ms|ThreadId(2)] [class_dump] fbf → net.minecraft.world.level.levelgen.feature.featuresize.ThreeLayersFeatureSize
[1532|t+7675ms|ThreadId(2)] [class_dump] fbg → net.minecraft.world.level.levelgen.feature.featuresize.TwoLayersFeatureSize
[1533|t+7675ms|ThreadId(2)] [class_dump] fbi → net.minecraft.world.level.levelgen.feature.foliageplacers.AcaciaFoliagePlacer
[1534|t+7675ms|ThreadId(2)] [class_dump] fbj → net.minecraft.world.level.levelgen.feature.foliageplacers.BlobFoliagePlacer
[1535|t+7675ms|ThreadId(2)] [class_dump] fbk → net.minecraft.world.level.levelgen.feature.foliageplacers.BushFoliagePlacer
[1536|t+7676ms|ThreadId(2)] [class_dump] fbl → net.minecraft.world.level.levelgen.feature.foliageplacers.CherryFoliagePlacer
[1537|t+7676ms|ThreadId(2)] [class_dump] fbm → net.minecraft.world.level.levelgen.feature.foliageplacers.DarkOakFoliagePlacer
[1538|t+7676ms|ThreadId(2)] [class_dump] fbn → net.minecraft.world.level.levelgen.feature.foliageplacers.FancyFoliagePlacer
[1539|t+7676ms|ThreadId(2)] [class_dump] fbo → net.minecraft.world.level.levelgen.feature.foliageplacers.FoliagePlacer
[1540|t+7677ms|ThreadId(2)] [class_dump] fbq → net.minecraft.world.level.levelgen.feature.foliageplacers.MegaJungleFoliagePlacer
[1541|t+7677ms|ThreadId(2)] [class_dump] fbr → net.minecraft.world.level.levelgen.feature.foliageplacers.MegaPineFoliagePlacer
[1542|t+7677ms|ThreadId(2)] [class_dump] fbs → net.minecraft.world.level.levelgen.feature.foliageplacers.PineFoliagePlacer
[1543|t+7677ms|ThreadId(2)] [class_dump] fbt → net.minecraft.world.level.levelgen.feature.foliageplacers.RandomSpreadFoliagePlacer
[1544|t+7677ms|ThreadId(2)] [class_dump] fbu → net.minecraft.world.level.levelgen.feature.foliageplacers.SpruceFoliagePlacer
[1545|t+7678ms|ThreadId(2)] [class_dump] fcd → net.minecraft.world.level.levelgen.feature.stateproviders.BlockStateProvider
[1546|t+7678ms|ThreadId(2)] [class_dump] fcj → net.minecraft.world.level.levelgen.feature.stateproviders.RandomizedIntStateProvider
[1547|t+7678ms|ThreadId(2)] [class_dump] fcm → net.minecraft.world.level.levelgen.feature.stateproviders.SimpleStateProvider
[1548|t+7678ms|ThreadId(2)] [class_dump] fcn → net.minecraft.world.level.levelgen.feature.stateproviders.WeightedStateProvider
[1549|t+7682ms|ThreadId(2)] [class_dump] fdc → net.minecraft.world.level.levelgen.feature.trunkplacers.BendingTrunkPlacer
[1550|t+7683ms|ThreadId(2)] [class_dump] fdd → net.minecraft.world.level.levelgen.feature.trunkplacers.CherryTrunkPlacer
[1551|t+7684ms|ThreadId(2)] [class_dump] fde → net.minecraft.world.level.levelgen.feature.trunkplacers.DarkOakTrunkPlacer
[1552|t+7684ms|ThreadId(2)] [class_dump] fdf → net.minecraft.world.level.levelgen.feature.trunkplacers.FancyTrunkPlacer
[1553|t+7684ms|ThreadId(2)] [class_dump] fdg → net.minecraft.world.level.levelgen.feature.trunkplacers.ForkingTrunkPlacer
[1554|t+7684ms|ThreadId(2)] [class_dump] fdh → net.minecraft.world.level.levelgen.feature.trunkplacers.GiantTrunkPlacer
[1555|t+7685ms|ThreadId(2)] [class_dump] fdi → net.minecraft.world.level.levelgen.feature.trunkplacers.MegaJungleTrunkPlacer
[1556|t+7685ms|ThreadId(2)] [class_dump] fdj → net.minecraft.world.level.levelgen.feature.trunkplacers.StraightTrunkPlacer
[1557|t+7685ms|ThreadId(2)] [class_dump] fdk → net.minecraft.world.level.levelgen.feature.trunkplacers.TrunkPlacer
[1558|t+7685ms|ThreadId(2)] [class_dump] fdm → net.minecraft.world.level.levelgen.feature.trunkplacers.UpwardsBranchingTrunkPlacer
[1559|t+7686ms|ThreadId(2)] [class_dump] fhb → net.minecraft.world.level.levelgen.structure.pools.alias.PoolAliasBindings
[1560|t+7686ms|ThreadId(2)] [class_dump] fky → net.minecraft.world.level.material.EmptyFluid
[1561|t+7686ms|ThreadId(2)] [class_dump] fkz → net.minecraft.world.level.material.FlowingFluid
[1562|t+7687ms|ThreadId(2)] [class_dump] fla → net.minecraft.world.level.material.Fluid
[1563|t+7687ms|ThreadId(2)] [class_dump] flb → net.minecraft.world.level.material.FluidState
[1564|t+7687ms|ThreadId(2)] [class_dump] flc → net.minecraft.world.level.material.Fluids
[1565|t+7687ms|ThreadId(2)] [class_dump] fle → net.minecraft.world.level.material.LavaFluid
[1566|t+7688ms|ThreadId(2)] [class_dump] flf → net.minecraft.world.level.material.MapColor
[1567|t+7688ms|ThreadId(2)] [class_dump] flg → net.minecraft.world.level.material.PushReaction
[1568|t+7688ms|ThreadId(2)] [class_dump] flh → net.minecraft.world.level.material.WaterFluid
[1569|t+7688ms|ThreadId(2)] [class_dump] fme → net.minecraft.world.level.redstone.DefaultRedstoneWireEvaluator
[1570|t+7689ms|ThreadId(2)] [class_dump] fml → net.minecraft.world.level.redstone.RedstoneWireEvaluator
[1571|t+7689ms|ThreadId(2)] [class_dump] fmn → net.minecraft.world.level.saveddata.SavedData
[1572|t+7689ms|ThreadId(2)] [class_dump] fms → net.minecraft.world.level.saveddata.maps.MapDecorationTypes
[1573|t+7690ms|ThreadId(2)] [class_dump] fmw → net.minecraft.world.level.saveddata.maps.MapItemSavedData
[1574|t+7690ms|ThreadId(2)] [class_dump] fna → net.minecraft.world.level.storage.DataVersion
[1575|t+7690ms|ThreadId(2)] [class_dump] fne → net.minecraft.world.level.storage.LevelData
[1576|t+7691ms|ThreadId(2)] [class_dump] fns → net.minecraft.world.level.storage.ValueOutput
[1577|t+7691ms|ThreadId(2)] [class_dump] fnu → net.minecraft.world.level.storage.WritableLevelData
[1578|t+7691ms|ThreadId(2)] [class_dump] fth → net.minecraft.world.phys.AABB
[1579|t+7692ms|ThreadId(2)] [class_dump] fti → net.minecraft.world.phys.BlockHitResult
[1580|t+7692ms|ThreadId(2)] [class_dump] ftk → net.minecraft.world.phys.HitResult
[1581|t+7692ms|ThreadId(2)] [class_dump] ftm → net.minecraft.world.phys.Vec3
[1582|t+7693ms|ThreadId(2)] [class_dump] fto → net.minecraft.world.phys.shapes.ArrayVoxelShape
[1583|t+7693ms|ThreadId(2)] [class_dump] ftp → net.minecraft.world.phys.shapes.BitSetDiscreteVoxelShape
[1584|t+7693ms|ThreadId(2)] [class_dump] ftq → net.minecraft.world.phys.shapes.BooleanOp
[1585|t+7693ms|ThreadId(2)] [class_dump] fts → net.minecraft.world.phys.shapes.CubePointRange
[1586|t+7694ms|ThreadId(2)] [class_dump] ftt → net.minecraft.world.phys.shapes.CubeVoxelShape
[1587|t+7694ms|ThreadId(2)] [class_dump] ftu → net.minecraft.world.phys.shapes.DiscreteCubeMerger
[1588|t+7694ms|ThreadId(2)] [class_dump] ftv → net.minecraft.world.phys.shapes.DiscreteVoxelShape
[1589|t+7695ms|ThreadId(2)] [class_dump] ftx → net.minecraft.world.phys.shapes.IdenticalMerger
[1590|t+7695ms|ThreadId(2)] [class_dump] fty → net.minecraft.world.phys.shapes.IndexMerger
[1591|t+7695ms|ThreadId(2)] [class_dump] ftz → net.minecraft.world.phys.shapes.IndirectMerger
[1592|t+7696ms|ThreadId(2)] [class_dump] fub → net.minecraft.world.phys.shapes.NonOverlappingMerger
[1593|t+7696ms|ThreadId(2)] [class_dump] fuc → net.minecraft.world.phys.shapes.OffsetDoubleList
[1594|t+7697ms|ThreadId(2)] [class_dump] fud → net.minecraft.world.phys.shapes.Shapes
[1595|t+7697ms|ThreadId(2)] [class_dump] fue → net.minecraft.world.phys.shapes.SliceShape
[1596|t+7698ms|ThreadId(2)] [class_dump] fug → net.minecraft.world.phys.shapes.VoxelShape
[1597|t+7698ms|ThreadId(2)] [class_dump] fum → net.minecraft.world.scores.PlayerTeam
[1598|t+7699ms|ThreadId(2)] [class_dump] fuq → net.minecraft.world.scores.ScoreHolder
[1599|t+7699ms|ThreadId(2)] [class_dump] fur → net.minecraft.world.scores.Scoreboard
[1600|t+7699ms|ThreadId(2)] [class_dump] fut → net.minecraft.world.scores.Team
[1601|t+7700ms|ThreadId(2)] [class_dump] fuy → net.minecraft.world.ticks.ContainerSingleItem
[1602|t+7700ms|ThreadId(2)] [class_dump] fva → net.minecraft.world.ticks.LevelTickAccess
[1603|t+7701ms|ThreadId(2)] [class_dump] fvg → net.minecraft.world.ticks.TickAccess
[1604|t+7701ms|ThreadId(2)] [class_dump] fvh → net.minecraft.world.ticks.TickContainerAccess
[1605|t+7701ms|ThreadId(2)] [class_dump] fvt → net.minecraft.world.waypoints.Waypoint
[1606|t+7702ms|ThreadId(2)] [class_dump] fvx → net.minecraft.world.waypoints.WaypointTransmitter
[1607|t+7702ms|ThreadId(2)] [class_dump] fxs → com.mojang.blaze3d.pipeline.MainTarget
[1608|t+7702ms|ThreadId(2)] [class_dump] fxt → com.mojang.blaze3d.pipeline.RenderTarget
[1609|t+7702ms|ThreadId(2)] [class_dump] fyl → com.mojang.blaze3d.platform.WindowEventHandler
[1610|t+7703ms|ThreadId(2)] [class_dump] fzu → com.mojang.realmsclient.RealmsMainScreen
[1611|t+7703ms|ThreadId(2)] [class_dump] ger → net.minecraft.client.Camera
[1612|t+7703ms|ThreadId(2)] [class_dump] gez → net.minecraft.client.DeltaTracker
[1613|t+7703ms|ThreadId(2)] [class_dump] gfj → net.minecraft.client.Minecraft
[1614|t+7704ms|ThreadId(2)] [class_dump] gih → net.minecraft.client.entity.ClientAvatarEntity
[1615|t+7704ms|ThreadId(2)] [class_dump] gir → net.minecraft.client.gui.GuiGraphics
[1616|t+7704ms|ThreadId(2)] [class_dump] gjm → net.minecraft.client.gui.components.DebugScreenOverlay
[1617|t+7704ms|ThreadId(2)] [class_dump] gki → net.minecraft.client.gui.components.Renderable
[1618|t+7704ms|ThreadId(2)] [class_dump] gkr → net.minecraft.client.gui.components.TabOrderedElement
[1619|t+7705ms|ThreadId(2)] [class_dump] glw → net.minecraft.client.gui.components.debug.DebugScreenDisplayer
[1620|t+7705ms|ThreadId(2)] [class_dump] gmh → net.minecraft.client.gui.components.debugchart.ProfilerPieChart
[1621|t+7705ms|ThreadId(2)] [class_dump] gmk → net.minecraft.client.gui.components.events.AbstractContainerEventHandler
[1622|t+7706ms|ThreadId(2)] [class_dump] gml → net.minecraft.client.gui.components.events.ContainerEventHandler
[1623|t+7706ms|ThreadId(2)] [class_dump] gmm → net.minecraft.client.gui.components.events.GuiEventListener
[1624|t+7707ms|ThreadId(2)] [class_dump] gnb → net.minecraft.client.gui.components.toasts.Toast
[1625|t+7707ms|ThreadId(2)] [class_dump] gpi → net.minecraft.client.gui.navigation.FocusNavigationEvent
[1626|t+7707ms|ThreadId(2)] [class_dump] gqu → net.minecraft.client.gui.screens.AccessibilityOnboardingScreen
[1627|t+7707ms|ThreadId(2)] [class_dump] gqy → net.minecraft.client.gui.screens.ChatScreen
[1628|t+7708ms|ThreadId(2)] [class_dump] gqz → net.minecraft.client.gui.screens.ConfirmLinkScreen
[1629|t+7708ms|ThreadId(2)] [class_dump] gra → net.minecraft.client.gui.screens.ConfirmScreen
[1630|t+7708ms|ThreadId(2)] [class_dump] grg → net.minecraft.client.gui.screens.DeathScreen
[1631|t+7709ms|ThreadId(2)] [class_dump] grm → net.minecraft.client.gui.screens.GenericMessageScreen
[1632|t+7709ms|ThreadId(2)] [class_dump] grp → net.minecraft.client.gui.screens.LevelLoadingScreen
[1633|t+7709ms|ThreadId(2)] [class_dump] grr → net.minecraft.client.gui.screens.LoadingOverlay
[1634|t+7710ms|ThreadId(2)] [class_dump] grv → net.minecraft.client.gui.screens.OutOfMemoryScreen
[1635|t+7710ms|ThreadId(2)] [class_dump] grw → net.minecraft.client.gui.screens.Overlay
[1636|t+7710ms|ThreadId(2)] [class_dump] grx → net.minecraft.client.gui.screens.PauseScreen
[1637|t+7710ms|ThreadId(2)] [class_dump] grz → net.minecraft.client.gui.screens.ProgressScreen
[1638|t+7711ms|ThreadId(2)] [class_dump] gsb → net.minecraft.client.gui.screens.Screen
[1639|t+7711ms|ThreadId(2)] [class_dump] gsd → net.minecraft.client.gui.screens.TitleScreen
[1640|t+7711ms|ThreadId(2)] [class_dump] gsl → net.minecraft.client.gui.screens.advancements.AdvancementsScreen
[1641|t+7712ms|ThreadId(2)] [class_dump] gti → net.minecraft.client.gui.screens.inventory.AbstractContainerScreen
[1642|t+7712ms|ThreadId(2)] [class_dump] gtl → net.minecraft.client.gui.screens.inventory.AbstractRecipeBookScreen
[1643|t+7716ms|ThreadId(2)] [class_dump] gul → net.minecraft.client.gui.screens.inventory.InventoryScreen
[1644|t+7716ms|ThreadId(2)] [class_dump] guq → net.minecraft.client.gui.screens.inventory.MenuAccess
[1645|t+7716ms|ThreadId(2)] [class_dump] gvp → net.minecraft.client.gui.screens.multiplayer.JoinMultiplayerScreen
[1646|t+7717ms|ThreadId(2)] [class_dump] gxa → net.minecraft.client.gui.screens.recipebook.RecipeUpdateListener
[1647|t+7717ms|ThreadId(2)] [class_dump] gxq → net.minecraft.client.gui.screens.social.SocialInteractionsScreen
[1648|t+7717ms|ThreadId(2)] [class_dump] gzg → net.minecraft.client.main.SilentInitException
[1649|t+7718ms|ThreadId(2)] [class_dump] h → com.mojang.math.SymmetricGroup3
[1650|t+7718ms|ThreadId(2)] [class_dump] hif → net.minecraft.client.multiplayer.ClientLevel
[1651|t+7718ms|ThreadId(2)] [class_dump] hne → net.minecraft.client.player.AbstractClientPlayer
[1652|t+7718ms|ThreadId(2)] [class_dump] hnh → net.minecraft.client.player.LocalPlayer
[1653|t+7719ms|ThreadId(2)] [class_dump] ib → net.minecraft.commands.synchronization.ArgumentTypeInfo
[1654|t+7719ms|ThreadId(2)] [class_dump] ic → net.minecraft.commands.synchronization.ArgumentTypeInfos
[1655|t+7719ms|ThreadId(2)] [class_dump] inu → net.minecraft.client.resources.model.MaterialSet
[1656|t+7719ms|ThreadId(2)] [class_dump] iqa → net.minecraft.client.server.IntegratedServer
[1657|t+7720ms|ThreadId(2)] [class_dump] ird → net.minecraft.client.telemetry.TelemetryProperty
[1658|t+7720ms|ThreadId(2)] [class_dump] irh → net.minecraft.client.telemetry.events.GameLoadTimesEvent
[1659|t+7720ms|ThreadId(2)] [class_dump] is → net.minecraft.core.BlockPos
[1660|t+7721ms|ThreadId(2)] [class_dump] isc → net.minecraft.realms.RealmsScreen
[1661|t+7721ms|ThreadId(2)] [class_dump] ix → net.minecraft.core.DefaultedMappedRegistry
[1662|t+7721ms|ThreadId(2)] [class_dump] iy → net.minecraft.core.DefaultedRegistry
[1663|t+7721ms|ThreadId(2)] [class_dump] iz → net.minecraft.core.Direction
[1664|t+7722ms|ThreadId(2)] [class_dump] jb → net.minecraft.core.FrontAndTop
[1665|t+7722ms|ThreadId(2)] [class_dump] jd → net.minecraft.core.Holder
[1666|t+7722ms|ThreadId(2)] [class_dump] je → net.minecraft.core.HolderGetter
[1667|t+7722ms|ThreadId(2)] [class_dump] jf → net.minecraft.core.HolderLookup
[1668|t+7723ms|ThreadId(2)] [class_dump] jg → net.minecraft.core.HolderOwner
[1669|t+7723ms|ThreadId(2)] [class_dump] jh → net.minecraft.core.HolderSet
[1670|t+7723ms|ThreadId(2)] [class_dump] ji → net.minecraft.core.IdMap
[1671|t+7723ms|ThreadId(2)] [class_dump] jj → net.minecraft.core.IdMapper
[1672|t+7724ms|ThreadId(2)] [class_dump] jl → net.minecraft.core.MappedRegistry
[1673|t+7724ms|ThreadId(2)] [class_dump] jn → net.minecraft.core.Position
[1674|t+7724ms|ThreadId(2)] [class_dump] jp → net.minecraft.core.RegistrationInfo
[1675|t+7724ms|ThreadId(2)] [class_dump] jq → net.minecraft.core.Registry
[1676|t+7725ms|ThreadId(2)] [class_dump] jr → net.minecraft.core.RegistryAccess
[1677|t+7725ms|ThreadId(2)] [class_dump] jx → net.minecraft.core.UUIDUtil
[1678|t+7725ms|ThreadId(2)] [class_dump] jy → net.minecraft.core.Vec3i
[1679|t+7726ms|ThreadId(2)] [class_dump] jz → net.minecraft.core.WritableRegistry
[1680|t+7726ms|ThreadId(2)] [class_dump] ka → net.minecraft.core.cauldron.CauldronInteraction
[1681|t+7726ms|ThreadId(2)] [class_dump] kd → net.minecraft.core.component.DataComponentGetter
[1682|t+7727ms|ThreadId(2)] [class_dump] ke → net.minecraft.core.component.DataComponentHolder
[1683|t+7727ms|ThreadId(2)] [class_dump] kf → net.minecraft.core.component.DataComponentMap
[1684|t+7727ms|ThreadId(2)] [class_dump] kh → net.minecraft.core.component.DataComponentType
[1685|t+7728ms|ThreadId(2)] [class_dump] ki → net.minecraft.core.component.DataComponents
[1686|t+7728ms|ThreadId(2)] [class_dump] kt → net.minecraft.core.component.predicates.DataComponentPredicates
[1687|t+7728ms|ThreadId(2)] [class_dump] l → net.minecraft.ChatFormatting
[1688|t+7728ms|ThreadId(2)] [class_dump] lf → net.minecraft.core.dispenser.DefaultDispenseItemBehavior
[1689|t+7729ms|ThreadId(2)] [class_dump] lg → net.minecraft.core.dispenser.DispenseItemBehavior
[1690|t+7730ms|ThreadId(2)] [class_dump] lp → net.minecraft.core.particles.BlockParticleOption
[1691|t+7731ms|ThreadId(2)] [class_dump] lq → net.minecraft.core.particles.ColorParticleOption
[1692|t+7733ms|ThreadId(2)] [class_dump] lu → net.minecraft.core.particles.ItemParticleOption
[1693|t+7733ms|ThreadId(2)] [class_dump] lw → net.minecraft.core.particles.ParticleOptions
[1694|t+7734ms|ThreadId(2)] [class_dump] lx → net.minecraft.core.particles.ParticleType
[1695|t+7734ms|ThreadId(2)] [class_dump] ly → net.minecraft.core.particles.ParticleTypes
[1696|t+7734ms|ThreadId(2)] [class_dump] lz → net.minecraft.core.particles.PowerParticleOption
[1697|t+7734ms|ThreadId(2)] [class_dump] m → net.minecraft.CrashReport
[1698|t+7735ms|ThreadId(2)] [class_dump] md → net.minecraft.core.particles.SimpleParticleType
[1699|t+7735ms|ThreadId(2)] [class_dump] me → net.minecraft.core.particles.SpellParticleOption
[1700|t+7735ms|ThreadId(2)] [class_dump] mi → net.minecraft.core.registries.BuiltInRegistries
[1701|t+7735ms|ThreadId(2)] [class_dump] mj → net.minecraft.core.registries.Registries
[1702|t+7736ms|ThreadId(2)] [class_dump] net.minecraft.client.main.Main → net.minecraft.client.main.Main
[1703|t+7736ms|ThreadId(2)] [class_dump] net.minecraft.client.main.Main$1 → net.minecraft.client.main.Main$1
[1704|t+7736ms|ThreadId(2)] [class_dump] net.minecraft.client.main.Main$2 → net.minecraft.client.main.Main$2
[1705|t+7736ms|ThreadId(2)] [class_dump] net.minecraft.server.MinecraftServer → net.minecraft.server.MinecraftServer
[1706|t+7737ms|ThreadId(2)] [class_dump] r → net.minecraft.DetectedVersion
[1707|t+7737ms|ThreadId(2)] [class_dump] rs → net.minecraft.data.worldgen.features.FeatureUtils
[1708|t+7737ms|ThreadId(2)] [class_dump] rx → net.minecraft.data.worldgen.features.TreeFeatures
[1709|t+7737ms|ThreadId(2)] [class_dump] s → net.minecraft.IdentifierException
[1710|t+7738ms|ThreadId(2)] [class_dump] sn → net.minecraft.gametest.framework.BuiltinTestFunctions
[1711|t+7738ms|ThreadId(2)] [class_dump] tb → net.minecraft.gametest.framework.GameTestInstance
[1712|t+7738ms|ThreadId(2)] [class_dump] tv → net.minecraft.gametest.framework.TestEnvironmentDefinition
[1713|t+7739ms|ThreadId(2)] [class_dump] tx → net.minecraft.gametest.framework.TestFunctionLoader
[1714|t+7739ms|ThreadId(2)] [class_dump] u → net.minecraft.ReportType
[1715|t+7739ms|ThreadId(2)] [class_dump] ui → net.minecraft.gizmos.GizmoCollector
[1716|t+7740ms|ThreadId(2)] [class_dump] uz → net.minecraft.nbt.CompoundTag
[1717|t+7740ms|ThreadId(2)] [class_dump] v → net.minecraft.ReportedException
[1718|t+7740ms|ThreadId(2)] [class_dump] vi → net.minecraft.nbt.NbtAccounter
[1719|t+7741ms|ThreadId(2)] [class_dump] vj → net.minecraft.nbt.NbtAccounterException
[1720|t+7741ms|ThreadId(2)] [class_dump] vk → net.minecraft.nbt.NbtException
[1721|t+7741ms|ThreadId(2)] [class_dump] vl → net.minecraft.nbt.NbtFormatException
[1722|t+7742ms|ThreadId(2)] [class_dump] vn → net.minecraft.nbt.NbtOps
[1723|t+7742ms|ThreadId(2)] [class_dump] vz → net.minecraft.nbt.Tag
[1724|t+7742ms|ThreadId(2)] [class_dump] w → net.minecraft.SharedConstants
[1725|t+7743ms|ThreadId(2)] [class_dump] wr → net.minecraft.network.ClientboundPacketListener
[1726|t+7743ms|ThreadId(2)] [class_dump] wu → net.minecraft.network.Connection
[1727|t+7743ms|ThreadId(2)] [class_dump] wx → net.minecraft.network.FriendlyByteBuf
[1728|t+7744ms|ThreadId(2)] [class_dump] xd → net.minecraft.network.LocalFrameEncoder
[1729|t+7744ms|ThreadId(2)] [class_dump] xi → net.minecraft.network.PacketDecoder
[1730|t+7744ms|ThreadId(2)] [class_dump] xj → net.minecraft.network.PacketEncoder
[1731|t+7745ms|ThreadId(2)] [class_dump] xk → net.minecraft.network.PacketListener
[1732|t+7745ms|ThreadId(2)] [class_dump] xo → net.minecraft.network.ProtocolSwapHandler
[1733|t+7745ms|ThreadId(2)] [class_dump] xq → net.minecraft.network.RegistryFriendlyByteBuf
[1734|t+7746ms|ThreadId(2)] [class_dump] y → net.minecraft.SystemReport
[1735|t+7746ms|ThreadId(2)] [class_dump] yb → net.minecraft.network.Varint21LengthFieldPrepender
[1736|t+7747ms|ThreadId(2)] [class_dump] yf → net.minecraft.network.chat.ClickEvent
[1737|t+7747ms|ThreadId(2)] [class_dump] yh → net.minecraft.network.chat.Component
[1738|t+7748ms|ThreadId(2)] [class_dump] yi → net.minecraft.network.chat.ComponentContents
[1739|t+7749ms|ThreadId(2)] [class_dump] yj → net.minecraft.network.chat.ComponentSerialization
[1740|t+7749ms|ThreadId(2)] [class_dump] ym → net.minecraft.network.chat.FontDescription
[1741|t+7750ms|ThreadId(2)] [class_dump] yn → net.minecraft.network.chat.FormattedText
[1742|t+7750ms|ThreadId(2)] [class_dump] yo → net.minecraft.network.chat.HoverEvent
[1743|t+7750ms|ThreadId(2)] [class_dump] yw → net.minecraft.network.chat.MutableComponent
[1744|t+7751ms|ThreadId(2)] [class_dump] z → net.minecraft.TracingExecutor
[1745|t+7751ms|ThreadId(2)] [class_dump] zf → net.minecraft.network.chat.Style
[1746|t+7751ms|ThreadId(2)] [class_dump] zq → net.minecraft.network.chat.contents.TranslatableContents
[1747|t+7752ms|ThreadId(2)] [class_dump] zr → net.minecraft.network.chat.contents.TranslatableFormatException
[1748|t+7753ms|ThreadId(2)] [step] title_marker — skipped this attempt (tick=0): Minecraft instance is null (client not ready)
[1749|t+7754ms|ThreadId(2)] [step] deferred_init — entering render/tick loop
[1750|t+8152ms|ThreadId(2)] [VTable] vtable installed
[1751|t+8152ms|ThreadId(2)] [Rsift] RsiftChunkBridge natives ready
[1752|t+8153ms|ThreadId(2)] [step] tick_loop — alive tick=0
[1753|t+13518ms|ThreadId(1)] [JVMTI] wanted class captured at ClassLoad (loader-independent): glz
[1754|t+15831ms|ThreadId(1)] [hook] render_flip fired (count=1)
[1755|t+15894ms|ThreadId(1)] [RsiftKeys] WARN vanilla KeyMapping リフレクション失敗 (キー入力は未接続): IdCategoryTypeCode: getEnumConstants net/minecraft/client/KeyMapping$Category: Java exception was thrown | IdTypeCodeCategory: getEnumConstants com/mojang/blaze3d/platform/InputConstants$Type: Java exception was thrown | IdCodeCategory: Java exception was thrown | IdCategoryCode: Java exception was thrown
[1756|t+17435ms|ThreadId(1)] [GlfwHook] WARN patch failed: [DetourHook] patch glfw.dll!glfwSwapBuffers: rel32 out of range
[1757|t+17436ms|ThreadId(1)] [GlfwHook] WARN glfwSwapBuffers not found (will retry via engine ensure)
[1758|t+17458ms|ThreadId(2)] [step] title_marker — window title set: Minecraft* 1.21.11 - Rsift (RsGraphics Render)
[1759|t+20908ms|ThreadId(2)] [step] tick_loop — alive tick=120
[1760|t+26786ms|ThreadId(2)] [step] title_marker — window title set: Minecraft* 1.21.11 - Rsift (RsGraphics Render)
[1761|t+30104ms|ThreadId(2)] [step] tick_loop — alive tick=240
[1762|t+39581ms|ThreadId(2)] [step] tick_loop — alive tick=360
[1763|t+40767ms|ThreadId(1)] [hook] render_flip fired (count=600)
[1764|t+42711ms|ThreadId(2)] [step] title_marker — window title set: Minecraft* 1.21.11 - Rsift (RsGraphics Render)
[1765|t+49180ms|ThreadId(2)] [step] tick_loop — alive tick=480
[1766|t+57708ms|ThreadId(1)] [hook] render_flip fired (count=1200)
[1767|t+58356ms|ThreadId(2)] [step] title_marker — window title set: Minecraft* 1.21.11 - Rsift (RsGraphics Render)
[1768|t+58608ms|ThreadId(2)] [step] tick_loop — alive tick=600
[1769|t+67731ms|ThreadId(2)] [step] tick_loop — alive tick=720
[1770|t+70375ms|ThreadId(1)] [hook] render_flip fired (count=1800)
[1771|t+73588ms|ThreadId(2)] [step] title_marker — window title set: Minecraft* 1.21.11 - Rsift (RsGraphics Render)
[1772|t+76890ms|ThreadId(2)] [step] tick_loop — alive tick=840
[1773|t+83150ms|ThreadId(1)] [hook] render_flip fired (count=2400)
[1774|t+86026ms|ThreadId(2)] [step] tick_loop — alive tick=960
[1775|t+88811ms|ThreadId(2)] [step] title_marker — window title set: Minecraft* 1.21.11 - Rsift (RsGraphics Render)
