[0001|t+0ms|ThreadId(1)] ==========================================================================
[0002|t+1ms|ThreadId(1)] [Rsift] session start: agentpath opts=
[0003|t+1ms|ThreadId(1)] [Rsift] log file: "C:\\Users\\Junji\\AppData\\Roaming\\PrismLauncher\\instances\\rsift\\rsift-natives\\rsift-bootstrap.log"
[0004|t+2ms|ThreadId(1)] [Rsift] dll directory: "C:\\Users\\Junji\\AppData\\Roaming\\PrismLauncher\\instances\\rsift\\rsift-natives"
[0005|t+2ms|ThreadId(1)] [Rsift] bootstrap jar: exists=true size=Some(44301)
[0006|t+2ms|ThreadId(1)] [Rsift] rsift_jvm.dll: exists=true size=Some(6708224)
[0007|t+3ms|ThreadId(1)] ==========================================================================
[0008|t+3ms|ThreadId(1)] [step] Agent_OnLoad — entered
[0009|t+3ms|ThreadId(1)] [step] Agent_OnLoad — options=""
[0010|t+4ms|ThreadId(1)] [step] Agent_OnLoad — scheduling deferred init thread (mods load in background thread)
[0011|t+4ms|ThreadId(1)] [step] schedule_deferred_init — from_agentpath=true opts_len=0 agentpath_active=false
[0012|t+5ms|ThreadId(1)] [step] agentpath — marker written "C:\\Users\\Junji\\AppData\\Roaming\\PrismLauncher\\instances\\rsift\\rsift-natives\\.rsift-agentpath-active"
[0013|t+6ms|ThreadId(1)] [step] schedule_deferred_init — thread spawn OK
[0014|t+6ms|ThreadId(2)] [step] deferred_init — thread entered[0015|t+6ms|ThreadId(1)] [step] Agent_OnLoad — complete — returning 0 to JVM

[0016|t+7ms|ThreadId(2)] [step] deferred_init — brief wait before JNI (agentpath-only, no javaagent)
[0017|t+1007ms|ThreadId(2)] [step] deferred_init — pre-JNI wait complete
[0018|t+1008ms|ThreadId(2)] [step] boot_markers — agentpath=true javaagent=false
[0019|t+1008ms|ThreadId(2)] [step] deferred_init — loading mods
[0020|t+1008ms|ThreadId(2)] [step] agent_premain — loading mods args=
[0021|t+1009ms|ThreadId(2)] [Rsift] mod_dir from game cwd: "C:\\Users\\Junji\\AppData\\Roaming\\PrismLauncher\\instances\\rsift\\.minecraft\\mods"
[0022|t+1009ms|ThreadId(2)] [step] agent_premain — mod_dir="C:\\Users\\Junji\\AppData\\Roaming\\PrismLauncher\\instances\\rsift\\.minecraft\\mods"
[0023|t+1009ms|ThreadId(2)] [step] agent_premain — abi table installed v1.21.11
[0024|t+1011ms|ThreadId(2)] [step] agent_premain — sim runtime ready backend=std_seek cores=8
[0025|t+2315ms|ThreadId(2)] [step] agent_premain — mods loaded OK: []
[0026|t+2316ms|ThreadId(2)] [step] deferred_init — JavaVM::from_raw addr=0x7fffac8337b0
[0027|t+2320ms|ThreadId(2)] [step] classloader_probe — attempt 0 attach OK
[0028|t+2322ms|ThreadId(2)] [step] jvmti — AddCapabilities request all_hook=true early_hook=false redefine=true retransform=true retransform_any=true (potential ∩ desired)
[0029|t+2323ms|ThreadId(2)] [step] jvmti — AddCapabilities rc=0 (全請求受理)
[0030|t+2324ms|ThreadId(2)] [step] jvmti — GetCapabilities rc=0 all_hook=true early_hook=false redefine=true retransform=true retransform_any=true
[0031|t+2324ms|ThreadId(2)] [JVMTI] ClassFileLoadHook enabled (exact-spec indices)
[0032|t+2325ms|ThreadId(2)] [step] deferred_init — JVMTI CFLH install (attached thread, attempt 0) = true
[0033|t+2325ms|ThreadId(2)] [step] classloader — attempt 0 — game still booting, deferring JNI probes
[0034|t+2326ms|ThreadId(2)] [step] classloader_probe — attempt 0 — not ready yet
[0035|t+4377ms|ThreadId(1)] [JVMTI] game ClassLoader captured via CFLH (first class: net/minecraft/client/main/Main)
[0036|t+5329ms|ThreadId(2)] [Rsift] game ClassLoader cached
[0037|t+5330ms|ThreadId(2)] [step] classloader — FOUND via JVMTI CFLH captured loader
[0038|t+5330ms|ThreadId(2)] [step] classloader_probe — FOUND on attempt 3
[0039|t+5858ms|ThreadId(2)] [warn] screen_hooks — load failed: load ScreenHooks: JavaException
[0040|t+5858ms|ThreadId(2)] [Rsift] WARN RsiftUiBridge load failed: URL class: JavaException
[0041|t+5859ms|ThreadId(2)] [Rsift] WARN RsiftModBridge load failed: URL class: JavaException
[0042|t+5860ms|ThreadId(2)] [Rsift] WARN PlatformBridge load failed: URL class: JavaException
[0043|t+5866ms|ThreadId(2)] [step] bridge_load — UiBridge=false ModBridge=false
[0044|t+5867ms|ThreadId(2)] [step] retransform — no statically targeted classes loaded yet — nothing to retransform
[0045|t+5868ms|ThreadId(2)] [step] f3_marker — no F3-lines method (0-arg, List<String|Component>) found via reflection — F3 marker skipped honestly (window title marker remains)
[0046|t+5870ms|ThreadId(2)] [step] deferred_init — entering render/tick loop
[0047|t+6121ms|ThreadId(2)] [warn] screen_hooks — load failed: load ScreenHooks: JavaException
[0048|t+6122ms|ThreadId(2)] [Rsift] WARN RsiftUiBridge load failed: URL class: JavaException
[0049|t+6122ms|ThreadId(2)] [Rsift] WARN RsiftModBridge load failed: URL class: JavaException
[0050|t+6123ms|ThreadId(2)] [warn] screen_hooks — load failed: URL class: JavaException
[0051|t+6123ms|ThreadId(2)] [Rsift] WARN RsiftUiBridge load failed: URL class: JavaException
[0052|t+6124ms|ThreadId(2)] [warn] screen_hooks — load failed: URL class: JavaException
[0053|t+6124ms|ThreadId(2)] [Rsift] WARN RsiftModBridge load failed: URL class: JavaException
[0054|t+6125ms|ThreadId(2)] [step] tick_loop — alive tick=0
[0055|t+6377ms|ThreadId(2)] [warn] screen_hooks — load failed: load ScreenHooks: JavaException
[0056|t+6378ms|ThreadId(2)] [Rsift] WARN RsiftUiBridge load failed: URL class: JavaException
[0057|t+6378ms|ThreadId(2)] [Rsift] WARN RsiftModBridge load failed: URL class: JavaException
[0058|t+6379ms|ThreadId(2)] [warn] screen_hooks — load failed: URL class: JavaException
[0059|t+6379ms|ThreadId(2)] [Rsift] WARN RsiftUiBridge load failed: URL class: JavaException
[0060|t+6379ms|ThreadId(2)] [warn] screen_hooks — load failed: URL class: JavaException
[0061|t+6632ms|ThreadId(2)] [warn] screen_hooks — load failed: load ScreenHooks: JavaException
[0062|t+6632ms|ThreadId(2)] [Rsift] WARN RsiftUiBridge load failed: URL class: JavaException
[0063|t+6633ms|ThreadId(2)] [Rsift] WARN RsiftModBridge load failed: URL class: JavaException
[0064|t+6633ms|ThreadId(2)] [warn] screen_hooks — load failed: URL class: JavaException
[0065|t+6634ms|ThreadId(2)] [Rsift] WARN RsiftUiBridge load failed: URL class: JavaException
[0066|t+6634ms|ThreadId(2)] [warn] screen_hooks — load failed: URL class: JavaException
[0067|t+7019ms|ThreadId(2)] [warn] screen_hooks — load failed: load ScreenHooks: JavaException
[0068|t+7019ms|ThreadId(2)] [Rsift] WARN RsiftUiBridge load failed: URL class: JavaException
[0069|t+7020ms|ThreadId(2)] [Rsift] WARN RsiftModBridge load failed: URL class: JavaException
[0070|t+7020ms|ThreadId(2)] [warn] screen_hooks — load failed: URL class: JavaException
[0071|t+7020ms|ThreadId(2)] [Rsift] WARN RsiftUiBridge load failed: URL class: JavaException
[0072|t+7021ms|ThreadId(2)] [warn] screen_hooks — load failed: URL class: JavaException
[0073|t+7273ms|ThreadId(2)] [warn] screen_hooks — load failed: load ScreenHooks: JavaException
[0074|t+7274ms|ThreadId(2)] [Rsift] WARN RsiftUiBridge load failed: URL class: JavaException
[0075|t+7274ms|ThreadId(2)] [Rsift] WARN RsiftModBridge load failed: URL class: JavaException
[0076|t+7275ms|ThreadId(2)] [warn] screen_hooks — load failed: URL class: JavaException
[0077|t+7275ms|ThreadId(2)] [Rsift] WARN RsiftUiBridge load failed: URL class: JavaException
[0078|t+7276ms|ThreadId(2)] [warn] screen_hooks — load failed: URL class: JavaException
[0079|t+7276ms|ThreadId(2)] [Rsift] WARN RsiftModBridge load failed: URL class: JavaException
[0080|t+7528ms|ThreadId(2)] [warn] screen_hooks — load failed: load ScreenHooks: JavaException
[0081|t+7529ms|ThreadId(2)] [Rsift] WARN RsiftUiBridge load failed: URL class: JavaException
[0082|t+7529ms|ThreadId(2)] [Rsift] WARN RsiftModBridge load failed: URL class: JavaException
[0083|t+7530ms|ThreadId(2)] [warn] screen_hooks — load failed: URL class: JavaException
[0084|t+7530ms|ThreadId(2)] [Rsift] WARN RsiftUiBridge load failed: URL class: JavaException
[0085|t+7530ms|ThreadId(2)] [warn] screen_hooks — load failed: URL class: JavaException
[0086|t+7783ms|ThreadId(2)] [warn] screen_hooks — load failed: load ScreenHooks: JavaException
[0087|t+7783ms|ThreadId(2)] [Rsift] WARN RsiftUiBridge load failed: URL class: JavaException
[0088|t+7784ms|ThreadId(2)] [Rsift] WARN RsiftModBridge load failed: URL class: JavaException
[0089|t+7784ms|ThreadId(2)] [warn] screen_hooks — load failed: URL class: JavaException
[0090|t+7784ms|ThreadId(2)] [Rsift] WARN RsiftUiBridge load failed: URL class: JavaException
[0091|t+7785ms|ThreadId(2)] [warn] screen_hooks — load failed: URL class: JavaException
[0092|t+8037ms|ThreadId(2)] [warn] screen_hooks — load failed: load ScreenHooks: JavaException
[0093|t+8038ms|ThreadId(2)] [Rsift] WARN RsiftUiBridge load failed: URL class: JavaException
[0094|t+8038ms|ThreadId(2)] [Rsift] WARN RsiftModBridge load failed: URL class: JavaException
[0095|t+8038ms|ThreadId(2)] [warn] screen_hooks — load failed: URL class: JavaException
[0096|t+8039ms|ThreadId(2)] [Rsift] WARN RsiftUiBridge load failed: URL class: JavaException
[0097|t+8039ms|ThreadId(2)] [warn] screen_hooks — load failed: URL class: JavaException
[0098|t+8291ms|ThreadId(2)] [warn] screen_hooks — load failed: load ScreenHooks: JavaException
[0099|t+8292ms|ThreadId(2)] [Rsift] WARN RsiftUiBridge load failed: URL class: JavaException
[0100|t+8292ms|ThreadId(2)] [Rsift] WARN RsiftModBridge load failed: URL class: JavaException
[0101|t+8293ms|ThreadId(2)] [warn] screen_hooks — load failed: URL class: JavaException
[0102|t+8293ms|ThreadId(2)] [Rsift] WARN RsiftUiBridge load failed: URL class: JavaException
[0103|t+8293ms|ThreadId(2)] [warn] screen_hooks — load failed: URL class: JavaException
[0104|t+8294ms|ThreadId(2)] [Rsift] WARN RsiftModBridge load failed: URL class: JavaException
[0105|t+8547ms|ThreadId(2)] [warn] screen_hooks — load failed: load ScreenHooks: JavaException
[0106|t+8547ms|ThreadId(2)] [Rsift] WARN RsiftUiBridge load failed: URL class: JavaException
[0107|t+8548ms|ThreadId(2)] [Rsift] WARN RsiftModBridge load failed: URL class: JavaException
[0108|t+8548ms|ThreadId(2)] [warn] screen_hooks — load failed: URL class: JavaException
[0109|t+8548ms|ThreadId(2)] [Rsift] WARN RsiftUiBridge load failed: URL class: JavaException
[0110|t+8549ms|ThreadId(2)] [warn] screen_hooks — load failed: URL class: JavaException
[0111|t+8801ms|ThreadId(2)] [warn] screen_hooks — load failed: load ScreenHooks: JavaException
[0112|t+8802ms|ThreadId(2)] [Rsift] WARN RsiftUiBridge load failed: URL class: JavaException
[0113|t+8802ms|ThreadId(2)] [Rsift] WARN RsiftModBridge load failed: URL class: JavaException
[0114|t+8803ms|ThreadId(2)] [warn] screen_hooks — load failed: URL class: JavaException
[0115|t+8803ms|ThreadId(2)] [Rsift] WARN RsiftUiBridge load failed: URL class: JavaException
[0116|t+8803ms|ThreadId(2)] [warn] screen_hooks — load failed: URL class: JavaException
[0117|t+9055ms|ThreadId(2)] [warn] screen_hooks — load failed: load ScreenHooks: JavaException
[0118|t+9056ms|ThreadId(2)] [Rsift] WARN RsiftUiBridge load failed: URL class: JavaException
[0119|t+9056ms|ThreadId(2)] [Rsift] WARN RsiftModBridge load failed: URL class: JavaException
[0120|t+9057ms|ThreadId(2)] [warn] screen_hooks — load failed: URL class: JavaException
[0121|t+9057ms|ThreadId(2)] [Rsift] WARN RsiftUiBridge load failed: URL class: JavaException
[0122|t+9057ms|ThreadId(2)] [warn] screen_hooks — load failed: URL class: JavaException
[0123|t+9310ms|ThreadId(2)] [warn] screen_hooks — load failed: load ScreenHooks: JavaException
[0124|t+9310ms|ThreadId(2)] [Rsift] WARN RsiftUiBridge load failed: URL class: JavaException
[0125|t+9310ms|ThreadId(2)] [Rsift] WARN RsiftModBridge load failed: URL class: JavaException
[0126|t+9311ms|ThreadId(2)] [warn] screen_hooks — load failed: URL class: JavaException
[0127|t+9311ms|ThreadId(2)] [Rsift] WARN RsiftUiBridge load failed: URL class: JavaException
[0128|t+9312ms|ThreadId(2)] [warn] screen_hooks — load failed: URL class: JavaException
[0129|t+9312ms|ThreadId(2)] [Rsift] WARN RsiftModBridge load failed: URL class: JavaException
[0130|t+9565ms|ThreadId(2)] [warn] screen_hooks — load failed: load ScreenHooks: JavaException
[0131|t+9566ms|ThreadId(2)] [Rsift] WARN RsiftUiBridge load failed: URL class: JavaException
[0132|t+9566ms|ThreadId(2)] [Rsift] WARN RsiftModBridge load failed: URL class: JavaException
[0133|t+9566ms|ThreadId(2)] [warn] screen_hooks — load failed: URL class: JavaException
[0134|t+9567ms|ThreadId(2)] [Rsift] WARN RsiftUiBridge load failed: URL class: JavaException
[0135|t+9567ms|ThreadId(2)] [warn] screen_hooks — load failed: URL class: JavaException
[0136|t+9819ms|ThreadId(2)] [warn] screen_hooks — load failed: load ScreenHooks: JavaException
[0137|t+9820ms|ThreadId(2)] [Rsift] WARN RsiftUiBridge load failed: URL class: JavaException
[0138|t+9820ms|ThreadId(2)] [Rsift] WARN RsiftModBridge load failed: URL class: JavaException
[0139|t+9821ms|ThreadId(2)] [warn] screen_hooks — load failed: URL class: JavaException
[0140|t+9821ms|ThreadId(2)] [Rsift] WARN RsiftUiBridge load failed: URL class: JavaException
[0141|t+9821ms|ThreadId(2)] [warn] screen_hooks — load failed: URL class: JavaException
[0142|t+10074ms|ThreadId(2)] [warn] screen_hooks — load failed: load ScreenHooks: JavaException
[0143|t+10074ms|ThreadId(2)] [Rsift] WARN RsiftUiBridge load failed: URL class: JavaException
[0144|t+10074ms|ThreadId(2)] [Rsift] WARN RsiftModBridge load failed: URL class: JavaException
[0145|t+10075ms|ThreadId(2)] [warn] screen_hooks — load failed: URL class: JavaException
[0146|t+10075ms|ThreadId(2)] [Rsift] WARN RsiftUiBridge load failed: URL class: JavaException
[0147|t+10075ms|ThreadId(2)] [warn] screen_hooks — load failed: URL class: JavaException
[0148|t+10327ms|ThreadId(2)] [warn] screen_hooks — load failed: load ScreenHooks: JavaException
[0149|t+10327ms|ThreadId(2)] [Rsift] WARN RsiftUiBridge load failed: URL class: JavaException
[0150|t+10328ms|ThreadId(2)] [Rsift] WARN RsiftModBridge load failed: URL class: JavaException
[0151|t+10328ms|ThreadId(2)] [warn] screen_hooks — load failed: URL class: JavaException
[0152|t+10328ms|ThreadId(2)] [Rsift] WARN RsiftUiBridge load failed: URL class: JavaException
[0153|t+10329ms|ThreadId(2)] [warn] screen_hooks — load failed: URL class: JavaException
[0154|t+10329ms|ThreadId(2)] [Rsift] WARN RsiftModBridge load failed: URL class: JavaException
[0155|t+10581ms|ThreadId(2)] [warn] screen_hooks — load failed: load ScreenHooks: JavaException
[0156|t+10582ms|ThreadId(2)] [Rsift] WARN RsiftUiBridge load failed: URL class: JavaException
[0157|t+10583ms|ThreadId(2)] [Rsift] WARN RsiftModBridge load failed: URL class: JavaException
[0158|t+10583ms|ThreadId(2)] [warn] screen_hooks — load failed: URL class: JavaException
[0159|t+10584ms|ThreadId(2)] [Rsift] WARN RsiftUiBridge load failed: URL class: JavaException
[0160|t+10584ms|ThreadId(2)] [warn] screen_hooks — load failed: URL class: JavaException
[0161|t+10837ms|ThreadId(2)] [warn] screen_hooks — load failed: load ScreenHooks: JavaException
[0162|t+10838ms|ThreadId(2)] [Rsift] WARN RsiftUiBridge load failed: URL class: JavaException
[0163|t+10838ms|ThreadId(2)] [Rsift] WARN RsiftModBridge load failed: URL class: JavaException
[0164|t+10839ms|ThreadId(2)] [warn] screen_hooks — load failed: URL class: JavaException
[0165|t+10839ms|ThreadId(2)] [Rsift] WARN RsiftUiBridge load failed: URL class: JavaException
[0166|t+10839ms|ThreadId(2)] [warn] screen_hooks — load failed: URL class: JavaException
[0167|t+11092ms|ThreadId(2)] [warn] screen_hooks — load failed: load ScreenHooks: JavaException
[0168|t+11093ms|ThreadId(2)] [Rsift] WARN RsiftUiBridge load failed: URL class: JavaException
[0169|t+11093ms|ThreadId(2)] [Rsift] WARN RsiftModBridge load failed: URL class: JavaException
[0170|t+11093ms|ThreadId(2)] [warn] screen_hooks — load failed: URL class: JavaException
[0171|t+11094ms|ThreadId(2)] [Rsift] WARN RsiftUiBridge load failed: URL class: JavaException
[0172|t+11094ms|ThreadId(2)] [warn] screen_hooks — load failed: URL class: JavaException
[0173|t+11346ms|ThreadId(2)] [warn] screen_hooks — load failed: load ScreenHooks: JavaException
[0174|t+11347ms|ThreadId(2)] [Rsift] WARN RsiftUiBridge load failed: URL class: JavaException
[0175|t+11347ms|ThreadId(2)] [Rsift] WARN RsiftModBridge load failed: URL class: JavaException
[0176|t+11348ms|ThreadId(2)] [warn] screen_hooks — load failed: URL class: JavaException
[0177|t+11348ms|ThreadId(2)] [Rsift] WARN RsiftUiBridge load failed: URL class: JavaException
[0178|t+11348ms|ThreadId(2)] [warn] screen_hooks — load failed: URL class: JavaException
[0179|t+11349ms|ThreadId(2)] [Rsift] WARN RsiftModBridge load failed: URL class: JavaException
[0180|t+11602ms|ThreadId(2)] [warn] screen_hooks — load failed: load ScreenHooks: JavaException
[0181|t+11603ms|ThreadId(2)] [Rsift] WARN RsiftUiBridge load failed: URL class: JavaException
[0182|t+11603ms|ThreadId(2)] [Rsift] WARN RsiftModBridge load failed: URL class: JavaException
[0183|t+11604ms|ThreadId(2)] [warn] screen_hooks — load failed: URL class: JavaException
[0184|t+11604ms|ThreadId(2)] [Rsift] WARN RsiftUiBridge load failed: URL class: JavaException
[0185|t+11605ms|ThreadId(2)] [warn] screen_hooks — load failed: URL class: JavaException
[0186|t+11857ms|ThreadId(2)] [warn] screen_hooks — load failed: load ScreenHooks: JavaException
[0187|t+11858ms|ThreadId(2)] [Rsift] WARN RsiftUiBridge load failed: URL class: JavaException
[0188|t+11858ms|ThreadId(2)] [Rsift] WARN RsiftModBridge load failed: URL class: JavaException
[0189|t+11859ms|ThreadId(2)] [warn] screen_hooks — load failed: URL class: JavaException
[0190|t+11859ms|ThreadId(2)] [Rsift] WARN RsiftUiBridge load failed: URL class: JavaException
[0191|t+11859ms|ThreadId(2)] [warn] screen_hooks — load failed: URL class: JavaException
[0192|t+12113ms|ThreadId(2)] [warn] screen_hooks — load failed: load ScreenHooks: JavaException
[0193|t+12113ms|ThreadId(2)] [Rsift] WARN RsiftUiBridge load failed: URL class: JavaException
[0194|t+12114ms|ThreadId(2)] [Rsift] WARN RsiftModBridge load failed: URL class: JavaException
[0195|t+12114ms|ThreadId(2)] [warn] screen_hooks — load failed: URL class: JavaException
[0196|t+12114ms|ThreadId(2)] [Rsift] WARN RsiftUiBridge load failed: URL class: JavaException
[0197|t+12115ms|ThreadId(2)] [warn] screen_hooks — load failed: URL class: JavaException
[0198|t+12367ms|ThreadId(2)] [warn] screen_hooks — load failed: load ScreenHooks: JavaException
[0199|t+12368ms|ThreadId(2)] [Rsift] WARN RsiftUiBridge load failed: URL class: JavaException
[0200|t+12368ms|ThreadId(2)] [Rsift] WARN RsiftModBridge load failed: URL class: JavaException
[0201|t+12369ms|ThreadId(2)] [warn] screen_hooks — load failed: URL class: JavaException
[0202|t+12369ms|ThreadId(2)] [Rsift] WARN RsiftUiBridge load failed: URL class: JavaException
[0203|t+12370ms|ThreadId(2)] [warn] screen_hooks — load failed: URL class: JavaException
[0204|t+12370ms|ThreadId(2)] [Rsift] WARN RsiftModBridge load failed: URL class: JavaException
[0205|t+12623ms|ThreadId(2)] [warn] screen_hooks — load failed: load ScreenHooks: JavaException
[0206|t+12624ms|ThreadId(2)] [Rsift] WARN RsiftUiBridge load failed: URL class: JavaException
[0207|t+12624ms|ThreadId(2)] [Rsift] WARN RsiftModBridge load failed: URL class: JavaException
[0208|t+12624ms|ThreadId(2)] [warn] screen_hooks — load failed: URL class: JavaException
[0209|t+12625ms|ThreadId(2)] [Rsift] WARN RsiftUiBridge load failed: URL class: JavaException
[0210|t+12625ms|ThreadId(2)] [warn] screen_hooks — load failed: URL class: JavaException
[0211|t+12878ms|ThreadId(2)] [warn] screen_hooks — load failed: load ScreenHooks: JavaException
[0212|t+12879ms|ThreadId(2)] [Rsift] WARN RsiftUiBridge load failed: URL class: JavaException
[0213|t+12879ms|ThreadId(2)] [Rsift] WARN RsiftModBridge load failed: URL class: JavaException
[0214|t+12879ms|ThreadId(2)] [warn] screen_hooks — load failed: URL class: JavaException
[0215|t+12880ms|ThreadId(2)] [Rsift] WARN RsiftUiBridge load failed: URL class: JavaException
[0216|t+12880ms|ThreadId(2)] [warn] screen_hooks — load failed: URL class: JavaException
[0217|t+13132ms|ThreadId(2)] [warn] screen_hooks — load failed: load ScreenHooks: JavaException
[0218|t+13133ms|ThreadId(2)] [Rsift] WARN RsiftUiBridge load failed: URL class: JavaException
[0219|t+13133ms|ThreadId(2)] [Rsift] WARN RsiftModBridge load failed: URL class: JavaException
[0220|t+13133ms|ThreadId(2)] [warn] screen_hooks — load failed: URL class: JavaException
[0221|t+13134ms|ThreadId(2)] [Rsift] WARN RsiftUiBridge load failed: URL class: JavaException
[0222|t+13134ms|ThreadId(2)] [warn] screen_hooks — load failed: URL class: JavaException
[0223|t+13386ms|ThreadId(2)] [warn] screen_hooks — load failed: load ScreenHooks: JavaException
[0224|t+13387ms|ThreadId(2)] [Rsift] WARN RsiftUiBridge load failed: URL class: JavaException
[0225|t+13387ms|ThreadId(2)] [Rsift] WARN RsiftModBridge load failed: URL class: JavaException
[0226|t+13388ms|ThreadId(2)] [warn] screen_hooks — load failed: URL class: JavaException
[0227|t+13388ms|ThreadId(2)] [Rsift] WARN RsiftUiBridge load failed: URL class: JavaException
[0228|t+13388ms|ThreadId(2)] [warn] screen_hooks — load failed: URL class: JavaException
[0229|t+13389ms|ThreadId(2)] [Rsift] WARN RsiftModBridge load failed: URL class: JavaException
[0230|t+13641ms|ThreadId(2)] [warn] screen_hooks — load failed: load ScreenHooks: JavaException
[0231|t+13642ms|ThreadId(2)] [Rsift] WARN RsiftUiBridge load failed: URL class: JavaException
[0232|t+13642ms|ThreadId(2)] [Rsift] WARN RsiftModBridge load failed: URL class: JavaException
[0233|t+13642ms|ThreadId(2)] [warn] screen_hooks — load failed: URL class: JavaException
[0234|t+13643ms|ThreadId(2)] [Rsift] WARN RsiftUiBridge load failed: URL class: JavaException
[0235|t+13643ms|ThreadId(2)] [warn] screen_hooks — load failed: URL class: JavaException
[0236|t+13897ms|ThreadId(2)] [warn] screen_hooks — load failed: load ScreenHooks: JavaException
[0237|t+13898ms|ThreadId(2)] [Rsift] WARN RsiftUiBridge load failed: URL class: JavaException
[0238|t+13898ms|ThreadId(2)] [Rsift] WARN RsiftModBridge load failed: URL class: JavaException
[0239|t+13899ms|ThreadId(2)] [warn] screen_hooks — load failed: URL class: JavaException
[0240|t+13899ms|ThreadId(2)] [Rsift] WARN RsiftUiBridge load failed: URL class: JavaException
[0241|t+13900ms|ThreadId(2)] [warn] screen_hooks — load failed: URL class: JavaException
[0242|t+14153ms|ThreadId(2)] [warn] screen_hooks — load failed: load ScreenHooks: JavaException
[0243|t+14154ms|ThreadId(2)] [Rsift] WARN RsiftUiBridge load failed: URL class: JavaException
[0244|t+14154ms|ThreadId(2)] [Rsift] WARN RsiftModBridge load failed: URL class: JavaException
[0245|t+14155ms|ThreadId(2)] [warn] screen_hooks — load failed: URL class: JavaException
[0246|t+14155ms|ThreadId(2)] [Rsift] WARN RsiftUiBridge load failed: URL class: JavaException
[0247|t+14155ms|ThreadId(2)] [warn] screen_hooks — load failed: URL class: JavaException
[0248|t+14409ms|ThreadId(2)] [warn] screen_hooks — load failed: load ScreenHooks: JavaException
[0249|t+14410ms|ThreadId(2)] [Rsift] WARN RsiftUiBridge load failed: URL class: JavaException
[0250|t+14410ms|ThreadId(2)] [Rsift] WARN RsiftModBridge load failed: URL class: JavaException
[0251|t+14410ms|ThreadId(2)] [warn] screen_hooks — load failed: URL class: JavaException
[0252|t+14411ms|ThreadId(2)] [Rsift] WARN RsiftUiBridge load failed: URL class: JavaException
[0253|t+14411ms|ThreadId(2)] [warn] screen_hooks — load failed: URL class: JavaException
[0254|t+14411ms|ThreadId(2)] [Rsift] WARN RsiftModBridge load failed: URL class: JavaException
[0255|t+14666ms|ThreadId(2)] [warn] screen_hooks — load failed: load ScreenHooks: JavaException
[0256|t+14666ms|ThreadId(2)] [Rsift] WARN RsiftUiBridge load failed: URL class: JavaException
[0257|t+14666ms|ThreadId(2)] [Rsift] WARN RsiftModBridge load failed: URL class: JavaException
[0258|t+14667ms|ThreadId(2)] [warn] screen_hooks — load failed: URL class: JavaException
[0259|t+14667ms|ThreadId(2)] [Rsift] WARN RsiftUiBridge load failed: URL class: JavaException
[0260|t+14667ms|ThreadId(2)] [warn] screen_hooks — load failed: URL class: JavaException
[0261|t+14923ms|ThreadId(2)] [warn] screen_hooks — load failed: load ScreenHooks: JavaException
[0262|t+14923ms|ThreadId(2)] [Rsift] WARN RsiftUiBridge load failed: URL class: JavaException
[0263|t+14924ms|ThreadId(2)] [Rsift] WARN RsiftModBridge load failed: URL class: JavaException
[0264|t+14925ms|ThreadId(2)] [warn] screen_hooks — load failed: URL class: JavaException
[0265|t+14925ms|ThreadId(2)] [Rsift] WARN RsiftUiBridge load failed: URL class: JavaException
[0266|t+14925ms|ThreadId(2)] [warn] screen_hooks — load failed: URL class: JavaException
[0267|t+15180ms|ThreadId(2)] [warn] screen_hooks — load failed: load ScreenHooks: JavaException
[0268|t+15181ms|ThreadId(2)] [Rsift] WARN RsiftUiBridge load failed: URL class: JavaException
[0269|t+15181ms|ThreadId(2)] [Rsift] WARN RsiftModBridge load failed: URL class: JavaException
[0270|t+15182ms|ThreadId(2)] [warn] screen_hooks — load failed: URL class: JavaException
[0271|t+15182ms|ThreadId(2)] [Rsift] WARN RsiftUiBridge load failed: URL class: JavaException
[0272|t+15182ms|ThreadId(2)] [warn] screen_hooks — load failed: URL class: JavaException
[0273|t+15437ms|ThreadId(2)] [warn] screen_hooks — load failed: load ScreenHooks: JavaException
[0274|t+15437ms|ThreadId(2)] [Rsift] WARN RsiftUiBridge load failed: URL class: JavaException
[0275|t+15438ms|ThreadId(2)] [Rsift] WARN RsiftModBridge load failed: URL class: JavaException
[0276|t+15438ms|ThreadId(2)] [warn] screen_hooks — load failed: URL class: JavaException
[0277|t+15439ms|ThreadId(2)] [Rsift] WARN RsiftUiBridge load failed: URL class: JavaException
[0278|t+15441ms|ThreadId(2)] [warn] screen_hooks — load failed: URL class: JavaException
[0279|t+15442ms|ThreadId(2)] [Rsift] WARN RsiftModBridge load failed: URL class: JavaException
[0280|t+15697ms|ThreadId(2)] [warn] screen_hooks — load failed: load ScreenHooks: JavaException
[0281|t+15698ms|ThreadId(2)] [Rsift] WARN RsiftUiBridge load failed: URL class: JavaException
[0282|t+15698ms|ThreadId(2)] [Rsift] WARN RsiftModBridge load failed: URL class: JavaException
[0283|t+15699ms|ThreadId(2)] [warn] screen_hooks — load failed: URL class: JavaException
[0284|t+15699ms|ThreadId(2)] [Rsift] WARN RsiftUiBridge load failed: URL class: JavaException
[0285|t+15700ms|ThreadId(2)] [warn] screen_hooks — load failed: URL class: JavaException
[0286|t+15955ms|ThreadId(2)] [warn] screen_hooks — load failed: load ScreenHooks: JavaException
[0287|t+15956ms|ThreadId(2)] [Rsift] WARN RsiftUiBridge load failed: URL class: JavaException
[0288|t+15957ms|ThreadId(2)] [Rsift] WARN RsiftModBridge load failed: URL class: JavaException
[0289|t+15958ms|ThreadId(2)] [warn] screen_hooks — load failed: URL class: JavaException
[0290|t+15958ms|ThreadId(2)] [Rsift] WARN RsiftUiBridge load failed: URL class: JavaException
[0291|t+15959ms|ThreadId(2)] [warn] screen_hooks — load failed: URL class: JavaException
[0292|t+16216ms|ThreadId(2)] [warn] screen_hooks — load failed: load ScreenHooks: JavaException
[0293|t+16217ms|ThreadId(2)] [Rsift] WARN RsiftUiBridge load failed: URL class: JavaException
[0294|t+16218ms|ThreadId(2)] [Rsift] WARN RsiftModBridge load failed: URL class: JavaException
[0295|t+16219ms|ThreadId(2)] [warn] screen_hooks — load failed: URL class: JavaException
[0296|t+16219ms|ThreadId(2)] [Rsift] WARN RsiftUiBridge load failed: URL class: JavaException
[0297|t+16220ms|ThreadId(2)] [warn] screen_hooks — load failed: URL class: JavaException
[0298|t+16476ms|ThreadId(2)] [warn] screen_hooks — load failed: load ScreenHooks: JavaException
[0299|t+16476ms|ThreadId(2)] [Rsift] WARN RsiftUiBridge load failed: URL class: JavaException
[0300|t+16479ms|ThreadId(2)] [Rsift] WARN RsiftModBridge load failed: URL class: JavaException
[0301|t+16479ms|ThreadId(2)] [warn] screen_hooks — load failed: URL class: JavaException
[0302|t+16480ms|ThreadId(2)] [Rsift] WARN RsiftUiBridge load failed: URL class: JavaException
[0303|t+16481ms|ThreadId(2)] [warn] screen_hooks — load failed: URL class: JavaException
[0304|t+16481ms|ThreadId(2)] [Rsift] WARN RsiftModBridge load failed: URL class: JavaException
[0305|t+16745ms|ThreadId(2)] [warn] screen_hooks — load failed: load ScreenHooks: JavaException
[0306|t+16747ms|ThreadId(2)] [Rsift] WARN RsiftUiBridge load failed: URL class: JavaException
[0307|t+16748ms|ThreadId(2)] [Rsift] WARN RsiftModBridge load failed: URL class: JavaException
[0308|t+16748ms|ThreadId(2)] [warn] screen_hooks — load failed: URL class: JavaException
[0309|t+16749ms|ThreadId(2)] [Rsift] WARN RsiftUiBridge load failed: URL class: JavaException
[0310|t+16751ms|ThreadId(2)] [warn] screen_hooks — load failed: URL class: JavaException
[0311|t+17012ms|ThreadId(2)] [warn] screen_hooks — load failed: load ScreenHooks: JavaException
[0312|t+17012ms|ThreadId(2)] [Rsift] WARN RsiftUiBridge load failed: URL class: JavaException
[0313|t+17012ms|ThreadId(2)] [Rsift] WARN RsiftModBridge load failed: URL class: JavaException
[0314|t+17013ms|ThreadId(2)] [warn] screen_hooks — load failed: URL class: JavaException
[0315|t+17013ms|ThreadId(2)] [Rsift] WARN RsiftUiBridge load failed: URL class: JavaException
[0316|t+17013ms|ThreadId(2)] [warn] screen_hooks — load failed: URL class: JavaException
[0317|t+17268ms|ThreadId(2)] [warn] screen_hooks — load failed: load ScreenHooks: JavaException
[0318|t+17269ms|ThreadId(2)] [Rsift] WARN RsiftUiBridge load failed: URL class: JavaException
[0319|t+17269ms|ThreadId(2)] [Rsift] WARN RsiftModBridge load failed: URL class: JavaException
[0320|t+17270ms|ThreadId(2)] [warn] screen_hooks — load failed: URL class: JavaException
[0321|t+17270ms|ThreadId(2)] [Rsift] WARN RsiftUiBridge load failed: URL class: JavaException
[0322|t+17271ms|ThreadId(2)] [warn] screen_hooks — load failed: URL class: JavaException
[0323|t+17528ms|ThreadId(2)] [warn] screen_hooks — load failed: load ScreenHooks: JavaException
[0324|t+17529ms|ThreadId(2)] [Rsift] WARN RsiftUiBridge load failed: URL class: JavaException
[0325|t+17529ms|ThreadId(2)] [Rsift] WARN RsiftModBridge load failed: URL class: JavaException
[0326|t+17530ms|ThreadId(2)] [warn] screen_hooks — load failed: URL class: JavaException
[0327|t+17530ms|ThreadId(2)] [Rsift] WARN RsiftUiBridge load failed: URL class: JavaException
[0328|t+17531ms|ThreadId(2)] [warn] screen_hooks — load failed: URL class: JavaException
[0329|t+17531ms|ThreadId(2)] [Rsift] WARN RsiftModBridge load failed: URL class: JavaException
[0330|t+17804ms|ThreadId(2)] [warn] screen_hooks — load failed: load ScreenHooks: JavaException
[0331|t+17805ms|ThreadId(2)] [Rsift] WARN RsiftUiBridge load failed: URL class: JavaException
[0332|t+17805ms|ThreadId(2)] [Rsift] WARN RsiftModBridge load failed: URL class: JavaException
[0333|t+17805ms|ThreadId(2)] [warn] screen_hooks — load failed: URL class: JavaException
[0334|t+17806ms|ThreadId(2)] [Rsift] WARN RsiftUiBridge load failed: URL class: JavaException
[0335|t+17806ms|ThreadId(2)] [warn] screen_hooks — load failed: URL class: JavaException
[0336|t+18068ms|ThreadId(2)] [warn] screen_hooks — load failed: load ScreenHooks: JavaException
[0337|t+18068ms|ThreadId(2)] [Rsift] WARN RsiftUiBridge load failed: URL class: JavaException
[0338|t+18069ms|ThreadId(2)] [Rsift] WARN RsiftModBridge load failed: URL class: JavaException
[0339|t+18069ms|ThreadId(2)] [warn] screen_hooks — load failed: URL class: JavaException
[0340|t+18069ms|ThreadId(2)] [Rsift] WARN RsiftUiBridge load failed: URL class: JavaException
[0341|t+18070ms|ThreadId(2)] [warn] screen_hooks — load failed: URL class: JavaException
[0342|t+18349ms|ThreadId(2)] [warn] screen_hooks — load failed: load ScreenHooks: JavaException
[0343|t+18351ms|ThreadId(2)] [Rsift] WARN RsiftUiBridge load failed: URL class: JavaException
[0344|t+18352ms|ThreadId(2)] [Rsift] WARN RsiftModBridge load failed: URL class: JavaException
[0345|t+18353ms|ThreadId(2)] [warn] screen_hooks — load failed: URL class: JavaException
[0346|t+18353ms|ThreadId(2)] [Rsift] WARN RsiftUiBridge load failed: URL class: JavaException
[0347|t+18353ms|ThreadId(2)] [warn] screen_hooks — load failed: URL class: JavaException
[0348|t+18779ms|ThreadId(2)] [warn] screen_hooks — load failed: load ScreenHooks: JavaException
[0349|t+18780ms|ThreadId(2)] [Rsift] WARN RsiftUiBridge load failed: URL class: JavaException
[0350|t+18780ms|ThreadId(2)] [Rsift] WARN RsiftModBridge load failed: URL class: JavaException
[0351|t+18783ms|ThreadId(2)] [warn] screen_hooks — load failed: URL class: JavaException
[0352|t+18783ms|ThreadId(2)] [Rsift] WARN RsiftUiBridge load failed: URL class: JavaException
[0353|t+18784ms|ThreadId(2)] [warn] screen_hooks — load failed: URL class: JavaException
[0354|t+18784ms|ThreadId(2)] [Rsift] WARN RsiftModBridge load failed: URL class: JavaException
[0355|t+19039ms|ThreadId(2)] [warn] screen_hooks — load failed: load ScreenHooks: JavaException
[0356|t+19040ms|ThreadId(2)] [Rsift] WARN RsiftUiBridge load failed: URL class: JavaException
[0357|t+19040ms|ThreadId(2)] [Rsift] WARN RsiftModBridge load failed: URL class: JavaException
[0358|t+19041ms|ThreadId(2)] [warn] screen_hooks — load failed: URL class: JavaException
[0359|t+19041ms|ThreadId(2)] [Rsift] WARN RsiftUiBridge load failed: URL class: JavaException
[0360|t+19041ms|ThreadId(2)] [warn] screen_hooks — load failed: URL class: JavaException
[0361|t+19345ms|ThreadId(2)] [warn] screen_hooks — load failed: load ScreenHooks: JavaException
[0362|t+19347ms|ThreadId(2)] [Rsift] WARN RsiftUiBridge load failed: URL class: JavaException
[0363|t+19347ms|ThreadId(2)] [Rsift] WARN RsiftModBridge load failed: URL class: JavaException
[0364|t+19349ms|ThreadId(2)] [warn] screen_hooks — load failed: URL class: JavaException
[0365|t+19349ms|ThreadId(2)] [Rsift] WARN RsiftUiBridge load failed: URL class: JavaException
[0366|t+19350ms|ThreadId(2)] [warn] screen_hooks — load failed: URL class: JavaException
[0367|t+19620ms|ThreadId(2)] [warn] screen_hooks — load failed: load ScreenHooks: JavaException
[0368|t+19621ms|ThreadId(2)] [Rsift] WARN RsiftUiBridge load failed: URL class: JavaException
[0369|t+19621ms|ThreadId(2)] [Rsift] WARN RsiftModBridge load failed: URL class: JavaException
[0370|t+19622ms|ThreadId(2)] [warn] screen_hooks — load failed: URL class: JavaException
[0371|t+19622ms|ThreadId(2)] [Rsift] WARN RsiftUiBridge load failed: URL class: JavaException
[0372|t+19623ms|ThreadId(2)] [warn] screen_hooks — load failed: URL class: JavaException
[0373|t+19881ms|ThreadId(2)] [warn] screen_hooks — load failed: load ScreenHooks: JavaException
[0374|t+19881ms|ThreadId(2)] [Rsift] WARN RsiftUiBridge load failed: URL class: JavaException
[0375|t+19882ms|ThreadId(2)] [Rsift] WARN RsiftModBridge load failed: URL class: JavaException
[0376|t+19882ms|ThreadId(2)] [warn] screen_hooks — load failed: URL class: JavaException
[0377|t+19882ms|ThreadId(2)] [Rsift] WARN RsiftUiBridge load failed: URL class: JavaException
[0378|t+19883ms|ThreadId(2)] [warn] screen_hooks — load failed: URL class: JavaException
[0379|t+19883ms|ThreadId(2)] [Rsift] WARN RsiftModBridge load failed: URL class: JavaException
[0380|t+20136ms|ThreadId(2)] [warn] screen_hooks — load failed: load ScreenHooks: JavaException
[0381|t+20136ms|ThreadId(2)] [Rsift] WARN RsiftUiBridge load failed: URL class: JavaException
[0382|t+20137ms|ThreadId(2)] [Rsift] WARN RsiftModBridge load failed: URL class: JavaException
[0383|t+20137ms|ThreadId(2)] [warn] screen_hooks — load failed: URL class: JavaException
[0384|t+20138ms|ThreadId(2)] [Rsift] WARN RsiftUiBridge load failed: URL class: JavaException
[0385|t+20138ms|ThreadId(2)] [warn] screen_hooks — load failed: URL class: JavaException
[0386|t+20391ms|ThreadId(2)] [warn] screen_hooks — load failed: load ScreenHooks: JavaException
[0387|t+20392ms|ThreadId(2)] [Rsift] WARN RsiftUiBridge load failed: URL class: JavaException
[0388|t+20392ms|ThreadId(2)] [Rsift] WARN RsiftModBridge load failed: URL class: JavaException
[0389|t+20393ms|ThreadId(2)] [warn] screen_hooks — load failed: URL class: JavaException
[0390|t+20393ms|ThreadId(2)] [Rsift] WARN RsiftUiBridge load failed: URL class: JavaException
[0391|t+20393ms|ThreadId(2)] [warn] screen_hooks — load failed: URL class: JavaException
[0392|t+20651ms|ThreadId(2)] [warn] screen_hooks — load failed: load ScreenHooks: JavaException
[0393|t+20652ms|ThreadId(2)] [Rsift] WARN RsiftUiBridge load failed: URL class: JavaException
[0394|t+20653ms|ThreadId(2)] [Rsift] WARN RsiftModBridge load failed: URL class: JavaException
[0395|t+20653ms|ThreadId(2)] [warn] screen_hooks — load failed: URL class: JavaException
[0396|t+20654ms|ThreadId(2)] [Rsift] WARN RsiftUiBridge load failed: URL class: JavaException
[0397|t+20654ms|ThreadId(2)] [warn] screen_hooks — load failed: URL class: JavaException
[0398|t+20907ms|ThreadId(2)] [warn] screen_hooks — load failed: load ScreenHooks: JavaException
[0399|t+20908ms|ThreadId(2)] [Rsift] WARN RsiftUiBridge load failed: URL class: JavaException
[0400|t+20908ms|ThreadId(2)] [Rsift] WARN RsiftModBridge load failed: URL class: JavaException
[0401|t+20908ms|ThreadId(2)] [warn] screen_hooks — load failed: URL class: JavaException
[0402|t+20909ms|ThreadId(2)] [Rsift] WARN RsiftUiBridge load failed: URL class: JavaException
[0403|t+20909ms|ThreadId(2)] [warn] screen_hooks — load failed: URL class: JavaException
[0404|t+20910ms|ThreadId(2)] [Rsift] WARN RsiftModBridge load failed: URL class: JavaException
[0405|t+21163ms|ThreadId(2)] [warn] screen_hooks — load failed: load ScreenHooks: JavaException
[0406|t+21164ms|ThreadId(2)] [Rsift] WARN RsiftUiBridge load failed: URL class: JavaException
[0407|t+21164ms|ThreadId(2)] [Rsift] WARN RsiftModBridge load failed: URL class: JavaException
[0408|t+21165ms|ThreadId(2)] [warn] screen_hooks — load failed: URL class: JavaException
[0409|t+21165ms|ThreadId(2)] [Rsift] WARN RsiftUiBridge load failed: URL class: JavaException
[0410|t+21166ms|ThreadId(2)] [warn] screen_hooks — load failed: URL class: JavaException
[0411|t+21419ms|ThreadId(2)] [warn] screen_hooks — load failed: load ScreenHooks: JavaException
[0412|t+21420ms|ThreadId(2)] [Rsift] WARN RsiftUiBridge load failed: URL class: JavaException
[0413|t+21420ms|ThreadId(2)] [Rsift] WARN RsiftModBridge load failed: URL class: JavaException
[0414|t+21420ms|ThreadId(2)] [warn] screen_hooks — load failed: URL class: JavaException
[0415|t+21421ms|ThreadId(2)] [Rsift] WARN RsiftUiBridge load failed: URL class: JavaException
[0416|t+21421ms|ThreadId(2)] [warn] screen_hooks — load failed: URL class: JavaException
[0417|t+21674ms|ThreadId(2)] [warn] screen_hooks — load failed: load ScreenHooks: JavaException
[0418|t+21675ms|ThreadId(2)] [Rsift] WARN RsiftUiBridge load failed: URL class: JavaException
[0419|t+21676ms|ThreadId(2)] [Rsift] WARN RsiftModBridge load failed: URL class: JavaException
[0420|t+21676ms|ThreadId(2)] [warn] screen_hooks — load failed: URL class: JavaException
[0421|t+21677ms|ThreadId(2)] [Rsift] WARN RsiftUiBridge load failed: URL class: JavaException
[0422|t+21677ms|ThreadId(2)] [warn] screen_hooks — load failed: URL class: JavaException
[0423|t+21931ms|ThreadId(2)] [warn] screen_hooks — load failed: load ScreenHooks: JavaException
[0424|t+21932ms|ThreadId(2)] [Rsift] WARN RsiftUiBridge load failed: URL class: JavaException
[0425|t+21932ms|ThreadId(2)] [Rsift] WARN RsiftModBridge load failed: URL class: JavaException
[0426|t+21933ms|ThreadId(2)] [warn] screen_hooks — load failed: URL class: JavaException
[0427|t+21933ms|ThreadId(2)] [Rsift] WARN RsiftUiBridge load failed: URL class: JavaException
[0428|t+21933ms|ThreadId(2)] [warn] screen_hooks — load failed: URL class: JavaException
[0429|t+21934ms|ThreadId(2)] [Rsift] WARN RsiftModBridge load failed: URL class: JavaException
[0430|t+22187ms|ThreadId(2)] [warn] screen_hooks — load failed: load ScreenHooks: JavaException
[0431|t+22187ms|ThreadId(2)] [Rsift] WARN RsiftUiBridge load failed: URL class: JavaException
[0432|t+22188ms|ThreadId(2)] [Rsift] WARN RsiftModBridge load failed: URL class: JavaException
[0433|t+22188ms|ThreadId(2)] [warn] screen_hooks — load failed: URL class: JavaException
[0434|t+22188ms|ThreadId(2)] [Rsift] WARN RsiftUiBridge load failed: URL class: JavaException
[0435|t+22190ms|ThreadId(2)] [warn] screen_hooks — load failed: URL class: JavaException
[0436|t+22443ms|ThreadId(2)] [warn] screen_hooks — load failed: load ScreenHooks: JavaException
[0437|t+22443ms|ThreadId(2)] [Rsift] WARN RsiftUiBridge load failed: URL class: JavaException
[0438|t+22444ms|ThreadId(2)] [Rsift] WARN RsiftModBridge load failed: URL class: JavaException
[0439|t+22444ms|ThreadId(2)] [warn] screen_hooks — load failed: URL class: JavaException
[0440|t+22444ms|ThreadId(2)] [Rsift] WARN RsiftUiBridge load failed: URL class: JavaException
[0441|t+22445ms|ThreadId(2)] [warn] screen_hooks — load failed: URL class: JavaException
[0442|t+22698ms|ThreadId(2)] [warn] screen_hooks — load failed: load ScreenHooks: JavaException
[0443|t+22699ms|ThreadId(2)] [Rsift] WARN RsiftUiBridge load failed: URL class: JavaException
[0444|t+22700ms|ThreadId(2)] [Rsift] WARN RsiftModBridge load failed: URL class: JavaException
[0445|t+22700ms|ThreadId(2)] [warn] screen_hooks — load failed: URL class: JavaException
[0446|t+22701ms|ThreadId(2)] [Rsift] WARN RsiftUiBridge load failed: URL class: JavaException
[0447|t+22701ms|ThreadId(2)] [warn] screen_hooks — load failed: URL class: JavaException
[0448|t+22955ms|ThreadId(2)] [warn] screen_hooks — load failed: load ScreenHooks: JavaException
[0449|t+22956ms|ThreadId(2)] [Rsift] WARN RsiftUiBridge load failed: URL class: JavaException
[0450|t+22956ms|ThreadId(2)] [Rsift] WARN RsiftModBridge load failed: URL class: JavaException
[0451|t+22956ms|ThreadId(2)] [warn] screen_hooks — load failed: URL class: JavaException
[0452|t+22957ms|ThreadId(2)] [Rsift] WARN RsiftUiBridge load failed: URL class: JavaException
[0453|t+22957ms|ThreadId(2)] [warn] screen_hooks — load failed: URL class: JavaException
[0454|t+22957ms|ThreadId(2)] [Rsift] WARN RsiftModBridge load failed: URL class: JavaException
[0455|t+23210ms|ThreadId(2)] [warn] screen_hooks — load failed: load ScreenHooks: JavaException
[0456|t+23210ms|ThreadId(2)] [Rsift] WARN RsiftUiBridge load failed: URL class: JavaException
[0457|t+23211ms|ThreadId(2)] [Rsift] WARN RsiftModBridge load failed: URL class: JavaException
[0458|t+23211ms|ThreadId(2)] [warn] screen_hooks — load failed: URL class: JavaException
[0459|t+23212ms|ThreadId(2)] [Rsift] WARN RsiftUiBridge load failed: URL class: JavaException
[0460|t+23212ms|ThreadId(2)] [warn] screen_hooks — load failed: URL class: JavaException
[0461|t+23465ms|ThreadId(2)] [warn] screen_hooks — load failed: load ScreenHooks: JavaException
[0462|t+23465ms|ThreadId(2)] [Rsift] WARN RsiftUiBridge load failed: URL class: JavaException
[0463|t+23466ms|ThreadId(2)] [Rsift] WARN RsiftModBridge load failed: URL class: JavaException
[0464|t+23466ms|ThreadId(2)] [warn] screen_hooks — load failed: URL class: JavaException
[0465|t+23467ms|ThreadId(2)] [Rsift] WARN RsiftUiBridge load failed: URL class: JavaException
[0466|t+23467ms|ThreadId(2)] [warn] screen_hooks — load failed: URL class: JavaException
[0467|t+23721ms|ThreadId(2)] [warn] screen_hooks — load failed: load ScreenHooks: JavaException
[0468|t+23721ms|ThreadId(2)] [Rsift] WARN RsiftUiBridge load failed: URL class: JavaException
[0469|t+23722ms|ThreadId(2)] [Rsift] WARN RsiftModBridge load failed: URL class: JavaException
[0470|t+23722ms|ThreadId(2)] [warn] screen_hooks — load failed: URL class: JavaException
[0471|t+23723ms|ThreadId(2)] [Rsift] WARN RsiftUiBridge load failed: URL class: JavaException
[0472|t+23723ms|ThreadId(2)] [warn] screen_hooks — load failed: URL class: JavaException
[0473|t+23976ms|ThreadId(2)] [warn] screen_hooks — load failed: load ScreenHooks: JavaException
[0474|t+23977ms|ThreadId(2)] [Rsift] WARN RsiftUiBridge load failed: URL class: JavaException
[0475|t+23977ms|ThreadId(2)] [Rsift] WARN RsiftModBridge load failed: URL class: JavaException
[0476|t+23977ms|ThreadId(2)] [warn] screen_hooks — load failed: URL class: JavaException
[0477|t+23978ms|ThreadId(2)] [Rsift] WARN RsiftUiBridge load failed: URL class: JavaException
[0478|t+23978ms|ThreadId(2)] [warn] screen_hooks — load failed: URL class: JavaException
[0479|t+23979ms|ThreadId(2)] [Rsift] WARN RsiftModBridge load failed: URL class: JavaException
[0480|t+24231ms|ThreadId(2)] [warn] screen_hooks — load failed: load ScreenHooks: JavaException
[0481|t+24232ms|ThreadId(2)] [Rsift] WARN RsiftUiBridge load failed: URL class: JavaException
[0482|t+24232ms|ThreadId(2)] [Rsift] WARN RsiftModBridge load failed: URL class: JavaException
[0483|t+24233ms|ThreadId(2)] [warn] screen_hooks — load failed: URL class: JavaException
[0484|t+24233ms|ThreadId(2)] [Rsift] WARN RsiftUiBridge load failed: URL class: JavaException
[0485|t+24233ms|ThreadId(2)] [warn] screen_hooks — load failed: URL class: JavaException
[0486|t+24487ms|ThreadId(2)] [warn] screen_hooks — load failed: load ScreenHooks: JavaException
[0487|t+24488ms|ThreadId(2)] [Rsift] WARN RsiftUiBridge load failed: URL class: JavaException
[0488|t+24488ms|ThreadId(2)] [Rsift] WARN RsiftModBridge load failed: URL class: JavaException
[0489|t+24489ms|ThreadId(2)] [warn] screen_hooks — load failed: URL class: JavaException
[0490|t+24489ms|ThreadId(2)] [Rsift] WARN RsiftUiBridge load failed: URL class: JavaException
[0491|t+24489ms|ThreadId(2)] [warn] screen_hooks — load failed: URL class: JavaException
[0492|t+24742ms|ThreadId(2)] [warn] screen_hooks — load failed: load ScreenHooks: JavaException
[0493|t+24743ms|ThreadId(2)] [Rsift] WARN RsiftUiBridge load failed: URL class: JavaException
[0494|t+24743ms|ThreadId(2)] [Rsift] WARN RsiftModBridge load failed: URL class: JavaException
[0495|t+24744ms|ThreadId(2)] [warn] screen_hooks — load failed: URL class: JavaException
[0496|t+24744ms|ThreadId(2)] [Rsift] WARN RsiftUiBridge load failed: URL class: JavaException
[0497|t+24744ms|ThreadId(2)] [warn] screen_hooks — load failed: URL class: JavaException
[0498|t+24997ms|ThreadId(2)] [warn] screen_hooks — load failed: load ScreenHooks: JavaException
[0499|t+24998ms|ThreadId(2)] [Rsift] WARN RsiftUiBridge load failed: URL class: JavaException
[0500|t+24998ms|ThreadId(2)] [Rsift] WARN RsiftModBridge load failed: URL class: JavaException
[0501|t+24999ms|ThreadId(2)] [warn] screen_hooks — load failed: URL class: JavaException
[0502|t+24999ms|ThreadId(2)] [Rsift] WARN RsiftUiBridge load failed: URL class: JavaException
[0503|t+24999ms|ThreadId(2)] [warn] screen_hooks — load failed: URL class: JavaException
[0504|t+25000ms|ThreadId(2)] [Rsift] WARN RsiftModBridge load failed: URL class: JavaException
[0505|t+25253ms|ThreadId(2)] [warn] screen_hooks — load failed: load ScreenHooks: JavaException
[0506|t+25253ms|ThreadId(2)] [Rsift] WARN RsiftUiBridge load failed: URL class: JavaException
[0507|t+25254ms|ThreadId(2)] [Rsift] WARN RsiftModBridge load failed: URL class: JavaException
[0508|t+25254ms|ThreadId(2)] [warn] screen_hooks — load failed: URL class: JavaException
[0509|t+25255ms|ThreadId(2)] [Rsift] WARN RsiftUiBridge load failed: URL class: JavaException
[0510|t+25255ms|ThreadId(2)] [warn] screen_hooks — load failed: URL class: JavaException
[0511|t+25508ms|ThreadId(2)] [warn] screen_hooks — load failed: load ScreenHooks: JavaException
[0512|t+25508ms|ThreadId(2)] [Rsift] WARN RsiftUiBridge load failed: URL class: JavaException
[0513|t+25509ms|ThreadId(2)] [Rsift] WARN RsiftModBridge load failed: URL class: JavaException
[0514|t+25509ms|ThreadId(2)] [warn] screen_hooks — load failed: URL class: JavaException
[0515|t+25510ms|ThreadId(2)] [Rsift] WARN RsiftUiBridge load failed: URL class: JavaException
[0516|t+25510ms|ThreadId(2)] [warn] screen_hooks — load failed: URL class: JavaException
[0517|t+25763ms|ThreadId(2)] [warn] screen_hooks — load failed: load ScreenHooks: JavaException
[0518|t+25764ms|ThreadId(2)] [Rsift] WARN RsiftUiBridge load failed: URL class: JavaException
[0519|t+25764ms|ThreadId(2)] [Rsift] WARN RsiftModBridge load failed: URL class: JavaException
[0520|t+25764ms|ThreadId(2)] [warn] screen_hooks — load failed: URL class: JavaException
[0521|t+25765ms|ThreadId(2)] [Rsift] WARN RsiftUiBridge load failed: URL class: JavaException
[0522|t+25765ms|ThreadId(2)] [warn] screen_hooks — load failed: URL class: JavaException
[0523|t+26018ms|ThreadId(2)] [warn] screen_hooks — load failed: load ScreenHooks: JavaException
[0524|t+26019ms|ThreadId(2)] [Rsift] WARN RsiftUiBridge load failed: URL class: JavaException
[0525|t+26019ms|ThreadId(2)] [Rsift] WARN RsiftModBridge load failed: URL class: JavaException
[0526|t+26020ms|ThreadId(2)] [warn] screen_hooks — load failed: URL class: JavaException
[0527|t+26020ms|ThreadId(2)] [Rsift] WARN RsiftUiBridge load failed: URL class: JavaException
[0528|t+26020ms|ThreadId(2)] [warn] screen_hooks — load failed: URL class: JavaException
[0529|t+26021ms|ThreadId(2)] [Rsift] WARN RsiftModBridge load failed: URL class: JavaException
[0530|t+26311ms|ThreadId(2)] [warn] screen_hooks — load failed: load ScreenHooks: JavaException
[0531|t+26312ms|ThreadId(2)] [Rsift] WARN RsiftUiBridge load failed: URL class: JavaException
[0532|t+26312ms|ThreadId(2)] [Rsift] WARN RsiftModBridge load failed: URL class: JavaException
[0533|t+26312ms|ThreadId(2)] [warn] screen_hooks — load failed: URL class: JavaException
[0534|t+26313ms|ThreadId(2)] [Rsift] WARN RsiftUiBridge load failed: URL class: JavaException
[0535|t+26313ms|ThreadId(2)] [warn] screen_hooks — load failed: URL class: JavaException
[0536|t+26567ms|ThreadId(2)] [warn] screen_hooks — load failed: load ScreenHooks: JavaException
[0537|t+26568ms|ThreadId(2)] [Rsift] WARN RsiftUiBridge load failed: URL class: JavaException
[0538|t+26568ms|ThreadId(2)] [Rsift] WARN RsiftModBridge load failed: URL class: JavaException
[0539|t+26569ms|ThreadId(2)] [warn] screen_hooks — load failed: URL class: JavaException
[0540|t+26569ms|ThreadId(2)] [Rsift] WARN RsiftUiBridge load failed: URL class: JavaException
[0541|t+26570ms|ThreadId(2)] [warn] screen_hooks — load failed: URL class: JavaException
[0542|t+26823ms|ThreadId(2)] [warn] screen_hooks — load failed: load ScreenHooks: JavaException
[0543|t+26824ms|ThreadId(2)] [Rsift] WARN RsiftUiBridge load failed: URL class: JavaException
[0544|t+26824ms|ThreadId(2)] [Rsift] WARN RsiftModBridge load failed: URL class: JavaException
[0545|t+26825ms|ThreadId(2)] [warn] screen_hooks — load failed: URL class: JavaException
[0546|t+26825ms|ThreadId(2)] [Rsift] WARN RsiftUiBridge load failed: URL class: JavaException
[0547|t+26826ms|ThreadId(2)] [warn] screen_hooks — load failed: URL class: JavaException
[0548|t+27079ms|ThreadId(2)] [warn] screen_hooks — load failed: load ScreenHooks: JavaException
[0549|t+27080ms|ThreadId(2)] [Rsift] WARN RsiftUiBridge load failed: URL class: JavaException
[0550|t+27080ms|ThreadId(2)] [Rsift] WARN RsiftModBridge load failed: URL class: JavaException
[0551|t+27081ms|ThreadId(2)] [warn] screen_hooks — load failed: URL class: JavaException
[0552|t+27081ms|ThreadId(2)] [Rsift] WARN RsiftUiBridge load failed: URL class: JavaException
[0553|t+27081ms|ThreadId(2)] [warn] screen_hooks — load failed: URL class: JavaException
[0554|t+27082ms|ThreadId(2)] [Rsift] WARN RsiftModBridge load failed: URL class: JavaException
[0555|t+27334ms|ThreadId(2)] [warn] screen_hooks — load failed: load ScreenHooks: JavaException
[0556|t+27335ms|ThreadId(2)] [Rsift] WARN RsiftUiBridge load failed: URL class: JavaException
[0557|t+27335ms|ThreadId(2)] [Rsift] WARN RsiftModBridge load failed: URL class: JavaException
[0558|t+27335ms|ThreadId(2)] [warn] screen_hooks — load failed: URL class: JavaException
[0559|t+27336ms|ThreadId(2)] [Rsift] WARN RsiftUiBridge load failed: URL class: JavaException
[0560|t+27336ms|ThreadId(2)] [warn] screen_hooks — load failed: URL class: JavaException
[0561|t+27590ms|ThreadId(2)] [warn] screen_hooks — load failed: load ScreenHooks: JavaException
[0562|t+27591ms|ThreadId(2)] [Rsift] WARN RsiftUiBridge load failed: URL class: JavaException
[0563|t+27591ms|ThreadId(2)] [Rsift] WARN RsiftModBridge load failed: URL class: JavaException
[0564|t+27592ms|ThreadId(2)] [warn] screen_hooks — load failed: URL class: JavaException
[0565|t+27592ms|ThreadId(2)] [Rsift] WARN RsiftUiBridge load failed: URL class: JavaException
[0566|t+27593ms|ThreadId(2)] [warn] screen_hooks — load failed: URL class: JavaException
[0567|t+27845ms|ThreadId(2)] [warn] screen_hooks — load failed: load ScreenHooks: JavaException
[0568|t+27846ms|ThreadId(2)] [Rsift] WARN RsiftUiBridge load failed: URL class: JavaException
[0569|t+27846ms|ThreadId(2)] [Rsift] WARN RsiftModBridge load failed: URL class: JavaException
[0570|t+27846ms|ThreadId(2)] [warn] screen_hooks — load failed: URL class: JavaException
[0571|t+27847ms|ThreadId(2)] [Rsift] WARN RsiftUiBridge load failed: URL class: JavaException
[0572|t+27847ms|ThreadId(2)] [warn] screen_hooks — load failed: URL class: JavaException
[0573|t+28100ms|ThreadId(2)] [warn] screen_hooks — load failed: load ScreenHooks: JavaException
[0574|t+28101ms|ThreadId(2)] [Rsift] WARN RsiftUiBridge load failed: URL class: JavaException
[0575|t+28101ms|ThreadId(2)] [Rsift] WARN RsiftModBridge load failed: URL class: JavaException
[0576|t+28101ms|ThreadId(2)] [warn] screen_hooks — load failed: URL class: JavaException
[0577|t+28102ms|ThreadId(2)] [Rsift] WARN RsiftUiBridge load failed: URL class: JavaException
[0578|t+28102ms|ThreadId(2)] [warn] screen_hooks — load failed: URL class: JavaException
[0579|t+28102ms|ThreadId(2)] [Rsift] WARN RsiftModBridge load failed: URL class: JavaException
[0580|t+28356ms|ThreadId(2)] [warn] screen_hooks — load failed: load ScreenHooks: JavaException
[0581|t+28357ms|ThreadId(2)] [Rsift] WARN RsiftUiBridge load failed: URL class: JavaException
[0582|t+28357ms|ThreadId(2)] [Rsift] WARN RsiftModBridge load failed: URL class: JavaException
[0583|t+28357ms|ThreadId(2)] [warn] screen_hooks — load failed: URL class: JavaException
[0584|t+28359ms|ThreadId(2)] [Rsift] WARN RsiftUiBridge load failed: URL class: JavaException
[0585|t+28359ms|ThreadId(2)] [warn] screen_hooks — load failed: URL class: JavaException
[0586|t+28613ms|ThreadId(2)] [warn] screen_hooks — load failed: load ScreenHooks: JavaException
[0587|t+28613ms|ThreadId(2)] [Rsift] WARN RsiftUiBridge load failed: URL class: JavaException
[0588|t+28614ms|ThreadId(2)] [Rsift] WARN RsiftModBridge load failed: URL class: JavaException
[0589|t+28614ms|ThreadId(2)] [warn] screen_hooks — load failed: URL class: JavaException
[0590|t+28614ms|ThreadId(2)] [Rsift] WARN RsiftUiBridge load failed: URL class: JavaException
[0591|t+28615ms|ThreadId(2)] [warn] screen_hooks — load failed: URL class: JavaException
[0592|t+28869ms|ThreadId(2)] [warn] screen_hooks — load failed: load ScreenHooks: JavaException
[0593|t+28869ms|ThreadId(2)] [Rsift] WARN RsiftUiBridge load failed: URL class: JavaException
[0594|t+28870ms|ThreadId(2)] [Rsift] WARN RsiftModBridge load failed: URL class: JavaException
[0595|t+28870ms|ThreadId(2)] [warn] screen_hooks — load failed: URL class: JavaException
[0596|t+28871ms|ThreadId(2)] [Rsift] WARN RsiftUiBridge load failed: URL class: JavaException
[0597|t+28872ms|ThreadId(2)] [warn] screen_hooks — load failed: URL class: JavaException
[0598|t+29130ms|ThreadId(2)] [warn] screen_hooks — load failed: load ScreenHooks: JavaException
[0599|t+29131ms|ThreadId(2)] [Rsift] WARN RsiftUiBridge load failed: URL class: JavaException
[0600|t+29131ms|ThreadId(2)] [Rsift] WARN RsiftModBridge load failed: URL class: JavaException
[0601|t+29132ms|ThreadId(2)] [warn] screen_hooks — load failed: URL class: JavaException
[0602|t+29132ms|ThreadId(2)] [Rsift] WARN RsiftUiBridge load failed: URL class: JavaException
[0603|t+29133ms|ThreadId(2)] [warn] screen_hooks — load failed: URL class: JavaException
[0604|t+29133ms|ThreadId(2)] [Rsift] WARN RsiftModBridge load failed: URL class: JavaException
[0605|t+29387ms|ThreadId(2)] [warn] screen_hooks — load failed: load ScreenHooks: JavaException
[0606|t+29388ms|ThreadId(2)] [Rsift] WARN RsiftUiBridge load failed: URL class: JavaException
[0607|t+29389ms|ThreadId(2)] [Rsift] WARN RsiftModBridge load failed: URL class: JavaException
[0608|t+29390ms|ThreadId(2)] [warn] screen_hooks — load failed: URL class: JavaException
[0609|t+29390ms|ThreadId(2)] [Rsift] WARN RsiftUiBridge load failed: URL class: JavaException
[0610|t+29391ms|ThreadId(2)] [warn] screen_hooks — load failed: URL class: JavaException
[0611|t+29646ms|ThreadId(2)] [warn] screen_hooks — load failed: load ScreenHooks: JavaException
[0612|t+29646ms|ThreadId(2)] [Rsift] WARN RsiftUiBridge load failed: URL class: JavaException
[0613|t+29647ms|ThreadId(2)] [Rsift] WARN RsiftModBridge load failed: URL class: JavaException
[0614|t+29647ms|ThreadId(2)] [warn] screen_hooks — load failed: URL class: JavaException
[0615|t+29647ms|ThreadId(2)] [Rsift] WARN RsiftUiBridge load failed: URL class: JavaException
[0616|t+29648ms|ThreadId(2)] [warn] screen_hooks — load failed: URL class: JavaException
[0617|t+29900ms|ThreadId(2)] [warn] screen_hooks — load failed: load ScreenHooks: JavaException
[0618|t+29901ms|ThreadId(2)] [Rsift] WARN RsiftUiBridge load failed: URL class: JavaException
[0619|t+29901ms|ThreadId(2)] [Rsift] WARN RsiftModBridge load failed: URL class: JavaException
[0620|t+29901ms|ThreadId(2)] [warn] screen_hooks — load failed: URL class: JavaException
[0621|t+29902ms|ThreadId(2)] [Rsift] WARN RsiftUiBridge load failed: URL class: JavaException
[0622|t+29902ms|ThreadId(2)] [warn] screen_hooks — load failed: URL class: JavaException
[0623|t+30155ms|ThreadId(2)] [warn] screen_hooks — load failed: load ScreenHooks: JavaException
[0624|t+30156ms|ThreadId(2)] [Rsift] WARN RsiftUiBridge load failed: URL class: JavaException
[0625|t+30156ms|ThreadId(2)] [Rsift] WARN RsiftModBridge load failed: URL class: JavaException
[0626|t+30157ms|ThreadId(2)] [warn] screen_hooks — load failed: URL class: JavaException
[0627|t+30157ms|ThreadId(2)] [Rsift] WARN RsiftUiBridge load failed: URL class: JavaException
[0628|t+30157ms|ThreadId(2)] [warn] screen_hooks — load failed: URL class: JavaException
[0629|t+30158ms|ThreadId(2)] [Rsift] WARN RsiftModBridge load failed: URL class: JavaException
[0630|t+30411ms|ThreadId(2)] [warn] screen_hooks — load failed: load ScreenHooks: JavaException
[0631|t+30412ms|ThreadId(2)] [Rsift] WARN RsiftUiBridge load failed: URL class: JavaException
[0632|t+30413ms|ThreadId(2)] [Rsift] WARN RsiftModBridge load failed: URL class: JavaException
[0633|t+30413ms|ThreadId(2)] [warn] screen_hooks — load failed: URL class: JavaException
[0634|t+30414ms|ThreadId(2)] [Rsift] WARN RsiftUiBridge load failed: URL class: JavaException
[0635|t+30414ms|ThreadId(2)] [warn] screen_hooks — load failed: URL class: JavaException
[0636|t+30668ms|ThreadId(2)] [warn] screen_hooks — load failed: load ScreenHooks: JavaException
[0637|t+30668ms|ThreadId(2)] [Rsift] WARN RsiftUiBridge load failed: URL class: JavaException
[0638|t+30669ms|ThreadId(2)] [Rsift] WARN RsiftModBridge load failed: URL class: JavaException
[0639|t+30669ms|ThreadId(2)] [warn] screen_hooks — load failed: URL class: JavaException
[0640|t+30669ms|ThreadId(2)] [Rsift] WARN RsiftUiBridge load failed: URL class: JavaException
[0641|t+30670ms|ThreadId(2)] [warn] screen_hooks — load failed: URL class: JavaException
[0642|t+30923ms|ThreadId(2)] [warn] screen_hooks — load failed: load ScreenHooks: JavaException
[0643|t+30923ms|ThreadId(2)] [Rsift] WARN RsiftUiBridge load failed: URL class: JavaException
[0644|t+30924ms|ThreadId(2)] [Rsift] WARN RsiftModBridge load failed: URL class: JavaException
[0645|t+30924ms|ThreadId(2)] [warn] screen_hooks — load failed: URL class: JavaException
[0646|t+30925ms|ThreadId(2)] [Rsift] WARN RsiftUiBridge load failed: URL class: JavaException
[0647|t+30925ms|ThreadId(2)] [warn] screen_hooks — load failed: URL class: JavaException
[0648|t+31178ms|ThreadId(2)] [warn] screen_hooks — load failed: load ScreenHooks: JavaException
[0649|t+31179ms|ThreadId(2)] [Rsift] WARN RsiftUiBridge load failed: URL class: JavaException
[0650|t+31179ms|ThreadId(2)] [Rsift] WARN RsiftModBridge load failed: URL class: JavaException
[0651|t+31180ms|ThreadId(2)] [warn] screen_hooks — load failed: URL class: JavaException
[0652|t+31180ms|ThreadId(2)] [Rsift] WARN RsiftUiBridge load failed: URL class: JavaException
[0653|t+31180ms|ThreadId(2)] [warn] screen_hooks — load failed: URL class: JavaException
[0654|t+31181ms|ThreadId(2)] [Rsift] WARN RsiftModBridge load failed: URL class: JavaException
[0655|t+31433ms|ThreadId(2)] [warn] screen_hooks — load failed: load ScreenHooks: JavaException
[0656|t+31434ms|ThreadId(2)] [Rsift] WARN RsiftUiBridge load failed: URL class: JavaException
[0657|t+31434ms|ThreadId(2)] [Rsift] WARN RsiftModBridge load failed: URL class: JavaException
[0658|t+31435ms|ThreadId(2)] [warn] screen_hooks — load failed: URL class: JavaException
[0659|t+31435ms|ThreadId(2)] [Rsift] WARN RsiftUiBridge load failed: URL class: JavaException
[0660|t+31436ms|ThreadId(2)] [warn] screen_hooks — load failed: URL class: JavaException
[0661|t+31688ms|ThreadId(2)] [warn] screen_hooks — load failed: load ScreenHooks: JavaException
[0662|t+31689ms|ThreadId(2)] [Rsift] WARN RsiftUiBridge load failed: URL class: JavaException
[0663|t+31689ms|ThreadId(2)] [Rsift] WARN RsiftModBridge load failed: URL class: JavaException
[0664|t+31690ms|ThreadId(2)] [warn] screen_hooks — load failed: URL class: JavaException
[0665|t+31690ms|ThreadId(2)] [Rsift] WARN RsiftUiBridge load failed: URL class: JavaException
[0666|t+31690ms|ThreadId(2)] [warn] screen_hooks — load failed: URL class: JavaException
[0667|t+31943ms|ThreadId(2)] [warn] screen_hooks — load failed: load ScreenHooks: JavaException
[0668|t+31944ms|ThreadId(2)] [Rsift] WARN RsiftUiBridge load failed: URL class: JavaException
[0669|t+31944ms|ThreadId(2)] [Rsift] WARN RsiftModBridge load failed: URL class: JavaException
[0670|t+31944ms|ThreadId(2)] [warn] screen_hooks — load failed: URL class: JavaException
[0671|t+31945ms|ThreadId(2)] [Rsift] WARN RsiftUiBridge load failed: URL class: JavaException
[0672|t+31945ms|ThreadId(2)] [warn] screen_hooks — load failed: URL class: JavaException
[0673|t+32198ms|ThreadId(2)] [warn] screen_hooks — load failed: load ScreenHooks: JavaException
[0674|t+32199ms|ThreadId(2)] [Rsift] WARN RsiftUiBridge load failed: URL class: JavaException
[0675|t+32199ms|ThreadId(2)] [Rsift] WARN RsiftModBridge load failed: URL class: JavaException
[0676|t+32200ms|ThreadId(2)] [warn] screen_hooks — load failed: URL class: JavaException
[0677|t+32200ms|ThreadId(2)] [Rsift] WARN RsiftUiBridge load failed: URL class: JavaException
[0678|t+32201ms|ThreadId(2)] [warn] screen_hooks — load failed: URL class: JavaException
[0679|t+32201ms|ThreadId(2)] [Rsift] WARN RsiftModBridge load failed: URL class: JavaException
[0680|t+32454ms|ThreadId(2)] [warn] screen_hooks — load failed: load ScreenHooks: JavaException
[0681|t+32455ms|ThreadId(2)] [Rsift] WARN RsiftUiBridge load failed: URL class: JavaException
[0682|t+32455ms|ThreadId(2)] [Rsift] WARN RsiftModBridge load failed: URL class: JavaException
[0683|t+32456ms|ThreadId(2)] [warn] screen_hooks — load failed: URL class: JavaException
[0684|t+32456ms|ThreadId(2)] [Rsift] WARN RsiftUiBridge load failed: URL class: JavaException
[0685|t+32457ms|ThreadId(2)] [warn] screen_hooks — load failed: URL class: JavaException
[0686|t+32710ms|ThreadId(2)] [warn] screen_hooks — load failed: load ScreenHooks: JavaException
[0687|t+32710ms|ThreadId(2)] [Rsift] WARN RsiftUiBridge load failed: URL class: JavaException
[0688|t+32711ms|ThreadId(2)] [Rsift] WARN RsiftModBridge load failed: URL class: JavaException
[0689|t+32711ms|ThreadId(2)] [warn] screen_hooks — load failed: URL class: JavaException
[0690|t+32711ms|ThreadId(2)] [Rsift] WARN RsiftUiBridge load failed: URL class: JavaException
[0691|t+32712ms|ThreadId(2)] [warn] screen_hooks — load failed: URL class: JavaException
[0692|t+32965ms|ThreadId(2)] [warn] screen_hooks — load failed: load ScreenHooks: JavaException
[0693|t+32966ms|ThreadId(2)] [Rsift] WARN RsiftUiBridge load failed: URL class: JavaException
[0694|t+32966ms|ThreadId(2)] [Rsift] WARN RsiftModBridge load failed: URL class: JavaException
[0695|t+32966ms|ThreadId(2)] [warn] screen_hooks — load failed: URL class: JavaException
[0696|t+32967ms|ThreadId(2)] [Rsift] WARN RsiftUiBridge load failed: URL class: JavaException
[0697|t+32967ms|ThreadId(2)] [warn] screen_hooks — load failed: URL class: JavaException
[0698|t+33220ms|ThreadId(2)] [warn] screen_hooks — load failed: load ScreenHooks: JavaException
[0699|t+33221ms|ThreadId(2)] [Rsift] WARN RsiftUiBridge load failed: URL class: JavaException
[0700|t+33221ms|ThreadId(2)] [Rsift] WARN RsiftModBridge load failed: URL class: JavaException
[0701|t+33221ms|ThreadId(2)] [warn] screen_hooks — load failed: URL class: JavaException
[0702|t+33222ms|ThreadId(2)] [Rsift] WARN RsiftUiBridge load failed: URL class: JavaException
[0703|t+33222ms|ThreadId(2)] [warn] screen_hooks — load failed: URL class: JavaException
[0704|t+33223ms|ThreadId(2)] [Rsift] WARN RsiftModBridge load failed: URL class: JavaException
[0705|t+33476ms|ThreadId(2)] [warn] screen_hooks — load failed: load ScreenHooks: JavaException
[0706|t+33477ms|ThreadId(2)] [Rsift] WARN RsiftUiBridge load failed: URL class: JavaException
[0707|t+33477ms|ThreadId(2)] [Rsift] WARN RsiftModBridge load failed: URL class: JavaException
[0708|t+33478ms|ThreadId(2)] [warn] screen_hooks — load failed: URL class: JavaException
[0709|t+33478ms|ThreadId(2)] [Rsift] WARN RsiftUiBridge load failed: URL class: JavaException
[0710|t+33478ms|ThreadId(2)] [warn] screen_hooks — load failed: URL class: JavaException
[0711|t+33732ms|ThreadId(2)] [warn] screen_hooks — load failed: load ScreenHooks: JavaException
[0712|t+33732ms|ThreadId(2)] [Rsift] WARN RsiftUiBridge load failed: URL class: JavaException
[0713|t+33733ms|ThreadId(2)] [Rsift] WARN RsiftModBridge load failed: URL class: JavaException
[0714|t+33733ms|ThreadId(2)] [warn] screen_hooks — load failed: URL class: JavaException
[0715|t+33734ms|ThreadId(2)] [Rsift] WARN RsiftUiBridge load failed: URL class: JavaException
[0716|t+33734ms|ThreadId(2)] [warn] screen_hooks — load failed: URL class: JavaException
[0717|t+33987ms|ThreadId(2)] [warn] screen_hooks — load failed: load ScreenHooks: JavaException
[0718|t+33988ms|ThreadId(2)] [Rsift] WARN RsiftUiBridge load failed: URL class: JavaException
[0719|t+33989ms|ThreadId(2)] [Rsift] WARN RsiftModBridge load failed: URL class: JavaException
[0720|t+33989ms|ThreadId(2)] [warn] screen_hooks — load failed: URL class: JavaException
[0721|t+33989ms|ThreadId(2)] [Rsift] WARN RsiftUiBridge load failed: URL class: JavaException
[0722|t+33990ms|ThreadId(2)] [warn] screen_hooks — load failed: URL class: JavaException
[0723|t+34243ms|ThreadId(2)] [warn] screen_hooks — load failed: load ScreenHooks: JavaException
[0724|t+34244ms|ThreadId(2)] [Rsift] WARN RsiftUiBridge load failed: URL class: JavaException
[0725|t+34244ms|ThreadId(2)] [Rsift] WARN RsiftModBridge load failed: URL class: JavaException
[0726|t+34245ms|ThreadId(2)] [warn] screen_hooks — load failed: URL class: JavaException
[0727|t+34245ms|ThreadId(2)] [Rsift] WARN RsiftUiBridge load failed: URL class: JavaException
[0728|t+34245ms|ThreadId(2)] [warn] screen_hooks — load failed: URL class: JavaException
[0729|t+34246ms|ThreadId(2)] [Rsift] WARN RsiftModBridge load failed: URL class: JavaException
[0730|t+34499ms|ThreadId(2)] [warn] screen_hooks — load failed: load ScreenHooks: JavaException
[0731|t+34500ms|ThreadId(2)] [Rsift] WARN RsiftUiBridge load failed: URL class: JavaException
[0732|t+34500ms|ThreadId(2)] [Rsift] WARN RsiftModBridge load failed: URL class: JavaException
[0733|t+34501ms|ThreadId(2)] [warn] screen_hooks — load failed: URL class: JavaException
[0734|t+34501ms|ThreadId(2)] [Rsift] WARN RsiftUiBridge load failed: URL class: JavaException
[0735|t+34501ms|ThreadId(2)] [warn] screen_hooks — load failed: URL class: JavaException
[0736|t+34754ms|ThreadId(2)] [warn] screen_hooks — load failed: load ScreenHooks: JavaException
[0737|t+34755ms|ThreadId(2)] [Rsift] WARN RsiftUiBridge load failed: URL class: JavaException
[0738|t+34755ms|ThreadId(2)] [Rsift] WARN RsiftModBridge load failed: URL class: JavaException
[0739|t+34756ms|ThreadId(2)] [warn] screen_hooks — load failed: URL class: JavaException
[0740|t+34756ms|ThreadId(2)] [Rsift] WARN RsiftUiBridge load failed: URL class: JavaException
[0741|t+34757ms|ThreadId(2)] [warn] screen_hooks — load failed: URL class: JavaException
[0742|t+35010ms|ThreadId(2)] [warn] screen_hooks — load failed: load ScreenHooks: JavaException
[0743|t+35010ms|ThreadId(2)] [Rsift] WARN RsiftUiBridge load failed: URL class: JavaException
[0744|t+35011ms|ThreadId(2)] [Rsift] WARN RsiftModBridge load failed: URL class: JavaException
[0745|t+35011ms|ThreadId(2)] [warn] screen_hooks — load failed: URL class: JavaException
[0746|t+35011ms|ThreadId(2)] [Rsift] WARN RsiftUiBridge load failed: URL class: JavaException
[0747|t+35011ms|ThreadId(2)] [warn] screen_hooks — load failed: URL class: JavaException
[0748|t+35264ms|ThreadId(2)] [warn] screen_hooks — load failed: load ScreenHooks: JavaException
[0749|t+35265ms|ThreadId(2)] [Rsift] WARN RsiftUiBridge load failed: URL class: JavaException
[0750|t+35265ms|ThreadId(2)] [Rsift] WARN RsiftModBridge load failed: URL class: JavaException
[0751|t+35266ms|ThreadId(2)] [warn] screen_hooks — load failed: URL class: JavaException
[0752|t+35266ms|ThreadId(2)] [Rsift] WARN RsiftUiBridge load failed: URL class: JavaException
[0753|t+35267ms|ThreadId(2)] [warn] screen_hooks — load failed: URL class: JavaException
[0754|t+35267ms|ThreadId(2)] [Rsift] WARN RsiftModBridge load failed: URL class: JavaException
[0755|t+35521ms|ThreadId(2)] [warn] screen_hooks — load failed: load ScreenHooks: JavaException
[0756|t+35521ms|ThreadId(2)] [Rsift] WARN RsiftUiBridge load failed: URL class: JavaException
[0757|t+35522ms|ThreadId(2)] [Rsift] WARN RsiftModBridge load failed: URL class: JavaException
[0758|t+35522ms|ThreadId(2)] [warn] screen_hooks — load failed: URL class: JavaException
[0759|t+35523ms|ThreadId(2)] [Rsift] WARN RsiftUiBridge load failed: URL class: JavaException
[0760|t+35523ms|ThreadId(2)] [warn] screen_hooks — load failed: URL class: JavaException
[0761|t+35776ms|ThreadId(2)] [warn] screen_hooks — load failed: load ScreenHooks: JavaException
[0762|t+35777ms|ThreadId(2)] [Rsift] WARN RsiftUiBridge load failed: URL class: JavaException
[0763|t+35777ms|ThreadId(2)] [Rsift] WARN RsiftModBridge load failed: URL class: JavaException
[0764|t+35778ms|ThreadId(2)] [warn] screen_hooks — load failed: URL class: JavaException
[0765|t+35778ms|ThreadId(2)] [Rsift] WARN RsiftUiBridge load failed: URL class: JavaException
[0766|t+35779ms|ThreadId(2)] [warn] screen_hooks — load failed: URL class: JavaException
[0767|t+36032ms|ThreadId(2)] [warn] screen_hooks — load failed: load ScreenHooks: JavaException
[0768|t+36033ms|ThreadId(2)] [Rsift] WARN RsiftUiBridge load failed: URL class: JavaException
[0769|t+36033ms|ThreadId(2)] [Rsift] WARN RsiftModBridge load failed: URL class: JavaException
[0770|t+36033ms|ThreadId(2)] [warn] screen_hooks — load failed: URL class: JavaException
[0771|t+36034ms|ThreadId(2)] [Rsift] WARN RsiftUiBridge load failed: URL class: JavaException
[0772|t+36034ms|ThreadId(2)] [warn] screen_hooks — load failed: URL class: JavaException
[0773|t+36287ms|ThreadId(2)] [warn] screen_hooks — load failed: load ScreenHooks: JavaException
[0774|t+36288ms|ThreadId(2)] [Rsift] WARN RsiftUiBridge load failed: URL class: JavaException
[0775|t+36288ms|ThreadId(2)] [Rsift] WARN RsiftModBridge load failed: URL class: JavaException
[0776|t+36289ms|ThreadId(2)] [warn] screen_hooks — load failed: URL class: JavaException
[0777|t+36289ms|ThreadId(2)] [Rsift] WARN RsiftUiBridge load failed: URL class: JavaException
[0778|t+36290ms|ThreadId(2)] [warn] screen_hooks — load failed: URL class: JavaException
[0779|t+36290ms|ThreadId(2)] [Rsift] WARN RsiftModBridge load failed: URL class: JavaException
[0780|t+36544ms|ThreadId(2)] [warn] screen_hooks — load failed: load ScreenHooks: JavaException
[0781|t+36544ms|ThreadId(2)] [Rsift] WARN RsiftUiBridge load failed: URL class: JavaException
[0782|t+36545ms|ThreadId(2)] [Rsift] WARN RsiftModBridge load failed: URL class: JavaException
[0783|t+36545ms|ThreadId(2)] [warn] screen_hooks — load failed: URL class: JavaException
[0784|t+36546ms|ThreadId(2)] [Rsift] WARN RsiftUiBridge load failed: URL class: JavaException
[0785|t+36546ms|ThreadId(2)] [warn] screen_hooks — load failed: URL class: JavaException
[0786|t+36799ms|ThreadId(2)] [warn] screen_hooks — load failed: load ScreenHooks: JavaException
[0787|t+36799ms|ThreadId(2)] [Rsift] WARN RsiftUiBridge load failed: URL class: JavaException
[0788|t+36800ms|ThreadId(2)] [Rsift] WARN RsiftModBridge load failed: URL class: JavaException
[0789|t+36800ms|ThreadId(2)] [warn] screen_hooks — load failed: URL class: JavaException
[0790|t+36801ms|ThreadId(2)] [Rsift] WARN RsiftUiBridge load failed: URL class: JavaException
[0791|t+36801ms|ThreadId(2)] [warn] screen_hooks — load failed: URL class: JavaException
[0792|t+37054ms|ThreadId(2)] [warn] screen_hooks — load failed: load ScreenHooks: JavaException
[0793|t+37055ms|ThreadId(2)] [Rsift] WARN RsiftUiBridge load failed: URL class: JavaException
[0794|t+37056ms|ThreadId(2)] [Rsift] WARN RsiftModBridge load failed: URL class: JavaException
[0795|t+37056ms|ThreadId(2)] [warn] screen_hooks — load failed: URL class: JavaException
[0796|t+37056ms|ThreadId(2)] [Rsift] WARN RsiftUiBridge load failed: URL class: JavaException
[0797|t+37057ms|ThreadId(2)] [warn] screen_hooks — load failed: URL class: JavaException
[0798|t+37310ms|ThreadId(2)] [warn] screen_hooks — load failed: load ScreenHooks: JavaException
[0799|t+37310ms|ThreadId(2)] [Rsift] WARN RsiftUiBridge load failed: URL class: JavaException
[0800|t+37311ms|ThreadId(2)] [Rsift] WARN RsiftModBridge load failed: URL class: JavaException
[0801|t+37311ms|ThreadId(2)] [warn] screen_hooks — load failed: URL class: JavaException
[0802|t+37311ms|ThreadId(2)] [Rsift] WARN RsiftUiBridge load failed: URL class: JavaException
[0803|t+37312ms|ThreadId(2)] [warn] screen_hooks — load failed: URL class: JavaException
[0804|t+37312ms|ThreadId(2)] [Rsift] WARN RsiftModBridge load failed: URL class: JavaException
[0805|t+37313ms|ThreadId(2)] [step] tick_loop — alive tick=120
[0806|t+37566ms|ThreadId(2)] [warn] screen_hooks — load failed: load ScreenHooks: JavaException
[0807|t+37567ms|ThreadId(2)] [Rsift] WARN RsiftUiBridge load failed: URL class: JavaException
[0808|t+37567ms|ThreadId(2)] [Rsift] WARN RsiftModBridge load failed: URL class: JavaException
[0809|t+37568ms|ThreadId(2)] [warn] screen_hooks — load failed: URL class: JavaException
[0810|t+37568ms|ThreadId(2)] [Rsift] WARN RsiftUiBridge load failed: URL class: JavaException
[0811|t+37568ms|ThreadId(2)] [warn] screen_hooks — load failed: URL class: JavaException
[0812|t+37821ms|ThreadId(2)] [warn] screen_hooks — load failed: load ScreenHooks: JavaException
[0813|t+37822ms|ThreadId(2)] [Rsift] WARN RsiftUiBridge load failed: URL class: JavaException
[0814|t+37823ms|ThreadId(2)] [Rsift] WARN RsiftModBridge load failed: URL class: JavaException
[0815|t+37823ms|ThreadId(2)] [warn] screen_hooks — load failed: URL class: JavaException
[0816|t+37824ms|ThreadId(2)] [Rsift] WARN RsiftUiBridge load failed: URL class: JavaException
[0817|t+37824ms|ThreadId(2)] [warn] screen_hooks — load failed: URL class: JavaException
[0818|t+38077ms|ThreadId(2)] [warn] screen_hooks — load failed: load ScreenHooks: JavaException
[0819|t+38078ms|ThreadId(2)] [Rsift] WARN RsiftUiBridge load failed: URL class: JavaException
[0820|t+38078ms|ThreadId(2)] [Rsift] WARN RsiftModBridge load failed: URL class: JavaException
[0821|t+38079ms|ThreadId(2)] [warn] screen_hooks — load failed: URL class: JavaException
[0822|t+38079ms|ThreadId(2)] [Rsift] WARN RsiftUiBridge load failed: URL class: JavaException
[0823|t+38079ms|ThreadId(2)] [warn] screen_hooks — load failed: URL class: JavaException
[0824|t+38333ms|ThreadId(2)] [warn] screen_hooks — load failed: load ScreenHooks: JavaException
[0825|t+38333ms|ThreadId(2)] [Rsift] WARN RsiftUiBridge load failed: URL class: JavaException
[0826|t+38333ms|ThreadId(2)] [Rsift] WARN RsiftModBridge load failed: URL class: JavaException
[0827|t+38334ms|ThreadId(2)] [warn] screen_hooks — load failed: URL class: JavaException
[0828|t+38334ms|ThreadId(2)] [Rsift] WARN RsiftUiBridge load failed: URL class: JavaException
[0829|t+38335ms|ThreadId(2)] [warn] screen_hooks — load failed: URL class: JavaException
[0830|t+38335ms|ThreadId(2)] [Rsift] WARN RsiftModBridge load failed: URL class: JavaException
[0831|t+38589ms|ThreadId(2)] [warn] screen_hooks — load failed: load ScreenHooks: JavaException
[0832|t+38590ms|ThreadId(2)] [Rsift] WARN RsiftUiBridge load failed: URL class: JavaException
[0833|t+38590ms|ThreadId(2)] [Rsift] WARN RsiftModBridge load failed: URL class: JavaException
[0834|t+38590ms|ThreadId(2)] [warn] screen_hooks — load failed: URL class: JavaException
[0835|t+38591ms|ThreadId(2)] [Rsift] WARN RsiftUiBridge load failed: URL class: JavaException
[0836|t+38591ms|ThreadId(2)] [warn] screen_hooks — load failed: URL class: JavaException
[0837|t+38844ms|ThreadId(2)] [warn] screen_hooks — load failed: load ScreenHooks: JavaException
[0838|t+38845ms|ThreadId(2)] [Rsift] WARN RsiftUiBridge load failed: URL class: JavaException
[0839|t+38845ms|ThreadId(2)] [Rsift] WARN RsiftModBridge load failed: URL class: JavaException
[0840|t+38846ms|ThreadId(2)] [warn] screen_hooks — load failed: URL class: JavaException
[0841|t+38846ms|ThreadId(2)] [Rsift] WARN RsiftUiBridge load failed: URL class: JavaException
[0842|t+38846ms|ThreadId(2)] [warn] screen_hooks — load failed: URL class: JavaException
[0843|t+39129ms|ThreadId(2)] [warn] screen_hooks — load failed: load ScreenHooks: JavaException
[0844|t+39130ms|ThreadId(2)] [Rsift] WARN RsiftUiBridge load failed: URL class: JavaException
[0845|t+39130ms|ThreadId(2)] [Rsift] WARN RsiftModBridge load failed: URL class: JavaException
[0846|t+39131ms|ThreadId(2)] [warn] screen_hooks — load failed: URL class: JavaException
[0847|t+39131ms|ThreadId(2)] [Rsift] WARN RsiftUiBridge load failed: URL class: JavaException
[0848|t+39131ms|ThreadId(2)] [warn] screen_hooks — load failed: URL class: JavaException
[0849|t+39384ms|ThreadId(2)] [warn] screen_hooks — load failed: load ScreenHooks: JavaException
[0850|t+39384ms|ThreadId(2)] [Rsift] WARN RsiftUiBridge load failed: URL class: JavaException
[0851|t+39385ms|ThreadId(2)] [Rsift] WARN RsiftModBridge load failed: URL class: JavaException
[0852|t+39385ms|ThreadId(2)] [warn] screen_hooks — load failed: URL class: JavaException
[0853|t+39386ms|ThreadId(2)] [Rsift] WARN RsiftUiBridge load failed: URL class: JavaException
[0854|t+39386ms|ThreadId(2)] [warn] screen_hooks — load failed: URL class: JavaException
[0855|t+39387ms|ThreadId(2)] [Rsift] WARN RsiftModBridge load failed: URL class: JavaException
[0856|t+39640ms|ThreadId(2)] [warn] screen_hooks — load failed: load ScreenHooks: JavaException
[0857|t+39641ms|ThreadId(2)] [Rsift] WARN RsiftUiBridge load failed: URL class: JavaException
[0858|t+39641ms|ThreadId(2)] [Rsift] WARN RsiftModBridge load failed: URL class: JavaException
[0859|t+39642ms|ThreadId(2)] [warn] screen_hooks — load failed: URL class: JavaException
[0860|t+39642ms|ThreadId(2)] [Rsift] WARN RsiftUiBridge load failed: URL class: JavaException
[0861|t+39643ms|ThreadId(2)] [warn] screen_hooks — load failed: URL class: JavaException
[0862|t+39896ms|ThreadId(2)] [warn] screen_hooks — load failed: load ScreenHooks: JavaException
[0863|t+39896ms|ThreadId(2)] [Rsift] WARN RsiftUiBridge load failed: URL class: JavaException
[0864|t+39897ms|ThreadId(2)] [Rsift] WARN RsiftModBridge load failed: URL class: JavaException
[0865|t+39897ms|ThreadId(2)] [warn] screen_hooks — load failed: URL class: JavaException
[0866|t+39897ms|ThreadId(2)] [Rsift] WARN RsiftUiBridge load failed: URL class: JavaException
[0867|t+39898ms|ThreadId(2)] [warn] screen_hooks — load failed: URL class: JavaException
[0868|t+40151ms|ThreadId(2)] [warn] screen_hooks — load failed: load ScreenHooks: JavaException
[0869|t+40151ms|ThreadId(2)] [Rsift] WARN RsiftUiBridge load failed: URL class: JavaException
[0870|t+40152ms|ThreadId(2)] [Rsift] WARN RsiftModBridge load failed: URL class: JavaException
[0871|t+40152ms|ThreadId(2)] [warn] screen_hooks — load failed: URL class: JavaException
[0872|t+40153ms|ThreadId(2)] [Rsift] WARN RsiftUiBridge load failed: URL class: JavaException
[0873|t+40153ms|ThreadId(2)] [warn] screen_hooks — load failed: URL class: JavaException
[0874|t+40405ms|ThreadId(2)] [warn] screen_hooks — load failed: load ScreenHooks: JavaException
[0875|t+40406ms|ThreadId(2)] [Rsift] WARN RsiftUiBridge load failed: URL class: JavaException
[0876|t+40406ms|ThreadId(2)] [Rsift] WARN RsiftModBridge load failed: URL class: JavaException
[0877|t+40407ms|ThreadId(2)] [warn] screen_hooks — load failed: URL class: JavaException
[0878|t+40407ms|ThreadId(2)] [Rsift] WARN RsiftUiBridge load failed: URL class: JavaException
[0879|t+40408ms|ThreadId(2)] [warn] screen_hooks — load failed: URL class: JavaException
[0880|t+40408ms|ThreadId(2)] [Rsift] WARN RsiftModBridge load failed: URL class: JavaException
[0881|t+40661ms|ThreadId(2)] [warn] screen_hooks — load failed: load ScreenHooks: JavaException
[0882|t+40662ms|ThreadId(2)] [Rsift] WARN RsiftUiBridge load failed: URL class: JavaException
[0883|t+40662ms|ThreadId(2)] [Rsift] WARN RsiftModBridge load failed: URL class: JavaException
[0884|t+40663ms|ThreadId(2)] [warn] screen_hooks — load failed: URL class: JavaException
[0885|t+40663ms|ThreadId(2)] [Rsift] WARN RsiftUiBridge load failed: URL class: JavaException
[0886|t+40663ms|ThreadId(2)] [warn] screen_hooks — load failed: URL class: JavaException
[0887|t+40917ms|ThreadId(2)] [warn] screen_hooks — load failed: load ScreenHooks: JavaException
[0888|t+40917ms|ThreadId(2)] [Rsift] WARN RsiftUiBridge load failed: URL class: JavaException
[0889|t+40918ms|ThreadId(2)] [Rsift] WARN RsiftModBridge load failed: URL class: JavaException
[0890|t+40918ms|ThreadId(2)] [warn] screen_hooks — load failed: URL class: JavaException
[0891|t+40919ms|ThreadId(2)] [Rsift] WARN RsiftUiBridge load failed: URL class: JavaException
[0892|t+40919ms|ThreadId(2)] [warn] screen_hooks — load failed: URL class: JavaException
[0893|t+41172ms|ThreadId(2)] [warn] screen_hooks — load failed: load ScreenHooks: JavaException
[0894|t+41173ms|ThreadId(2)] [Rsift] WARN RsiftUiBridge load failed: URL class: JavaException
[0895|t+41173ms|ThreadId(2)] [Rsift] WARN RsiftModBridge load failed: URL class: JavaException
[0896|t+41174ms|ThreadId(2)] [warn] screen_hooks — load failed: URL class: JavaException
[0897|t+41174ms|ThreadId(2)] [Rsift] WARN RsiftUiBridge load failed: URL class: JavaException
[0898|t+41174ms|ThreadId(2)] [warn] screen_hooks — load failed: URL class: JavaException
[0899|t+41428ms|ThreadId(2)] [warn] screen_hooks — load failed: load ScreenHooks: JavaException
[0900|t+41429ms|ThreadId(2)] [Rsift] WARN RsiftUiBridge load failed: URL class: JavaException
[0901|t+41429ms|ThreadId(2)] [Rsift] WARN RsiftModBridge load failed: URL class: JavaException
[0902|t+41429ms|ThreadId(2)] [warn] screen_hooks — load failed: URL class: JavaException
[0903|t+41430ms|ThreadId(2)] [Rsift] WARN RsiftUiBridge load failed: URL class: JavaException
[0904|t+41430ms|ThreadId(2)] [warn] screen_hooks — load failed: URL class: JavaException
[0905|t+41431ms|ThreadId(2)] [Rsift] WARN RsiftModBridge load failed: URL class: JavaException
[0906|t+41684ms|ThreadId(2)] [warn] screen_hooks — load failed: load ScreenHooks: JavaException
[0907|t+41684ms|ThreadId(2)] [Rsift] WARN RsiftUiBridge load failed: URL class: JavaException
[0908|t+41685ms|ThreadId(2)] [Rsift] WARN RsiftModBridge load failed: URL class: JavaException
[0909|t+41685ms|ThreadId(2)] [warn] screen_hooks — load failed: URL class: JavaException
[0910|t+41685ms|ThreadId(2)] [Rsift] WARN RsiftUiBridge load failed: URL class: JavaException
[0911|t+41686ms|ThreadId(2)] [warn] screen_hooks — load failed: URL class: JavaException
[0912|t+41939ms|ThreadId(2)] [warn] screen_hooks — load failed: load ScreenHooks: JavaException
[0913|t+41939ms|ThreadId(2)] [Rsift] WARN RsiftUiBridge load failed: URL class: JavaException
[0914|t+41940ms|ThreadId(2)] [Rsift] WARN RsiftModBridge load failed: URL class: JavaException
[0915|t+41940ms|ThreadId(2)] [warn] screen_hooks — load failed: URL class: JavaException
[0916|t+41940ms|ThreadId(2)] [Rsift] WARN RsiftUiBridge load failed: URL class: JavaException
[0917|t+41941ms|ThreadId(2)] [warn] screen_hooks — load failed: URL class: JavaException
[0918|t+42193ms|ThreadId(2)] [warn] screen_hooks — load failed: load ScreenHooks: JavaException
[0919|t+42194ms|ThreadId(2)] [Rsift] WARN RsiftUiBridge load failed: URL class: JavaException
[0920|t+42194ms|ThreadId(2)] [Rsift] WARN RsiftModBridge load failed: URL class: JavaException
[0921|t+42194ms|ThreadId(2)] [warn] screen_hooks — load failed: URL class: JavaException
[0922|t+42195ms|ThreadId(2)] [Rsift] WARN RsiftUiBridge load failed: URL class: JavaException
[0923|t+42196ms|ThreadId(2)] [warn] screen_hooks — load failed: URL class: JavaException
[0924|t+42449ms|ThreadId(2)] [warn] screen_hooks — load failed: load ScreenHooks: JavaException
[0925|t+42449ms|ThreadId(2)] [Rsift] WARN RsiftUiBridge load failed: URL class: JavaException
[0926|t+42450ms|ThreadId(2)] [Rsift] WARN RsiftModBridge load failed: URL class: JavaException
[0927|t+42450ms|ThreadId(2)] [warn] screen_hooks — load failed: URL class: JavaException
[0928|t+42451ms|ThreadId(2)] [Rsift] WARN RsiftUiBridge load failed: URL class: JavaException
[0929|t+42451ms|ThreadId(2)] [warn] screen_hooks — load failed: URL class: JavaException
[0930|t+42452ms|ThreadId(2)] [Rsift] WARN RsiftModBridge load failed: URL class: JavaException
[0931|t+42705ms|ThreadId(2)] [warn] screen_hooks — load failed: load ScreenHooks: JavaException
[0932|t+42705ms|ThreadId(2)] [Rsift] WARN RsiftUiBridge load failed: URL class: JavaException
[0933|t+42706ms|ThreadId(2)] [Rsift] WARN RsiftModBridge load failed: URL class: JavaException
[0934|t+42706ms|ThreadId(2)] [warn] screen_hooks — load failed: URL class: JavaException
[0935|t+42706ms|ThreadId(2)] [Rsift] WARN RsiftUiBridge load failed: URL class: JavaException
[0936|t+42707ms|ThreadId(2)] [warn] screen_hooks — load failed: URL class: JavaException
[0937|t+42960ms|ThreadId(2)] [warn] screen_hooks — load failed: load ScreenHooks: JavaException
[0938|t+42960ms|ThreadId(2)] [Rsift] WARN RsiftUiBridge load failed: URL class: JavaException
[0939|t+42960ms|ThreadId(2)] [Rsift] WARN RsiftModBridge load failed: URL class: JavaException
[0940|t+42961ms|ThreadId(2)] [warn] screen_hooks — load failed: URL class: JavaException
[0941|t+42961ms|ThreadId(2)] [Rsift] WARN RsiftUiBridge load failed: URL class: JavaException
[0942|t+42961ms|ThreadId(2)] [warn] screen_hooks — load failed: URL class: JavaException
[0943|t+43216ms|ThreadId(2)] [warn] screen_hooks — load failed: load ScreenHooks: JavaException
[0944|t+43216ms|ThreadId(2)] [Rsift] WARN RsiftUiBridge load failed: URL class: JavaException
[0945|t+43217ms|ThreadId(2)] [Rsift] WARN RsiftModBridge load failed: URL class: JavaException
[0946|t+43217ms|ThreadId(2)] [warn] screen_hooks — load failed: URL class: JavaException
[0947|t+43217ms|ThreadId(2)] [Rsift] WARN RsiftUiBridge load failed: URL class: JavaException
[0948|t+43218ms|ThreadId(2)] [warn] screen_hooks — load failed: URL class: JavaException
[0949|t+43470ms|ThreadId(2)] [warn] screen_hooks — load failed: load ScreenHooks: JavaException
[0950|t+43471ms|ThreadId(2)] [Rsift] WARN RsiftUiBridge load failed: URL class: JavaException
[0951|t+43471ms|ThreadId(2)] [Rsift] WARN RsiftModBridge load failed: URL class: JavaException
[0952|t+43472ms|ThreadId(2)] [warn] screen_hooks — load failed: URL class: JavaException
[0953|t+43472ms|ThreadId(2)] [Rsift] WARN RsiftUiBridge load failed: URL class: JavaException
[0954|t+43472ms|ThreadId(2)] [warn] screen_hooks — load failed: URL class: JavaException
[0955|t+43473ms|ThreadId(2)] [Rsift] WARN RsiftModBridge load failed: URL class: JavaException
[0956|t+43726ms|ThreadId(2)] [warn] screen_hooks — load failed: load ScreenHooks: JavaException
[0957|t+43726ms|ThreadId(2)] [Rsift] WARN RsiftUiBridge load failed: URL class: JavaException
[0958|t+43727ms|ThreadId(2)] [Rsift] WARN RsiftModBridge load failed: URL class: JavaException
[0959|t+43727ms|ThreadId(2)] [warn] screen_hooks — load failed: URL class: JavaException
[0960|t+43728ms|ThreadId(2)] [Rsift] WARN RsiftUiBridge load failed: URL class: JavaException
[0961|t+43728ms|ThreadId(2)] [warn] screen_hooks — load failed: URL class: JavaException
[0962|t+43981ms|ThreadId(2)] [warn] screen_hooks — load failed: load ScreenHooks: JavaException
[0963|t+43982ms|ThreadId(2)] [Rsift] WARN RsiftUiBridge load failed: URL class: JavaException
[0964|t+43983ms|ThreadId(2)] [Rsift] WARN RsiftModBridge load failed: URL class: JavaException
[0965|t+43983ms|ThreadId(2)] [warn] screen_hooks — load failed: URL class: JavaException
[0966|t+43984ms|ThreadId(2)] [Rsift] WARN RsiftUiBridge load failed: URL class: JavaException
[0967|t+43985ms|ThreadId(2)] [warn] screen_hooks — load failed: URL class: JavaException
[0968|t+44239ms|ThreadId(2)] [warn] screen_hooks — load failed: load ScreenHooks: JavaException
[0969|t+44239ms|ThreadId(2)] [Rsift] WARN RsiftUiBridge load failed: URL class: JavaException
[0970|t+44240ms|ThreadId(2)] [Rsift] WARN RsiftModBridge load failed: URL class: JavaException
[0971|t+44240ms|ThreadId(2)] [warn] screen_hooks — load failed: URL class: JavaException
[0972|t+44241ms|ThreadId(2)] [Rsift] WARN RsiftUiBridge load failed: URL class: JavaException
[0973|t+44241ms|ThreadId(2)] [warn] screen_hooks — load failed: URL class: JavaException
[0974|t+44494ms|ThreadId(2)] [warn] screen_hooks — load failed: load ScreenHooks: JavaException
[0975|t+44494ms|ThreadId(2)] [Rsift] WARN RsiftUiBridge load failed: URL class: JavaException
[0976|t+44495ms|ThreadId(2)] [Rsift] WARN RsiftModBridge load failed: URL class: JavaException
[0977|t+44495ms|ThreadId(2)] [warn] screen_hooks — load failed: URL class: JavaException
[0978|t+44495ms|ThreadId(2)] [Rsift] WARN RsiftUiBridge load failed: URL class: JavaException
[0979|t+44495ms|ThreadId(2)] [warn] screen_hooks — load failed: URL class: JavaException
[0980|t+44496ms|ThreadId(2)] [Rsift] WARN RsiftModBridge load failed: URL class: JavaException
[0981|t+44749ms|ThreadId(2)] [warn] screen_hooks — load failed: load ScreenHooks: JavaException
[0982|t+44750ms|ThreadId(2)] [Rsift] WARN RsiftUiBridge load failed: URL class: JavaException
[0983|t+44750ms|ThreadId(2)] [Rsift] WARN RsiftModBridge load failed: URL class: JavaException
[0984|t+44751ms|ThreadId(2)] [warn] screen_hooks — load failed: URL class: JavaException
[0985|t+44751ms|ThreadId(2)] [Rsift] WARN RsiftUiBridge load failed: URL class: JavaException
[0986|t+44751ms|ThreadId(2)] [warn] screen_hooks — load failed: URL class: JavaException
[0987|t+45005ms|ThreadId(2)] [warn] screen_hooks — load failed: load ScreenHooks: JavaException
[0988|t+45006ms|ThreadId(2)] [Rsift] WARN RsiftUiBridge load failed: URL class: JavaException
[0989|t+45006ms|ThreadId(2)] [Rsift] WARN RsiftModBridge load failed: URL class: JavaException
[0990|t+45007ms|ThreadId(2)] [warn] screen_hooks — load failed: URL class: JavaException
[0991|t+45007ms|ThreadId(2)] [Rsift] WARN RsiftUiBridge load failed: URL class: JavaException
[0992|t+45008ms|ThreadId(2)] [warn] screen_hooks — load failed: URL class: JavaException
[0993|t+45261ms|ThreadId(2)] [warn] screen_hooks — load failed: load ScreenHooks: JavaException
[0994|t+45262ms|ThreadId(2)] [Rsift] WARN RsiftUiBridge load failed: URL class: JavaException
[0995|t+45262ms|ThreadId(2)] [Rsift] WARN RsiftModBridge load failed: URL class: JavaException
[0996|t+45262ms|ThreadId(2)] [warn] screen_hooks — load failed: URL class: JavaException
[0997|t+45263ms|ThreadId(2)] [Rsift] WARN RsiftUiBridge load failed: URL class: JavaException
[0998|t+45263ms|ThreadId(2)] [warn] screen_hooks — load failed: URL class: JavaException
[0999|t+45517ms|ThreadId(2)] [warn] screen_hooks — load failed: load ScreenHooks: JavaException
[1000|t+45517ms|ThreadId(2)] [Rsift] WARN RsiftUiBridge load failed: URL class: JavaException
[1001|t+45518ms|ThreadId(2)] [Rsift] WARN RsiftModBridge load failed: URL class: JavaException
[1002|t+45518ms|ThreadId(2)] [warn] screen_hooks — load failed: URL class: JavaException
[1003|t+45519ms|ThreadId(2)] [Rsift] WARN RsiftUiBridge load failed: URL class: JavaException
[1004|t+45519ms|ThreadId(2)] [warn] screen_hooks — load failed: URL class: JavaException
[1005|t+45519ms|ThreadId(2)] [Rsift] WARN RsiftModBridge load failed: URL class: JavaException
[1006|t+45772ms|ThreadId(2)] [warn] screen_hooks — load failed: load ScreenHooks: JavaException
[1007|t+45773ms|ThreadId(2)] [Rsift] WARN RsiftUiBridge load failed: URL class: JavaException
[1008|t+45773ms|ThreadId(2)] [Rsift] WARN RsiftModBridge load failed: URL class: JavaException
[1009|t+45774ms|ThreadId(2)] [warn] screen_hooks — load failed: URL class: JavaException
[1010|t+45774ms|ThreadId(2)] [Rsift] WARN RsiftUiBridge load failed: URL class: JavaException
[1011|t+45774ms|ThreadId(2)] [warn] screen_hooks — load failed: URL class: JavaException
[1012|t+46027ms|ThreadId(2)] [warn] screen_hooks — load failed: load ScreenHooks: JavaException
[1013|t+46028ms|ThreadId(2)] [Rsift] WARN RsiftUiBridge load failed: URL class: JavaException
[1014|t+46028ms|ThreadId(2)] [Rsift] WARN RsiftModBridge load failed: URL class: JavaException
[1015|t+46028ms|ThreadId(2)] [warn] screen_hooks — load failed: URL class: JavaException
[1016|t+46029ms|ThreadId(2)] [Rsift] WARN RsiftUiBridge load failed: URL class: JavaException
[1017|t+46029ms|ThreadId(2)] [warn] screen_hooks — load failed: URL class: JavaException
[1018|t+46281ms|ThreadId(2)] [warn] screen_hooks — load failed: load ScreenHooks: JavaException
[1019|t+46282ms|ThreadId(2)] [Rsift] WARN RsiftUiBridge load failed: URL class: JavaException
[1020|t+46283ms|ThreadId(2)] [Rsift] WARN RsiftModBridge load failed: URL class: JavaException
[1021|t+46283ms|ThreadId(2)] [warn] screen_hooks — load failed: URL class: JavaException
[1022|t+46284ms|ThreadId(2)] [Rsift] WARN RsiftUiBridge load failed: URL class: JavaException
[1023|t+46284ms|ThreadId(2)] [warn] screen_hooks — load failed: URL class: JavaException
[1024|t+46538ms|ThreadId(2)] [warn] screen_hooks — load failed: load ScreenHooks: JavaException
[1025|t+46538ms|ThreadId(2)] [Rsift] WARN RsiftUiBridge load failed: URL class: JavaException
[1026|t+46539ms|ThreadId(2)] [Rsift] WARN RsiftModBridge load failed: URL class: JavaException
[1027|t+46539ms|ThreadId(2)] [warn] screen_hooks — load failed: URL class: JavaException
[1028|t+46540ms|ThreadId(2)] [Rsift] WARN RsiftUiBridge load failed: URL class: JavaException
[1029|t+46540ms|ThreadId(2)] [warn] screen_hooks — load failed: URL class: JavaException
[1030|t+46541ms|ThreadId(2)] [Rsift] WARN RsiftModBridge load failed: URL class: JavaException
[1031|t+46793ms|ThreadId(2)] [warn] screen_hooks — load failed: load ScreenHooks: JavaException
[1032|t+46794ms|ThreadId(2)] [Rsift] WARN RsiftUiBridge load failed: URL class: JavaException
[1033|t+46794ms|ThreadId(2)] [Rsift] WARN RsiftModBridge load failed: URL class: JavaException
[1034|t+46794ms|ThreadId(2)] [warn] screen_hooks — load failed: URL class: JavaException
[1035|t+46795ms|ThreadId(2)] [Rsift] WARN RsiftUiBridge load failed: URL class: JavaException
[1036|t+46795ms|ThreadId(2)] [warn] screen_hooks — load failed: URL class: JavaException
[1037|t+47049ms|ThreadId(2)] [warn] screen_hooks — load failed: load ScreenHooks: JavaException
[1038|t+47049ms|ThreadId(2)] [Rsift] WARN RsiftUiBridge load failed: URL class: JavaException
[1039|t+47050ms|ThreadId(2)] [Rsift] WARN RsiftModBridge load failed: URL class: JavaException
[1040|t+47050ms|ThreadId(2)] [warn] screen_hooks — load failed: URL class: JavaException
[1041|t+47050ms|ThreadId(2)] [Rsift] WARN RsiftUiBridge load failed: URL class: JavaException
[1042|t+47051ms|ThreadId(2)] [warn] screen_hooks — load failed: URL class: JavaException
[1043|t+47304ms|ThreadId(2)] [warn] screen_hooks — load failed: load ScreenHooks: JavaException
[1044|t+47305ms|ThreadId(2)] [Rsift] WARN RsiftUiBridge load failed: URL class: JavaException
[1045|t+47305ms|ThreadId(2)] [Rsift] WARN RsiftModBridge load failed: URL class: JavaException
[1046|t+47305ms|ThreadId(2)] [warn] screen_hooks — load failed: URL class: JavaException
[1047|t+47306ms|ThreadId(2)] [Rsift] WARN RsiftUiBridge load failed: URL class: JavaException
[1048|t+47306ms|ThreadId(2)] [warn] screen_hooks — load failed: URL class: JavaException
[1049|t+47559ms|ThreadId(2)] [warn] screen_hooks — load failed: load ScreenHooks: JavaException
[1050|t+47560ms|ThreadId(2)] [Rsift] WARN RsiftUiBridge load failed: URL class: JavaException
[1051|t+47560ms|ThreadId(2)] [Rsift] WARN RsiftModBridge load failed: URL class: JavaException
[1052|t+47560ms|ThreadId(2)] [warn] screen_hooks — load failed: URL class: JavaException
[1053|t+47561ms|ThreadId(2)] [Rsift] WARN RsiftUiBridge load failed: URL class: JavaException
[1054|t+47561ms|ThreadId(2)] [warn] screen_hooks — load failed: URL class: JavaException
[1055|t+47562ms|ThreadId(2)] [Rsift] WARN RsiftModBridge load failed: URL class: JavaException
[1056|t+47815ms|ThreadId(2)] [warn] screen_hooks — load failed: load ScreenHooks: JavaException
[1057|t+47815ms|ThreadId(2)] [Rsift] WARN RsiftUiBridge load failed: URL class: JavaException
[1058|t+47816ms|ThreadId(2)] [Rsift] WARN RsiftModBridge load failed: URL class: JavaException
[1059|t+47816ms|ThreadId(2)] [warn] screen_hooks — load failed: URL class: JavaException
[1060|t+47816ms|ThreadId(2)] [Rsift] WARN RsiftUiBridge load failed: URL class: JavaException
[1061|t+47817ms|ThreadId(2)] [warn] screen_hooks — load failed: URL class: JavaException
[1062|t+48070ms|ThreadId(2)] [warn] screen_hooks — load failed: load ScreenHooks: JavaException
[1063|t+48071ms|ThreadId(2)] [Rsift] WARN RsiftUiBridge load failed: URL class: JavaException
[1064|t+48071ms|ThreadId(2)] [Rsift] WARN RsiftModBridge load failed: URL class: JavaException
[1065|t+48072ms|ThreadId(2)] [warn] screen_hooks — load failed: URL class: JavaException
[1066|t+48072ms|ThreadId(2)] [Rsift] WARN RsiftUiBridge load failed: URL class: JavaException
[1067|t+48073ms|ThreadId(2)] [warn] screen_hooks — load failed: URL class: JavaException
[1068|t+48326ms|ThreadId(2)] [warn] screen_hooks — load failed: load ScreenHooks: JavaException
[1069|t+48326ms|ThreadId(2)] [Rsift] WARN RsiftUiBridge load failed: URL class: JavaException
[1070|t+48327ms|ThreadId(2)] [Rsift] WARN RsiftModBridge load failed: URL class: JavaException
[1071|t+48327ms|ThreadId(2)] [warn] screen_hooks — load failed: URL class: JavaException
[1072|t+48328ms|ThreadId(2)] [Rsift] WARN RsiftUiBridge load failed: URL class: JavaException
[1073|t+48328ms|ThreadId(2)] [warn] screen_hooks — load failed: URL class: JavaException
[1074|t+48581ms|ThreadId(2)] [warn] screen_hooks — load failed: load ScreenHooks: JavaException
[1075|t+48581ms|ThreadId(2)] [Rsift] WARN RsiftUiBridge load failed: URL class: JavaException
[1076|t+48582ms|ThreadId(2)] [Rsift] WARN RsiftModBridge load failed: URL class: JavaException
[1077|t+48582ms|ThreadId(2)] [warn] screen_hooks — load failed: URL class: JavaException
[1078|t+48582ms|ThreadId(2)] [Rsift] WARN RsiftUiBridge load failed: URL class: JavaException
[1079|t+48583ms|ThreadId(2)] [warn] screen_hooks — load failed: URL class: JavaException
[1080|t+48583ms|ThreadId(2)] [Rsift] WARN RsiftModBridge load failed: URL class: JavaException
[1081|t+48836ms|ThreadId(2)] [warn] screen_hooks — load failed: load ScreenHooks: JavaException
[1082|t+48836ms|ThreadId(2)] [Rsift] WARN RsiftUiBridge load failed: URL class: JavaException
[1083|t+48836ms|ThreadId(2)] [Rsift] WARN RsiftModBridge load failed: URL class: JavaException
[1084|t+48837ms|ThreadId(2)] [warn] screen_hooks — load failed: URL class: JavaException
[1085|t+48837ms|ThreadId(2)] [Rsift] WARN RsiftUiBridge load failed: URL class: JavaException
[1086|t+48838ms|ThreadId(2)] [warn] screen_hooks — load failed: URL class: JavaException
[1087|t+49090ms|ThreadId(2)] [warn] screen_hooks — load failed: load ScreenHooks: JavaException
[1088|t+49091ms|ThreadId(2)] [Rsift] WARN RsiftUiBridge load failed: URL class: JavaException
[1089|t+49092ms|ThreadId(2)] [Rsift] WARN RsiftModBridge load failed: URL class: JavaException
[1090|t+49092ms|ThreadId(2)] [warn] screen_hooks — load failed: URL class: JavaException
[1091|t+49092ms|ThreadId(2)] [Rsift] WARN RsiftUiBridge load failed: URL class: JavaException
[1092|t+49093ms|ThreadId(2)] [warn] screen_hooks — load failed: URL class: JavaException
[1093|t+49346ms|ThreadId(2)] [warn] screen_hooks — load failed: load ScreenHooks: JavaException
[1094|t+49347ms|ThreadId(2)] [Rsift] WARN RsiftUiBridge load failed: URL class: JavaException
[1095|t+49347ms|ThreadId(2)] [Rsift] WARN RsiftModBridge load failed: URL class: JavaException
[1096|t+49347ms|ThreadId(2)] [warn] screen_hooks — load failed: URL class: JavaException
[1097|t+49348ms|ThreadId(2)] [Rsift] WARN RsiftUiBridge load failed: URL class: JavaException
[1098|t+49348ms|ThreadId(2)] [warn] screen_hooks — load failed: URL class: JavaException
[1099|t+49601ms|ThreadId(2)] [warn] screen_hooks — load failed: load ScreenHooks: JavaException
[1100|t+49601ms|ThreadId(2)] [Rsift] WARN RsiftUiBridge load failed: URL class: JavaException
[1101|t+49602ms|ThreadId(2)] [Rsift] WARN RsiftModBridge load failed: URL class: JavaException
[1102|t+49602ms|ThreadId(2)] [warn] screen_hooks — load failed: URL class: JavaException
[1103|t+49603ms|ThreadId(2)] [Rsift] WARN RsiftUiBridge load failed: URL class: JavaException
[1104|t+49603ms|ThreadId(2)] [warn] screen_hooks — load failed: URL class: JavaException
[1105|t+49604ms|ThreadId(2)] [Rsift] WARN RsiftModBridge load failed: URL class: JavaException
[1106|t+49857ms|ThreadId(2)] [warn] screen_hooks — load failed: load ScreenHooks: JavaException
[1107|t+49857ms|ThreadId(2)] [Rsift] WARN RsiftUiBridge load failed: URL class: JavaException
[1108|t+49858ms|ThreadId(2)] [Rsift] WARN RsiftModBridge load failed: URL class: JavaException
[1109|t+49858ms|ThreadId(2)] [warn] screen_hooks — load failed: URL class: JavaException
[1110|t+49858ms|ThreadId(2)] [Rsift] WARN RsiftUiBridge load failed: URL class: JavaException
[1111|t+49859ms|ThreadId(2)] [warn] screen_hooks — load failed: URL class: JavaException
[1112|t+50112ms|ThreadId(2)] [warn] screen_hooks — load failed: load ScreenHooks: JavaException
[1113|t+50113ms|ThreadId(2)] [Rsift] WARN RsiftUiBridge load failed: URL class: JavaException
[1114|t+50113ms|ThreadId(2)] [Rsift] WARN RsiftModBridge load failed: URL class: JavaException
[1115|t+50114ms|ThreadId(2)] [warn] screen_hooks — load failed: URL class: JavaException
[1116|t+50114ms|ThreadId(2)] [Rsift] WARN RsiftUiBridge load failed: URL class: JavaException
[1117|t+50114ms|ThreadId(2)] [warn] screen_hooks — load failed: URL class: JavaException
[1118|t+50368ms|ThreadId(2)] [warn] screen_hooks — load failed: load ScreenHooks: JavaException
[1119|t+50368ms|ThreadId(2)] [Rsift] WARN RsiftUiBridge load failed: URL class: JavaException
[1120|t+50369ms|ThreadId(2)] [Rsift] WARN RsiftModBridge load failed: URL class: JavaException
[1121|t+50369ms|ThreadId(2)] [warn] screen_hooks — load failed: URL class: JavaException
[1122|t+50369ms|ThreadId(2)] [Rsift] WARN RsiftUiBridge load failed: URL class: JavaException
[1123|t+50370ms|ThreadId(2)] [warn] screen_hooks — load failed: URL class: JavaException
[1124|t+50623ms|ThreadId(2)] [warn] screen_hooks — load failed: load ScreenHooks: JavaException
[1125|t+50624ms|ThreadId(2)] [Rsift] WARN RsiftUiBridge load failed: URL class: JavaException
[1126|t+50624ms|ThreadId(2)] [Rsift] WARN RsiftModBridge load failed: URL class: JavaException
[1127|t+50624ms|ThreadId(2)] [warn] screen_hooks — load failed: URL class: JavaException
[1128|t+50625ms|ThreadId(2)] [Rsift] WARN RsiftUiBridge load failed: URL class: JavaException
[1129|t+50625ms|ThreadId(2)] [warn] screen_hooks — load failed: URL class: JavaException
[1130|t+50626ms|ThreadId(2)] [Rsift] WARN RsiftModBridge load failed: URL class: JavaException
[1131|t+50879ms|ThreadId(2)] [warn] screen_hooks — load failed: load ScreenHooks: JavaException
[1132|t+50879ms|ThreadId(2)] [Rsift] WARN RsiftUiBridge load failed: URL class: JavaException
[1133|t+50880ms|ThreadId(2)] [Rsift] WARN RsiftModBridge load failed: URL class: JavaException
[1134|t+50880ms|ThreadId(2)] [warn] screen_hooks — load failed: URL class: JavaException
[1135|t+50881ms|ThreadId(2)] [Rsift] WARN RsiftUiBridge load failed: URL class: JavaException
[1136|t+50881ms|ThreadId(2)] [warn] screen_hooks — load failed: URL class: JavaException
[1137|t+51134ms|ThreadId(2)] [warn] screen_hooks — load failed: load ScreenHooks: JavaException
[1138|t+51135ms|ThreadId(2)] [Rsift] WARN RsiftUiBridge load failed: URL class: JavaException
[1139|t+51135ms|ThreadId(2)] [Rsift] WARN RsiftModBridge load failed: URL class: JavaException
[1140|t+51136ms|ThreadId(2)] [warn] screen_hooks — load failed: URL class: JavaException
[1141|t+51136ms|ThreadId(2)] [Rsift] WARN RsiftUiBridge load failed: URL class: JavaException
[1142|t+51136ms|ThreadId(2)] [warn] screen_hooks — load failed: URL class: JavaException
[1143|t+51389ms|ThreadId(2)] [warn] screen_hooks — load failed: load ScreenHooks: JavaException
[1144|t+51389ms|ThreadId(2)] [Rsift] WARN RsiftUiBridge load failed: URL class: JavaException
[1145|t+51390ms|ThreadId(2)] [Rsift] WARN RsiftModBridge load failed: URL class: JavaException
[1146|t+51390ms|ThreadId(2)] [warn] screen_hooks — load failed: URL class: JavaException
[1147|t+51391ms|ThreadId(2)] [Rsift] WARN RsiftUiBridge load failed: URL class: JavaException
[1148|t+51391ms|ThreadId(2)] [warn] screen_hooks — load failed: URL class: JavaException
[1149|t+51644ms|ThreadId(2)] [warn] screen_hooks — load failed: load ScreenHooks: JavaException
[1150|t+51645ms|ThreadId(2)] [Rsift] WARN RsiftUiBridge load failed: URL class: JavaException
[1151|t+51645ms|ThreadId(2)] [Rsift] WARN RsiftModBridge load failed: URL class: JavaException
[1152|t+51645ms|ThreadId(2)] [warn] screen_hooks — load failed: URL class: JavaException
[1153|t+51646ms|ThreadId(2)] [Rsift] WARN RsiftUiBridge load failed: URL class: JavaException
[1154|t+51646ms|ThreadId(2)] [warn] screen_hooks — load failed: URL class: JavaException
[1155|t+51647ms|ThreadId(2)] [Rsift] WARN RsiftModBridge load failed: URL class: JavaException
[1156|t+51900ms|ThreadId(2)] [warn] screen_hooks — load failed: load ScreenHooks: JavaException
[1157|t+51900ms|ThreadId(2)] [Rsift] WARN RsiftUiBridge load failed: URL class: JavaException
[1158|t+51901ms|ThreadId(2)] [Rsift] WARN RsiftModBridge load failed: URL class: JavaException
[1159|t+51901ms|ThreadId(2)] [warn] screen_hooks — load failed: URL class: JavaException
[1160|t+51901ms|ThreadId(2)] [Rsift] WARN RsiftUiBridge load failed: URL class: JavaException
[1161|t+51902ms|ThreadId(2)] [warn] screen_hooks — load failed: URL class: JavaException
[1162|t+52155ms|ThreadId(2)] [warn] screen_hooks — load failed: load ScreenHooks: JavaException
[1163|t+52155ms|ThreadId(2)] [Rsift] WARN RsiftUiBridge load failed: URL class: JavaException
[1164|t+52156ms|ThreadId(2)] [Rsift] WARN RsiftModBridge load failed: URL class: JavaException
[1165|t+52156ms|ThreadId(2)] [warn] screen_hooks — load failed: URL class: JavaException
[1166|t+52157ms|ThreadId(2)] [Rsift] WARN RsiftUiBridge load failed: URL class: JavaException
[1167|t+52157ms|ThreadId(2)] [warn] screen_hooks — load failed: URL class: JavaException
[1168|t+52410ms|ThreadId(2)] [warn] screen_hooks — load failed: load ScreenHooks: JavaException
[1169|t+52411ms|ThreadId(2)] [Rsift] WARN RsiftUiBridge load failed: URL class: JavaException
[1170|t+52411ms|ThreadId(2)] [Rsift] WARN RsiftModBridge load failed: URL class: JavaException
[1171|t+52412ms|ThreadId(2)] [warn] screen_hooks — load failed: URL class: JavaException
[1172|t+52412ms|ThreadId(2)] [Rsift] WARN RsiftUiBridge load failed: URL class: JavaException
[1173|t+52412ms|ThreadId(2)] [warn] screen_hooks — load failed: URL class: JavaException
[1174|t+52665ms|ThreadId(2)] [warn] screen_hooks — load failed: load ScreenHooks: JavaException
[1175|t+52665ms|ThreadId(2)] [Rsift] WARN RsiftUiBridge load failed: URL class: JavaException
[1176|t+52666ms|ThreadId(2)] [Rsift] WARN RsiftModBridge load failed: URL class: JavaException
[1177|t+52666ms|ThreadId(2)] [warn] screen_hooks — load failed: URL class: JavaException
[1178|t+52666ms|ThreadId(2)] [Rsift] WARN RsiftUiBridge load failed: URL class: JavaException
[1179|t+52667ms|ThreadId(2)] [warn] screen_hooks — load failed: URL class: JavaException
[1180|t+52667ms|ThreadId(2)] [Rsift] WARN RsiftModBridge load failed: URL class: JavaException
[1181|t+52920ms|ThreadId(2)] [warn] screen_hooks — load failed: load ScreenHooks: JavaException
[1182|t+52920ms|ThreadId(2)] [Rsift] WARN RsiftUiBridge load failed: URL class: JavaException
[1183|t+52921ms|ThreadId(2)] [Rsift] WARN RsiftModBridge load failed: URL class: JavaException
[1184|t+52921ms|ThreadId(2)] [warn] screen_hooks — load failed: URL class: JavaException
[1185|t+52921ms|ThreadId(2)] [Rsift] WARN RsiftUiBridge load failed: URL class: JavaException
[1186|t+52922ms|ThreadId(2)] [warn] screen_hooks — load failed: URL class: JavaException
[1187|t+53175ms|ThreadId(2)] [warn] screen_hooks — load failed: load ScreenHooks: JavaException
[1188|t+53175ms|ThreadId(2)] [Rsift] WARN RsiftUiBridge load failed: URL class: JavaException
[1189|t+53176ms|ThreadId(2)] [Rsift] WARN RsiftModBridge load failed: URL class: JavaException
[1190|t+53176ms|ThreadId(2)] [warn] screen_hooks — load failed: URL class: JavaException
[1191|t+53176ms|ThreadId(2)] [Rsift] WARN RsiftUiBridge load failed: URL class: JavaException
[1192|t+53177ms|ThreadId(2)] [warn] screen_hooks — load failed: URL class: JavaException
[1193|t+53432ms|ThreadId(2)] [warn] screen_hooks — load failed: load ScreenHooks: JavaException
[1194|t+53433ms|ThreadId(2)] [Rsift] WARN RsiftUiBridge load failed: URL class: JavaException
[1195|t+53433ms|ThreadId(2)] [Rsift] WARN RsiftModBridge load failed: URL class: JavaException
[1196|t+53434ms|ThreadId(2)] [warn] screen_hooks — load failed: URL class: JavaException
[1197|t+53434ms|ThreadId(2)] [Rsift] WARN RsiftUiBridge load failed: URL class: JavaException
[1198|t+53434ms|ThreadId(2)] [warn] screen_hooks — load failed: URL class: JavaException
[1199|t+53687ms|ThreadId(2)] [warn] screen_hooks — load failed: load ScreenHooks: JavaException
[1200|t+53688ms|ThreadId(2)] [Rsift] WARN RsiftUiBridge load failed: URL class: JavaException
[1201|t+53688ms|ThreadId(2)] [Rsift] WARN RsiftModBridge load failed: URL class: JavaException
[1202|t+53689ms|ThreadId(2)] [warn] screen_hooks — load failed: URL class: JavaException
[1203|t+53689ms|ThreadId(2)] [Rsift] WARN RsiftUiBridge load failed: URL class: JavaException
[1204|t+53689ms|ThreadId(2)] [warn] screen_hooks — load failed: URL class: JavaException
[1205|t+53690ms|ThreadId(2)] [Rsift] WARN RsiftModBridge load failed: URL class: JavaException
[1206|t+53943ms|ThreadId(2)] [warn] screen_hooks — load failed: load ScreenHooks: JavaException
[1207|t+53943ms|ThreadId(2)] [Rsift] WARN RsiftUiBridge load failed: URL class: JavaException
[1208|t+53944ms|ThreadId(2)] [Rsift] WARN RsiftModBridge load failed: URL class: JavaException
[1209|t+53944ms|ThreadId(2)] [warn] screen_hooks — load failed: URL class: JavaException
[1210|t+53945ms|ThreadId(2)] [Rsift] WARN RsiftUiBridge load failed: URL class: JavaException
[1211|t+53945ms|ThreadId(2)] [warn] screen_hooks — load failed: URL class: JavaException
[1212|t+54199ms|ThreadId(2)] [warn] screen_hooks — load failed: load ScreenHooks: JavaException
[1213|t+54199ms|ThreadId(2)] [Rsift] WARN RsiftUiBridge load failed: URL class: JavaException
[1214|t+54199ms|ThreadId(2)] [Rsift] WARN RsiftModBridge load failed: URL class: JavaException
[1215|t+54200ms|ThreadId(2)] [warn] screen_hooks — load failed: URL class: JavaException
[1216|t+54200ms|ThreadId(2)] [Rsift] WARN RsiftUiBridge load failed: URL class: JavaException
[1217|t+54201ms|ThreadId(2)] [warn] screen_hooks — load failed: URL class: JavaException
[1218|t+54453ms|ThreadId(2)] [warn] screen_hooks — load failed: load ScreenHooks: JavaException
[1219|t+54453ms|ThreadId(2)] [Rsift] WARN RsiftUiBridge load failed: URL class: JavaException
[1220|t+54454ms|ThreadId(2)] [Rsift] WARN RsiftModBridge load failed: URL class: JavaException
[1221|t+54454ms|ThreadId(2)] [warn] screen_hooks — load failed: URL class: JavaException
[1222|t+54455ms|ThreadId(2)] [Rsift] WARN RsiftUiBridge load failed: URL class: JavaException
[1223|t+54455ms|ThreadId(2)] [warn] screen_hooks — load failed: URL class: JavaException
[1224|t+54709ms|ThreadId(2)] [warn] screen_hooks — load failed: load ScreenHooks: JavaException
[1225|t+54709ms|ThreadId(2)] [Rsift] WARN RsiftUiBridge load failed: URL class: JavaException
[1226|t+54710ms|ThreadId(2)] [Rsift] WARN RsiftModBridge load failed: URL class: JavaException
[1227|t+54710ms|ThreadId(2)] [warn] screen_hooks — load failed: URL class: JavaException
[1228|t+54711ms|ThreadId(2)] [Rsift] WARN RsiftUiBridge load failed: URL class: JavaException
[1229|t+54711ms|ThreadId(2)] [warn] screen_hooks — load failed: URL class: JavaException
[1230|t+54711ms|ThreadId(2)] [Rsift] WARN RsiftModBridge load failed: URL class: JavaException
[1231|t+54964ms|ThreadId(2)] [warn] screen_hooks — load failed: load ScreenHooks: JavaException
[1232|t+54965ms|ThreadId(2)] [Rsift] WARN RsiftUiBridge load failed: URL class: JavaException
[1233|t+54966ms|ThreadId(2)] [Rsift] WARN RsiftModBridge load failed: URL class: JavaException
[1234|t+54966ms|ThreadId(2)] [warn] screen_hooks — load failed: URL class: JavaException
[1235|t+54966ms|ThreadId(2)] [Rsift] WARN RsiftUiBridge load failed: URL class: JavaException
[1236|t+54967ms|ThreadId(2)] [warn] screen_hooks — load failed: URL class: JavaException
[1237|t+55220ms|ThreadId(2)] [warn] screen_hooks — load failed: load ScreenHooks: JavaException
[1238|t+55221ms|ThreadId(2)] [Rsift] WARN RsiftUiBridge load failed: URL class: JavaException
[1239|t+55221ms|ThreadId(2)] [Rsift] WARN RsiftModBridge load failed: URL class: JavaException
[1240|t+55222ms|ThreadId(2)] [warn] screen_hooks — load failed: URL class: JavaException
[1241|t+55222ms|ThreadId(2)] [Rsift] WARN RsiftUiBridge load failed: URL class: JavaException
[1242|t+55222ms|ThreadId(2)] [warn] screen_hooks — load failed: URL class: JavaException
[1243|t+55475ms|ThreadId(2)] [warn] screen_hooks — load failed: load ScreenHooks: JavaException
[1244|t+55476ms|ThreadId(2)] [Rsift] WARN RsiftUiBridge load failed: URL class: JavaException
[1245|t+55476ms|ThreadId(2)] [Rsift] WARN RsiftModBridge load failed: URL class: JavaException
[1246|t+55477ms|ThreadId(2)] [warn] screen_hooks — load failed: URL class: JavaException
[1247|t+55477ms|ThreadId(2)] [Rsift] WARN RsiftUiBridge load failed: URL class: JavaException
[1248|t+55477ms|ThreadId(2)] [warn] screen_hooks — load failed: URL class: JavaException
[1249|t+55730ms|ThreadId(2)] [warn] screen_hooks — load failed: load ScreenHooks: JavaException
[1250|t+55731ms|ThreadId(2)] [Rsift] WARN RsiftUiBridge load failed: URL class: JavaException
[1251|t+55731ms|ThreadId(2)] [Rsift] WARN RsiftModBridge load failed: URL class: JavaException
[1252|t+55732ms|ThreadId(2)] [warn] screen_hooks — load failed: URL class: JavaException
[1253|t+55732ms|ThreadId(2)] [Rsift] WARN RsiftUiBridge load failed: URL class: JavaException
[1254|t+55733ms|ThreadId(2)] [warn] screen_hooks — load failed: URL class: JavaException
[1255|t+55734ms|ThreadId(2)] [Rsift] WARN RsiftModBridge load failed: URL class: JavaException
[1256|t+55986ms|ThreadId(2)] [warn] screen_hooks — load failed: load ScreenHooks: JavaException
[1257|t+55987ms|ThreadId(2)] [Rsift] WARN RsiftUiBridge load failed: URL class: JavaException
[1258|t+55987ms|ThreadId(2)] [Rsift] WARN RsiftModBridge load failed: URL class: JavaException
[1259|t+55988ms|ThreadId(2)] [warn] screen_hooks — load failed: URL class: JavaException
[1260|t+55988ms|ThreadId(2)] [Rsift] WARN RsiftUiBridge load failed: URL class: JavaException
[1261|t+55989ms|ThreadId(2)] [warn] screen_hooks — load failed: URL class: JavaException
[1262|t+56241ms|ThreadId(2)] [warn] screen_hooks — load failed: load ScreenHooks: JavaException
[1263|t+56242ms|ThreadId(2)] [Rsift] WARN RsiftUiBridge load failed: URL class: JavaException
[1264|t+56242ms|ThreadId(2)] [Rsift] WARN RsiftModBridge load failed: URL class: JavaException
[1265|t+56243ms|ThreadId(2)] [warn] screen_hooks — load failed: URL class: JavaException
[1266|t+56243ms|ThreadId(2)] [Rsift] WARN RsiftUiBridge load failed: URL class: JavaException
[1267|t+56244ms|ThreadId(2)] [warn] screen_hooks — load failed: URL class: JavaException
[1268|t+56496ms|ThreadId(2)] [warn] screen_hooks — load failed: load ScreenHooks: JavaException
[1269|t+56497ms|ThreadId(2)] [Rsift] WARN RsiftUiBridge load failed: URL class: JavaException
[1270|t+56497ms|ThreadId(2)] [Rsift] WARN RsiftModBridge load failed: URL class: JavaException
[1271|t+56498ms|ThreadId(2)] [warn] screen_hooks — load failed: URL class: JavaException
[1272|t+56498ms|ThreadId(2)] [Rsift] WARN RsiftUiBridge load failed: URL class: JavaException
[1273|t+56499ms|ThreadId(2)] [warn] screen_hooks — load failed: URL class: JavaException
[1274|t+56751ms|ThreadId(2)] [warn] screen_hooks — load failed: load ScreenHooks: JavaException
[1275|t+56752ms|ThreadId(2)] [Rsift] WARN RsiftUiBridge load failed: URL class: JavaException
[1276|t+56753ms|ThreadId(2)] [Rsift] WARN RsiftModBridge load failed: URL class: JavaException
[1277|t+56753ms|ThreadId(2)] [warn] screen_hooks — load failed: URL class: JavaException
[1278|t+56753ms|ThreadId(2)] [Rsift] WARN RsiftUiBridge load failed: URL class: JavaException
[1279|t+56754ms|ThreadId(2)] [warn] screen_hooks — load failed: URL class: JavaException
[1280|t+56755ms|ThreadId(2)] [Rsift] WARN RsiftModBridge load failed: URL class: JavaException
[1281|t+57007ms|ThreadId(2)] [warn] screen_hooks — load failed: load ScreenHooks: JavaException
[1282|t+57008ms|ThreadId(2)] [Rsift] WARN RsiftUiBridge load failed: URL class: JavaException
[1283|t+57008ms|ThreadId(2)] [Rsift] WARN RsiftModBridge load failed: URL class: JavaException
[1284|t+57008ms|ThreadId(2)] [warn] screen_hooks — load failed: URL class: JavaException
[1285|t+57009ms|ThreadId(2)] [Rsift] WARN RsiftUiBridge load failed: URL class: JavaException
[1286|t+57009ms|ThreadId(2)] [warn] screen_hooks — load failed: URL class: JavaException
[1287|t+57261ms|ThreadId(2)] [warn] screen_hooks — load failed: load ScreenHooks: JavaException
[1288|t+57262ms|ThreadId(2)] [Rsift] WARN RsiftUiBridge load failed: URL class: JavaException
[1289|t+57262ms|ThreadId(2)] [Rsift] WARN RsiftModBridge load failed: URL class: JavaException
[1290|t+57263ms|ThreadId(2)] [warn] screen_hooks — load failed: URL class: JavaException
[1291|t+57263ms|ThreadId(2)] [Rsift] WARN RsiftUiBridge load failed: URL class: JavaException
[1292|t+57263ms|ThreadId(2)] [warn] screen_hooks — load failed: URL class: JavaException
[1293|t+57516ms|ThreadId(2)] [warn] screen_hooks — load failed: load ScreenHooks: JavaException
[1294|t+57517ms|ThreadId(2)] [Rsift] WARN RsiftUiBridge load failed: URL class: JavaException
[1295|t+57517ms|ThreadId(2)] [Rsift] WARN RsiftModBridge load failed: URL class: JavaException
[1296|t+57518ms|ThreadId(2)] [warn] screen_hooks — load failed: URL class: JavaException
[1297|t+57518ms|ThreadId(2)] [Rsift] WARN RsiftUiBridge load failed: URL class: JavaException
[1298|t+57518ms|ThreadId(2)] [warn] screen_hooks — load failed: URL class: JavaException
[1299|t+57771ms|ThreadId(2)] [warn] screen_hooks — load failed: load ScreenHooks: JavaException
[1300|t+57771ms|ThreadId(2)] [Rsift] WARN RsiftUiBridge load failed: URL class: JavaException
[1301|t+57772ms|ThreadId(2)] [Rsift] WARN RsiftModBridge load failed: URL class: JavaException
[1302|t+57772ms|ThreadId(2)] [warn] screen_hooks — load failed: URL class: JavaException
[1303|t+57773ms|ThreadId(2)] [Rsift] WARN RsiftUiBridge load failed: URL class: JavaException
[1304|t+57773ms|ThreadId(2)] [warn] screen_hooks — load failed: URL class: JavaException
[1305|t+57774ms|ThreadId(2)] [Rsift] WARN RsiftModBridge load failed: URL class: JavaException
[1306|t+58026ms|ThreadId(2)] [warn] screen_hooks — load failed: load ScreenHooks: JavaException
[1307|t+58027ms|ThreadId(2)] [Rsift] WARN RsiftUiBridge load failed: URL class: JavaException
[1308|t+58027ms|ThreadId(2)] [Rsift] WARN RsiftModBridge load failed: URL class: JavaException
[1309|t+58028ms|ThreadId(2)] [warn] screen_hooks — load failed: URL class: JavaException
[1310|t+58028ms|ThreadId(2)] [Rsift] WARN RsiftUiBridge load failed: URL class: JavaException
[1311|t+58029ms|ThreadId(2)] [warn] screen_hooks — load failed: URL class: JavaException
[1312|t+58281ms|ThreadId(2)] [warn] screen_hooks — load failed: load ScreenHooks: JavaException
[1313|t+58282ms|ThreadId(2)] [Rsift] WARN RsiftUiBridge load failed: URL class: JavaException
[1314|t+58282ms|ThreadId(2)] [Rsift] WARN RsiftModBridge load failed: URL class: JavaException
[1315|t+58282ms|ThreadId(2)] [warn] screen_hooks — load failed: URL class: JavaException
[1316|t+58283ms|ThreadId(2)] [Rsift] WARN RsiftUiBridge load failed: URL class: JavaException
[1317|t+58283ms|ThreadId(2)] [warn] screen_hooks — load failed: URL class: JavaException
[1318|t+58537ms|ThreadId(2)] [warn] screen_hooks — load failed: load ScreenHooks: JavaException
[1319|t+58538ms|ThreadId(2)] [Rsift] WARN RsiftUiBridge load failed: URL class: JavaException
[1320|t+58538ms|ThreadId(2)] [Rsift] WARN RsiftModBridge load failed: URL class: JavaException
[1321|t+58539ms|ThreadId(2)] [warn] screen_hooks — load failed: URL class: JavaException
[1322|t+58539ms|ThreadId(2)] [Rsift] WARN RsiftUiBridge load failed: URL class: JavaException
[1323|t+58539ms|ThreadId(2)] [warn] screen_hooks — load failed: URL class: JavaException
[1324|t+58793ms|ThreadId(2)] [warn] screen_hooks — load failed: load ScreenHooks: JavaException
[1325|t+58793ms|ThreadId(2)] [Rsift] WARN RsiftUiBridge load failed: URL class: JavaException
[1326|t+58794ms|ThreadId(2)] [Rsift] WARN RsiftModBridge load failed: URL class: JavaException
[1327|t+58794ms|ThreadId(2)] [warn] screen_hooks — load failed: URL class: JavaException
[1328|t+58794ms|ThreadId(2)] [Rsift] WARN RsiftUiBridge load failed: URL class: JavaException
[1329|t+58795ms|ThreadId(2)] [warn] screen_hooks — load failed: URL class: JavaException
[1330|t+58795ms|ThreadId(2)] [Rsift] WARN RsiftModBridge load failed: URL class: JavaException
[1331|t+59048ms|ThreadId(2)] [warn] screen_hooks — load failed: load ScreenHooks: JavaException
[1332|t+59049ms|ThreadId(2)] [Rsift] WARN RsiftUiBridge load failed: URL class: JavaException
[1333|t+59049ms|ThreadId(2)] [Rsift] WARN RsiftModBridge load failed: URL class: JavaException
[1334|t+59049ms|ThreadId(2)] [warn] screen_hooks — load failed: URL class: JavaException
[1335|t+59050ms|ThreadId(2)] [Rsift] WARN RsiftUiBridge load failed: URL class: JavaException
[1336|t+59050ms|ThreadId(2)] [warn] screen_hooks — load failed: URL class: JavaException
[1337|t+59303ms|ThreadId(2)] [warn] screen_hooks — load failed: load ScreenHooks: JavaException
[1338|t+59304ms|ThreadId(2)] [Rsift] WARN RsiftUiBridge load failed: URL class: JavaException
[1339|t+59304ms|ThreadId(2)] [Rsift] WARN RsiftModBridge load failed: URL class: JavaException
[1340|t+59305ms|ThreadId(2)] [warn] screen_hooks — load failed: URL class: JavaException
[1341|t+59305ms|ThreadId(2)] [Rsift] WARN RsiftUiBridge load failed: URL class: JavaException
[1342|t+59305ms|ThreadId(2)] [warn] screen_hooks — load failed: URL class: JavaException
[1343|t+59558ms|ThreadId(2)] [warn] screen_hooks — load failed: load ScreenHooks: JavaException
[1344|t+59559ms|ThreadId(2)] [Rsift] WARN RsiftUiBridge load failed: URL class: JavaException
[1345|t+59559ms|ThreadId(2)] [Rsift] WARN RsiftModBridge load failed: URL class: JavaException
[1346|t+59560ms|ThreadId(2)] [warn] screen_hooks — load failed: URL class: JavaException
[1347|t+59560ms|ThreadId(2)] [Rsift] WARN RsiftUiBridge load failed: URL class: JavaException
[1348|t+59560ms|ThreadId(2)] [warn] screen_hooks — load failed: URL class: JavaException
[1349|t+59813ms|ThreadId(2)] [warn] screen_hooks — load failed: load ScreenHooks: JavaException
[1350|t+59813ms|ThreadId(2)] [Rsift] WARN RsiftUiBridge load failed: URL class: JavaException
[1351|t+59814ms|ThreadId(2)] [Rsift] WARN RsiftModBridge load failed: URL class: JavaException
[1352|t+59814ms|ThreadId(2)] [warn] screen_hooks — load failed: URL class: JavaException
[1353|t+59815ms|ThreadId(2)] [Rsift] WARN RsiftUiBridge load failed: URL class: JavaException
[1354|t+59815ms|ThreadId(2)] [warn] screen_hooks — load failed: URL class: JavaException
[1355|t+59816ms|ThreadId(2)] [Rsift] WARN RsiftModBridge load failed: URL class: JavaException
[1356|t+60068ms|ThreadId(2)] [warn] screen_hooks — load failed: load ScreenHooks: JavaException
[1357|t+60069ms|ThreadId(2)] [Rsift] WARN RsiftUiBridge load failed: URL class: JavaException
[1358|t+60069ms|ThreadId(2)] [Rsift] WARN RsiftModBridge load failed: URL class: JavaException
[1359|t+60070ms|ThreadId(2)] [warn] screen_hooks — load failed: URL class: JavaException
[1360|t+60070ms|ThreadId(2)] [Rsift] WARN RsiftUiBridge load failed: URL class: JavaException
[1361|t+60070ms|ThreadId(2)] [warn] screen_hooks — load failed: URL class: JavaException
[1362|t+60323ms|ThreadId(2)] [warn] screen_hooks — load failed: load ScreenHooks: JavaException
[1363|t+60324ms|ThreadId(2)] [Rsift] WARN RsiftUiBridge load failed: URL class: JavaException
[1364|t+60324ms|ThreadId(2)] [Rsift] WARN RsiftModBridge load failed: URL class: JavaException
[1365|t+60325ms|ThreadId(2)] [warn] screen_hooks — load failed: URL class: JavaException
[1366|t+60325ms|ThreadId(2)] [Rsift] WARN RsiftUiBridge load failed: URL class: JavaException
[1367|t+60326ms|ThreadId(2)] [warn] screen_hooks — load failed: URL class: JavaException
[1368|t+60578ms|ThreadId(2)] [warn] screen_hooks — load failed: load ScreenHooks: JavaException
[1369|t+60579ms|ThreadId(2)] [Rsift] WARN RsiftUiBridge load failed: URL class: JavaException
[1370|t+60579ms|ThreadId(2)] [Rsift] WARN RsiftModBridge load failed: URL class: JavaException
[1371|t+60580ms|ThreadId(2)] [warn] screen_hooks — load failed: URL class: JavaException
[1372|t+60580ms|ThreadId(2)] [Rsift] WARN RsiftUiBridge load failed: URL class: JavaException
[1373|t+60580ms|ThreadId(2)] [warn] screen_hooks — load failed: URL class: JavaException
[1374|t+60833ms|ThreadId(2)] [warn] screen_hooks — load failed: load ScreenHooks: JavaException
[1375|t+60834ms|ThreadId(2)] [Rsift] WARN RsiftUiBridge load failed: URL class: JavaException
[1376|t+60834ms|ThreadId(2)] [Rsift] WARN RsiftModBridge load failed: URL class: JavaException
[1377|t+60835ms|ThreadId(2)] [warn] screen_hooks — load failed: URL class: JavaException
[1378|t+60835ms|ThreadId(2)] [Rsift] WARN RsiftUiBridge load failed: URL class: JavaException
[1379|t+60835ms|ThreadId(2)] [warn] screen_hooks — load failed: URL class: JavaException
[1380|t+60836ms|ThreadId(2)] [Rsift] WARN RsiftModBridge load failed: URL class: JavaException
[1381|t+61089ms|ThreadId(2)] [warn] screen_hooks — load failed: load ScreenHooks: JavaException
[1382|t+61090ms|ThreadId(2)] [Rsift] WARN RsiftUiBridge load failed: URL class: JavaException
[1383|t+61090ms|ThreadId(2)] [Rsift] WARN RsiftModBridge load failed: URL class: JavaException
[1384|t+61090ms|ThreadId(2)] [warn] screen_hooks — load failed: URL class: JavaException
[1385|t+61091ms|ThreadId(2)] [Rsift] WARN RsiftUiBridge load failed: URL class: JavaException
[1386|t+61091ms|ThreadId(2)] [warn] screen_hooks — load failed: URL class: JavaException
[1387|t+61344ms|ThreadId(2)] [warn] screen_hooks — load failed: load ScreenHooks: JavaException
[1388|t+61345ms|ThreadId(2)] [Rsift] WARN RsiftUiBridge load failed: URL class: JavaException
[1389|t+61345ms|ThreadId(2)] [Rsift] WARN RsiftModBridge load failed: URL class: JavaException
[1390|t+61345ms|ThreadId(2)] [warn] screen_hooks — load failed: URL class: JavaException
[1391|t+61346ms|ThreadId(2)] [Rsift] WARN RsiftUiBridge load failed: URL class: JavaException
[1392|t+61346ms|ThreadId(2)] [warn] screen_hooks — load failed: URL class: JavaException
[1393|t+61599ms|ThreadId(2)] [warn] screen_hooks — load failed: load ScreenHooks: JavaException
[1394|t+61600ms|ThreadId(2)] [Rsift] WARN RsiftUiBridge load failed: URL class: JavaException
[1395|t+61600ms|ThreadId(2)] [Rsift] WARN RsiftModBridge load failed: URL class: JavaException
[1396|t+61601ms|ThreadId(2)] [warn] screen_hooks — load failed: URL class: JavaException
[1397|t+61601ms|ThreadId(2)] [Rsift] WARN RsiftUiBridge load failed: URL class: JavaException
[1398|t+61601ms|ThreadId(2)] [warn] screen_hooks — load failed: URL class: JavaException
[1399|t+61854ms|ThreadId(2)] [warn] screen_hooks — load failed: load ScreenHooks: JavaException
[1400|t+61855ms|ThreadId(2)] [Rsift] WARN RsiftUiBridge load failed: URL class: JavaException
[1401|t+61855ms|ThreadId(2)] [Rsift] WARN RsiftModBridge load failed: URL class: JavaException
[1402|t+61856ms|ThreadId(2)] [warn] screen_hooks — load failed: URL class: JavaException
[1403|t+61856ms|ThreadId(2)] [Rsift] WARN RsiftUiBridge load failed: URL class: JavaException
[1404|t+61857ms|ThreadId(2)] [warn] screen_hooks — load failed: URL class: JavaException
[1405|t+61857ms|ThreadId(2)] [Rsift] WARN RsiftModBridge load failed: URL class: JavaException
[1406|t+62110ms|ThreadId(2)] [warn] screen_hooks — load failed: load ScreenHooks: JavaException
[1407|t+62111ms|ThreadId(2)] [Rsift] WARN RsiftUiBridge load failed: URL class: JavaException
[1408|t+62111ms|ThreadId(2)] [Rsift] WARN RsiftModBridge load failed: URL class: JavaException
[1409|t+62112ms|ThreadId(2)] [warn] screen_hooks — load failed: URL class: JavaException
[1410|t+62112ms|ThreadId(2)] [Rsift] WARN RsiftUiBridge load failed: URL class: JavaException
[1411|t+62113ms|ThreadId(2)] [warn] screen_hooks — load failed: URL class: JavaException
[1412|t+62365ms|ThreadId(2)] [warn] screen_hooks — load failed: load ScreenHooks: JavaException
[1413|t+62366ms|ThreadId(2)] [Rsift] WARN RsiftUiBridge load failed: URL class: JavaException
[1414|t+62366ms|ThreadId(2)] [Rsift] WARN RsiftModBridge load failed: URL class: JavaException
[1415|t+62367ms|ThreadId(2)] [warn] screen_hooks — load failed: URL class: JavaException
[1416|t+62367ms|ThreadId(2)] [Rsift] WARN RsiftUiBridge load failed: URL class: JavaException
[1417|t+62368ms|ThreadId(2)] [warn] screen_hooks — load failed: URL class: JavaException
[1418|t+62620ms|ThreadId(2)] [warn] screen_hooks — load failed: load ScreenHooks: JavaException
[1419|t+62621ms|ThreadId(2)] [Rsift] WARN RsiftUiBridge load failed: URL class: JavaException
[1420|t+62621ms|ThreadId(2)] [Rsift] WARN RsiftModBridge load failed: URL class: JavaException
[1421|t+62621ms|ThreadId(2)] [warn] screen_hooks — load failed: URL class: JavaException
[1422|t+62622ms|ThreadId(2)] [Rsift] WARN RsiftUiBridge load failed: URL class: JavaException
[1423|t+62622ms|ThreadId(2)] [warn] screen_hooks — load failed: URL class: JavaException
[1424|t+62875ms|ThreadId(2)] [warn] screen_hooks — load failed: load ScreenHooks: JavaException
[1425|t+62876ms|ThreadId(2)] [Rsift] WARN RsiftUiBridge load failed: URL class: JavaException
[1426|t+62876ms|ThreadId(2)] [Rsift] WARN RsiftModBridge load failed: URL class: JavaException
[1427|t+62877ms|ThreadId(2)] [warn] screen_hooks — load failed: URL class: JavaException
[1428|t+62877ms|ThreadId(2)] [Rsift] WARN RsiftUiBridge load failed: URL class: JavaException
[1429|t+62878ms|ThreadId(2)] [warn] screen_hooks — load failed: URL class: JavaException
[1430|t+62879ms|ThreadId(2)] [Rsift] WARN RsiftModBridge load failed: URL class: JavaException
[1431|t+63132ms|ThreadId(2)] [warn] screen_hooks — load failed: load ScreenHooks: JavaException
[1432|t+63132ms|ThreadId(2)] [Rsift] WARN RsiftUiBridge load failed: URL class: JavaException
[1433|t+63133ms|ThreadId(2)] [Rsift] WARN RsiftModBridge load failed: URL class: JavaException
[1434|t+63133ms|ThreadId(2)] [warn] screen_hooks — load failed: URL class: JavaException
[1435|t+63134ms|ThreadId(2)] [Rsift] WARN RsiftUiBridge load failed: URL class: JavaException
[1436|t+63134ms|ThreadId(2)] [warn] screen_hooks — load failed: URL class: JavaException
[1437|t+63386ms|ThreadId(2)] [warn] screen_hooks — load failed: load ScreenHooks: JavaException
[1438|t+63387ms|ThreadId(2)] [Rsift] WARN RsiftUiBridge load failed: URL class: JavaException
[1439|t+63387ms|ThreadId(2)] [Rsift] WARN RsiftModBridge load failed: URL class: JavaException
[1440|t+63387ms|ThreadId(2)] [warn] screen_hooks — load failed: URL class: JavaException
[1441|t+63388ms|ThreadId(2)] [Rsift] WARN RsiftUiBridge load failed: URL class: JavaException
[1442|t+63388ms|ThreadId(2)] [warn] screen_hooks — load failed: URL class: JavaException
[1443|t+63641ms|ThreadId(2)] [warn] screen_hooks — load failed: load ScreenHooks: JavaException
[1444|t+63641ms|ThreadId(2)] [Rsift] WARN RsiftUiBridge load failed: URL class: JavaException
[1445|t+63641ms|ThreadId(2)] [Rsift] WARN RsiftModBridge load failed: URL class: JavaException
[1446|t+63642ms|ThreadId(2)] [warn] screen_hooks — load failed: URL class: JavaException
[1447|t+63642ms|ThreadId(2)] [Rsift] WARN RsiftUiBridge load failed: URL class: JavaException
[1448|t+63643ms|ThreadId(2)] [warn] screen_hooks — load failed: URL class: JavaException
[1449|t+63896ms|ThreadId(2)] [warn] screen_hooks — load failed: load ScreenHooks: JavaException
[1450|t+63897ms|ThreadId(2)] [Rsift] WARN RsiftUiBridge load failed: URL class: JavaException
[1451|t+63897ms|ThreadId(2)] [Rsift] WARN RsiftModBridge load failed: URL class: JavaException
[1452|t+63898ms|ThreadId(2)] [warn] screen_hooks — load failed: URL class: JavaException
[1453|t+63898ms|ThreadId(2)] [Rsift] WARN RsiftUiBridge load failed: URL class: JavaException
[1454|t+63898ms|ThreadId(2)] [warn] screen_hooks — load failed: URL class: JavaException
[1455|t+63899ms|ThreadId(2)] [Rsift] WARN RsiftModBridge load failed: URL class: JavaException
[1456|t+64151ms|ThreadId(2)] [warn] screen_hooks — load failed: load ScreenHooks: JavaException
[1457|t+64152ms|ThreadId(2)] [Rsift] WARN RsiftUiBridge load failed: URL class: JavaException
[1458|t+64152ms|ThreadId(2)] [Rsift] WARN RsiftModBridge load failed: URL class: JavaException
[1459|t+64153ms|ThreadId(2)] [warn] screen_hooks — load failed: URL class: JavaException
[1460|t+64153ms|ThreadId(2)] [Rsift] WARN RsiftUiBridge load failed: URL class: JavaException
[1461|t+64153ms|ThreadId(2)] [warn] screen_hooks — load failed: URL class: JavaException
[1462|t+64406ms|ThreadId(2)] [warn] screen_hooks — load failed: load ScreenHooks: JavaException
[1463|t+64406ms|ThreadId(2)] [Rsift] WARN RsiftUiBridge load failed: URL class: JavaException
[1464|t+64407ms|ThreadId(2)] [Rsift] WARN RsiftModBridge load failed: URL class: JavaException
[1465|t+64407ms|ThreadId(2)] [warn] screen_hooks — load failed: URL class: JavaException
[1466|t+64408ms|ThreadId(2)] [Rsift] WARN RsiftUiBridge load failed: URL class: JavaException
[1467|t+64408ms|ThreadId(2)] [warn] screen_hooks — load failed: URL class: JavaException
[1468|t+64660ms|ThreadId(2)] [warn] screen_hooks — load failed: load ScreenHooks: JavaException
[1469|t+64661ms|ThreadId(2)] [Rsift] WARN RsiftUiBridge load failed: URL class: JavaException
[1470|t+64662ms|ThreadId(2)] [Rsift] WARN RsiftModBridge load failed: URL class: JavaException
[1471|t+64662ms|ThreadId(2)] [warn] screen_hooks — load failed: URL class: JavaException
[1472|t+64663ms|ThreadId(2)] [Rsift] WARN RsiftUiBridge load failed: URL class: JavaException
[1473|t+64663ms|ThreadId(2)] [warn] screen_hooks — load failed: URL class: JavaException
[1474|t+64916ms|ThreadId(2)] [warn] screen_hooks — load failed: load ScreenHooks: JavaException
[1475|t+64916ms|ThreadId(2)] [Rsift] WARN RsiftUiBridge load failed: URL class: JavaException
[1476|t+64917ms|ThreadId(2)] [Rsift] WARN RsiftModBridge load failed: URL class: JavaException
[1477|t+64917ms|ThreadId(2)] [warn] screen_hooks — load failed: URL class: JavaException
[1478|t+64918ms|ThreadId(2)] [Rsift] WARN RsiftUiBridge load failed: URL class: JavaException
[1479|t+64918ms|ThreadId(2)] [warn] screen_hooks — load failed: URL class: JavaException
[1480|t+64919ms|ThreadId(2)] [Rsift] WARN RsiftModBridge load failed: URL class: JavaException
[1481|t+65171ms|ThreadId(2)] [warn] screen_hooks — load failed: load ScreenHooks: JavaException
[1482|t+65171ms|ThreadId(2)] [Rsift] WARN RsiftUiBridge load failed: URL class: JavaException
[1483|t+65172ms|ThreadId(2)] [Rsift] WARN RsiftModBridge load failed: URL class: JavaException
[1484|t+65172ms|ThreadId(2)] [warn] screen_hooks — load failed: URL class: JavaException
[1485|t+65173ms|ThreadId(2)] [Rsift] WARN RsiftUiBridge load failed: URL class: JavaException
[1486|t+65173ms|ThreadId(2)] [warn] screen_hooks — load failed: URL class: JavaException
[1487|t+65426ms|ThreadId(2)] [warn] screen_hooks — load failed: load ScreenHooks: JavaException
[1488|t+65427ms|ThreadId(2)] [Rsift] WARN RsiftUiBridge load failed: URL class: JavaException
[1489|t+65427ms|ThreadId(2)] [Rsift] WARN RsiftModBridge load failed: URL class: JavaException
[1490|t+65427ms|ThreadId(2)] [warn] screen_hooks — load failed: URL class: JavaException
[1491|t+65428ms|ThreadId(2)] [Rsift] WARN RsiftUiBridge load failed: URL class: JavaException
[1492|t+65428ms|ThreadId(2)] [warn] screen_hooks — load failed: URL class: JavaException
[1493|t+65681ms|ThreadId(2)] [warn] screen_hooks — load failed: load ScreenHooks: JavaException
[1494|t+65682ms|ThreadId(2)] [Rsift] WARN RsiftUiBridge load failed: URL class: JavaException
[1495|t+65683ms|ThreadId(2)] [Rsift] WARN RsiftModBridge load failed: URL class: JavaException
[1496|t+65683ms|ThreadId(2)] [warn] screen_hooks — load failed: URL class: JavaException
[1497|t+65684ms|ThreadId(2)] [Rsift] WARN RsiftUiBridge load failed: URL class: JavaException
[1498|t+65684ms|ThreadId(2)] [warn] screen_hooks — load failed: URL class: JavaException
[1499|t+65936ms|ThreadId(2)] [warn] screen_hooks — load failed: load ScreenHooks: JavaException
[1500|t+65937ms|ThreadId(2)] [Rsift] WARN RsiftUiBridge load failed: URL class: JavaException
[1501|t+65937ms|ThreadId(2)] [Rsift] WARN RsiftModBridge load failed: URL class: JavaException
[1502|t+65938ms|ThreadId(2)] [warn] screen_hooks — load failed: URL class: JavaException
[1503|t+65938ms|ThreadId(2)] [Rsift] WARN RsiftUiBridge load failed: URL class: JavaException
[1504|t+65938ms|ThreadId(2)] [warn] screen_hooks — load failed: URL class: JavaException
[1505|t+65939ms|ThreadId(2)] [Rsift] WARN RsiftModBridge load failed: URL class: JavaException
[1506|t+66191ms|ThreadId(2)] [warn] screen_hooks — load failed: load ScreenHooks: JavaException
[1507|t+66192ms|ThreadId(2)] [Rsift] WARN RsiftUiBridge load failed: URL class: JavaException
[1508|t+66192ms|ThreadId(2)] [Rsift] WARN RsiftModBridge load failed: URL class: JavaException
[1509|t+66193ms|ThreadId(2)] [warn] screen_hooks — load failed: URL class: JavaException
[1510|t+66193ms|ThreadId(2)] [Rsift] WARN RsiftUiBridge load failed: URL class: JavaException
[1511|t+66194ms|ThreadId(2)] [warn] screen_hooks — load failed: URL class: JavaException
[1512|t+66446ms|ThreadId(2)] [warn] screen_hooks — load failed: load ScreenHooks: JavaException
[1513|t+66447ms|ThreadId(2)] [Rsift] WARN RsiftUiBridge load failed: URL class: JavaException
[1514|t+66447ms|ThreadId(2)] [Rsift] WARN RsiftModBridge load failed: URL class: JavaException
[1515|t+66448ms|ThreadId(2)] [warn] screen_hooks — load failed: URL class: JavaException
[1516|t+66448ms|ThreadId(2)] [Rsift] WARN RsiftUiBridge load failed: URL class: JavaException
[1517|t+66449ms|ThreadId(2)] [warn] screen_hooks — load failed: URL class: JavaException
[1518|t+66702ms|ThreadId(2)] [warn] screen_hooks — load failed: load ScreenHooks: JavaException
[1519|t+66703ms|ThreadId(2)] [Rsift] WARN RsiftUiBridge load failed: URL class: JavaException
[1520|t+66703ms|ThreadId(2)] [Rsift] WARN RsiftModBridge load failed: URL class: JavaException
[1521|t+66704ms|ThreadId(2)] [warn] screen_hooks — load failed: URL class: JavaException
[1522|t+66704ms|ThreadId(2)] [Rsift] WARN RsiftUiBridge load failed: URL class: JavaException
[1523|t+66705ms|ThreadId(2)] [warn] screen_hooks — load failed: URL class: JavaException
[1524|t+66957ms|ThreadId(2)] [warn] screen_hooks — load failed: load ScreenHooks: JavaException
[1525|t+66958ms|ThreadId(2)] [Rsift] WARN RsiftUiBridge load failed: URL class: JavaException
[1526|t+66958ms|ThreadId(2)] [Rsift] WARN RsiftModBridge load failed: URL class: JavaException
[1527|t+66959ms|ThreadId(2)] [warn] screen_hooks — load failed: URL class: JavaException
[1528|t+66959ms|ThreadId(2)] [Rsift] WARN RsiftUiBridge load failed: URL class: JavaException
[1529|t+66959ms|ThreadId(2)] [warn] screen_hooks — load failed: URL class: JavaException
[1530|t+66960ms|ThreadId(2)] [Rsift] WARN RsiftModBridge load failed: URL class: JavaException
[1531|t+67212ms|ThreadId(2)] [warn] screen_hooks — load failed: load ScreenHooks: JavaException
[1532|t+67212ms|ThreadId(2)] [Rsift] WARN RsiftUiBridge load failed: URL class: JavaException
[1533|t+67213ms|ThreadId(2)] [Rsift] WARN RsiftModBridge load failed: URL class: JavaException
[1534|t+67213ms|ThreadId(2)] [warn] screen_hooks — load failed: URL class: JavaException
[1535|t+67214ms|ThreadId(2)] [Rsift] WARN RsiftUiBridge load failed: URL class: JavaException
[1536|t+67214ms|ThreadId(2)] [warn] screen_hooks — load failed: URL class: JavaException
[1537|t+67467ms|ThreadId(2)] [warn] screen_hooks — load failed: load ScreenHooks: JavaException
[1538|t+67468ms|ThreadId(2)] [Rsift] WARN RsiftUiBridge load failed: URL class: JavaException
[1539|t+67468ms|ThreadId(2)] [Rsift] WARN RsiftModBridge load failed: URL class: JavaException
[1540|t+67469ms|ThreadId(2)] [warn] screen_hooks — load failed: URL class: JavaException
[1541|t+67469ms|ThreadId(2)] [Rsift] WARN RsiftUiBridge load failed: URL class: JavaException
[1542|t+67470ms|ThreadId(2)] [warn] screen_hooks — load failed: URL class: JavaException
[1543|t+67723ms|ThreadId(2)] [warn] screen_hooks — load failed: load ScreenHooks: JavaException
[1544|t+67723ms|ThreadId(2)] [Rsift] WARN RsiftUiBridge load failed: URL class: JavaException
[1545|t+67724ms|ThreadId(2)] [Rsift] WARN RsiftModBridge load failed: URL class: JavaException
[1546|t+67724ms|ThreadId(2)] [warn] screen_hooks — load failed: URL class: JavaException
[1547|t+67724ms|ThreadId(2)] [Rsift] WARN RsiftUiBridge load failed: URL class: JavaException
[1548|t+67724ms|ThreadId(2)] [warn] screen_hooks — load failed: URL class: JavaException
[1549|t+67977ms|ThreadId(2)] [warn] screen_hooks — load failed: load ScreenHooks: JavaException
[1550|t+67978ms|ThreadId(2)] [Rsift] WARN RsiftUiBridge load failed: URL class: JavaException
[1551|t+67978ms|ThreadId(2)] [Rsift] WARN RsiftModBridge load failed: URL class: JavaException
[1552|t+67979ms|ThreadId(2)] [warn] screen_hooks — load failed: URL class: JavaException
[1553|t+67979ms|ThreadId(2)] [Rsift] WARN RsiftUiBridge load failed: URL class: JavaException
[1554|t+67979ms|ThreadId(2)] [warn] screen_hooks — load failed: URL class: JavaException
[1555|t+67980ms|ThreadId(2)] [Rsift] WARN RsiftModBridge load failed: URL class: JavaException
[1556|t+67980ms|ThreadId(2)] [step] tick_loop — alive tick=240
[1557|t+68234ms|ThreadId(2)] [warn] screen_hooks — load failed: load ScreenHooks: JavaException
[1558|t+68234ms|ThreadId(2)] [Rsift] WARN RsiftUiBridge load failed: URL class: JavaException
[1559|t+68235ms|ThreadId(2)] [Rsift] WARN RsiftModBridge load failed: URL class: JavaException
[1560|t+68235ms|ThreadId(2)] [warn] screen_hooks — load failed: URL class: JavaException
[1561|t+68236ms|ThreadId(2)] [Rsift] WARN RsiftUiBridge load failed: URL class: JavaException
[1562|t+68236ms|ThreadId(2)] [warn] screen_hooks — load failed: URL class: JavaException
[1563|t+68489ms|ThreadId(2)] [warn] screen_hooks — load failed: load ScreenHooks: JavaException
[1564|t+68490ms|ThreadId(2)] [Rsift] WARN RsiftUiBridge load failed: URL class: JavaException
[1565|t+68490ms|ThreadId(2)] [Rsift] WARN RsiftModBridge load failed: URL class: JavaException
[1566|t+68491ms|ThreadId(2)] [warn] screen_hooks — load failed: URL class: JavaException
[1567|t+68491ms|ThreadId(2)] [Rsift] WARN RsiftUiBridge load failed: URL class: JavaException
[1568|t+68491ms|ThreadId(2)] [warn] screen_hooks — load failed: URL class: JavaException
[1569|t+68744ms|ThreadId(2)] [warn] screen_hooks — load failed: load ScreenHooks: JavaException
[1570|t+68744ms|ThreadId(2)] [Rsift] WARN RsiftUiBridge load failed: URL class: JavaException
[1571|t+68745ms|ThreadId(2)] [Rsift] WARN RsiftModBridge load failed: URL class: JavaException
[1572|t+68745ms|ThreadId(2)] [warn] screen_hooks — load failed: URL class: JavaException
[1573|t+68745ms|ThreadId(2)] [Rsift] WARN RsiftUiBridge load failed: URL class: JavaException
[1574|t+68746ms|ThreadId(2)] [warn] screen_hooks — load failed: URL class: JavaException
[1575|t+68998ms|ThreadId(2)] [warn] screen_hooks — load failed: load ScreenHooks: JavaException
[1576|t+68999ms|ThreadId(2)] [Rsift] WARN RsiftUiBridge load failed: URL class: JavaException
[1577|t+68999ms|ThreadId(2)] [Rsift] WARN RsiftModBridge load failed: URL class: JavaException
[1578|t+69000ms|ThreadId(2)] [warn] screen_hooks — load failed: URL class: JavaException
[1579|t+69000ms|ThreadId(2)] [Rsift] WARN RsiftUiBridge load failed: URL class: JavaException
[1580|t+69001ms|ThreadId(2)] [warn] screen_hooks — load failed: URL class: JavaException
[1581|t+69002ms|ThreadId(2)] [Rsift] WARN RsiftModBridge load failed: URL class: JavaException
[1582|t+69255ms|ThreadId(2)] [warn] screen_hooks — load failed: load ScreenHooks: JavaException
[1583|t+69255ms|ThreadId(2)] [Rsift] WARN RsiftUiBridge load failed: URL class: JavaException
[1584|t+69255ms|ThreadId(2)] [Rsift] WARN RsiftModBridge load failed: URL class: JavaException
[1585|t+69256ms|ThreadId(2)] [warn] screen_hooks — load failed: URL class: JavaException
[1586|t+69256ms|ThreadId(2)] [Rsift] WARN RsiftUiBridge load failed: URL class: JavaException
[1587|t+69256ms|ThreadId(2)] [warn] screen_hooks — load failed: URL class: JavaException
[1588|t+69509ms|ThreadId(2)] [warn] screen_hooks — load failed: load ScreenHooks: JavaException
[1589|t+69510ms|ThreadId(2)] [Rsift] WARN RsiftUiBridge load failed: URL class: JavaException
[1590|t+69510ms|ThreadId(2)] [Rsift] WARN RsiftModBridge load failed: URL class: JavaException
[1591|t+69511ms|ThreadId(2)] [warn] screen_hooks — load failed: URL class: JavaException
[1592|t+69511ms|ThreadId(2)] [Rsift] WARN RsiftUiBridge load failed: URL class: JavaException
[1593|t+69511ms|ThreadId(2)] [warn] screen_hooks — load failed: URL class: JavaException
[1594|t+69764ms|ThreadId(2)] [warn] screen_hooks — load failed: load ScreenHooks: JavaException
[1595|t+69765ms|ThreadId(2)] [Rsift] WARN RsiftUiBridge load failed: URL class: JavaException
[1596|t+69765ms|ThreadId(2)] [Rsift] WARN RsiftModBridge load failed: URL class: JavaException
[1597|t+69765ms|ThreadId(2)] [warn] screen_hooks — load failed: URL class: JavaException
[1598|t+69766ms|ThreadId(2)] [Rsift] WARN RsiftUiBridge load failed: URL class: JavaException
[1599|t+69766ms|ThreadId(2)] [warn] screen_hooks — load failed: URL class: JavaException
[1600|t+70020ms|ThreadId(2)] [warn] screen_hooks — load failed: load ScreenHooks: JavaException
[1601|t+70020ms|ThreadId(2)] [Rsift] WARN RsiftUiBridge load failed: URL class: JavaException
[1602|t+70020ms|ThreadId(2)] [Rsift] WARN RsiftModBridge load failed: URL class: JavaException
[1603|t+70021ms|ThreadId(2)] [warn] screen_hooks — load failed: URL class: JavaException
[1604|t+70021ms|ThreadId(2)] [Rsift] WARN RsiftUiBridge load failed: URL class: JavaException
[1605|t+70022ms|ThreadId(2)] [warn] screen_hooks — load failed: URL class: JavaException
[1606|t+70022ms|ThreadId(2)] [Rsift] WARN RsiftModBridge load failed: URL class: JavaException
[1607|t+70275ms|ThreadId(2)] [warn] screen_hooks — load failed: load ScreenHooks: JavaException
[1608|t+70275ms|ThreadId(2)] [Rsift] WARN RsiftUiBridge load failed: URL class: JavaException
[1609|t+70276ms|ThreadId(2)] [Rsift] WARN RsiftModBridge load failed: URL class: JavaException
[1610|t+70276ms|ThreadId(2)] [warn] screen_hooks — load failed: URL class: JavaException
[1611|t+70276ms|ThreadId(2)] [Rsift] WARN RsiftUiBridge load failed: URL class: JavaException
[1612|t+70277ms|ThreadId(2)] [warn] screen_hooks — load failed: URL class: JavaException
[1613|t+70530ms|ThreadId(2)] [warn] screen_hooks — load failed: load ScreenHooks: JavaException
[1614|t+70530ms|ThreadId(2)] [Rsift] WARN RsiftUiBridge load failed: URL class: JavaException
[1615|t+70530ms|ThreadId(2)] [Rsift] WARN RsiftModBridge load failed: URL class: JavaException
[1616|t+70531ms|ThreadId(2)] [warn] screen_hooks — load failed: URL class: JavaException
[1617|t+70531ms|ThreadId(2)] [Rsift] WARN RsiftUiBridge load failed: URL class: JavaException
[1618|t+70532ms|ThreadId(2)] [warn] screen_hooks — load failed: URL class: JavaException
[1619|t+70785ms|ThreadId(2)] [warn] screen_hooks — load failed: load ScreenHooks: JavaException
[1620|t+70785ms|ThreadId(2)] [Rsift] WARN RsiftUiBridge load failed: URL class: JavaException
[1621|t+70785ms|ThreadId(2)] [Rsift] WARN RsiftModBridge load failed: URL class: JavaException
[1622|t+70786ms|ThreadId(2)] [warn] screen_hooks — load failed: URL class: JavaException
[1623|t+70787ms|ThreadId(2)] [Rsift] WARN RsiftUiBridge load failed: URL class: JavaException
[1624|t+70788ms|ThreadId(2)] [warn] screen_hooks — load failed: URL class: JavaException
[1625|t+71041ms|ThreadId(2)] [warn] screen_hooks — load failed: load ScreenHooks: JavaException
[1626|t+71042ms|ThreadId(2)] [Rsift] WARN RsiftUiBridge load failed: URL class: JavaException
[1627|t+71042ms|ThreadId(2)] [Rsift] WARN RsiftModBridge load failed: URL class: JavaException
[1628|t+71042ms|ThreadId(2)] [warn] screen_hooks — load failed: URL class: JavaException
[1629|t+71043ms|ThreadId(2)] [Rsift] WARN RsiftUiBridge load failed: URL class: JavaException
[1630|t+71043ms|ThreadId(2)] [warn] screen_hooks — load failed: URL class: JavaException
[1631|t+71043ms|ThreadId(2)] [Rsift] WARN RsiftModBridge load failed: URL class: JavaException
[1632|t+71297ms|ThreadId(2)] [warn] screen_hooks — load failed: load ScreenHooks: JavaException
[1633|t+71297ms|ThreadId(2)] [Rsift] WARN RsiftUiBridge load failed: URL class: JavaException
[1634|t+71298ms|ThreadId(2)] [Rsift] WARN RsiftModBridge load failed: URL class: JavaException
[1635|t+71298ms|ThreadId(2)] [warn] screen_hooks — load failed: URL class: JavaException
[1636|t+71299ms|ThreadId(2)] [Rsift] WARN RsiftUiBridge load failed: URL class: JavaException
[1637|t+71299ms|ThreadId(2)] [warn] screen_hooks — load failed: URL class: JavaException
[1638|t+71552ms|ThreadId(2)] [warn] screen_hooks — load failed: load ScreenHooks: JavaException
[1639|t+71553ms|ThreadId(2)] [Rsift] WARN RsiftUiBridge load failed: URL class: JavaException
[1640|t+71554ms|ThreadId(2)] [Rsift] WARN RsiftModBridge load failed: URL class: JavaException
[1641|t+71554ms|ThreadId(2)] [warn] screen_hooks — load failed: URL class: JavaException
[1642|t+71555ms|ThreadId(2)] [Rsift] WARN RsiftUiBridge load failed: URL class: JavaException
[1643|t+71555ms|ThreadId(2)] [warn] screen_hooks — load failed: URL class: JavaException
[1644|t+71809ms|ThreadId(2)] [warn] screen_hooks — load failed: load ScreenHooks: JavaException
[1645|t+71809ms|ThreadId(2)] [Rsift] WARN RsiftUiBridge load failed: URL class: JavaException
[1646|t+71809ms|ThreadId(2)] [Rsift] WARN RsiftModBridge load failed: URL class: JavaException
[1647|t+71810ms|ThreadId(2)] [warn] screen_hooks — load failed: URL class: JavaException
[1648|t+71810ms|ThreadId(2)] [Rsift] WARN RsiftUiBridge load failed: URL class: JavaException
[1649|t+71810ms|ThreadId(2)] [warn] screen_hooks — load failed: URL class: JavaException
[1650|t+72063ms|ThreadId(2)] [warn] screen_hooks — load failed: load ScreenHooks: JavaException
[1651|t+72063ms|ThreadId(2)] [Rsift] WARN RsiftUiBridge load failed: URL class: JavaException
[1652|t+72064ms|ThreadId(2)] [Rsift] WARN RsiftModBridge load failed: URL class: JavaException
[1653|t+72064ms|ThreadId(2)] [warn] screen_hooks — load failed: URL class: JavaException
[1654|t+72064ms|ThreadId(2)] [Rsift] WARN RsiftUiBridge load failed: URL class: JavaException
[1655|t+72065ms|ThreadId(2)] [warn] screen_hooks — load failed: URL class: JavaException
[1656|t+72065ms|ThreadId(2)] [Rsift] WARN RsiftModBridge load failed: URL class: JavaException
[1657|t+72318ms|ThreadId(2)] [warn] screen_hooks — load failed: load ScreenHooks: JavaException
[1658|t+72318ms|ThreadId(2)] [Rsift] WARN RsiftUiBridge load failed: URL class: JavaException
[1659|t+72319ms|ThreadId(2)] [Rsift] WARN RsiftModBridge load failed: URL class: JavaException
[1660|t+72319ms|ThreadId(2)] [warn] screen_hooks — load failed: URL class: JavaException
[1661|t+72320ms|ThreadId(2)] [Rsift] WARN RsiftUiBridge load failed: URL class: JavaException
[1662|t+72320ms|ThreadId(2)] [warn] screen_hooks — load failed: URL class: JavaException
[1663|t+72574ms|ThreadId(2)] [warn] screen_hooks — load failed: load ScreenHooks: JavaException
[1664|t+72574ms|ThreadId(2)] [Rsift] WARN RsiftUiBridge load failed: URL class: JavaException
[1665|t+72575ms|ThreadId(2)] [Rsift] WARN RsiftModBridge load failed: URL class: JavaException
[1666|t+72575ms|ThreadId(2)] [warn] screen_hooks — load failed: URL class: JavaException
[1667|t+72576ms|ThreadId(2)] [Rsift] WARN RsiftUiBridge load failed: URL class: JavaException
[1668|t+72576ms|ThreadId(2)] [warn] screen_hooks — load failed: URL class: JavaException
[1669|t+72829ms|ThreadId(2)] [warn] screen_hooks — load failed: load ScreenHooks: JavaException
[1670|t+72829ms|ThreadId(2)] [Rsift] WARN RsiftUiBridge load failed: URL class: JavaException
[1671|t+72830ms|ThreadId(2)] [Rsift] WARN RsiftModBridge load failed: URL class: JavaException
[1672|t+72830ms|ThreadId(2)] [warn] screen_hooks — load failed: URL class: JavaException
[1673|t+72830ms|ThreadId(2)] [Rsift] WARN RsiftUiBridge load failed: URL class: JavaException
[1674|t+72831ms|ThreadId(2)] [warn] screen_hooks — load failed: URL class: JavaException
[1675|t+73083ms|ThreadId(2)] [warn] screen_hooks — load failed: load ScreenHooks: JavaException
[1676|t+73084ms|ThreadId(2)] [Rsift] WARN RsiftUiBridge load failed: URL class: JavaException
[1677|t+73084ms|ThreadId(2)] [Rsift] WARN RsiftModBridge load failed: URL class: JavaException
[1678|t+73085ms|ThreadId(2)] [warn] screen_hooks — load failed: URL class: JavaException
[1679|t+73085ms|ThreadId(2)] [Rsift] WARN RsiftUiBridge load failed: URL class: JavaException
[1680|t+73085ms|ThreadId(2)] [warn] screen_hooks — load failed: URL class: JavaException
[1681|t+73086ms|ThreadId(2)] [Rsift] WARN RsiftModBridge load failed: URL class: JavaException
[1682|t+73339ms|ThreadId(2)] [warn] screen_hooks — load failed: load ScreenHooks: JavaException
[1683|t+73339ms|ThreadId(2)] [Rsift] WARN RsiftUiBridge load failed: URL class: JavaException
[1684|t+73340ms|ThreadId(2)] [Rsift] WARN RsiftModBridge load failed: URL class: JavaException
[1685|t+73341ms|ThreadId(2)] [warn] screen_hooks — load failed: URL class: JavaException
[1686|t+73341ms|ThreadId(2)] [Rsift] WARN RsiftUiBridge load failed: URL class: JavaException
[1687|t+73342ms|ThreadId(2)] [warn] screen_hooks — load failed: URL class: JavaException
[1688|t+73594ms|ThreadId(2)] [warn] screen_hooks — load failed: load ScreenHooks: JavaException
[1689|t+73595ms|ThreadId(2)] [Rsift] WARN RsiftUiBridge load failed: URL class: JavaException
[1690|t+73595ms|ThreadId(2)] [Rsift] WARN RsiftModBridge load failed: URL class: JavaException
[1691|t+73596ms|ThreadId(2)] [warn] screen_hooks — load failed: URL class: JavaException
[1692|t+73596ms|ThreadId(2)] [Rsift] WARN RsiftUiBridge load failed: URL class: JavaException
[1693|t+73596ms|ThreadId(2)] [warn] screen_hooks — load failed: URL class: JavaException
[1694|t+73848ms|ThreadId(2)] [warn] screen_hooks — load failed: load ScreenHooks: JavaException
[1695|t+73849ms|ThreadId(2)] [Rsift] WARN RsiftUiBridge load failed: URL class: JavaException
[1696|t+73849ms|ThreadId(2)] [Rsift] WARN RsiftModBridge load failed: URL class: JavaException
[1697|t+73850ms|ThreadId(2)] [warn] screen_hooks — load failed: URL class: JavaException
[1698|t+73850ms|ThreadId(2)] [Rsift] WARN RsiftUiBridge load failed: URL class: JavaException
[1699|t+73851ms|ThreadId(2)] [warn] screen_hooks — load failed: URL class: JavaException
[1700|t+74103ms|ThreadId(2)] [warn] screen_hooks — load failed: load ScreenHooks: JavaException
[1701|t+74104ms|ThreadId(2)] [Rsift] WARN RsiftUiBridge load failed: URL class: JavaException
[1702|t+74104ms|ThreadId(2)] [Rsift] WARN RsiftModBridge load failed: URL class: JavaException
[1703|t+74105ms|ThreadId(2)] [warn] screen_hooks — load failed: URL class: JavaException
[1704|t+74105ms|ThreadId(2)] [Rsift] WARN RsiftUiBridge load failed: URL class: JavaException
[1705|t+74106ms|ThreadId(2)] [warn] screen_hooks — load failed: URL class: JavaException
[1706|t+74106ms|ThreadId(2)] [Rsift] WARN RsiftModBridge load failed: URL class: JavaException
[1707|t+74360ms|ThreadId(2)] [warn] screen_hooks — load failed: load ScreenHooks: JavaException
[1708|t+74361ms|ThreadId(2)] [Rsift] WARN RsiftUiBridge load failed: URL class: JavaException
[1709|t+74361ms|ThreadId(2)] [Rsift] WARN RsiftModBridge load failed: URL class: JavaException
[1710|t+74361ms|ThreadId(2)] [warn] screen_hooks — load failed: URL class: JavaException
[1711|t+74362ms|ThreadId(2)] [Rsift] WARN RsiftUiBridge load failed: URL class: JavaException
[1712|t+74363ms|ThreadId(2)] [warn] screen_hooks — load failed: URL class: JavaException
[1713|t+74617ms|ThreadId(2)] [warn] screen_hooks — load failed: load ScreenHooks: JavaException
[1714|t+74618ms|ThreadId(2)] [Rsift] WARN RsiftUiBridge load failed: URL class: JavaException
[1715|t+74618ms|ThreadId(2)] [Rsift] WARN RsiftModBridge load failed: URL class: JavaException
[1716|t+74618ms|ThreadId(2)] [warn] screen_hooks — load failed: URL class: JavaException
[1717|t+74619ms|ThreadId(2)] [Rsift] WARN RsiftUiBridge load failed: URL class: JavaException
[1718|t+74619ms|ThreadId(2)] [warn] screen_hooks — load failed: URL class: JavaException
[1719|t+74872ms|ThreadId(2)] [warn] screen_hooks — load failed: load ScreenHooks: JavaException
[1720|t+74873ms|ThreadId(2)] [Rsift] WARN RsiftUiBridge load failed: URL class: JavaException
[1721|t+74874ms|ThreadId(2)] [Rsift] WARN RsiftModBridge load failed: URL class: JavaException
[1722|t+74874ms|ThreadId(2)] [warn] screen_hooks — load failed: URL class: JavaException
[1723|t+74875ms|ThreadId(2)] [Rsift] WARN RsiftUiBridge load failed: URL class: JavaException
[1724|t+74875ms|ThreadId(2)] [warn] screen_hooks — load failed: URL class: JavaException
[1725|t+75128ms|ThreadId(2)] [warn] screen_hooks — load failed: load ScreenHooks: JavaException
[1726|t+75129ms|ThreadId(2)] [Rsift] WARN RsiftUiBridge load failed: URL class: JavaException
[1727|t+75129ms|ThreadId(2)] [Rsift] WARN RsiftModBridge load failed: URL class: JavaException
[1728|t+75130ms|ThreadId(2)] [warn] screen_hooks — load failed: URL class: JavaException
[1729|t+75130ms|ThreadId(2)] [Rsift] WARN RsiftUiBridge load failed: URL class: JavaException
[1730|t+75131ms|ThreadId(2)] [warn] screen_hooks — load failed: URL class: JavaException
[1731|t+75131ms|ThreadId(2)] [Rsift] WARN RsiftModBridge load failed: URL class: JavaException
[1732|t+75383ms|ThreadId(2)] [warn] screen_hooks — load failed: load ScreenHooks: JavaException
[1733|t+75384ms|ThreadId(2)] [Rsift] WARN RsiftUiBridge load failed: URL class: JavaException
[1734|t+75385ms|ThreadId(2)] [Rsift] WARN RsiftModBridge load failed: URL class: JavaException
[1735|t+75385ms|ThreadId(2)] [warn] screen_hooks — load failed: URL class: JavaException
[1736|t+75385ms|ThreadId(2)] [Rsift] WARN RsiftUiBridge load failed: URL class: JavaException
[1737|t+75386ms|ThreadId(2)] [warn] screen_hooks — load failed: URL class: JavaException
[1738|t+75639ms|ThreadId(2)] [warn] screen_hooks — load failed: load ScreenHooks: JavaException
[1739|t+75639ms|ThreadId(2)] [Rsift] WARN RsiftUiBridge load failed: URL class: JavaException
[1740|t+75640ms|ThreadId(2)] [Rsift] WARN RsiftModBridge load failed: URL class: JavaException
[1741|t+75640ms|ThreadId(2)] [warn] screen_hooks — load failed: URL class: JavaException
[1742|t+75640ms|ThreadId(2)] [Rsift] WARN RsiftUiBridge load failed: URL class: JavaException
[1743|t+75641ms|ThreadId(2)] [warn] screen_hooks — load failed: URL class: JavaException
[1744|t+75893ms|ThreadId(2)] [warn] screen_hooks — load failed: load ScreenHooks: JavaException
[1745|t+75894ms|ThreadId(2)] [Rsift] WARN RsiftUiBridge load failed: URL class: JavaException
[1746|t+75894ms|ThreadId(2)] [Rsift] WARN RsiftModBridge load failed: URL class: JavaException
[1747|t+75895ms|ThreadId(2)] [warn] screen_hooks — load failed: URL class: JavaException
[1748|t+75895ms|ThreadId(2)] [Rsift] WARN RsiftUiBridge load failed: URL class: JavaException
[1749|t+75895ms|ThreadId(2)] [warn] screen_hooks — load failed: URL class: JavaException
[1750|t+76148ms|ThreadId(2)] [warn] screen_hooks — load failed: load ScreenHooks: JavaException
[1751|t+76149ms|ThreadId(2)] [Rsift] WARN RsiftUiBridge load failed: URL class: JavaException
[1752|t+76149ms|ThreadId(2)] [Rsift] WARN RsiftModBridge load failed: URL class: JavaException
[1753|t+76150ms|ThreadId(2)] [warn] screen_hooks — load failed: URL class: JavaException
[1754|t+76150ms|ThreadId(2)] [Rsift] WARN RsiftUiBridge load failed: URL class: JavaException
[1755|t+76150ms|ThreadId(2)] [warn] screen_hooks — load failed: URL class: JavaException
[1756|t+76151ms|ThreadId(2)] [Rsift] WARN RsiftModBridge load failed: URL class: JavaException
[1757|t+76404ms|ThreadId(2)] [warn] screen_hooks — load failed: load ScreenHooks: JavaException
[1758|t+76404ms|ThreadId(2)] [Rsift] WARN RsiftUiBridge load failed: URL class: JavaException
[1759|t+76405ms|ThreadId(2)] [Rsift] WARN RsiftModBridge load failed: URL class: JavaException
[1760|t+76405ms|ThreadId(2)] [warn] screen_hooks — load failed: URL class: JavaException
[1761|t+76406ms|ThreadId(2)] [Rsift] WARN RsiftUiBridge load failed: URL class: JavaException
[1762|t+76406ms|ThreadId(2)] [warn] screen_hooks — load failed: URL class: JavaException
[1763|t+76659ms|ThreadId(2)] [warn] screen_hooks — load failed: load ScreenHooks: JavaException
[1764|t+76659ms|ThreadId(2)] [Rsift] WARN RsiftUiBridge load failed: URL class: JavaException
[1765|t+76660ms|ThreadId(2)] [Rsift] WARN RsiftModBridge load failed: URL class: JavaException
[1766|t+76660ms|ThreadId(2)] [warn] screen_hooks — load failed: URL class: JavaException
[1767|t+76660ms|ThreadId(2)] [Rsift] WARN RsiftUiBridge load failed: URL class: JavaException
[1768|t+76661ms|ThreadId(2)] [warn] screen_hooks — load failed: URL class: JavaException
[1769|t+76915ms|ThreadId(2)] [warn] screen_hooks — load failed: load ScreenHooks: JavaException
[1770|t+76915ms|ThreadId(2)] [Rsift] WARN RsiftUiBridge load failed: URL class: JavaException
[1771|t+76916ms|ThreadId(2)] [Rsift] WARN RsiftModBridge load failed: URL class: JavaException
[1772|t+76916ms|ThreadId(2)] [warn] screen_hooks — load failed: URL class: JavaException
[1773|t+76916ms|ThreadId(2)] [Rsift] WARN RsiftUiBridge load failed: URL class: JavaException
[1774|t+76917ms|ThreadId(2)] [warn] screen_hooks — load failed: URL class: JavaException
[1775|t+77169ms|ThreadId(2)] [warn] screen_hooks — load failed: load ScreenHooks: JavaException
[1776|t+77170ms|ThreadId(2)] [Rsift] WARN RsiftUiBridge load failed: URL class: JavaException
[1777|t+77170ms|ThreadId(2)] [Rsift] WARN RsiftModBridge load failed: URL class: JavaException
[1778|t+77170ms|ThreadId(2)] [warn] screen_hooks — load failed: URL class: JavaException
[1779|t+77171ms|ThreadId(2)] [Rsift] WARN RsiftUiBridge load failed: URL class: JavaException
[1780|t+77171ms|ThreadId(2)] [warn] screen_hooks — load failed: URL class: JavaException
[1781|t+77172ms|ThreadId(2)] [Rsift] WARN RsiftModBridge load failed: URL class: JavaException
[1782|t+77424ms|ThreadId(2)] [warn] screen_hooks — load failed: load ScreenHooks: JavaException
[1783|t+77424ms|ThreadId(2)] [Rsift] WARN RsiftUiBridge load failed: URL class: JavaException
[1784|t+77425ms|ThreadId(2)] [Rsift] WARN RsiftModBridge load failed: URL class: JavaException
[1785|t+77425ms|ThreadId(2)] [warn] screen_hooks — load failed: URL class: JavaException
[1786|t+77425ms|ThreadId(2)] [Rsift] WARN RsiftUiBridge load failed: URL class: JavaException
[1787|t+77426ms|ThreadId(2)] [warn] screen_hooks — load failed: URL class: JavaException
[1788|t+77678ms|ThreadId(2)] [warn] screen_hooks — load failed: load ScreenHooks: JavaException
[1789|t+77679ms|ThreadId(2)] [Rsift] WARN RsiftUiBridge load failed: URL class: JavaException
[1790|t+77679ms|ThreadId(2)] [Rsift] WARN RsiftModBridge load failed: URL class: JavaException
[1791|t+77680ms|ThreadId(2)] [warn] screen_hooks — load failed: URL class: JavaException
[1792|t+77680ms|ThreadId(2)] [Rsift] WARN RsiftUiBridge load failed: URL class: JavaException
[1793|t+77680ms|ThreadId(2)] [warn] screen_hooks — load failed: URL class: JavaException
[1794|t+77933ms|ThreadId(2)] [warn] screen_hooks — load failed: load ScreenHooks: JavaException
[1795|t+77934ms|ThreadId(2)] [Rsift] WARN RsiftUiBridge load failed: URL class: JavaException
[1796|t+77934ms|ThreadId(2)] [Rsift] WARN RsiftModBridge load failed: URL class: JavaException
[1797|t+77935ms|ThreadId(2)] [warn] screen_hooks — load failed: URL class: JavaException
[1798|t+77935ms|ThreadId(2)] [Rsift] WARN RsiftUiBridge load failed: URL class: JavaException
[1799|t+77935ms|ThreadId(2)] [warn] screen_hooks — load failed: URL class: JavaException
[1800|t+78188ms|ThreadId(2)] [warn] screen_hooks — load failed: load ScreenHooks: JavaException
[1801|t+78188ms|ThreadId(2)] [Rsift] WARN RsiftUiBridge load failed: URL class: JavaException
[1802|t+78189ms|ThreadId(2)] [Rsift] WARN RsiftModBridge load failed: URL class: JavaException
[1803|t+78189ms|ThreadId(2)] [warn] screen_hooks — load failed: URL class: JavaException
[1804|t+78190ms|ThreadId(2)] [Rsift] WARN RsiftUiBridge load failed: URL class: JavaException
[1805|t+78190ms|ThreadId(2)] [warn] screen_hooks — load failed: URL class: JavaException
[1806|t+78191ms|ThreadId(2)] [Rsift] WARN RsiftModBridge load failed: URL class: JavaException
[1807|t+78443ms|ThreadId(2)] [warn] screen_hooks — load failed: load ScreenHooks: JavaException
[1808|t+78444ms|ThreadId(2)] [Rsift] WARN RsiftUiBridge load failed: URL class: JavaException
[1809|t+78444ms|ThreadId(2)] [Rsift] WARN RsiftModBridge load failed: URL class: JavaException
[1810|t+78445ms|ThreadId(2)] [warn] screen_hooks — load failed: URL class: JavaException
[1811|t+78445ms|ThreadId(2)] [Rsift] WARN RsiftUiBridge load failed: URL class: JavaException
[1812|t+78445ms|ThreadId(2)] [warn] screen_hooks — load failed: URL class: JavaException
[1813|t+78699ms|ThreadId(2)] [warn] screen_hooks — load failed: load ScreenHooks: JavaException
[1814|t+78700ms|ThreadId(2)] [Rsift] WARN RsiftUiBridge load failed: URL class: JavaException
[1815|t+78700ms|ThreadId(2)] [Rsift] WARN RsiftModBridge load failed: URL class: JavaException
[1816|t+78701ms|ThreadId(2)] [warn] screen_hooks — load failed: URL class: JavaException
[1817|t+78701ms|ThreadId(2)] [Rsift] WARN RsiftUiBridge load failed: URL class: JavaException
[1818|t+78701ms|ThreadId(2)] [warn] screen_hooks — load failed: URL class: JavaException
[1819|t+78962ms|ThreadId(2)] [warn] screen_hooks — load failed: load ScreenHooks: JavaException
[1820|t+78962ms|ThreadId(2)] [Rsift] WARN RsiftUiBridge load failed: URL class: JavaException
[1821|t+78963ms|ThreadId(2)] [Rsift] WARN RsiftModBridge load failed: URL class: JavaException
[1822|t+78963ms|ThreadId(2)] [warn] screen_hooks — load failed: URL class: JavaException
[1823|t+78964ms|ThreadId(2)] [Rsift] WARN RsiftUiBridge load failed: URL class: JavaException
[1824|t+78964ms|ThreadId(2)] [warn] screen_hooks — load failed: URL class: JavaException
[1825|t+79222ms|ThreadId(2)] [warn] screen_hooks — load failed: load ScreenHooks: JavaException
[1826|t+79223ms|ThreadId(2)] [Rsift] WARN RsiftUiBridge load failed: URL class: JavaException
[1827|t+79223ms|ThreadId(2)] [Rsift] WARN RsiftModBridge load failed: URL class: JavaException
[1828|t+79224ms|ThreadId(2)] [warn] screen_hooks — load failed: URL class: JavaException
[1829|t+79224ms|ThreadId(2)] [Rsift] WARN RsiftUiBridge load failed: URL class: JavaException
[1830|t+79224ms|ThreadId(2)] [warn] screen_hooks — load failed: URL class: JavaException
[1831|t+79225ms|ThreadId(2)] [Rsift] WARN RsiftModBridge load failed: URL class: JavaException
[1832|t+79479ms|ThreadId(2)] [warn] screen_hooks — load failed: load ScreenHooks: JavaException
[1833|t+79480ms|ThreadId(2)] [Rsift] WARN RsiftUiBridge load failed: URL class: JavaException
[1834|t+79480ms|ThreadId(2)] [Rsift] WARN RsiftModBridge load failed: URL class: JavaException
[1835|t+79481ms|ThreadId(2)] [warn] screen_hooks — load failed: URL class: JavaException
[1836|t+79481ms|ThreadId(2)] [Rsift] WARN RsiftUiBridge load failed: URL class: JavaException
[1837|t+79481ms|ThreadId(2)] [warn] screen_hooks — load failed: URL class: JavaException
[1838|t+79752ms|ThreadId(2)] [warn] screen_hooks — load failed: load ScreenHooks: JavaException
[1839|t+79753ms|ThreadId(2)] [Rsift] WARN RsiftUiBridge load failed: URL class: JavaException
[1840|t+79753ms|ThreadId(2)] [Rsift] WARN RsiftModBridge load failed: URL class: JavaException
[1841|t+79754ms|ThreadId(2)] [warn] screen_hooks — load failed: URL class: JavaException
[1842|t+79754ms|ThreadId(2)] [Rsift] WARN RsiftUiBridge load failed: URL class: JavaException
[1843|t+79754ms|ThreadId(2)] [warn] screen_hooks — load failed: URL class: JavaException
[1844|t+80014ms|ThreadId(2)] [warn] screen_hooks — load failed: load ScreenHooks: JavaException
[1845|t+80014ms|ThreadId(2)] [Rsift] WARN RsiftUiBridge load failed: URL class: JavaException
[1846|t+80015ms|ThreadId(2)] [Rsift] WARN RsiftModBridge load failed: URL class: JavaException
[1847|t+80017ms|ThreadId(2)] [warn] screen_hooks — load failed: URL class: JavaException
[1848|t+80017ms|ThreadId(2)] [Rsift] WARN RsiftUiBridge load failed: URL class: JavaException
[1849|t+80018ms|ThreadId(2)] [warn] screen_hooks — load failed: URL class: JavaException
[1850|t+80278ms|ThreadId(2)] [warn] screen_hooks — load failed: load ScreenHooks: JavaException
[1851|t+80279ms|ThreadId(2)] [Rsift] WARN RsiftUiBridge load failed: URL class: JavaException
[1852|t+80280ms|ThreadId(2)] [Rsift] WARN RsiftModBridge load failed: URL class: JavaException
[1853|t+80280ms|ThreadId(2)] [warn] screen_hooks — load failed: URL class: JavaException
[1854|t+80281ms|ThreadId(2)] [Rsift] WARN RsiftUiBridge load failed: URL class: JavaException
[1855|t+80281ms|ThreadId(2)] [warn] screen_hooks — load failed: URL class: JavaException
[1856|t+80282ms|ThreadId(2)] [Rsift] WARN RsiftModBridge load failed: URL class: JavaException
[1857|t+80536ms|ThreadId(2)] [warn] screen_hooks — load failed: load ScreenHooks: JavaException
[1858|t+80536ms|ThreadId(2)] [Rsift] WARN RsiftUiBridge load failed: URL class: JavaException
[1859|t+80537ms|ThreadId(2)] [Rsift] WARN RsiftModBridge load failed: URL class: JavaException
[1860|t+80537ms|ThreadId(2)] [warn] screen_hooks — load failed: URL class: JavaException
[1861|t+80538ms|ThreadId(2)] [Rsift] WARN RsiftUiBridge load failed: URL class: JavaException
[1862|t+80538ms|ThreadId(2)] [warn] screen_hooks — load failed: URL class: JavaException
[1863|t+80791ms|ThreadId(2)] [warn] screen_hooks — load failed: load ScreenHooks: JavaException
[1864|t+80791ms|ThreadId(2)] [Rsift] WARN RsiftUiBridge load failed: URL class: JavaException
[1865|t+80792ms|ThreadId(2)] [Rsift] WARN RsiftModBridge load failed: URL class: JavaException
[1866|t+80792ms|ThreadId(2)] [warn] screen_hooks — load failed: URL class: JavaException
[1867|t+80793ms|ThreadId(2)] [Rsift] WARN RsiftUiBridge load failed: URL class: JavaException
[1868|t+80793ms|ThreadId(2)] [warn] screen_hooks — load failed: URL class: JavaException
[1869|t+81046ms|ThreadId(2)] [warn] screen_hooks — load failed: load ScreenHooks: JavaException
[1870|t+81046ms|ThreadId(2)] [Rsift] WARN RsiftUiBridge load failed: URL class: JavaException
[1871|t+81047ms|ThreadId(2)] [Rsift] WARN RsiftModBridge load failed: URL class: JavaException
[1872|t+81047ms|ThreadId(2)] [warn] screen_hooks — load failed: URL class: JavaException
[1873|t+81047ms|ThreadId(2)] [Rsift] WARN RsiftUiBridge load failed: URL class: JavaException
[1874|t+81048ms|ThreadId(2)] [warn] screen_hooks — load failed: URL class: JavaException
[1875|t+81300ms|ThreadId(2)] [warn] screen_hooks — load failed: load ScreenHooks: JavaException
[1876|t+81300ms|ThreadId(2)] [Rsift] WARN RsiftUiBridge load failed: URL class: JavaException
[1877|t+81301ms|ThreadId(2)] [Rsift] WARN RsiftModBridge load failed: URL class: JavaException
[1878|t+81302ms|ThreadId(2)] [warn] screen_hooks — load failed: URL class: JavaException
[1879|t+81303ms|ThreadId(2)] [Rsift] WARN RsiftUiBridge load failed: URL class: JavaException
[1880|t+81304ms|ThreadId(2)] [warn] screen_hooks — load failed: URL class: JavaException
[1881|t+81304ms|ThreadId(2)] [Rsift] WARN RsiftModBridge load failed: URL class: JavaException
[1882|t+81557ms|ThreadId(2)] [warn] screen_hooks — load failed: load ScreenHooks: JavaException
[1883|t+81558ms|ThreadId(2)] [Rsift] WARN RsiftUiBridge load failed: URL class: JavaException
[1884|t+81558ms|ThreadId(2)] [Rsift] WARN RsiftModBridge load failed: URL class: JavaException
[1885|t+81559ms|ThreadId(2)] [warn] screen_hooks — load failed: URL class: JavaException
[1886|t+81559ms|ThreadId(2)] [Rsift] WARN RsiftUiBridge load failed: URL class: JavaException
[1887|t+81560ms|ThreadId(2)] [warn] screen_hooks — load failed: URL class: JavaException
[1888|t+81815ms|ThreadId(2)] [warn] screen_hooks — load failed: load ScreenHooks: JavaException
[1889|t+81815ms|ThreadId(2)] [Rsift] WARN RsiftUiBridge load failed: URL class: JavaException
[1890|t+81816ms|ThreadId(2)] [Rsift] WARN RsiftModBridge load failed: URL class: JavaException
[1891|t+81816ms|ThreadId(2)] [warn] screen_hooks — load failed: URL class: JavaException
[1892|t+81817ms|ThreadId(2)] [Rsift] WARN RsiftUiBridge load failed: URL class: JavaException
[1893|t+81817ms|ThreadId(2)] [warn] screen_hooks — load failed: URL class: JavaException
[1894|t+82079ms|ThreadId(2)] [warn] screen_hooks — load failed: load ScreenHooks: JavaException
[1895|t+82079ms|ThreadId(2)] [Rsift] WARN RsiftUiBridge load failed: URL class: JavaException
[1896|t+82080ms|ThreadId(2)] [Rsift] WARN RsiftModBridge load failed: URL class: JavaException
[1897|t+82080ms|ThreadId(2)] [warn] screen_hooks — load failed: URL class: JavaException
[1898|t+82080ms|ThreadId(2)] [Rsift] WARN RsiftUiBridge load failed: URL class: JavaException
[1899|t+82081ms|ThreadId(2)] [warn] screen_hooks — load failed: URL class: JavaException
[1900|t+82333ms|ThreadId(2)] [warn] screen_hooks — load failed: load ScreenHooks: JavaException
[1901|t+82334ms|ThreadId(2)] [Rsift] WARN RsiftUiBridge load failed: URL class: JavaException
[1902|t+82334ms|ThreadId(2)] [Rsift] WARN RsiftModBridge load failed: URL class: JavaException
[1903|t+82334ms|ThreadId(2)] [warn] screen_hooks — load failed: URL class: JavaException
[1904|t+82335ms|ThreadId(2)] [Rsift] WARN RsiftUiBridge load failed: URL class: JavaException
[1905|t+82335ms|ThreadId(2)] [warn] screen_hooks — load failed: URL class: JavaException
[1906|t+82336ms|ThreadId(2)] [Rsift] WARN RsiftModBridge load failed: URL class: JavaException
[1907|t+82589ms|ThreadId(2)] [warn] screen_hooks — load failed: load ScreenHooks: JavaException
[1908|t+82590ms|ThreadId(2)] [Rsift] WARN RsiftUiBridge load failed: URL class: JavaException
[1909|t+82590ms|ThreadId(2)] [Rsift] WARN RsiftModBridge load failed: URL class: JavaException
[1910|t+82590ms|ThreadId(2)] [warn] screen_hooks — load failed: URL class: JavaException
[1911|t+82591ms|ThreadId(2)] [Rsift] WARN RsiftUiBridge load failed: URL class: JavaException
[1912|t+82591ms|ThreadId(2)] [warn] screen_hooks — load failed: URL class: JavaException
[1913|t+82844ms|ThreadId(2)] [warn] screen_hooks — load failed: load ScreenHooks: JavaException
[1914|t+82845ms|ThreadId(2)] [Rsift] WARN RsiftUiBridge load failed: URL class: JavaException
[1915|t+82845ms|ThreadId(2)] [Rsift] WARN RsiftModBridge load failed: URL class: JavaException
[1916|t+82845ms|ThreadId(2)] [warn] screen_hooks — load failed: URL class: JavaException
[1917|t+82846ms|ThreadId(2)] [Rsift] WARN RsiftUiBridge load failed: URL class: JavaException
[1918|t+82846ms|ThreadId(2)] [warn] screen_hooks — load failed: URL class: JavaException
[1919|t+83099ms|ThreadId(2)] [warn] screen_hooks — load failed: load ScreenHooks: JavaException
[1920|t+83099ms|ThreadId(2)] [Rsift] WARN RsiftUiBridge load failed: URL class: JavaException
[1921|t+83100ms|ThreadId(2)] [Rsift] WARN RsiftModBridge load failed: URL class: JavaException
[1922|t+83100ms|ThreadId(2)] [warn] screen_hooks — load failed: URL class: JavaException
[1923|t+83101ms|ThreadId(2)] [Rsift] WARN RsiftUiBridge load failed: URL class: JavaException
[1924|t+83101ms|ThreadId(2)] [warn] screen_hooks — load failed: URL class: JavaException
[1925|t+83353ms|ThreadId(2)] [warn] screen_hooks — load failed: load ScreenHooks: JavaException
[1926|t+83354ms|ThreadId(2)] [Rsift] WARN RsiftUiBridge load failed: URL class: JavaException
[1927|t+83354ms|ThreadId(2)] [Rsift] WARN RsiftModBridge load failed: URL class: JavaException
[1928|t+83355ms|ThreadId(2)] [warn] screen_hooks — load failed: URL class: JavaException
[1929|t+83355ms|ThreadId(2)] [Rsift] WARN RsiftUiBridge load failed: URL class: JavaException
[1930|t+83355ms|ThreadId(2)] [warn] screen_hooks — load failed: URL class: JavaException
[1931|t+83356ms|ThreadId(2)] [Rsift] WARN RsiftModBridge load failed: URL class: JavaException
[1932|t+83608ms|ThreadId(2)] [warn] screen_hooks — load failed: load ScreenHooks: JavaException
[1933|t+83609ms|ThreadId(2)] [Rsift] WARN RsiftUiBridge load failed: URL class: JavaException
[1934|t+83609ms|ThreadId(2)] [Rsift] WARN RsiftModBridge load failed: URL class: JavaException
[1935|t+83610ms|ThreadId(2)] [warn] screen_hooks — load failed: URL class: JavaException
[1936|t+83610ms|ThreadId(2)] [Rsift] WARN RsiftUiBridge load failed: URL class: JavaException
[1937|t+83611ms|ThreadId(2)] [warn] screen_hooks — load failed: URL class: JavaException
[1938|t+83863ms|ThreadId(2)] [warn] screen_hooks — load failed: load ScreenHooks: JavaException
[1939|t+83864ms|ThreadId(2)] [Rsift] WARN RsiftUiBridge load failed: URL class: JavaException
[1940|t+83864ms|ThreadId(2)] [Rsift] WARN RsiftModBridge load failed: URL class: JavaException
[1941|t+83865ms|ThreadId(2)] [warn] screen_hooks — load failed: URL class: JavaException
[1942|t+83865ms|ThreadId(2)] [Rsift] WARN RsiftUiBridge load failed: URL class: JavaException
[1943|t+83865ms|ThreadId(2)] [warn] screen_hooks — load failed: URL class: JavaException
[1944|t+84118ms|ThreadId(2)] [warn] screen_hooks — load failed: load ScreenHooks: JavaException
[1945|t+84118ms|ThreadId(2)] [Rsift] WARN RsiftUiBridge load failed: URL class: JavaException
[1946|t+84119ms|ThreadId(2)] [Rsift] WARN RsiftModBridge load failed: URL class: JavaException
[1947|t+84119ms|ThreadId(2)] [warn] screen_hooks — load failed: URL class: JavaException
[1948|t+84119ms|ThreadId(2)] [Rsift] WARN RsiftUiBridge load failed: URL class: JavaException
[1949|t+84120ms|ThreadId(2)] [warn] screen_hooks — load failed: URL class: JavaException
[1950|t+84374ms|ThreadId(2)] [warn] screen_hooks — load failed: load ScreenHooks: JavaException
[1951|t+84374ms|ThreadId(2)] [Rsift] WARN RsiftUiBridge load failed: URL class: JavaException
[1952|t+84375ms|ThreadId(2)] [Rsift] WARN RsiftModBridge load failed: URL class: JavaException
[1953|t+84375ms|ThreadId(2)] [warn] screen_hooks — load failed: URL class: JavaException
[1954|t+84376ms|ThreadId(2)] [Rsift] WARN RsiftUiBridge load failed: URL class: JavaException
[1955|t+84376ms|ThreadId(2)] [warn] screen_hooks — load failed: URL class: JavaException
[1956|t+84377ms|ThreadId(2)] [Rsift] WARN RsiftModBridge load failed: URL class: JavaException
[1957|t+84630ms|ThreadId(2)] [warn] screen_hooks — load failed: load ScreenHooks: JavaException
[1958|t+84631ms|ThreadId(2)] [Rsift] WARN RsiftUiBridge load failed: URL class: JavaException
[1959|t+84632ms|ThreadId(2)] [Rsift] WARN RsiftModBridge load failed: URL class: JavaException
[1960|t+84632ms|ThreadId(2)] [warn] screen_hooks — load failed: URL class: JavaException
[1961|t+84633ms|ThreadId(2)] [Rsift] WARN RsiftUiBridge load failed: URL class: JavaException
[1962|t+84633ms|ThreadId(2)] [warn] screen_hooks — load failed: URL class: JavaException
[1963|t+84887ms|ThreadId(2)] [warn] screen_hooks — load failed: load ScreenHooks: JavaException
[1964|t+84887ms|ThreadId(2)] [Rsift] WARN RsiftUiBridge load failed: URL class: JavaException
[1965|t+84887ms|ThreadId(2)] [Rsift] WARN RsiftModBridge load failed: URL class: JavaException
[1966|t+84888ms|ThreadId(2)] [warn] screen_hooks — load failed: URL class: JavaException
[1967|t+84888ms|ThreadId(2)] [Rsift] WARN RsiftUiBridge load failed: URL class: JavaException
[1968|t+84888ms|ThreadId(2)] [warn] screen_hooks — load failed: URL class: JavaException
[1969|t+85141ms|ThreadId(2)] [warn] screen_hooks — load failed: load ScreenHooks: JavaException
[1970|t+85142ms|ThreadId(2)] [Rsift] WARN RsiftUiBridge load failed: URL class: JavaException
[1971|t+85142ms|ThreadId(2)] [Rsift] WARN RsiftModBridge load failed: URL class: JavaException
[1972|t+85143ms|ThreadId(2)] [warn] screen_hooks — load failed: URL class: JavaException
[1973|t+85143ms|ThreadId(2)] [Rsift] WARN RsiftUiBridge load failed: URL class: JavaException
[1974|t+85144ms|ThreadId(2)] [warn] screen_hooks — load failed: URL class: JavaException
[1975|t+85405ms|ThreadId(2)] [warn] screen_hooks — load failed: load ScreenHooks: JavaException
[1976|t+85406ms|ThreadId(2)] [Rsift] WARN RsiftUiBridge load failed: URL class: JavaException
[1977|t+85406ms|ThreadId(2)] [Rsift] WARN RsiftModBridge load failed: URL class: JavaException
[1978|t+85407ms|ThreadId(2)] [warn] screen_hooks — load failed: URL class: JavaException
[1979|t+85407ms|ThreadId(2)] [Rsift] WARN RsiftUiBridge load failed: URL class: JavaException
[1980|t+85408ms|ThreadId(2)] [warn] screen_hooks — load failed: URL class: JavaException
[1981|t+85408ms|ThreadId(2)] [Rsift] WARN RsiftModBridge load failed: URL class: JavaException
[1982|t+85666ms|ThreadId(2)] [warn] screen_hooks — load failed: load ScreenHooks: JavaException
[1983|t+85667ms|ThreadId(2)] [Rsift] WARN RsiftUiBridge load failed: URL class: JavaException
[1984|t+85667ms|ThreadId(2)] [Rsift] WARN RsiftModBridge load failed: URL class: JavaException
[1985|t+85667ms|ThreadId(2)] [warn] screen_hooks — load failed: URL class: JavaException
[1986|t+85668ms|ThreadId(2)] [Rsift] WARN RsiftUiBridge load failed: URL class: JavaException
[1987|t+85668ms|ThreadId(2)] [warn] screen_hooks — load failed: URL class: JavaException
[1988|t+85921ms|ThreadId(2)] [warn] screen_hooks — load failed: load ScreenHooks: JavaException
[1989|t+85922ms|ThreadId(2)] [Rsift] WARN RsiftUiBridge load failed: URL class: JavaException
[1990|t+85922ms|ThreadId(2)] [Rsift] WARN RsiftModBridge load failed: URL class: JavaException
[1991|t+85923ms|ThreadId(2)] [warn] screen_hooks — load failed: URL class: JavaException
[1992|t+85923ms|ThreadId(2)] [Rsift] WARN RsiftUiBridge load failed: URL class: JavaException
[1993|t+85923ms|ThreadId(2)] [warn] screen_hooks — load failed: URL class: JavaException
[1994|t+86177ms|ThreadId(2)] [warn] screen_hooks — load failed: load ScreenHooks: JavaException
[1995|t+86178ms|ThreadId(2)] [Rsift] WARN RsiftUiBridge load failed: URL class: JavaException
[1996|t+86178ms|ThreadId(2)] [Rsift] WARN RsiftModBridge load failed: URL class: JavaException
[1997|t+86178ms|ThreadId(2)] [warn] screen_hooks — load failed: URL class: JavaException
[1998|t+86179ms|ThreadId(2)] [Rsift] WARN RsiftUiBridge load failed: URL class: JavaException
[1999|t+86179ms|ThreadId(2)] [warn] screen_hooks — load failed: URL class: JavaException
[2000|t+86442ms|ThreadId(2)] [warn] screen_hooks — load failed: load ScreenHooks: JavaException
[2001|t+86443ms|ThreadId(2)] [Rsift] WARN RsiftUiBridge load failed: URL class: JavaException
[2002|t+86443ms|ThreadId(2)] [Rsift] WARN RsiftModBridge load failed: URL class: JavaException
[2003|t+86444ms|ThreadId(2)] [warn] screen_hooks — load failed: URL class: JavaException
[2004|t+86444ms|ThreadId(2)] [Rsift] WARN RsiftUiBridge load failed: URL class: JavaException
[2005|t+86445ms|ThreadId(2)] [warn] screen_hooks — load failed: URL class: JavaException
[2006|t+86445ms|ThreadId(2)] [Rsift] WARN RsiftModBridge load failed: URL class: JavaException
[2007|t+86698ms|ThreadId(2)] [warn] screen_hooks — load failed: load ScreenHooks: JavaException
[2008|t+86698ms|ThreadId(2)] [Rsift] WARN RsiftUiBridge load failed: URL class: JavaException
[2009|t+86699ms|ThreadId(2)] [Rsift] WARN RsiftModBridge load failed: URL class: JavaException
[2010|t+86699ms|ThreadId(2)] [warn] screen_hooks — load failed: URL class: JavaException
[2011|t+86700ms|ThreadId(2)] [Rsift] WARN RsiftUiBridge load failed: URL class: JavaException
[2012|t+86700ms|ThreadId(2)] [warn] screen_hooks — load failed: URL class: JavaException
[2013|t+86953ms|ThreadId(2)] [warn] screen_hooks — load failed: load ScreenHooks: JavaException
[2014|t+86953ms|ThreadId(2)] [Rsift] WARN RsiftUiBridge load failed: URL class: JavaException
[2015|t+86954ms|ThreadId(2)] [Rsift] WARN RsiftModBridge load failed: URL class: JavaException
[2016|t+86954ms|ThreadId(2)] [warn] screen_hooks — load failed: URL class: JavaException
[2017|t+86955ms|ThreadId(2)] [Rsift] WARN RsiftUiBridge load failed: URL class: JavaException
[2018|t+86955ms|ThreadId(2)] [warn] screen_hooks — load failed: URL class: JavaException
[2019|t+87208ms|ThreadId(2)] [warn] screen_hooks — load failed: load ScreenHooks: JavaException
[2020|t+87208ms|ThreadId(2)] [Rsift] WARN RsiftUiBridge load failed: URL class: JavaException
[2021|t+87209ms|ThreadId(2)] [Rsift] WARN RsiftModBridge load failed: URL class: JavaException
[2022|t+87209ms|ThreadId(2)] [warn] screen_hooks — load failed: URL class: JavaException
[2023|t+87210ms|ThreadId(2)] [Rsift] WARN RsiftUiBridge load failed: URL class: JavaException
[2024|t+87210ms|ThreadId(2)] [warn] screen_hooks — load failed: URL class: JavaException
[2025|t+87463ms|ThreadId(2)] [warn] screen_hooks — load failed: load ScreenHooks: JavaException
[2026|t+87464ms|ThreadId(2)] [Rsift] WARN RsiftUiBridge load failed: URL class: JavaException
[2027|t+87464ms|ThreadId(2)] [Rsift] WARN RsiftModBridge load failed: URL class: JavaException
[2028|t+87464ms|ThreadId(2)] [warn] screen_hooks — load failed: URL class: JavaException
[2029|t+87465ms|ThreadId(2)] [Rsift] WARN RsiftUiBridge load failed: URL class: JavaException
[2030|t+87465ms|ThreadId(2)] [warn] screen_hooks — load failed: URL class: JavaException
[2031|t+87466ms|ThreadId(2)] [Rsift] WARN RsiftModBridge load failed: URL class: JavaException
[2032|t+87730ms|ThreadId(2)] [warn] screen_hooks — load failed: load ScreenHooks: JavaException
[2033|t+87730ms|ThreadId(2)] [Rsift] WARN RsiftUiBridge load failed: URL class: JavaException
[2034|t+87731ms|ThreadId(2)] [Rsift] WARN RsiftModBridge load failed: URL class: JavaException
[2035|t+87731ms|ThreadId(2)] [warn] screen_hooks — load failed: URL class: JavaException
[2036|t+87732ms|ThreadId(2)] [Rsift] WARN RsiftUiBridge load failed: URL class: JavaException
[2037|t+87732ms|ThreadId(2)] [warn] screen_hooks — load failed: URL class: JavaException
[2038|t+87991ms|ThreadId(2)] [warn] screen_hooks — load failed: load ScreenHooks: JavaException
[2039|t+87992ms|ThreadId(2)] [Rsift] WARN RsiftUiBridge load failed: URL class: JavaException
[2040|t+87993ms|ThreadId(2)] [Rsift] WARN RsiftModBridge load failed: URL class: JavaException
[2041|t+87993ms|ThreadId(2)] [warn] screen_hooks — load failed: URL class: JavaException
[2042|t+87993ms|ThreadId(2)] [Rsift] WARN RsiftUiBridge load failed: URL class: JavaException
[2043|t+87995ms|ThreadId(2)] [warn] screen_hooks — load failed: URL class: JavaException
[2044|t+88249ms|ThreadId(2)] [warn] screen_hooks — load failed: load ScreenHooks: JavaException
[2045|t+88250ms|ThreadId(2)] [Rsift] WARN RsiftUiBridge load failed: URL class: JavaException
[2046|t+88250ms|ThreadId(2)] [Rsift] WARN RsiftModBridge load failed: URL class: JavaException
[2047|t+88251ms|ThreadId(2)] [warn] screen_hooks — load failed: URL class: JavaException
[2048|t+88251ms|ThreadId(2)] [Rsift] WARN RsiftUiBridge load failed: URL class: JavaException
[2049|t+88252ms|ThreadId(2)] [warn] screen_hooks — load failed: URL class: JavaException
[2050|t+88505ms|ThreadId(2)] [warn] screen_hooks — load failed: load ScreenHooks: JavaException
[2051|t+88506ms|ThreadId(2)] [Rsift] WARN RsiftUiBridge load failed: URL class: JavaException
[2052|t+88506ms|ThreadId(2)] [Rsift] WARN RsiftModBridge load failed: URL class: JavaException
[2053|t+88506ms|ThreadId(2)] [warn] screen_hooks — load failed: URL class: JavaException
[2054|t+88507ms|ThreadId(2)] [Rsift] WARN RsiftUiBridge load failed: URL class: JavaException
[2055|t+88507ms|ThreadId(2)] [warn] screen_hooks — load failed: URL class: JavaException
[2056|t+88509ms|ThreadId(2)] [Rsift] WARN RsiftModBridge load failed: URL class: JavaException
[2057|t+88762ms|ThreadId(2)] [warn] screen_hooks — load failed: load ScreenHooks: JavaException
[2058|t+88763ms|ThreadId(2)] [Rsift] WARN RsiftUiBridge load failed: URL class: JavaException
[2059|t+88763ms|ThreadId(2)] [Rsift] WARN RsiftModBridge load failed: URL class: JavaException
[2060|t+88764ms|ThreadId(2)] [warn] screen_hooks — load failed: URL class: JavaException
[2061|t+88764ms|ThreadId(2)] [Rsift] WARN RsiftUiBridge load failed: URL class: JavaException
[2062|t+88765ms|ThreadId(2)] [warn] screen_hooks — load failed: URL class: JavaException
[2063|t+89017ms|ThreadId(2)] [warn] screen_hooks — load failed: load ScreenHooks: JavaException
[2064|t+89018ms|ThreadId(2)] [Rsift] WARN RsiftUiBridge load failed: URL class: JavaException
[2065|t+89018ms|ThreadId(2)] [Rsift] WARN RsiftModBridge load failed: URL class: JavaException
[2066|t+89019ms|ThreadId(2)] [warn] screen_hooks — load failed: URL class: JavaException
[2067|t+89019ms|ThreadId(2)] [Rsift] WARN RsiftUiBridge load failed: URL class: JavaException
[2068|t+89019ms|ThreadId(2)] [warn] screen_hooks — load failed: URL class: JavaException
[2069|t+89272ms|ThreadId(2)] [warn] screen_hooks — load failed: load ScreenHooks: JavaException
[2070|t+89272ms|ThreadId(2)] [Rsift] WARN RsiftUiBridge load failed: URL class: JavaException
[2071|t+89273ms|ThreadId(2)] [Rsift] WARN RsiftModBridge load failed: URL class: JavaException
[2072|t+89273ms|ThreadId(2)] [warn] screen_hooks — load failed: URL class: JavaException
[2073|t+89273ms|ThreadId(2)] [Rsift] WARN RsiftUiBridge load failed: URL class: JavaException
[2074|t+89274ms|ThreadId(2)] [warn] screen_hooks — load failed: URL class: JavaException
[2075|t+89526ms|ThreadId(2)] [warn] screen_hooks — load failed: load ScreenHooks: JavaException
[2076|t+89527ms|ThreadId(2)] [Rsift] WARN RsiftUiBridge load failed: URL class: JavaException
[2077|t+89527ms|ThreadId(2)] [Rsift] WARN RsiftModBridge load failed: URL class: JavaException
[2078|t+89527ms|ThreadId(2)] [warn] screen_hooks — load failed: URL class: JavaException
[2079|t+89528ms|ThreadId(2)] [Rsift] WARN RsiftUiBridge load failed: URL class: JavaException
[2080|t+89528ms|ThreadId(2)] [warn] screen_hooks — load failed: URL class: JavaException
[2081|t+89529ms|ThreadId(2)] [Rsift] WARN RsiftModBridge load failed: URL class: JavaException
[2082|t+89783ms|ThreadId(2)] [warn] screen_hooks — load failed: load ScreenHooks: JavaException
[2083|t+89783ms|ThreadId(2)] [Rsift] WARN RsiftUiBridge load failed: URL class: JavaException
[2084|t+89783ms|ThreadId(2)] [Rsift] WARN RsiftModBridge load failed: URL class: JavaException
[2085|t+89784ms|ThreadId(2)] [warn] screen_hooks — load failed: URL class: JavaException
[2086|t+89784ms|ThreadId(2)] [Rsift] WARN RsiftUiBridge load failed: URL class: JavaException
[2087|t+89785ms|ThreadId(2)] [warn] screen_hooks — load failed: URL class: JavaException
[2088|t+90104ms|ThreadId(2)] [warn] screen_hooks — load failed: load ScreenHooks: JavaException
[2089|t+90105ms|ThreadId(2)] [Rsift] WARN RsiftUiBridge load failed: URL class: JavaException
[2090|t+90105ms|ThreadId(2)] [Rsift] WARN RsiftModBridge load failed: URL class: JavaException
[2091|t+90106ms|ThreadId(2)] [warn] screen_hooks — load failed: URL class: JavaException
[2092|t+90106ms|ThreadId(2)] [Rsift] WARN RsiftUiBridge load failed: URL class: JavaException
[2093|t+90107ms|ThreadId(2)] [warn] screen_hooks — load failed: URL class: JavaException
[2094|t+90395ms|ThreadId(2)] [warn] screen_hooks — load failed: load ScreenHooks: JavaException
[2095|t+90395ms|ThreadId(2)] [Rsift] WARN RsiftUiBridge load failed: URL class: JavaException
[2096|t+90396ms|ThreadId(2)] [Rsift] WARN RsiftModBridge load failed: URL class: JavaException
[2097|t+90396ms|ThreadId(2)] [warn] screen_hooks — load failed: URL class: JavaException
[2098|t+90397ms|ThreadId(2)] [Rsift] WARN RsiftUiBridge load failed: URL class: JavaException
[2099|t+90397ms|ThreadId(2)] [warn] screen_hooks — load failed: URL class: JavaException
[2100|t+90650ms|ThreadId(2)] [warn] screen_hooks — load failed: load ScreenHooks: JavaException
[2101|t+90651ms|ThreadId(2)] [Rsift] WARN RsiftUiBridge load failed: URL class: JavaException
[2102|t+90652ms|ThreadId(2)] [Rsift] WARN RsiftModBridge load failed: URL class: JavaException
[2103|t+90652ms|ThreadId(2)] [warn] screen_hooks — load failed: URL class: JavaException
[2104|t+90653ms|ThreadId(2)] [Rsift] WARN RsiftUiBridge load failed: URL class: JavaException
[2105|t+90653ms|ThreadId(2)] [warn] screen_hooks — load failed: URL class: JavaException
[2106|t+90654ms|ThreadId(2)] [Rsift] WARN RsiftModBridge load failed: URL class: JavaException
[2107|t+90907ms|ThreadId(2)] [warn] screen_hooks — load failed: load ScreenHooks: JavaException
[2108|t+90907ms|ThreadId(2)] [Rsift] WARN RsiftUiBridge load failed: URL class: JavaException
[2109|t+90908ms|ThreadId(2)] [Rsift] WARN RsiftModBridge load failed: URL class: JavaException
[2110|t+90908ms|ThreadId(2)] [warn] screen_hooks — load failed: URL class: JavaException
[2111|t+90909ms|ThreadId(2)] [Rsift] WARN RsiftUiBridge load failed: URL class: JavaException
[2112|t+90909ms|ThreadId(2)] [warn] screen_hooks — load failed: URL class: JavaException
[2113|t+91162ms|ThreadId(2)] [warn] screen_hooks — load failed: load ScreenHooks: JavaException
[2114|t+91163ms|ThreadId(2)] [Rsift] WARN RsiftUiBridge load failed: URL class: JavaException
[2115|t+91163ms|ThreadId(2)] [Rsift] WARN RsiftModBridge load failed: URL class: JavaException
[2116|t+91164ms|ThreadId(2)] [warn] screen_hooks — load failed: URL class: JavaException
[2117|t+91164ms|ThreadId(2)] [Rsift] WARN RsiftUiBridge load failed: URL class: JavaException
[2118|t+91164ms|ThreadId(2)] [warn] screen_hooks — load failed: URL class: JavaException
[2119|t+91418ms|ThreadId(2)] [warn] screen_hooks — load failed: load ScreenHooks: JavaException
[2120|t+91419ms|ThreadId(2)] [Rsift] WARN RsiftUiBridge load failed: URL class: JavaException
[2121|t+91419ms|ThreadId(2)] [Rsift] WARN RsiftModBridge load failed: URL class: JavaException
[2122|t+91419ms|ThreadId(2)] [warn] screen_hooks — load failed: URL class: JavaException
[2123|t+91420ms|ThreadId(2)] [Rsift] WARN RsiftUiBridge load failed: URL class: JavaException
[2124|t+91420ms|ThreadId(2)] [warn] screen_hooks — load failed: URL class: JavaException
[2125|t+91673ms|ThreadId(2)] [warn] screen_hooks — load failed: load ScreenHooks: JavaException
[2126|t+91673ms|ThreadId(2)] [Rsift] WARN RsiftUiBridge load failed: URL class: JavaException
[2127|t+91674ms|ThreadId(2)] [Rsift] WARN RsiftModBridge load failed: URL class: JavaException
[2128|t+91674ms|ThreadId(2)] [warn] screen_hooks — load failed: URL class: JavaException
[2129|t+91674ms|ThreadId(2)] [Rsift] WARN RsiftUiBridge load failed: URL class: JavaException
[2130|t+91675ms|ThreadId(2)] [warn] screen_hooks — load failed: URL class: JavaException
[2131|t+91675ms|ThreadId(2)] [Rsift] WARN RsiftModBridge load failed: URL class: JavaException
[2132|t+91945ms|ThreadId(2)] [warn] screen_hooks — load failed: load ScreenHooks: JavaException
[2133|t+91946ms|ThreadId(2)] [Rsift] WARN RsiftUiBridge load failed: URL class: JavaException
[2134|t+91946ms|ThreadId(2)] [Rsift] WARN RsiftModBridge load failed: URL class: JavaException
[2135|t+91947ms|ThreadId(2)] [warn] screen_hooks — load failed: URL class: JavaException
[2136|t+91947ms|ThreadId(2)] [Rsift] WARN RsiftUiBridge load failed: URL class: JavaException
[2137|t+91947ms|ThreadId(2)] [warn] screen_hooks — load failed: URL class: JavaException
[2138|t+92257ms|ThreadId(2)] [warn] screen_hooks — load failed: load ScreenHooks: JavaException
[2139|t+92257ms|ThreadId(2)] [Rsift] WARN RsiftUiBridge load failed: URL class: JavaException
[2140|t+92258ms|ThreadId(2)] [Rsift] WARN RsiftModBridge load failed: URL class: JavaException
[2141|t+92258ms|ThreadId(2)] [warn] screen_hooks — load failed: URL class: JavaException
[2142|t+92259ms|ThreadId(2)] [Rsift] WARN RsiftUiBridge load failed: URL class: JavaException
[2143|t+92260ms|ThreadId(2)] [warn] screen_hooks — load failed: URL class: JavaException
[2144|t+92706ms|ThreadId(2)] [warn] screen_hooks — load failed: load ScreenHooks: JavaException
[2145|t+92707ms|ThreadId(2)] [Rsift] WARN RsiftUiBridge load failed: URL class: JavaException
[2146|t+92707ms|ThreadId(2)] [Rsift] WARN RsiftModBridge load failed: URL class: JavaException
[2147|t+92708ms|ThreadId(2)] [warn] screen_hooks — load failed: URL class: JavaException
[2148|t+92708ms|ThreadId(2)] [Rsift] WARN RsiftUiBridge load failed: URL class: JavaException
[2149|t+92708ms|ThreadId(2)] [warn] screen_hooks — load failed: URL class: JavaException
[2150|t+92961ms|ThreadId(2)] [warn] screen_hooks — load failed: load ScreenHooks: JavaException
[2151|t+92961ms|ThreadId(2)] [Rsift] WARN RsiftUiBridge load failed: URL class: JavaException
[2152|t+92962ms|ThreadId(2)] [Rsift] WARN RsiftModBridge load failed: URL class: JavaException
[2153|t+92962ms|ThreadId(2)] [warn] screen_hooks — load failed: URL class: JavaException
[2154|t+92963ms|ThreadId(2)] [Rsift] WARN RsiftUiBridge load failed: URL class: JavaException
[2155|t+92963ms|ThreadId(2)] [warn] screen_hooks — load failed: URL class: JavaException
[2156|t+92964ms|ThreadId(2)] [Rsift] WARN RsiftModBridge load failed: URL class: JavaException
[2157|t+93216ms|ThreadId(2)] [warn] screen_hooks — load failed: load ScreenHooks: JavaException
[2158|t+93217ms|ThreadId(2)] [Rsift] WARN RsiftUiBridge load failed: URL class: JavaException
[2159|t+93217ms|ThreadId(2)] [Rsift] WARN RsiftModBridge load failed: URL class: JavaException
[2160|t+93218ms|ThreadId(2)] [warn] screen_hooks — load failed: URL class: JavaException
[2161|t+93218ms|ThreadId(2)] [Rsift] WARN RsiftUiBridge load failed: URL class: JavaException
[2162|t+93219ms|ThreadId(2)] [warn] screen_hooks — load failed: URL class: JavaException
[2163|t+93473ms|ThreadId(2)] [warn] screen_hooks — load failed: load ScreenHooks: JavaException
[2164|t+93473ms|ThreadId(2)] [Rsift] WARN RsiftUiBridge load failed: URL class: JavaException
[2165|t+93474ms|ThreadId(2)] [Rsift] WARN RsiftModBridge load failed: URL class: JavaException
[2166|t+93474ms|ThreadId(2)] [warn] screen_hooks — load failed: URL class: JavaException
[2167|t+93474ms|ThreadId(2)] [Rsift] WARN RsiftUiBridge load failed: URL class: JavaException
[2168|t+93474ms|ThreadId(2)] [warn] screen_hooks — load failed: URL class: JavaException
[2169|t+93727ms|ThreadId(2)] [warn] screen_hooks — load failed: load ScreenHooks: JavaException
[2170|t+93728ms|ThreadId(2)] [Rsift] WARN RsiftUiBridge load failed: URL class: JavaException
[2171|t+93740ms|ThreadId(2)] [Rsift] WARN RsiftModBridge load failed: URL class: JavaException
[2172|t+93741ms|ThreadId(2)] [warn] screen_hooks — load failed: URL class: JavaException
[2173|t+93784ms|ThreadId(2)] [Rsift] WARN RsiftUiBridge load failed: URL class: JavaException
[2174|t+93785ms|ThreadId(2)] [warn] screen_hooks — load failed: URL class: JavaException
[2175|t+94040ms|ThreadId(2)] [warn] screen_hooks — load failed: load ScreenHooks: JavaException
[2176|t+94041ms|ThreadId(2)] [Rsift] WARN RsiftUiBridge load failed: URL class: JavaException
[2177|t+94042ms|ThreadId(2)] [Rsift] WARN RsiftModBridge load failed: URL class: JavaException
[2178|t+94042ms|ThreadId(2)] [warn] screen_hooks — load failed: URL class: JavaException
[2179|t+94043ms|ThreadId(2)] [Rsift] WARN RsiftUiBridge load failed: URL class: JavaException
[2180|t+94043ms|ThreadId(2)] [warn] screen_hooks — load failed: URL class: JavaException
[2181|t+94044ms|ThreadId(2)] [Rsift] WARN RsiftModBridge load failed: URL class: JavaException
[2182|t+94296ms|ThreadId(2)] [warn] screen_hooks — load failed: load ScreenHooks: JavaException
[2183|t+94297ms|ThreadId(2)] [Rsift] WARN RsiftUiBridge load failed: URL class: JavaException
[2184|t+94297ms|ThreadId(2)] [Rsift] WARN RsiftModBridge load failed: URL class: JavaException
[2185|t+94298ms|ThreadId(2)] [warn] screen_hooks — load failed: URL class: JavaException
[2186|t+94298ms|ThreadId(2)] [Rsift] WARN RsiftUiBridge load failed: URL class: JavaException
[2187|t+94298ms|ThreadId(2)] [warn] screen_hooks — load failed: URL class: JavaException
[2188|t+94560ms|ThreadId(2)] [warn] screen_hooks — load failed: load ScreenHooks: JavaException
[2189|t+94561ms|ThreadId(2)] [Rsift] WARN RsiftUiBridge load failed: URL class: JavaException
[2190|t+94561ms|ThreadId(2)] [Rsift] WARN RsiftModBridge load failed: URL class: JavaException
[2191|t+94562ms|ThreadId(2)] [warn] screen_hooks — load failed: URL class: JavaException
[2192|t+94562ms|ThreadId(2)] [Rsift] WARN RsiftUiBridge load failed: URL class: JavaException
[2193|t+94562ms|ThreadId(2)] [warn] screen_hooks — load failed: URL class: JavaException
[2194|t+94815ms|ThreadId(2)] [warn] screen_hooks — load failed: load ScreenHooks: JavaException
[2195|t+94815ms|ThreadId(2)] [Rsift] WARN RsiftUiBridge load failed: URL class: JavaException
[2196|t+94816ms|ThreadId(2)] [Rsift] WARN RsiftModBridge load failed: URL class: JavaException
[2197|t+94816ms|ThreadId(2)] [warn] screen_hooks — load failed: URL class: JavaException
[2198|t+94817ms|ThreadId(2)] [Rsift] WARN RsiftUiBridge load failed: URL class: JavaException
[2199|t+94817ms|ThreadId(2)] [warn] screen_hooks — load failed: URL class: JavaException
[2200|t+95073ms|ThreadId(2)] [warn] screen_hooks — load failed: load ScreenHooks: JavaException
[2201|t+95074ms|ThreadId(2)] [Rsift] WARN RsiftUiBridge load failed: URL class: JavaException
[2202|t+95074ms|ThreadId(2)] [Rsift] WARN RsiftModBridge load failed: URL class: JavaException
[2203|t+95074ms|ThreadId(2)] [warn] screen_hooks — load failed: URL class: JavaException
[2204|t+95075ms|ThreadId(2)] [Rsift] WARN RsiftUiBridge load failed: URL class: JavaException
[2205|t+95075ms|ThreadId(2)] [warn] screen_hooks — load failed: URL class: JavaException
[2206|t+95076ms|ThreadId(2)] [Rsift] WARN RsiftModBridge load failed: URL class: JavaException
[2207|t+95341ms|ThreadId(2)] [warn] screen_hooks — load failed: load ScreenHooks: JavaException
[2208|t+95342ms|ThreadId(2)] [Rsift] WARN RsiftUiBridge load failed: URL class: JavaException
[2209|t+95342ms|ThreadId(2)] [Rsift] WARN RsiftModBridge load failed: URL class: JavaException
[2210|t+95343ms|ThreadId(2)] [warn] screen_hooks — load failed: URL class: JavaException
[2211|t+95343ms|ThreadId(2)] [Rsift] WARN RsiftUiBridge load failed: URL class: JavaException
[2212|t+95344ms|ThreadId(2)] [warn] screen_hooks — load failed: URL class: JavaException
[2213|t+95597ms|ThreadId(2)] [warn] screen_hooks — load failed: load ScreenHooks: JavaException
[2214|t+95598ms|ThreadId(2)] [Rsift] WARN RsiftUiBridge load failed: URL class: JavaException
[2215|t+95598ms|ThreadId(2)] [Rsift] WARN RsiftModBridge load failed: URL class: JavaException
[2216|t+95598ms|ThreadId(2)] [warn] screen_hooks — load failed: URL class: JavaException
[2217|t+95599ms|ThreadId(2)] [Rsift] WARN RsiftUiBridge load failed: URL class: JavaException
[2218|t+95599ms|ThreadId(2)] [warn] screen_hooks — load failed: URL class: JavaException
[2219|t+95852ms|ThreadId(2)] [warn] screen_hooks — load failed: load ScreenHooks: JavaException
[2220|t+95852ms|ThreadId(2)] [Rsift] WARN RsiftUiBridge load failed: URL class: JavaException
[2221|t+95853ms|ThreadId(2)] [Rsift] WARN RsiftModBridge load failed: URL class: JavaException
[2222|t+95853ms|ThreadId(2)] [warn] screen_hooks — load failed: URL class: JavaException
[2223|t+95854ms|ThreadId(2)] [Rsift] WARN RsiftUiBridge load failed: URL class: JavaException
[2224|t+95854ms|ThreadId(2)] [warn] screen_hooks — load failed: URL class: JavaException
[2225|t+96119ms|ThreadId(2)] [warn] screen_hooks — load failed: load ScreenHooks: JavaException
[2226|t+96120ms|ThreadId(2)] [Rsift] WARN RsiftUiBridge load failed: URL class: JavaException
[2227|t+96120ms|ThreadId(2)] [Rsift] WARN RsiftModBridge load failed: URL class: JavaException
[2228|t+96121ms|ThreadId(2)] [warn] screen_hooks — load failed: URL class: JavaException
[2229|t+96121ms|ThreadId(2)] [Rsift] WARN RsiftUiBridge load failed: URL class: JavaException
[2230|t+96122ms|ThreadId(2)] [warn] screen_hooks — load failed: URL class: JavaException
[2231|t+96124ms|ThreadId(2)] [Rsift] WARN RsiftModBridge load failed: URL class: JavaException
[2232|t+96378ms|ThreadId(2)] [warn] screen_hooks — load failed: load ScreenHooks: JavaException
[2233|t+96378ms|ThreadId(2)] [Rsift] WARN RsiftUiBridge load failed: URL class: JavaException
[2234|t+96379ms|ThreadId(2)] [Rsift] WARN RsiftModBridge load failed: URL class: JavaException
[2235|t+96379ms|ThreadId(2)] [warn] screen_hooks — load failed: URL class: JavaException
[2236|t+96380ms|ThreadId(2)] [Rsift] WARN RsiftUiBridge load failed: URL class: JavaException
[2237|t+96380ms|ThreadId(2)] [warn] screen_hooks — load failed: URL class: JavaException
[2238|t+96633ms|ThreadId(2)] [warn] screen_hooks — load failed: load ScreenHooks: JavaException
[2239|t+96634ms|ThreadId(2)] [Rsift] WARN RsiftUiBridge load failed: URL class: JavaException
[2240|t+96634ms|ThreadId(2)] [Rsift] WARN RsiftModBridge load failed: URL class: JavaException
[2241|t+96635ms|ThreadId(2)] [warn] screen_hooks — load failed: URL class: JavaException
[2242|t+96635ms|ThreadId(2)] [Rsift] WARN RsiftUiBridge load failed: URL class: JavaException
[2243|t+96636ms|ThreadId(2)] [warn] screen_hooks — load failed: URL class: JavaException
[2244|t+97087ms|ThreadId(2)] [warn] screen_hooks — load failed: load ScreenHooks: JavaException
[2245|t+97088ms|ThreadId(2)] [Rsift] WARN RsiftUiBridge load failed: URL class: JavaException
[2246|t+97089ms|ThreadId(2)] [Rsift] WARN RsiftModBridge load failed: URL class: JavaException
[2247|t+97089ms|ThreadId(2)] [warn] screen_hooks — load failed: URL class: JavaException
[2248|t+97090ms|ThreadId(2)] [Rsift] WARN RsiftUiBridge load failed: URL class: JavaException
[2249|t+97090ms|ThreadId(2)] [warn] screen_hooks — load failed: URL class: JavaException
[2250|t+97350ms|ThreadId(2)] [warn] screen_hooks — load failed: load ScreenHooks: JavaException
[2251|t+97351ms|ThreadId(2)] [Rsift] WARN RsiftUiBridge load failed: URL class: JavaException
[2252|t+97351ms|ThreadId(2)] [Rsift] WARN RsiftModBridge load failed: URL class: JavaException
[2253|t+97352ms|ThreadId(2)] [warn] screen_hooks — load failed: URL class: JavaException
[2254|t+97352ms|ThreadId(2)] [Rsift] WARN RsiftUiBridge load failed: URL class: JavaException
[2255|t+97353ms|ThreadId(2)] [warn] screen_hooks — load failed: URL class: JavaException
[2256|t+97353ms|ThreadId(2)] [Rsift] WARN RsiftModBridge load failed: URL class: JavaException
[2257|t+97606ms|ThreadId(2)] [warn] screen_hooks — load failed: load ScreenHooks: JavaException
[2258|t+97606ms|ThreadId(2)] [Rsift] WARN RsiftUiBridge load failed: URL class: JavaException
[2259|t+97607ms|ThreadId(2)] [Rsift] WARN RsiftModBridge load failed: URL class: JavaException
[2260|t+97607ms|ThreadId(2)] [warn] screen_hooks — load failed: URL class: JavaException
[2261|t+97607ms|ThreadId(2)] [Rsift] WARN RsiftUiBridge load failed: URL class: JavaException
[2262|t+97608ms|ThreadId(2)] [warn] screen_hooks — load failed: URL class: JavaException
[2263|t+97911ms|ThreadId(2)] [warn] screen_hooks — load failed: load ScreenHooks: JavaException
[2264|t+97913ms|ThreadId(2)] [Rsift] WARN RsiftUiBridge load failed: URL class: JavaException
[2265|t+97913ms|ThreadId(2)] [Rsift] WARN RsiftModBridge load failed: URL class: JavaException
[2266|t+97915ms|ThreadId(2)] [warn] screen_hooks — load failed: URL class: JavaException
[2267|t+97916ms|ThreadId(2)] [Rsift] WARN RsiftUiBridge load failed: URL class: JavaException
[2268|t+97917ms|ThreadId(2)] [warn] screen_hooks — load failed: URL class: JavaException
[2269|t+98173ms|ThreadId(2)] [warn] screen_hooks — load failed: load ScreenHooks: JavaException
[2270|t+98174ms|ThreadId(2)] [Rsift] WARN RsiftUiBridge load failed: URL class: JavaException
[2271|t+98174ms|ThreadId(2)] [Rsift] WARN RsiftModBridge load failed: URL class: JavaException
[2272|t+98174ms|ThreadId(2)] [warn] screen_hooks — load failed: URL class: JavaException
[2273|t+98175ms|ThreadId(2)] [Rsift] WARN RsiftUiBridge load failed: URL class: JavaException
[2274|t+98175ms|ThreadId(2)] [warn] screen_hooks — load failed: URL class: JavaException
[2275|t+98430ms|ThreadId(2)] [warn] screen_hooks — load failed: load ScreenHooks: JavaException
[2276|t+98435ms|ThreadId(2)] [Rsift] WARN RsiftUiBridge load failed: URL class: JavaException
[2277|t+98436ms|ThreadId(2)] [Rsift] WARN RsiftModBridge load failed: URL class: JavaException
[2278|t+98437ms|ThreadId(2)] [warn] screen_hooks — load failed: URL class: JavaException
[2279|t+98437ms|ThreadId(2)] [Rsift] WARN RsiftUiBridge load failed: URL class: JavaException
[2280|t+98438ms|ThreadId(2)] [warn] screen_hooks — load failed: URL class: JavaException
[2281|t+98439ms|ThreadId(2)] [Rsift] WARN RsiftModBridge load failed: URL class: JavaException
[2282|t+98692ms|ThreadId(2)] [warn] screen_hooks — load failed: load ScreenHooks: JavaException
[2283|t+98694ms|ThreadId(2)] [Rsift] WARN RsiftUiBridge load failed: URL class: JavaException
[2284|t+98695ms|ThreadId(2)] [Rsift] WARN RsiftModBridge load failed: URL class: JavaException
[2285|t+98698ms|ThreadId(2)] [warn] screen_hooks — load failed: URL class: JavaException
[2286|t+98699ms|ThreadId(2)] [Rsift] WARN RsiftUiBridge load failed: URL class: JavaException
[2287|t+98702ms|ThreadId(2)] [warn] screen_hooks — load failed: URL class: JavaException
[2288|t+98954ms|ThreadId(2)] [warn] screen_hooks — load failed: load ScreenHooks: JavaException
[2289|t+98955ms|ThreadId(2)] [Rsift] WARN RsiftUiBridge load failed: URL class: JavaException
[2290|t+98956ms|ThreadId(2)] [Rsift] WARN RsiftModBridge load failed: URL class: JavaException
[2291|t+98956ms|ThreadId(2)] [warn] screen_hooks — load failed: URL class: JavaException
[2292|t+98957ms|ThreadId(2)] [Rsift] WARN RsiftUiBridge load failed: URL class: JavaException
[2293|t+98957ms|ThreadId(2)] [warn] screen_hooks — load failed: URL class: JavaException
[2294|t+99321ms|ThreadId(2)] [warn] screen_hooks — load failed: load ScreenHooks: JavaException
[2295|t+99322ms|ThreadId(2)] [Rsift] WARN RsiftUiBridge load failed: URL class: JavaException
[2296|t+99322ms|ThreadId(2)] [Rsift] WARN RsiftModBridge load failed: URL class: JavaException
[2297|t+99322ms|ThreadId(2)] [warn] screen_hooks — load failed: URL class: JavaException
[2298|t+99323ms|ThreadId(2)] [Rsift] WARN RsiftUiBridge load failed: URL class: JavaException
[2299|t+99323ms|ThreadId(2)] [warn] screen_hooks — load failed: URL class: JavaException
[2300|t+99590ms|ThreadId(2)] [warn] screen_hooks — load failed: load ScreenHooks: JavaException
[2301|t+99591ms|ThreadId(2)] [Rsift] WARN RsiftUiBridge load failed: URL class: JavaException
[2302|t+99592ms|ThreadId(2)] [Rsift] WARN RsiftModBridge load failed: URL class: JavaException
[2303|t+99592ms|ThreadId(2)] [warn] screen_hooks — load failed: URL class: JavaException
[2304|t+99592ms|ThreadId(2)] [Rsift] WARN RsiftUiBridge load failed: URL class: JavaException
[2305|t+99593ms|ThreadId(2)] [warn] screen_hooks — load failed: URL class: JavaException
[2306|t+99593ms|ThreadId(2)] [Rsift] WARN RsiftModBridge load failed: URL class: JavaException
[2307|t+99594ms|ThreadId(2)] [step] tick_loop — alive tick=360
[2308|t+99852ms|ThreadId(2)] [warn] screen_hooks — load failed: load ScreenHooks: JavaException
[2309|t+99853ms|ThreadId(2)] [Rsift] WARN RsiftUiBridge load failed: URL class: JavaException
[2310|t+99854ms|ThreadId(2)] [Rsift] WARN RsiftModBridge load failed: URL class: JavaException
[2311|t+99854ms|ThreadId(2)] [warn] screen_hooks — load failed: URL class: JavaException
[2312|t+99855ms|ThreadId(2)] [Rsift] WARN RsiftUiBridge load failed: URL class: JavaException
[2313|t+99856ms|ThreadId(2)] [warn] screen_hooks — load failed: URL class: JavaException
[2314|t+100109ms|ThreadId(2)] [warn] screen_hooks — load failed: load ScreenHooks: JavaException
[2315|t+100109ms|ThreadId(2)] [Rsift] WARN RsiftUiBridge load failed: URL class: JavaException
[2316|t+100110ms|ThreadId(2)] [Rsift] WARN RsiftModBridge load failed: URL class: JavaException
[2317|t+100110ms|ThreadId(2)] [warn] screen_hooks — load failed: URL class: JavaException
[2318|t+100111ms|ThreadId(2)] [Rsift] WARN RsiftUiBridge load failed: URL class: JavaException
[2319|t+100111ms|ThreadId(2)] [warn] screen_hooks — load failed: URL class: JavaException
[2320|t+100365ms|ThreadId(2)] [warn] screen_hooks — load failed: load ScreenHooks: JavaException
[2321|t+100365ms|ThreadId(2)] [Rsift] WARN RsiftUiBridge load failed: URL class: JavaException
[2322|t+100366ms|ThreadId(2)] [Rsift] WARN RsiftModBridge load failed: URL class: JavaException
[2323|t+100366ms|ThreadId(2)] [warn] screen_hooks — load failed: URL class: JavaException
[2324|t+100367ms|ThreadId(2)] [Rsift] WARN RsiftUiBridge load failed: URL class: JavaException
[2325|t+100367ms|ThreadId(2)] [warn] screen_hooks — load failed: URL class: JavaException
[2326|t+100620ms|ThreadId(2)] [warn] screen_hooks — load failed: load ScreenHooks: JavaException
[2327|t+100621ms|ThreadId(2)] [Rsift] WARN RsiftUiBridge load failed: URL class: JavaException
[2328|t+100621ms|ThreadId(2)] [Rsift] WARN RsiftModBridge load failed: URL class: JavaException
[2329|t+100621ms|ThreadId(2)] [warn] screen_hooks — load failed: URL class: JavaException
[2330|t+100622ms|ThreadId(2)] [Rsift] WARN RsiftUiBridge load failed: URL class: JavaException
[2331|t+100622ms|ThreadId(2)] [warn] screen_hooks — load failed: URL class: JavaException
[2332|t+100623ms|ThreadId(2)] [Rsift] WARN RsiftModBridge load failed: URL class: JavaException
[2333|t+100876ms|ThreadId(2)] [warn] screen_hooks — load failed: load ScreenHooks: JavaException
[2334|t+100877ms|ThreadId(2)] [Rsift] WARN RsiftUiBridge load failed: URL class: JavaException
[2335|t+100877ms|ThreadId(2)] [Rsift] WARN RsiftModBridge load failed: URL class: JavaException
[2336|t+100878ms|ThreadId(2)] [warn] screen_hooks — load failed: URL class: JavaException
[2337|t+100878ms|ThreadId(2)] [Rsift] WARN RsiftUiBridge load failed: URL class: JavaException
[2338|t+100878ms|ThreadId(2)] [warn] screen_hooks — load failed: URL class: JavaException
[2339|t+101132ms|ThreadId(2)] [warn] screen_hooks — load failed: load ScreenHooks: JavaException
[2340|t+101133ms|ThreadId(2)] [Rsift] WARN RsiftUiBridge load failed: URL class: JavaException
[2341|t+101133ms|ThreadId(2)] [Rsift] WARN RsiftModBridge load failed: URL class: JavaException
[2342|t+101134ms|ThreadId(2)] [warn] screen_hooks — load failed: URL class: JavaException
[2343|t+101134ms|ThreadId(2)] [Rsift] WARN RsiftUiBridge load failed: URL class: JavaException
[2344|t+101135ms|ThreadId(2)] [warn] screen_hooks — load failed: URL class: JavaException
[2345|t+101412ms|ThreadId(2)] [warn] screen_hooks — load failed: load ScreenHooks: JavaException
[2346|t+101413ms|ThreadId(2)] [Rsift] WARN RsiftUiBridge load failed: URL class: JavaException
[2347|t+101413ms|ThreadId(2)] [Rsift] WARN RsiftModBridge load failed: URL class: JavaException
[2348|t+101415ms|ThreadId(2)] [warn] screen_hooks — load failed: URL class: JavaException
[2349|t+101416ms|ThreadId(2)] [Rsift] WARN RsiftUiBridge load failed: URL class: JavaException
[2350|t+101417ms|ThreadId(2)] [warn] screen_hooks — load failed: URL class: JavaException
[2351|t+101670ms|ThreadId(2)] [warn] screen_hooks — load failed: load ScreenHooks: JavaException
[2352|t+101671ms|ThreadId(2)] [Rsift] WARN RsiftUiBridge load failed: URL class: JavaException
[2353|t+101671ms|ThreadId(2)] [Rsift] WARN RsiftModBridge load failed: URL class: JavaException
[2354|t+101672ms|ThreadId(2)] [warn] screen_hooks — load failed: URL class: JavaException
[2355|t+101672ms|ThreadId(2)] [Rsift] WARN RsiftUiBridge load failed: URL class: JavaException
[2356|t+101672ms|ThreadId(2)] [warn] screen_hooks — load failed: URL class: JavaException
[2357|t+101673ms|ThreadId(2)] [Rsift] WARN RsiftModBridge load failed: URL class: JavaException
[2358|t+101962ms|ThreadId(2)] [warn] screen_hooks — load failed: load ScreenHooks: JavaException
[2359|t+101963ms|ThreadId(2)] [Rsift] WARN RsiftUiBridge load failed: URL class: JavaException
[2360|t+101963ms|ThreadId(2)] [Rsift] WARN RsiftModBridge load failed: URL class: JavaException
[2361|t+101964ms|ThreadId(2)] [warn] screen_hooks — load failed: URL class: JavaException
[2362|t+101964ms|ThreadId(2)] [Rsift] WARN RsiftUiBridge load failed: URL class: JavaException
[2363|t+101965ms|ThreadId(2)] [warn] screen_hooks — load failed: URL class: JavaException
[2364|t+102230ms|ThreadId(2)] [warn] screen_hooks — load failed: load ScreenHooks: JavaException
[2365|t+102231ms|ThreadId(2)] [Rsift] WARN RsiftUiBridge load failed: URL class: JavaException
[2366|t+102231ms|ThreadId(2)] [Rsift] WARN RsiftModBridge load failed: URL class: JavaException
[2367|t+102232ms|ThreadId(2)] [warn] screen_hooks — load failed: URL class: JavaException
[2368|t+102233ms|ThreadId(2)] [Rsift] WARN RsiftUiBridge load failed: URL class: JavaException
[2369|t+102234ms|ThreadId(2)] [warn] screen_hooks — load failed: URL class: JavaException
[2370|t+102487ms|ThreadId(2)] [warn] screen_hooks — load failed: load ScreenHooks: JavaException
[2371|t+102487ms|ThreadId(2)] [Rsift] WARN RsiftUiBridge load failed: URL class: JavaException
[2372|t+102488ms|ThreadId(2)] [Rsift] WARN RsiftModBridge load failed: URL class: JavaException
[2373|t+102488ms|ThreadId(2)] [warn] screen_hooks — load failed: URL class: JavaException
[2374|t+102489ms|ThreadId(2)] [Rsift] WARN RsiftUiBridge load failed: URL class: JavaException
[2375|t+102489ms|ThreadId(2)] [warn] screen_hooks — load failed: URL class: JavaException
[2376|t+102743ms|ThreadId(2)] [warn] screen_hooks — load failed: load ScreenHooks: JavaException
[2377|t+102743ms|ThreadId(2)] [Rsift] WARN RsiftUiBridge load failed: URL class: JavaException
[2378|t+102744ms|ThreadId(2)] [Rsift] WARN RsiftModBridge load failed: URL class: JavaException
[2379|t+102745ms|ThreadId(2)] [warn] screen_hooks — load failed: URL class: JavaException
[2380|t+102745ms|ThreadId(2)] [Rsift] WARN RsiftUiBridge load failed: URL class: JavaException
[2381|t+102745ms|ThreadId(2)] [warn] screen_hooks — load failed: URL class: JavaException
[2382|t+102746ms|ThreadId(2)] [Rsift] WARN RsiftModBridge load failed: URL class: JavaException
[2383|t+103009ms|ThreadId(2)] [warn] screen_hooks — load failed: load ScreenHooks: JavaException
[2384|t+103012ms|ThreadId(2)] [Rsift] WARN RsiftUiBridge load failed: URL class: JavaException
[2385|t+103013ms|ThreadId(2)] [Rsift] WARN RsiftModBridge load failed: URL class: JavaException
[2386|t+103013ms|ThreadId(2)] [warn] screen_hooks — load failed: URL class: JavaException
[2387|t+103013ms|ThreadId(2)] [Rsift] WARN RsiftUiBridge load failed: URL class: JavaException
[2388|t+103014ms|ThreadId(2)] [warn] screen_hooks — load failed: URL class: JavaException
[2389|t+103270ms|ThreadId(2)] [warn] screen_hooks — load failed: load ScreenHooks: JavaException
[2390|t+103270ms|ThreadId(2)] [Rsift] WARN RsiftUiBridge load failed: URL class: JavaException
[2391|t+103271ms|ThreadId(2)] [Rsift] WARN RsiftModBridge load failed: URL class: JavaException
[2392|t+103274ms|ThreadId(2)] [warn] screen_hooks — load failed: URL class: JavaException
[2393|t+103274ms|ThreadId(2)] [Rsift] WARN RsiftUiBridge load failed: URL class: JavaException
[2394|t+103275ms|ThreadId(2)] [warn] screen_hooks — load failed: URL class: JavaException
[2395|t+103528ms|ThreadId(2)] [warn] screen_hooks — load failed: load ScreenHooks: JavaException
[2396|t+103529ms|ThreadId(2)] [Rsift] WARN RsiftUiBridge load failed: URL class: JavaException
[2397|t+103529ms|ThreadId(2)] [Rsift] WARN RsiftModBridge load failed: URL class: JavaException
[2398|t+103529ms|ThreadId(2)] [warn] screen_hooks — load failed: URL class: JavaException
[2399|t+103530ms|ThreadId(2)] [Rsift] WARN RsiftUiBridge load failed: URL class: JavaException
[2400|t+103530ms|ThreadId(2)] [warn] screen_hooks — load failed: URL class: JavaException
[2401|t+103816ms|ThreadId(2)] [warn] screen_hooks — load failed: load ScreenHooks: JavaException
[2402|t+103818ms|ThreadId(2)] [Rsift] WARN RsiftUiBridge load failed: URL class: JavaException
[2403|t+103818ms|ThreadId(2)] [Rsift] WARN RsiftModBridge load failed: URL class: JavaException
[2404|t+103820ms|ThreadId(2)] [warn] screen_hooks — load failed: URL class: JavaException
[2405|t+103821ms|ThreadId(2)] [Rsift] WARN RsiftUiBridge load failed: URL class: JavaException
[2406|t+103821ms|ThreadId(2)] [warn] screen_hooks — load failed: URL class: JavaException
[2407|t+103822ms|ThreadId(2)] [Rsift] WARN RsiftModBridge load failed: URL class: JavaException
[2408|t+104075ms|ThreadId(2)] [warn] screen_hooks — load failed: load ScreenHooks: JavaException
[2409|t+104076ms|ThreadId(2)] [Rsift] WARN RsiftUiBridge load failed: URL class: JavaException
[2410|t+104076ms|ThreadId(2)] [Rsift] WARN RsiftModBridge load failed: URL class: JavaException
[2411|t+104077ms|ThreadId(2)] [warn] screen_hooks — load failed: URL class: JavaException
[2412|t+104077ms|ThreadId(2)] [Rsift] WARN RsiftUiBridge load failed: URL class: JavaException
[2413|t+104077ms|ThreadId(2)] [warn] screen_hooks — load failed: URL class: JavaException
[2414|t+104331ms|ThreadId(2)] [warn] screen_hooks — load failed: load ScreenHooks: JavaException
[2415|t+104332ms|ThreadId(2)] [Rsift] WARN RsiftUiBridge load failed: URL class: JavaException
[2416|t+104333ms|ThreadId(2)] [Rsift] WARN RsiftModBridge load failed: URL class: JavaException
[2417|t+104334ms|ThreadId(2)] [warn] screen_hooks — load failed: URL class: JavaException
[2418|t+104336ms|ThreadId(2)] [Rsift] WARN RsiftUiBridge load failed: URL class: JavaException
[2419|t+104338ms|ThreadId(2)] [warn] screen_hooks — load failed: URL class: JavaException
[2420|t+104591ms|ThreadId(2)] [warn] screen_hooks — load failed: load ScreenHooks: JavaException
[2421|t+104592ms|ThreadId(2)] [Rsift] WARN RsiftUiBridge load failed: URL class: JavaException
[2422|t+104592ms|ThreadId(2)] [Rsift] WARN RsiftModBridge load failed: URL class: JavaException
[2423|t+104593ms|ThreadId(2)] [warn] screen_hooks — load failed: URL class: JavaException
[2424|t+104593ms|ThreadId(2)] [Rsift] WARN RsiftUiBridge load failed: URL class: JavaException
[2425|t+104594ms|ThreadId(2)] [warn] screen_hooks — load failed: URL class: JavaException
[2426|t+104847ms|ThreadId(2)] [warn] screen_hooks — load failed: load ScreenHooks: JavaException
[2427|t+104848ms|ThreadId(2)] [Rsift] WARN RsiftUiBridge load failed: URL class: JavaException
[2428|t+104848ms|ThreadId(2)] [Rsift] WARN RsiftModBridge load failed: URL class: JavaException
[2429|t+104848ms|ThreadId(2)] [warn] screen_hooks — load failed: URL class: JavaException
[2430|t+104849ms|ThreadId(2)] [Rsift] WARN RsiftUiBridge load failed: URL class: JavaException
[2431|t+104849ms|ThreadId(2)] [warn] screen_hooks — load failed: URL class: JavaException
[2432|t+104850ms|ThreadId(2)] [Rsift] WARN RsiftModBridge load failed: URL class: JavaException
[2433|t+105102ms|ThreadId(2)] [warn] screen_hooks — load failed: load ScreenHooks: JavaException
[2434|t+105103ms|ThreadId(2)] [Rsift] WARN RsiftUiBridge load failed: URL class: JavaException
[2435|t+105103ms|ThreadId(2)] [Rsift] WARN RsiftModBridge load failed: URL class: JavaException
[2436|t+105104ms|ThreadId(2)] [warn] screen_hooks — load failed: URL class: JavaException
[2437|t+105104ms|ThreadId(2)] [Rsift] WARN RsiftUiBridge load failed: URL class: JavaException
[2438|t+105105ms|ThreadId(2)] [warn] screen_hooks — load failed: URL class: JavaException
[2439|t+105359ms|ThreadId(2)] [warn] screen_hooks — load failed: load ScreenHooks: JavaException
[2440|t+105360ms|ThreadId(2)] [Rsift] WARN RsiftUiBridge load failed: URL class: JavaException
[2441|t+105361ms|ThreadId(2)] [Rsift] WARN RsiftModBridge load failed: URL class: JavaException
[2442|t+105361ms|ThreadId(2)] [warn] screen_hooks — load failed: URL class: JavaException
[2443|t+105361ms|ThreadId(2)] [Rsift] WARN RsiftUiBridge load failed: URL class: JavaException
[2444|t+105362ms|ThreadId(2)] [warn] screen_hooks — load failed: URL class: JavaException
[2445|t+105639ms|ThreadId(2)] [warn] screen_hooks — load failed: load ScreenHooks: JavaException
[2446|t+105640ms|ThreadId(2)] [Rsift] WARN RsiftUiBridge load failed: URL class: JavaException
[2447|t+105640ms|ThreadId(2)] [Rsift] WARN RsiftModBridge load failed: URL class: JavaException
[2448|t+105641ms|ThreadId(2)] [warn] screen_hooks — load failed: URL class: JavaException
[2449|t+105641ms|ThreadId(2)] [Rsift] WARN RsiftUiBridge load failed: URL class: JavaException
[2450|t+105642ms|ThreadId(2)] [warn] screen_hooks — load failed: URL class: JavaException
[2451|t+105906ms|ThreadId(2)] [warn] screen_hooks — load failed: load ScreenHooks: JavaException
[2452|t+105907ms|ThreadId(2)] [Rsift] WARN RsiftUiBridge load failed: URL class: JavaException
[2453|t+105907ms|ThreadId(2)] [Rsift] WARN RsiftModBridge load failed: URL class: JavaException
[2454|t+105908ms|ThreadId(2)] [warn] screen_hooks — load failed: URL class: JavaException
[2455|t+105908ms|ThreadId(2)] [Rsift] WARN RsiftUiBridge load failed: URL class: JavaException
[2456|t+105908ms|ThreadId(2)] [warn] screen_hooks — load failed: URL class: JavaException
[2457|t+105909ms|ThreadId(2)] [Rsift] WARN RsiftModBridge load failed: URL class: JavaException
[2458|t+106162ms|ThreadId(2)] [warn] screen_hooks — load failed: load ScreenHooks: JavaException
[2459|t+106162ms|ThreadId(2)] [Rsift] WARN RsiftUiBridge load failed: URL class: JavaException
[2460|t+106163ms|ThreadId(2)] [Rsift] WARN RsiftModBridge load failed: URL class: JavaException
[2461|t+106163ms|ThreadId(2)] [warn] screen_hooks — load failed: URL class: JavaException
[2462|t+106164ms|ThreadId(2)] [Rsift] WARN RsiftUiBridge load failed: URL class: JavaException
[2463|t+106164ms|ThreadId(2)] [warn] screen_hooks — load failed: URL class: JavaException
[2464|t+106417ms|ThreadId(2)] [warn] screen_hooks — load failed: load ScreenHooks: JavaException
[2465|t+106417ms|ThreadId(2)] [Rsift] WARN RsiftUiBridge load failed: URL class: JavaException
[2466|t+106418ms|ThreadId(2)] [Rsift] WARN RsiftModBridge load failed: URL class: JavaException
[2467|t+106418ms|ThreadId(2)] [warn] screen_hooks — load failed: URL class: JavaException
[2468|t+106419ms|ThreadId(2)] [Rsift] WARN RsiftUiBridge load failed: URL class: JavaException
[2469|t+106419ms|ThreadId(2)] [warn] screen_hooks — load failed: URL class: JavaException
[2470|t+106702ms|ThreadId(2)] [warn] screen_hooks — load failed: load ScreenHooks: JavaException
[2471|t+106703ms|ThreadId(2)] [Rsift] WARN RsiftUiBridge load failed: URL class: JavaException
[2472|t+106703ms|ThreadId(2)] [Rsift] WARN RsiftModBridge load failed: URL class: JavaException
[2473|t+106704ms|ThreadId(2)] [warn] screen_hooks — load failed: URL class: JavaException
[2474|t+106704ms|ThreadId(2)] [Rsift] WARN RsiftUiBridge load failed: URL class: JavaException
[2475|t+106705ms|ThreadId(2)] [warn] screen_hooks — load failed: URL class: JavaException
[2476|t+106958ms|ThreadId(2)] [warn] screen_hooks — load failed: load ScreenHooks: JavaException
[2477|t+106958ms|ThreadId(2)] [Rsift] WARN RsiftUiBridge load failed: URL class: JavaException
[2478|t+106959ms|ThreadId(2)] [Rsift] WARN RsiftModBridge load failed: URL class: JavaException
[2479|t+106959ms|ThreadId(2)] [warn] screen_hooks — load failed: URL class: JavaException
[2480|t+106959ms|ThreadId(2)] [Rsift] WARN RsiftUiBridge load failed: URL class: JavaException
[2481|t+106960ms|ThreadId(2)] [warn] screen_hooks — load failed: URL class: JavaException
[2482|t+106960ms|ThreadId(2)] [Rsift] WARN RsiftModBridge load failed: URL class: JavaException
[2483|t+107213ms|ThreadId(2)] [warn] screen_hooks — load failed: load ScreenHooks: JavaException
[2484|t+107213ms|ThreadId(2)] [Rsift] WARN RsiftUiBridge load failed: URL class: JavaException
[2485|t+107213ms|ThreadId(2)] [Rsift] WARN RsiftModBridge load failed: URL class: JavaException
[2486|t+107214ms|ThreadId(2)] [warn] screen_hooks — load failed: URL class: JavaException
[2487|t+107214ms|ThreadId(2)] [Rsift] WARN RsiftUiBridge load failed: URL class: JavaException
[2488|t+107214ms|ThreadId(2)] [warn] screen_hooks — load failed: URL class: JavaException
[2489|t+107467ms|ThreadId(2)] [warn] screen_hooks — load failed: load ScreenHooks: JavaException
[2490|t+107468ms|ThreadId(2)] [Rsift] WARN RsiftUiBridge load failed: URL class: JavaException
[2491|t+107468ms|ThreadId(2)] [Rsift] WARN RsiftModBridge load failed: URL class: JavaException
[2492|t+107468ms|ThreadId(2)] [warn] screen_hooks — load failed: URL class: JavaException
[2493|t+107468ms|ThreadId(2)] [Rsift] WARN RsiftUiBridge load failed: URL class: JavaException
[2494|t+107469ms|ThreadId(2)] [warn] screen_hooks — load failed: URL class: JavaException
[2495|t+107854ms|ThreadId(2)] [warn] screen_hooks — load failed: load ScreenHooks: JavaException
[2496|t+107942ms|ThreadId(2)] [Rsift] WARN RsiftUiBridge load failed: URL class: JavaException
[2497|t+107960ms|ThreadId(2)] [Rsift] WARN RsiftModBridge load failed: URL class: JavaException
[2498|t+108075ms|ThreadId(2)] [warn] screen_hooks — load failed: URL class: JavaException
[2499|t+108076ms|ThreadId(2)] [Rsift] WARN RsiftUiBridge load failed: URL class: JavaException
[2500|t+108076ms|ThreadId(2)] [warn] screen_hooks — load failed: URL class: JavaException
[2501|t+108344ms|ThreadId(2)] [warn] screen_hooks — load failed: load ScreenHooks: JavaException
[2502|t+108345ms|ThreadId(2)] [Rsift] WARN RsiftUiBridge load failed: URL class: JavaException
[2503|t+108345ms|ThreadId(2)] [Rsift] WARN RsiftModBridge load failed: URL class: JavaException
[2504|t+108346ms|ThreadId(2)] [warn] screen_hooks — load failed: URL class: JavaException
[2505|t+108346ms|ThreadId(2)] [Rsift] WARN RsiftUiBridge load failed: URL class: JavaException
[2506|t+108347ms|ThreadId(2)] [warn] screen_hooks — load failed: URL class: JavaException
[2507|t+108347ms|ThreadId(2)] [Rsift] WARN RsiftModBridge load failed: URL class: JavaException
[2508|t+108600ms|ThreadId(2)] [warn] screen_hooks — load failed: load ScreenHooks: JavaException
[2509|t+108601ms|ThreadId(2)] [Rsift] WARN RsiftUiBridge load failed: URL class: JavaException
[2510|t+108601ms|ThreadId(2)] [Rsift] WARN RsiftModBridge load failed: URL class: JavaException
[2511|t+108602ms|ThreadId(2)] [warn] screen_hooks — load failed: URL class: JavaException
[2512|t+108602ms|ThreadId(2)] [Rsift] WARN RsiftUiBridge load failed: URL class: JavaException
[2513|t+108602ms|ThreadId(2)] [warn] screen_hooks — load failed: URL class: JavaException
[2514|t+108854ms|ThreadId(2)] [warn] screen_hooks — load failed: load ScreenHooks: JavaException
[2515|t+108855ms|ThreadId(2)] [Rsift] WARN RsiftUiBridge load failed: URL class: JavaException
[2516|t+108855ms|ThreadId(2)] [Rsift] WARN RsiftModBridge load failed: URL class: JavaException
[2517|t+108856ms|ThreadId(2)] [warn] screen_hooks — load failed: URL class: JavaException
[2518|t+108856ms|ThreadId(2)] [Rsift] WARN RsiftUiBridge load failed: URL class: JavaException
[2519|t+108856ms|ThreadId(2)] [warn] screen_hooks — load failed: URL class: JavaException
[2520|t+109109ms|ThreadId(2)] [warn] screen_hooks — load failed: load ScreenHooks: JavaException
[2521|t+109110ms|ThreadId(2)] [Rsift] WARN RsiftUiBridge load failed: URL class: JavaException
[2522|t+109110ms|ThreadId(2)] [Rsift] WARN RsiftModBridge load failed: URL class: JavaException
[2523|t+109111ms|ThreadId(2)] [warn] screen_hooks — load failed: URL class: JavaException
[2524|t+109111ms|ThreadId(2)] [Rsift] WARN RsiftUiBridge load failed: URL class: JavaException
[2525|t+109111ms|ThreadId(2)] [warn] screen_hooks — load failed: URL class: JavaException
[2526|t+109364ms|ThreadId(2)] [warn] screen_hooks — load failed: load ScreenHooks: JavaException
[2527|t+109364ms|ThreadId(2)] [Rsift] WARN RsiftUiBridge load failed: URL class: JavaException
[2528|t+109365ms|ThreadId(2)] [Rsift] WARN RsiftModBridge load failed: URL class: JavaException
[2529|t+109365ms|ThreadId(2)] [warn] screen_hooks — load failed: URL class: JavaException
[2530|t+109365ms|ThreadId(2)] [Rsift] WARN RsiftUiBridge load failed: URL class: JavaException
[2531|t+109366ms|ThreadId(2)] [warn] screen_hooks — load failed: URL class: JavaException
[2532|t+109366ms|ThreadId(2)] [Rsift] WARN RsiftModBridge load failed: URL class: JavaException
[2533|t+109619ms|ThreadId(2)] [warn] screen_hooks — load failed: load ScreenHooks: JavaException
[2534|t+109620ms|ThreadId(2)] [Rsift] WARN RsiftUiBridge load failed: URL class: JavaException
[2535|t+109620ms|ThreadId(2)] [Rsift] WARN RsiftModBridge load failed: URL class: JavaException
[2536|t+109621ms|ThreadId(2)] [warn] screen_hooks — load failed: URL class: JavaException
[2537|t+109621ms|ThreadId(2)] [Rsift] WARN RsiftUiBridge load failed: URL class: JavaException
[2538|t+109621ms|ThreadId(2)] [warn] screen_hooks — load failed: URL class: JavaException
[2539|t+109874ms|ThreadId(2)] [warn] screen_hooks — load failed: load ScreenHooks: JavaException
[2540|t+109874ms|ThreadId(2)] [Rsift] WARN RsiftUiBridge load failed: URL class: JavaException
[2541|t+109875ms|ThreadId(2)] [Rsift] WARN RsiftModBridge load failed: URL class: JavaException
[2542|t+109875ms|ThreadId(2)] [warn] screen_hooks — load failed: URL class: JavaException
[2543|t+109876ms|ThreadId(2)] [Rsift] WARN RsiftUiBridge load failed: URL class: JavaException
[2544|t+109876ms|ThreadId(2)] [warn] screen_hooks — load failed: URL class: JavaException
[2545|t+110129ms|ThreadId(2)] [warn] screen_hooks — load failed: load ScreenHooks: JavaException
[2546|t+110130ms|ThreadId(2)] [Rsift] WARN RsiftUiBridge load failed: URL class: JavaException
[2547|t+110130ms|ThreadId(2)] [Rsift] WARN RsiftModBridge load failed: URL class: JavaException
[2548|t+110130ms|ThreadId(2)] [warn] screen_hooks — load failed: URL class: JavaException
[2549|t+110131ms|ThreadId(2)] [Rsift] WARN RsiftUiBridge load failed: URL class: JavaException
[2550|t+110131ms|ThreadId(2)] [warn] screen_hooks — load failed: URL class: JavaException
[2551|t+110390ms|ThreadId(2)] [warn] screen_hooks — load failed: load ScreenHooks: JavaException
[2552|t+110391ms|ThreadId(2)] [Rsift] WARN RsiftUiBridge load failed: URL class: JavaException
[2553|t+110391ms|ThreadId(2)] [Rsift] WARN RsiftModBridge load failed: URL class: JavaException
[2554|t+110391ms|ThreadId(2)] [warn] screen_hooks — load failed: URL class: JavaException
[2555|t+110392ms|ThreadId(2)] [Rsift] WARN RsiftUiBridge load failed: URL class: JavaException
[2556|t+110392ms|ThreadId(2)] [warn] screen_hooks — load failed: URL class: JavaException
[2557|t+110393ms|ThreadId(2)] [Rsift] WARN RsiftModBridge load failed: URL class: JavaException
[2558|t+110647ms|ThreadId(2)] [warn] screen_hooks — load failed: load ScreenHooks: JavaException
[2559|t+110648ms|ThreadId(2)] [Rsift] WARN RsiftUiBridge load failed: URL class: JavaException
[2560|t+110648ms|ThreadId(2)] [Rsift] WARN RsiftModBridge load failed: URL class: JavaException
[2561|t+110649ms|ThreadId(2)] [warn] screen_hooks — load failed: URL class: JavaException
[2562|t+110649ms|ThreadId(2)] [Rsift] WARN RsiftUiBridge load failed: URL class: JavaException
[2563|t+110659ms|ThreadId(2)] [warn] screen_hooks — load failed: URL class: JavaException
[2564|t+110912ms|ThreadId(2)] [warn] screen_hooks — load failed: load ScreenHooks: JavaException
[2565|t+110913ms|ThreadId(2)] [Rsift] WARN RsiftUiBridge load failed: URL class: JavaException
[2566|t+110913ms|ThreadId(2)] [Rsift] WARN RsiftModBridge load failed: URL class: JavaException
[2567|t+110913ms|ThreadId(2)] [warn] screen_hooks — load failed: URL class: JavaException
[2568|t+110914ms|ThreadId(2)] [Rsift] WARN RsiftUiBridge load failed: URL class: JavaException
[2569|t+110914ms|ThreadId(2)] [warn] screen_hooks — load failed: URL class: JavaException
[2570|t+111166ms|ThreadId(2)] [warn] screen_hooks — load failed: load ScreenHooks: JavaException
[2571|t+111167ms|ThreadId(2)] [Rsift] WARN RsiftUiBridge load failed: URL class: JavaException
[2572|t+111167ms|ThreadId(2)] [Rsift] WARN RsiftModBridge load failed: URL class: JavaException
[2573|t+111167ms|ThreadId(2)] [warn] screen_hooks — load failed: URL class: JavaException
[2574|t+111167ms|ThreadId(2)] [Rsift] WARN RsiftUiBridge load failed: URL class: JavaException
[2575|t+111168ms|ThreadId(2)] [warn] screen_hooks — load failed: URL class: JavaException
[2576|t+111420ms|ThreadId(2)] [warn] screen_hooks — load failed: load ScreenHooks: JavaException
[2577|t+111421ms|ThreadId(2)] [Rsift] WARN RsiftUiBridge load failed: URL class: JavaException
[2578|t+111421ms|ThreadId(2)] [Rsift] WARN RsiftModBridge load failed: URL class: JavaException
[2579|t+111422ms|ThreadId(2)] [warn] screen_hooks — load failed: URL class: JavaException
[2580|t+111422ms|ThreadId(2)] [Rsift] WARN RsiftUiBridge load failed: URL class: JavaException
[2581|t+111422ms|ThreadId(2)] [warn] screen_hooks — load failed: URL class: JavaException
[2582|t+111423ms|ThreadId(2)] [Rsift] WARN RsiftModBridge load failed: URL class: JavaException
[2583|t+111675ms|ThreadId(2)] [warn] screen_hooks — load failed: load ScreenHooks: JavaException
[2584|t+111676ms|ThreadId(2)] [Rsift] WARN RsiftUiBridge load failed: URL class: JavaException
[2585|t+111676ms|ThreadId(2)] [Rsift] WARN RsiftModBridge load failed: URL class: JavaException
[2586|t+111676ms|ThreadId(2)] [warn] screen_hooks — load failed: URL class: JavaException
[2587|t+111677ms|ThreadId(2)] [Rsift] WARN RsiftUiBridge load failed: URL class: JavaException
[2588|t+111677ms|ThreadId(2)] [warn] screen_hooks — load failed: URL class: JavaException
[2589|t+111931ms|ThreadId(2)] [warn] screen_hooks — load failed: load ScreenHooks: JavaException
[2590|t+111931ms|ThreadId(2)] [Rsift] WARN RsiftUiBridge load failed: URL class: JavaException
[2591|t+111932ms|ThreadId(2)] [Rsift] WARN RsiftModBridge load failed: URL class: JavaException
[2592|t+111932ms|ThreadId(2)] [warn] screen_hooks — load failed: URL class: JavaException
[2593|t+111933ms|ThreadId(2)] [Rsift] WARN RsiftUiBridge load failed: URL class: JavaException
[2594|t+111933ms|ThreadId(2)] [warn] screen_hooks — load failed: URL class: JavaException
[2595|t+112191ms|ThreadId(2)] [warn] screen_hooks — load failed: load ScreenHooks: JavaException
[2596|t+112191ms|ThreadId(2)] [Rsift] WARN RsiftUiBridge load failed: URL class: JavaException
[2597|t+112192ms|ThreadId(2)] [Rsift] WARN RsiftModBridge load failed: URL class: JavaException
[2598|t+112192ms|ThreadId(2)] [warn] screen_hooks — load failed: URL class: JavaException
[2599|t+112193ms|ThreadId(2)] [Rsift] WARN RsiftUiBridge load failed: URL class: JavaException
[2600|t+112193ms|ThreadId(2)] [warn] screen_hooks — load failed: URL class: JavaException
[2601|t+112508ms|ThreadId(2)] [warn] screen_hooks — load failed: load ScreenHooks: JavaException
[2602|t+112508ms|ThreadId(2)] [Rsift] WARN RsiftUiBridge load failed: URL class: JavaException
[2603|t+112509ms|ThreadId(2)] [Rsift] WARN RsiftModBridge load failed: URL class: JavaException
[2604|t+112509ms|ThreadId(2)] [warn] screen_hooks — load failed: URL class: JavaException
[2605|t+112510ms|ThreadId(2)] [Rsift] WARN RsiftUiBridge load failed: URL class: JavaException
[2606|t+112510ms|ThreadId(2)] [warn] screen_hooks — load failed: URL class: JavaException
[2607|t+112511ms|ThreadId(2)] [Rsift] WARN RsiftModBridge load failed: URL class: JavaException
[2608|t+112766ms|ThreadId(2)] [warn] screen_hooks — load failed: load ScreenHooks: JavaException
[2609|t+112766ms|ThreadId(2)] [Rsift] WARN RsiftUiBridge load failed: URL class: JavaException
[2610|t+112767ms|ThreadId(2)] [Rsift] WARN RsiftModBridge load failed: URL class: JavaException
[2611|t+112767ms|ThreadId(2)] [warn] screen_hooks — load failed: URL class: JavaException
[2612|t+112767ms|ThreadId(2)] [Rsift] WARN RsiftUiBridge load failed: URL class: JavaException
[2613|t+112768ms|ThreadId(2)] [warn] screen_hooks — load failed: URL class: JavaException
[2614|t+113021ms|ThreadId(2)] [warn] screen_hooks — load failed: load ScreenHooks: JavaException
[2615|t+113021ms|ThreadId(2)] [Rsift] WARN RsiftUiBridge load failed: URL class: JavaException
[2616|t+113021ms|ThreadId(2)] [Rsift] WARN RsiftModBridge load failed: URL class: JavaException
[2617|t+113022ms|ThreadId(2)] [warn] screen_hooks — load failed: URL class: JavaException
[2618|t+113022ms|ThreadId(2)] [Rsift] WARN RsiftUiBridge load failed: URL class: JavaException
[2619|t+113023ms|ThreadId(2)] [warn] screen_hooks — load failed: URL class: JavaException
[2620|t+113275ms|ThreadId(2)] [warn] screen_hooks — load failed: load ScreenHooks: JavaException
[2621|t+113276ms|ThreadId(2)] [Rsift] WARN RsiftUiBridge load failed: URL class: JavaException
[2622|t+113276ms|ThreadId(2)] [Rsift] WARN RsiftModBridge load failed: URL class: JavaException
[2623|t+113276ms|ThreadId(2)] [warn] screen_hooks — load failed: URL class: JavaException
[2624|t+113277ms|ThreadId(2)] [Rsift] WARN RsiftUiBridge load failed: URL class: JavaException
[2625|t+113277ms|ThreadId(2)] [warn] screen_hooks — load failed: URL class: JavaException
[2626|t+113530ms|ThreadId(2)] [warn] screen_hooks — load failed: load ScreenHooks: JavaException
[2627|t+113531ms|ThreadId(2)] [Rsift] WARN RsiftUiBridge load failed: URL class: JavaException
[2628|t+113531ms|ThreadId(2)] [Rsift] WARN RsiftModBridge load failed: URL class: JavaException
[2629|t+113532ms|ThreadId(2)] [warn] screen_hooks — load failed: URL class: JavaException
[2630|t+113533ms|ThreadId(2)] [Rsift] WARN RsiftUiBridge load failed: URL class: JavaException
[2631|t+113533ms|ThreadId(2)] [warn] screen_hooks — load failed: URL class: JavaException
[2632|t+113534ms|ThreadId(2)] [Rsift] WARN RsiftModBridge load failed: URL class: JavaException
[2633|t+113787ms|ThreadId(2)] [warn] screen_hooks — load failed: load ScreenHooks: JavaException
[2634|t+113787ms|ThreadId(2)] [Rsift] WARN RsiftUiBridge load failed: URL class: JavaException
[2635|t+113788ms|ThreadId(2)] [Rsift] WARN RsiftModBridge load failed: URL class: JavaException
[2636|t+113788ms|ThreadId(2)] [warn] screen_hooks — load failed: URL class: JavaException
[2637|t+113788ms|ThreadId(2)] [Rsift] WARN RsiftUiBridge load failed: URL class: JavaException
[2638|t+113789ms|ThreadId(2)] [warn] screen_hooks — load failed: URL class: JavaException
[2639|t+114042ms|ThreadId(2)] [warn] screen_hooks — load failed: load ScreenHooks: JavaException
[2640|t+114042ms|ThreadId(2)] [Rsift] WARN RsiftUiBridge load failed: URL class: JavaException
[2641|t+114043ms|ThreadId(2)] [Rsift] WARN RsiftModBridge load failed: URL class: JavaException
[2642|t+114043ms|ThreadId(2)] [warn] screen_hooks — load failed: URL class: JavaException
[2643|t+114043ms|ThreadId(2)] [Rsift] WARN RsiftUiBridge load failed: URL class: JavaException
[2644|t+114044ms|ThreadId(2)] [warn] screen_hooks — load failed: URL class: JavaException
[2645|t+114514ms|ThreadId(2)] [warn] screen_hooks — load failed: load ScreenHooks: JavaException
[2646|t+114519ms|ThreadId(2)] [Rsift] WARN RsiftUiBridge load failed: URL class: JavaException
[2647|t+114527ms|ThreadId(2)] [Rsift] WARN RsiftModBridge load failed: URL class: JavaException
[2648|t+114528ms|ThreadId(2)] [warn] screen_hooks — load failed: URL class: JavaException
[2649|t+114528ms|ThreadId(2)] [Rsift] WARN RsiftUiBridge load failed: URL class: JavaException
[2650|t+114529ms|ThreadId(2)] [warn] screen_hooks — load failed: URL class: JavaException
[2651|t+114827ms|ThreadId(2)] [warn] screen_hooks — load failed: load ScreenHooks: JavaException
[2652|t+114834ms|ThreadId(2)] [Rsift] WARN RsiftUiBridge load failed: URL class: JavaException
[2653|t+114835ms|ThreadId(2)] [Rsift] WARN RsiftModBridge load failed: URL class: JavaException
[2654|t+114836ms|ThreadId(2)] [warn] screen_hooks — load failed: URL class: JavaException
[2655|t+114836ms|ThreadId(2)] [Rsift] WARN RsiftUiBridge load failed: URL class: JavaException
[2656|t+114836ms|ThreadId(2)] [warn] screen_hooks — load failed: URL class: JavaException
[2657|t+114838ms|ThreadId(2)] [Rsift] WARN RsiftModBridge load failed: URL class: JavaException
[2658|t+115094ms|ThreadId(2)] [warn] screen_hooks — load failed: load ScreenHooks: JavaException
[2659|t+115095ms|ThreadId(2)] [Rsift] WARN RsiftUiBridge load failed: URL class: JavaException
[2660|t+115098ms|ThreadId(2)] [Rsift] WARN RsiftModBridge load failed: URL class: JavaException
[2661|t+115103ms|ThreadId(2)] [warn] screen_hooks — load failed: URL class: JavaException
[2662|t+115109ms|ThreadId(2)] [Rsift] WARN RsiftUiBridge load failed: URL class: JavaException
[2663|t+115110ms|ThreadId(2)] [warn] screen_hooks — load failed: URL class: JavaException
[2664|t+115365ms|ThreadId(2)] [warn] screen_hooks — load failed: load ScreenHooks: JavaException
[2665|t+115366ms|ThreadId(2)] [Rsift] WARN RsiftUiBridge load failed: URL class: JavaException
[2666|t+115367ms|ThreadId(2)] [Rsift] WARN RsiftModBridge load failed: URL class: JavaException
[2667|t+115368ms|ThreadId(2)] [warn] screen_hooks — load failed: URL class: JavaException
[2668|t+115369ms|ThreadId(2)] [Rsift] WARN RsiftUiBridge load failed: URL class: JavaException
[2669|t+115370ms|ThreadId(2)] [warn] screen_hooks — load failed: URL class: JavaException
[2670|t+115624ms|ThreadId(2)] [warn] screen_hooks — load failed: load ScreenHooks: JavaException
[2671|t+115624ms|ThreadId(2)] [Rsift] WARN RsiftUiBridge load failed: URL class: JavaException
[2672|t+115625ms|ThreadId(2)] [Rsift] WARN RsiftModBridge load failed: URL class: JavaException
[2673|t+115625ms|ThreadId(2)] [warn] screen_hooks — load failed: URL class: JavaException
[2674|t+115626ms|ThreadId(2)] [Rsift] WARN RsiftUiBridge load failed: URL class: JavaException
[2675|t+115626ms|ThreadId(2)] [warn] screen_hooks — load failed: URL class: JavaException
[2676|t+119632ms|ThreadId(2)] [warn] screen_hooks — load failed: load ScreenHooks: JavaException
[2677|t+119633ms|ThreadId(2)] [Rsift] WARN RsiftUiBridge load failed: URL class: JavaException
[2678|t+119634ms|ThreadId(2)] [Rsift] WARN RsiftModBridge load failed: URL class: JavaException
[2679|t+119641ms|ThreadId(2)] [warn] screen_hooks — load failed: URL class: JavaException
[2680|t+119641ms|ThreadId(2)] [Rsift] WARN RsiftUiBridge load failed: URL class: JavaException
[2681|t+119642ms|ThreadId(2)] [warn] screen_hooks — load failed: URL class: JavaException
[2682|t+119643ms|ThreadId(2)] [Rsift] WARN RsiftModBridge load failed: URL class: JavaException
[2683|t+119901ms|ThreadId(2)] [warn] screen_hooks — load failed: load ScreenHooks: JavaException
[2684|t+119901ms|ThreadId(2)] [Rsift] WARN RsiftUiBridge load failed: URL class: JavaException
[2685|t+119902ms|ThreadId(2)] [Rsift] WARN RsiftModBridge load failed: URL class: JavaException
[2686|t+119902ms|ThreadId(2)] [warn] screen_hooks — load failed: URL class: JavaException
[2687|t+119902ms|ThreadId(2)] [Rsift] WARN RsiftUiBridge load failed: URL class: JavaException
[2688|t+119903ms|ThreadId(2)] [warn] screen_hooks — load failed: URL class: JavaException
[2689|t+120156ms|ThreadId(2)] [warn] screen_hooks — load failed: load ScreenHooks: JavaException
[2690|t+120156ms|ThreadId(2)] [Rsift] WARN RsiftUiBridge load failed: URL class: JavaException
[2691|t+120157ms|ThreadId(2)] [Rsift] WARN RsiftModBridge load failed: URL class: JavaException
[2692|t+120157ms|ThreadId(2)] [warn] screen_hooks — load failed: URL class: JavaException
[2693|t+120158ms|ThreadId(2)] [Rsift] WARN RsiftUiBridge load failed: URL class: JavaException
[2694|t+120166ms|ThreadId(2)] [warn] screen_hooks — load failed: URL class: JavaException
[2695|t+120419ms|ThreadId(2)] [warn] screen_hooks — load failed: load ScreenHooks: JavaException
[2696|t+120420ms|ThreadId(2)] [Rsift] WARN RsiftUiBridge load failed: URL class: JavaException
[2697|t+120420ms|ThreadId(2)] [Rsift] WARN RsiftModBridge load failed: URL class: JavaException
[2698|t+120421ms|ThreadId(2)] [warn] screen_hooks — load failed: URL class: JavaException
[2699|t+120421ms|ThreadId(2)] [Rsift] WARN RsiftUiBridge load failed: URL class: JavaException
[2700|t+120422ms|ThreadId(2)] [warn] screen_hooks — load failed: URL class: JavaException
[2701|t+120676ms|ThreadId(2)] [warn] screen_hooks — load failed: load ScreenHooks: JavaException
[2702|t+120677ms|ThreadId(2)] [Rsift] WARN RsiftUiBridge load failed: URL class: JavaException
[2703|t+120678ms|ThreadId(2)] [Rsift] WARN RsiftModBridge load failed: URL class: JavaException
[2704|t+120678ms|ThreadId(2)] [warn] screen_hooks — load failed: URL class: JavaException
[2705|t+120679ms|ThreadId(2)] [Rsift] WARN RsiftUiBridge load failed: URL class: JavaException
[2706|t+120680ms|ThreadId(2)] [warn] screen_hooks — load failed: URL class: JavaException
[2707|t+120681ms|ThreadId(2)] [Rsift] WARN RsiftModBridge load failed: URL class: JavaException
[2708|t+120934ms|ThreadId(2)] [warn] screen_hooks — load failed: load ScreenHooks: JavaException
[2709|t+120935ms|ThreadId(2)] [Rsift] WARN RsiftUiBridge load failed: URL class: JavaException
[2710|t+120935ms|ThreadId(2)] [Rsift] WARN RsiftModBridge load failed: URL class: JavaException
[2711|t+120936ms|ThreadId(2)] [warn] screen_hooks — load failed: URL class: JavaException
[2712|t+120936ms|ThreadId(2)] [Rsift] WARN RsiftUiBridge load failed: URL class: JavaException
[2713|t+120936ms|ThreadId(2)] [warn] screen_hooks — load failed: URL class: JavaException
[2714|t+121189ms|ThreadId(2)] [warn] screen_hooks — load failed: load ScreenHooks: JavaException
[2715|t+121190ms|ThreadId(2)] [Rsift] WARN RsiftUiBridge load failed: URL class: JavaException
[2716|t+121190ms|ThreadId(2)] [Rsift] WARN RsiftModBridge load failed: URL class: JavaException
[2717|t+121191ms|ThreadId(2)] [warn] screen_hooks — load failed: URL class: JavaException
[2718|t+121191ms|ThreadId(2)] [Rsift] WARN RsiftUiBridge load failed: URL class: JavaException
[2719|t+121191ms|ThreadId(2)] [warn] screen_hooks — load failed: URL class: JavaException
[2720|t+121445ms|ThreadId(2)] [warn] screen_hooks — load failed: load ScreenHooks: JavaException
[2721|t+121446ms|ThreadId(2)] [Rsift] WARN RsiftUiBridge load failed: URL class: JavaException
[2722|t+121446ms|ThreadId(2)] [Rsift] WARN RsiftModBridge load failed: URL class: JavaException
[2723|t+121447ms|ThreadId(2)] [warn] screen_hooks — load failed: URL class: JavaException
[2724|t+121447ms|ThreadId(2)] [Rsift] WARN RsiftUiBridge load failed: URL class: JavaException
[2725|t+121447ms|ThreadId(2)] [warn] screen_hooks — load failed: URL class: JavaException
[2726|t+121704ms|ThreadId(2)] [warn] screen_hooks — load failed: load ScreenHooks: JavaException
[2727|t+121704ms|ThreadId(2)] [Rsift] WARN RsiftUiBridge load failed: URL class: JavaException
[2728|t+121704ms|ThreadId(2)] [Rsift] WARN RsiftModBridge load failed: URL class: JavaException
[2729|t+121705ms|ThreadId(2)] [warn] screen_hooks — load failed: URL class: JavaException
[2730|t+121705ms|ThreadId(2)] [Rsift] WARN RsiftUiBridge load failed: URL class: JavaException
[2731|t+121706ms|ThreadId(2)] [warn] screen_hooks — load failed: URL class: JavaException
[2732|t+121707ms|ThreadId(2)] [Rsift] WARN RsiftModBridge load failed: URL class: JavaException
[2733|t+121960ms|ThreadId(2)] [warn] screen_hooks — load failed: load ScreenHooks: JavaException
[2734|t+121960ms|ThreadId(2)] [Rsift] WARN RsiftUiBridge load failed: URL class: JavaException
[2735|t+121961ms|ThreadId(2)] [Rsift] WARN RsiftModBridge load failed: URL class: JavaException
[2736|t+121961ms|ThreadId(2)] [warn] screen_hooks — load failed: URL class: JavaException
[2737|t+121962ms|ThreadId(2)] [Rsift] WARN RsiftUiBridge load failed: URL class: JavaException
[2738|t+121963ms|ThreadId(2)] [warn] screen_hooks — load failed: URL class: JavaException
[2739|t+122215ms|ThreadId(2)] [warn] screen_hooks — load failed: load ScreenHooks: JavaException
[2740|t+122216ms|ThreadId(2)] [Rsift] WARN RsiftUiBridge load failed: URL class: JavaException
[2741|t+122216ms|ThreadId(2)] [Rsift] WARN RsiftModBridge load failed: URL class: JavaException
[2742|t+122216ms|ThreadId(2)] [warn] screen_hooks — load failed: URL class: JavaException
[2743|t+122217ms|ThreadId(2)] [Rsift] WARN RsiftUiBridge load failed: URL class: JavaException
[2744|t+122217ms|ThreadId(2)] [warn] screen_hooks — load failed: URL class: JavaException
[2745|t+122470ms|ThreadId(2)] [warn] screen_hooks — load failed: load ScreenHooks: JavaException
[2746|t+122542ms|ThreadId(2)] [Rsift] WARN RsiftUiBridge load failed: URL class: JavaException
[2747|t+122543ms|ThreadId(2)] [Rsift] WARN RsiftModBridge load failed: URL class: JavaException
[2748|t+122543ms|ThreadId(2)] [warn] screen_hooks — load failed: URL class: JavaException
[2749|t+122543ms|ThreadId(2)] [Rsift] WARN RsiftUiBridge load failed: URL class: JavaException
[2750|t+122544ms|ThreadId(2)] [warn] screen_hooks — load failed: URL class: JavaException
[2751|t+122797ms|ThreadId(2)] [warn] screen_hooks — load failed: load ScreenHooks: JavaException
[2752|t+122797ms|ThreadId(2)] [Rsift] WARN RsiftUiBridge load failed: URL class: JavaException
[2753|t+122798ms|ThreadId(2)] [Rsift] WARN RsiftModBridge load failed: URL class: JavaException
[2754|t+122798ms|ThreadId(2)] [warn] screen_hooks — load failed: URL class: JavaException
[2755|t+122799ms|ThreadId(2)] [Rsift] WARN RsiftUiBridge load failed: URL class: JavaException
[2756|t+122799ms|ThreadId(2)] [warn] screen_hooks — load failed: URL class: JavaException
[2757|t+122800ms|ThreadId(2)] [Rsift] WARN RsiftModBridge load failed: URL class: JavaException
[2758|t+123053ms|ThreadId(2)] [warn] screen_hooks — load failed: load ScreenHooks: JavaException
[2759|t+123053ms|ThreadId(2)] [Rsift] WARN RsiftUiBridge load failed: URL class: JavaException
[2760|t+123054ms|ThreadId(2)] [Rsift] WARN RsiftModBridge load failed: URL class: JavaException
[2761|t+123055ms|ThreadId(2)] [warn] screen_hooks — load failed: URL class: JavaException
[2762|t+123055ms|ThreadId(2)] [Rsift] WARN RsiftUiBridge load failed: URL class: JavaException
[2763|t+123056ms|ThreadId(2)] [warn] screen_hooks — load failed: URL class: JavaException
[2764|t+123309ms|ThreadId(2)] [warn] screen_hooks — load failed: load ScreenHooks: JavaException
[2765|t+123310ms|ThreadId(2)] [Rsift] WARN RsiftUiBridge load failed: URL class: JavaException
[2766|t+123310ms|ThreadId(2)] [Rsift] WARN RsiftModBridge load failed: URL class: JavaException
[2767|t+123311ms|ThreadId(2)] [warn] screen_hooks — load failed: URL class: JavaException
[2768|t+123311ms|ThreadId(2)] [Rsift] WARN RsiftUiBridge load failed: URL class: JavaException
[2769|t+123312ms|ThreadId(2)] [warn] screen_hooks — load failed: URL class: JavaException
[2770|t+123587ms|ThreadId(2)] [warn] screen_hooks — load failed: load ScreenHooks: JavaException
[2771|t+123587ms|ThreadId(2)] [Rsift] WARN RsiftUiBridge load failed: URL class: JavaException
[2772|t+123587ms|ThreadId(2)] [Rsift] WARN RsiftModBridge load failed: URL class: JavaException
[2773|t+123588ms|ThreadId(2)] [warn] screen_hooks — load failed: URL class: JavaException
[2774|t+123588ms|ThreadId(2)] [Rsift] WARN RsiftUiBridge load failed: URL class: JavaException
[2775|t+123589ms|ThreadId(2)] [warn] screen_hooks — load failed: URL class: JavaException
[2776|t+123842ms|ThreadId(2)] [warn] screen_hooks — load failed: load ScreenHooks: JavaException
[2777|t+123843ms|ThreadId(2)] [Rsift] WARN RsiftUiBridge load failed: URL class: JavaException
[2778|t+123843ms|ThreadId(2)] [Rsift] WARN RsiftModBridge load failed: URL class: JavaException
[2779|t+123844ms|ThreadId(2)] [warn] screen_hooks — load failed: URL class: JavaException
[2780|t+123845ms|ThreadId(2)] [Rsift] WARN RsiftUiBridge load failed: URL class: JavaException
[2781|t+123845ms|ThreadId(2)] [warn] screen_hooks — load failed: URL class: JavaException
[2782|t+123846ms|ThreadId(2)] [Rsift] WARN RsiftModBridge load failed: URL class: JavaException
[2783|t+124100ms|ThreadId(2)] [warn] screen_hooks — load failed: load ScreenHooks: JavaException
[2784|t+124100ms|ThreadId(2)] [Rsift] WARN RsiftUiBridge load failed: URL class: JavaException
[2785|t+124101ms|ThreadId(2)] [Rsift] WARN RsiftModBridge load failed: URL class: JavaException
[2786|t+124101ms|ThreadId(2)] [warn] screen_hooks — load failed: URL class: JavaException
[2787|t+124101ms|ThreadId(2)] [Rsift] WARN RsiftUiBridge load failed: URL class: JavaException
[2788|t+124102ms|ThreadId(2)] [warn] screen_hooks — load failed: URL class: JavaException
[2789|t+124375ms|ThreadId(2)] [warn] screen_hooks — load failed: load ScreenHooks: JavaException
[2790|t+124375ms|ThreadId(2)] [Rsift] WARN RsiftUiBridge load failed: URL class: JavaException
[2791|t+124376ms|ThreadId(2)] [Rsift] WARN RsiftModBridge load failed: URL class: JavaException
[2792|t+124376ms|ThreadId(2)] [warn] screen_hooks — load failed: URL class: JavaException
[2793|t+124377ms|ThreadId(2)] [Rsift] WARN RsiftUiBridge load failed: URL class: JavaException
[2794|t+124377ms|ThreadId(2)] [warn] screen_hooks — load failed: URL class: JavaException
[2795|t+124631ms|ThreadId(2)] [warn] screen_hooks — load failed: load ScreenHooks: JavaException
[2796|t+124632ms|ThreadId(2)] [Rsift] WARN RsiftUiBridge load failed: URL class: JavaException
[2797|t+124655ms|ThreadId(2)] [Rsift] WARN RsiftModBridge load failed: URL class: JavaException
[2798|t+124655ms|ThreadId(2)] [warn] screen_hooks — load failed: URL class: JavaException
[2799|t+124656ms|ThreadId(2)] [Rsift] WARN RsiftUiBridge load failed: URL class: JavaException
[2800|t+124656ms|ThreadId(2)] [warn] screen_hooks — load failed: URL class: JavaException
[2801|t+124917ms|ThreadId(2)] [warn] screen_hooks — load failed: load ScreenHooks: JavaException
[2802|t+124917ms|ThreadId(2)] [Rsift] WARN RsiftUiBridge load failed: URL class: JavaException
[2803|t+124918ms|ThreadId(2)] [Rsift] WARN RsiftModBridge load failed: URL class: JavaException
[2804|t+124918ms|ThreadId(2)] [warn] screen_hooks — load failed: URL class: JavaException
[2805|t+124918ms|ThreadId(2)] [Rsift] WARN RsiftUiBridge load failed: URL class: JavaException
[2806|t+124919ms|ThreadId(2)] [warn] screen_hooks — load failed: URL class: JavaException
[2807|t+124919ms|ThreadId(2)] [Rsift] WARN RsiftModBridge load failed: URL class: JavaException
[2808|t+125172ms|ThreadId(2)] [warn] screen_hooks — load failed: load ScreenHooks: JavaException
[2809|t+125173ms|ThreadId(2)] [Rsift] WARN RsiftUiBridge load failed: URL class: JavaException
[2810|t+125173ms|ThreadId(2)] [Rsift] WARN RsiftModBridge load failed: URL class: JavaException
[2811|t+125174ms|ThreadId(2)] [warn] screen_hooks — load failed: URL class: JavaException
[2812|t+125174ms|ThreadId(2)] [Rsift] WARN RsiftUiBridge load failed: URL class: JavaException
[2813|t+125174ms|ThreadId(2)] [warn] screen_hooks — load failed: URL class: JavaException
[2814|t+125433ms|ThreadId(2)] [warn] screen_hooks — load failed: load ScreenHooks: JavaException
[2815|t+125433ms|ThreadId(2)] [Rsift] WARN RsiftUiBridge load failed: URL class: JavaException
[2816|t+125434ms|ThreadId(2)] [Rsift] WARN RsiftModBridge load failed: URL class: JavaException
[2817|t+125434ms|ThreadId(2)] [warn] screen_hooks — load failed: URL class: JavaException
[2818|t+125434ms|ThreadId(2)] [Rsift] WARN RsiftUiBridge load failed: URL class: JavaException
[2819|t+125435ms|ThreadId(2)] [warn] screen_hooks — load failed: URL class: JavaException
[2820|t+125697ms|ThreadId(2)] [warn] screen_hooks — load failed: load ScreenHooks: JavaException
[2821|t+125698ms|ThreadId(2)] [Rsift] WARN RsiftUiBridge load failed: URL class: JavaException
[2822|t+125698ms|ThreadId(2)] [Rsift] WARN RsiftModBridge load failed: URL class: JavaException
[2823|t+125699ms|ThreadId(2)] [warn] screen_hooks — load failed: URL class: JavaException
[2824|t+125700ms|ThreadId(2)] [Rsift] WARN RsiftUiBridge load failed: URL class: JavaException
[2825|t+125701ms|ThreadId(2)] [warn] screen_hooks — load failed: URL class: JavaException
[2826|t+125954ms|ThreadId(2)] [warn] screen_hooks — load failed: load ScreenHooks: JavaException
[2827|t+125954ms|ThreadId(2)] [Rsift] WARN RsiftUiBridge load failed: URL class: JavaException
[2828|t+125955ms|ThreadId(2)] [Rsift] WARN RsiftModBridge load failed: URL class: JavaException
[2829|t+125955ms|ThreadId(2)] [warn] screen_hooks — load failed: URL class: JavaException
[2830|t+125956ms|ThreadId(2)] [Rsift] WARN RsiftUiBridge load failed: URL class: JavaException
[2831|t+125956ms|ThreadId(2)] [warn] screen_hooks — load failed: URL class: JavaException
[2832|t+125958ms|ThreadId(2)] [Rsift] WARN RsiftModBridge load failed: URL class: JavaException
[2833|t+126211ms|ThreadId(2)] [warn] screen_hooks — load failed: load ScreenHooks: JavaException
[2834|t+126212ms|ThreadId(2)] [Rsift] WARN RsiftUiBridge load failed: URL class: JavaException
[2835|t+126212ms|ThreadId(2)] [Rsift] WARN RsiftModBridge load failed: URL class: JavaException
[2836|t+126213ms|ThreadId(2)] [warn] screen_hooks — load failed: URL class: JavaException
[2837|t+126214ms|ThreadId(2)] [Rsift] WARN RsiftUiBridge load failed: URL class: JavaException
[2838|t+126215ms|ThreadId(2)] [warn] screen_hooks — load failed: URL class: JavaException
[2839|t+126468ms|ThreadId(2)] [warn] screen_hooks — load failed: load ScreenHooks: JavaException
[2840|t+126469ms|ThreadId(2)] [Rsift] WARN RsiftUiBridge load failed: URL class: JavaException
[2841|t+126469ms|ThreadId(2)] [Rsift] WARN RsiftModBridge load failed: URL class: JavaException
[2842|t+126470ms|ThreadId(2)] [warn] screen_hooks — load failed: URL class: JavaException
[2843|t+126470ms|ThreadId(2)] [Rsift] WARN RsiftUiBridge load failed: URL class: JavaException
[2844|t+126471ms|ThreadId(2)] [warn] screen_hooks — load failed: URL class: JavaException
[2845|t+126773ms|ThreadId(2)] [warn] screen_hooks — load failed: load ScreenHooks: JavaException
[2846|t+126776ms|ThreadId(2)] [Rsift] WARN RsiftUiBridge load failed: URL class: JavaException
[2847|t+126777ms|ThreadId(2)] [Rsift] WARN RsiftModBridge load failed: URL class: JavaException
[2848|t+126778ms|ThreadId(2)] [warn] screen_hooks — load failed: URL class: JavaException
[2849|t+126779ms|ThreadId(2)] [Rsift] WARN RsiftUiBridge load failed: URL class: JavaException
[2850|t+126779ms|ThreadId(2)] [warn] screen_hooks — load failed: URL class: JavaException
[2851|t+127034ms|ThreadId(2)] [warn] screen_hooks — load failed: load ScreenHooks: JavaException
[2852|t+127034ms|ThreadId(2)] [Rsift] WARN RsiftUiBridge load failed: URL class: JavaException
[2853|t+127035ms|ThreadId(2)] [Rsift] WARN RsiftModBridge load failed: URL class: JavaException
[2854|t+127035ms|ThreadId(2)] [warn] screen_hooks — load failed: URL class: JavaException
[2855|t+127036ms|ThreadId(2)] [Rsift] WARN RsiftUiBridge load failed: URL class: JavaException
[2856|t+127036ms|ThreadId(2)] [warn] screen_hooks — load failed: URL class: JavaException
[2857|t+127037ms|ThreadId(2)] [Rsift] WARN RsiftModBridge load failed: URL class: JavaException
[2858|t+127289ms|ThreadId(2)] [warn] screen_hooks — load failed: load ScreenHooks: JavaException
[2859|t+127437ms|ThreadId(2)] [Rsift] WARN RsiftUiBridge load failed: URL class: JavaException
[2860|t+127437ms|ThreadId(2)] [Rsift] WARN RsiftModBridge load failed: URL class: JavaException
[2861|t+127437ms|ThreadId(2)] [warn] screen_hooks — load failed: URL class: JavaException
[2862|t+127438ms|ThreadId(2)] [Rsift] WARN RsiftUiBridge load failed: URL class: JavaException
[2863|t+127438ms|ThreadId(2)] [warn] screen_hooks — load failed: URL class: JavaException
[2864|t+127691ms|ThreadId(2)] [warn] screen_hooks — load failed: load ScreenHooks: JavaException
[2865|t+127749ms|ThreadId(2)] [Rsift] WARN RsiftUiBridge load failed: URL class: JavaException
[2866|t+127750ms|ThreadId(2)] [Rsift] WARN RsiftModBridge load failed: URL class: JavaException
[2867|t+127750ms|ThreadId(2)] [warn] screen_hooks — load failed: URL class: JavaException
[2868|t+127751ms|ThreadId(2)] [Rsift] WARN RsiftUiBridge load failed: URL class: JavaException
[2869|t+127751ms|ThreadId(2)] [warn] screen_hooks — load failed: URL class: JavaException
[2870|t+128005ms|ThreadId(2)] [warn] screen_hooks — load failed: load ScreenHooks: JavaException
[2871|t+128005ms|ThreadId(2)] [Rsift] WARN RsiftUiBridge load failed: URL class: JavaException
[2872|t+128006ms|ThreadId(2)] [Rsift] WARN RsiftModBridge load failed: URL class: JavaException
[2873|t+128006ms|ThreadId(2)] [warn] screen_hooks — load failed: URL class: JavaException
[2874|t+128006ms|ThreadId(2)] [Rsift] WARN RsiftUiBridge load failed: URL class: JavaException
[2875|t+128007ms|ThreadId(2)] [warn] screen_hooks — load failed: URL class: JavaException
[2876|t+128260ms|ThreadId(2)] [warn] screen_hooks — load failed: load ScreenHooks: JavaException
[2877|t+128261ms|ThreadId(2)] [Rsift] WARN RsiftUiBridge load failed: URL class: JavaException
[2878|t+128261ms|ThreadId(2)] [Rsift] WARN RsiftModBridge load failed: URL class: JavaException
[2879|t+128261ms|ThreadId(2)] [warn] screen_hooks — load failed: URL class: JavaException
[2880|t+128262ms|ThreadId(2)] [Rsift] WARN RsiftUiBridge load failed: URL class: JavaException
[2881|t+128262ms|ThreadId(2)] [warn] screen_hooks — load failed: URL class: JavaException
[2882|t+128263ms|ThreadId(2)] [Rsift] WARN RsiftModBridge load failed: URL class: JavaException
[2883|t+128516ms|ThreadId(2)] [warn] screen_hooks — load failed: load ScreenHooks: JavaException
[2884|t+128517ms|ThreadId(2)] [Rsift] WARN RsiftUiBridge load failed: URL class: JavaException
[2885|t+128517ms|ThreadId(2)] [Rsift] WARN RsiftModBridge load failed: URL class: JavaException
[2886|t+128517ms|ThreadId(2)] [warn] screen_hooks — load failed: URL class: JavaException
[2887|t+128518ms|ThreadId(2)] [Rsift] WARN RsiftUiBridge load failed: URL class: JavaException
[2888|t+128518ms|ThreadId(2)] [warn] screen_hooks — load failed: URL class: JavaException
[2889|t+128772ms|ThreadId(2)] [warn] screen_hooks — load failed: load ScreenHooks: JavaException
[2890|t+128881ms|ThreadId(2)] [Rsift] WARN RsiftUiBridge load failed: URL class: JavaException
[2891|t+128882ms|ThreadId(2)] [Rsift] WARN RsiftModBridge load failed: URL class: JavaException
[2892|t+128882ms|ThreadId(2)] [warn] screen_hooks — load failed: URL class: JavaException
[2893|t+128883ms|ThreadId(2)] [Rsift] WARN RsiftUiBridge load failed: URL class: JavaException
[2894|t+128883ms|ThreadId(2)] [warn] screen_hooks — load failed: URL class: JavaException
[2895|t+129136ms|ThreadId(2)] [warn] screen_hooks — load failed: load ScreenHooks: JavaException
[2896|t+129136ms|ThreadId(2)] [Rsift] WARN RsiftUiBridge load failed: URL class: JavaException
[2897|t+129137ms|ThreadId(2)] [Rsift] WARN RsiftModBridge load failed: URL class: JavaException
[2898|t+129137ms|ThreadId(2)] [warn] screen_hooks — load failed: URL class: JavaException
[2899|t+129138ms|ThreadId(2)] [Rsift] WARN RsiftUiBridge load failed: URL class: JavaException
[2900|t+129138ms|ThreadId(2)] [warn] screen_hooks — load failed: URL class: JavaException
[2901|t+129392ms|ThreadId(2)] [warn] screen_hooks — load failed: load ScreenHooks: JavaException
[2902|t+129393ms|ThreadId(2)] [Rsift] WARN RsiftUiBridge load failed: URL class: JavaException
[2903|t+129393ms|ThreadId(2)] [Rsift] WARN RsiftModBridge load failed: URL class: JavaException
[2904|t+129394ms|ThreadId(2)] [warn] screen_hooks — load failed: URL class: JavaException
[2905|t+129394ms|ThreadId(2)] [Rsift] WARN RsiftUiBridge load failed: URL class: JavaException
[2906|t+129395ms|ThreadId(2)] [warn] screen_hooks — load failed: URL class: JavaException
[2907|t+129395ms|ThreadId(2)] [Rsift] WARN RsiftModBridge load failed: URL class: JavaException
[2908|t+129650ms|ThreadId(2)] [warn] screen_hooks — load failed: load ScreenHooks: JavaException
[2909|t+129650ms|ThreadId(2)] [Rsift] WARN RsiftUiBridge load failed: URL class: JavaException
[2910|t+129651ms|ThreadId(2)] [Rsift] WARN RsiftModBridge load failed: URL class: JavaException
[2911|t+129651ms|ThreadId(2)] [warn] screen_hooks — load failed: URL class: JavaException
[2912|t+129652ms|ThreadId(2)] [Rsift] WARN RsiftUiBridge load failed: URL class: JavaException
[2913|t+129652ms|ThreadId(2)] [warn] screen_hooks — load failed: URL class: JavaException
[2914|t+129905ms|ThreadId(2)] [warn] screen_hooks — load failed: load ScreenHooks: JavaException
[2915|t+129906ms|ThreadId(2)] [Rsift] WARN RsiftUiBridge load failed: URL class: JavaException
[2916|t+129907ms|ThreadId(2)] [Rsift] WARN RsiftModBridge load failed: URL class: JavaException
[2917|t+129907ms|ThreadId(2)] [warn] screen_hooks — load failed: URL class: JavaException
[2918|t+129908ms|ThreadId(2)] [Rsift] WARN RsiftUiBridge load failed: URL class: JavaException
[2919|t+129908ms|ThreadId(2)] [warn] screen_hooks — load failed: URL class: JavaException
[2920|t+130161ms|ThreadId(2)] [warn] screen_hooks — load failed: load ScreenHooks: JavaException
[2921|t+130162ms|ThreadId(2)] [Rsift] WARN RsiftUiBridge load failed: URL class: JavaException
[2922|t+130162ms|ThreadId(2)] [Rsift] WARN RsiftModBridge load failed: URL class: JavaException
[2923|t+130163ms|ThreadId(2)] [warn] screen_hooks — load failed: URL class: JavaException
[2924|t+130163ms|ThreadId(2)] [Rsift] WARN RsiftUiBridge load failed: URL class: JavaException
[2925|t+130164ms|ThreadId(2)] [warn] screen_hooks — load failed: URL class: JavaException
[2926|t+130417ms|ThreadId(2)] [warn] screen_hooks — load failed: load ScreenHooks: JavaException
[2927|t+130417ms|ThreadId(2)] [Rsift] WARN RsiftUiBridge load failed: URL class: JavaException
[2928|t+130418ms|ThreadId(2)] [Rsift] WARN RsiftModBridge load failed: URL class: JavaException
[2929|t+130418ms|ThreadId(2)] [warn] screen_hooks — load failed: URL class: JavaException
[2930|t+130419ms|ThreadId(2)] [Rsift] WARN RsiftUiBridge load failed: URL class: JavaException
[2931|t+130419ms|ThreadId(2)] [warn] screen_hooks — load failed: URL class: JavaException
[2932|t+130420ms|ThreadId(2)] [Rsift] WARN RsiftModBridge load failed: URL class: JavaException
[2933|t+130674ms|ThreadId(2)] [warn] screen_hooks — load failed: load ScreenHooks: JavaException
[2934|t+130675ms|ThreadId(2)] [Rsift] WARN RsiftUiBridge load failed: URL class: JavaException
[2935|t+130675ms|ThreadId(2)] [Rsift] WARN RsiftModBridge load failed: URL class: JavaException
[2936|t+130676ms|ThreadId(2)] [warn] screen_hooks — load failed: URL class: JavaException
[2937|t+130676ms|ThreadId(2)] [Rsift] WARN RsiftUiBridge load failed: URL class: JavaException
[2938|t+130677ms|ThreadId(2)] [warn] screen_hooks — load failed: URL class: JavaException
[2939|t+130943ms|ThreadId(2)] [warn] screen_hooks — load failed: load ScreenHooks: JavaException
[2940|t+130953ms|ThreadId(2)] [Rsift] WARN RsiftUiBridge load failed: URL class: JavaException
[2941|t+130959ms|ThreadId(2)] [Rsift] WARN RsiftModBridge load failed: URL class: JavaException
[2942|t+130959ms|ThreadId(2)] [warn] screen_hooks — load failed: URL class: JavaException
[2943|t+130960ms|ThreadId(2)] [Rsift] WARN RsiftUiBridge load failed: URL class: JavaException
[2944|t+130960ms|ThreadId(2)] [warn] screen_hooks — load failed: URL class: JavaException
[2945|t+131214ms|ThreadId(2)] [warn] screen_hooks — load failed: load ScreenHooks: JavaException
[2946|t+131215ms|ThreadId(2)] [Rsift] WARN RsiftUiBridge load failed: URL class: JavaException
[2947|t+131215ms|ThreadId(2)] [Rsift] WARN RsiftModBridge load failed: URL class: JavaException
[2948|t+131216ms|ThreadId(2)] [warn] screen_hooks — load failed: URL class: JavaException
[2949|t+131216ms|ThreadId(2)] [Rsift] WARN RsiftUiBridge load failed: URL class: JavaException
[2950|t+131217ms|ThreadId(2)] [warn] screen_hooks — load failed: URL class: JavaException
[2951|t+131471ms|ThreadId(2)] [warn] screen_hooks — load failed: load ScreenHooks: JavaException
[2952|t+131471ms|ThreadId(2)] [Rsift] WARN RsiftUiBridge load failed: URL class: JavaException
[2953|t+131472ms|ThreadId(2)] [Rsift] WARN RsiftModBridge load failed: URL class: JavaException
[2954|t+131472ms|ThreadId(2)] [warn] screen_hooks — load failed: URL class: JavaException
[2955|t+131473ms|ThreadId(2)] [Rsift] WARN RsiftUiBridge load failed: URL class: JavaException
[2956|t+131473ms|ThreadId(2)] [warn] screen_hooks — load failed: URL class: JavaException
[2957|t+131474ms|ThreadId(2)] [Rsift] WARN RsiftModBridge load failed: URL class: JavaException
[2958|t+131728ms|ThreadId(2)] [warn] screen_hooks — load failed: load ScreenHooks: JavaException
[2959|t+131729ms|ThreadId(2)] [Rsift] WARN RsiftUiBridge load failed: URL class: JavaException
[2960|t+131729ms|ThreadId(2)] [Rsift] WARN RsiftModBridge load failed: URL class: JavaException
[2961|t+131730ms|ThreadId(2)] [warn] screen_hooks — load failed: URL class: JavaException
[2962|t+131730ms|ThreadId(2)] [Rsift] WARN RsiftUiBridge load failed: URL class: JavaException
[2963|t+131731ms|ThreadId(2)] [warn] screen_hooks — load failed: URL class: JavaException
[2964|t+131984ms|ThreadId(2)] [warn] screen_hooks — load failed: load ScreenHooks: JavaException
[2965|t+131985ms|ThreadId(2)] [Rsift] WARN RsiftUiBridge load failed: URL class: JavaException
[2966|t+131986ms|ThreadId(2)] [Rsift] WARN RsiftModBridge load failed: URL class: JavaException
[2967|t+131986ms|ThreadId(2)] [warn] screen_hooks — load failed: URL class: JavaException
[2968|t+131987ms|ThreadId(2)] [Rsift] WARN RsiftUiBridge load failed: URL class: JavaException
[2969|t+131987ms|ThreadId(2)] [warn] screen_hooks — load failed: URL class: JavaException
[2970|t+132240ms|ThreadId(2)] [warn] screen_hooks — load failed: load ScreenHooks: JavaException
[2971|t+132241ms|ThreadId(2)] [Rsift] WARN RsiftUiBridge load failed: URL class: JavaException
[2972|t+132241ms|ThreadId(2)] [Rsift] WARN RsiftModBridge load failed: URL class: JavaException
[2973|t+132242ms|ThreadId(2)] [warn] screen_hooks — load failed: URL class: JavaException
[2974|t+132243ms|ThreadId(2)] [Rsift] WARN RsiftUiBridge load failed: URL class: JavaException
[2975|t+132243ms|ThreadId(2)] [warn] screen_hooks — load failed: URL class: JavaException
[2976|t+132500ms|ThreadId(2)] [warn] screen_hooks — load failed: load ScreenHooks: JavaException
[2977|t+132536ms|ThreadId(2)] [Rsift] WARN RsiftUiBridge load failed: URL class: JavaException
[2978|t+132537ms|ThreadId(2)] [Rsift] WARN RsiftModBridge load failed: URL class: JavaException
[2979|t+132537ms|ThreadId(2)] [warn] screen_hooks — load failed: URL class: JavaException
[2980|t+132537ms|ThreadId(2)] [Rsift] WARN RsiftUiBridge load failed: URL class: JavaException
[2981|t+132538ms|ThreadId(2)] [warn] screen_hooks — load failed: URL class: JavaException
[2982|t+132538ms|ThreadId(2)] [Rsift] WARN RsiftModBridge load failed: URL class: JavaException
[2983|t+132791ms|ThreadId(2)] [warn] screen_hooks — load failed: load ScreenHooks: JavaException
[2984|t+132791ms|ThreadId(2)] [Rsift] WARN RsiftUiBridge load failed: URL class: JavaException
[2985|t+132792ms|ThreadId(2)] [Rsift] WARN RsiftModBridge load failed: URL class: JavaException
[2986|t+132793ms|ThreadId(2)] [warn] screen_hooks — load failed: URL class: JavaException
[2987|t+132793ms|ThreadId(2)] [Rsift] WARN RsiftUiBridge load failed: URL class: JavaException
[2988|t+132794ms|ThreadId(2)] [warn] screen_hooks — load failed: URL class: JavaException
[2989|t+133047ms|ThreadId(2)] [warn] screen_hooks — load failed: load ScreenHooks: JavaException
[2990|t+133048ms|ThreadId(2)] [Rsift] WARN RsiftUiBridge load failed: URL class: JavaException
[2991|t+133048ms|ThreadId(2)] [Rsift] WARN RsiftModBridge load failed: URL class: JavaException
[2992|t+133049ms|ThreadId(2)] [warn] screen_hooks — load failed: URL class: JavaException
[2993|t+133049ms|ThreadId(2)] [Rsift] WARN RsiftUiBridge load failed: URL class: JavaException
[2994|t+133050ms|ThreadId(2)] [warn] screen_hooks — load failed: URL class: JavaException
[2995|t+133303ms|ThreadId(2)] [warn] screen_hooks — load failed: load ScreenHooks: JavaException
[2996|t+133303ms|ThreadId(2)] [Rsift] WARN RsiftUiBridge load failed: URL class: JavaException
[2997|t+133304ms|ThreadId(2)] [Rsift] WARN RsiftModBridge load failed: URL class: JavaException
[2998|t+133304ms|ThreadId(2)] [warn] screen_hooks — load failed: URL class: JavaException
[2999|t+133304ms|ThreadId(2)] [Rsift] WARN RsiftUiBridge load failed: URL class: JavaException
[3000|t+133305ms|ThreadId(2)] [warn] screen_hooks — load failed: URL class: JavaException
[3001|t+133558ms|ThreadId(2)] [warn] screen_hooks — load failed: load ScreenHooks: JavaException
[3002|t+133558ms|ThreadId(2)] [Rsift] WARN RsiftUiBridge load failed: URL class: JavaException
[3003|t+133559ms|ThreadId(2)] [Rsift] WARN RsiftModBridge load failed: URL class: JavaException
[3004|t+133559ms|ThreadId(2)] [warn] screen_hooks — load failed: URL class: JavaException
[3005|t+133560ms|ThreadId(2)] [Rsift] WARN RsiftUiBridge load failed: URL class: JavaException
[3006|t+133561ms|ThreadId(2)] [warn] screen_hooks — load failed: URL class: JavaException
[3007|t+133562ms|ThreadId(2)] [Rsift] WARN RsiftModBridge load failed: URL class: JavaException
[3008|t+133821ms|ThreadId(2)] [warn] screen_hooks — load failed: load ScreenHooks: JavaException
[3009|t+133822ms|ThreadId(2)] [Rsift] WARN RsiftUiBridge load failed: URL class: JavaException
[3010|t+133822ms|ThreadId(2)] [Rsift] WARN RsiftModBridge load failed: URL class: JavaException
[3011|t+133822ms|ThreadId(2)] [warn] screen_hooks — load failed: URL class: JavaException
[3012|t+133823ms|ThreadId(2)] [Rsift] WARN RsiftUiBridge load failed: URL class: JavaException
[3013|t+133823ms|ThreadId(2)] [warn] screen_hooks — load failed: URL class: JavaException
[3014|t+134076ms|ThreadId(2)] [warn] screen_hooks — load failed: load ScreenHooks: JavaException
[3015|t+134077ms|ThreadId(2)] [Rsift] WARN RsiftUiBridge load failed: URL class: JavaException
[3016|t+134077ms|ThreadId(2)] [Rsift] WARN RsiftModBridge load failed: URL class: JavaException
[3017|t+134077ms|ThreadId(2)] [warn] screen_hooks — load failed: URL class: JavaException
[3018|t+134078ms|ThreadId(2)] [Rsift] WARN RsiftUiBridge load failed: URL class: JavaException
[3019|t+134079ms|ThreadId(2)] [warn] screen_hooks — load failed: URL class: JavaException
[3020|t+134333ms|ThreadId(2)] [warn] screen_hooks — load failed: load ScreenHooks: JavaException
[3021|t+134334ms|ThreadId(2)] [Rsift] WARN RsiftUiBridge load failed: URL class: JavaException
[3022|t+134335ms|ThreadId(2)] [Rsift] WARN RsiftModBridge load failed: URL class: JavaException
[3023|t+134335ms|ThreadId(2)] [warn] screen_hooks — load failed: URL class: JavaException
[3024|t+134336ms|ThreadId(2)] [Rsift] WARN RsiftUiBridge load failed: URL class: JavaException
[3025|t+134336ms|ThreadId(2)] [warn] screen_hooks — load failed: URL class: JavaException
[3026|t+134589ms|ThreadId(2)] [warn] screen_hooks — load failed: load ScreenHooks: JavaException
[3027|t+134589ms|ThreadId(2)] [Rsift] WARN RsiftUiBridge load failed: URL class: JavaException
[3028|t+134590ms|ThreadId(2)] [Rsift] WARN RsiftModBridge load failed: URL class: JavaException
[3029|t+134590ms|ThreadId(2)] [warn] screen_hooks — load failed: URL class: JavaException
[3030|t+134591ms|ThreadId(2)] [Rsift] WARN RsiftUiBridge load failed: URL class: JavaException
[3031|t+134591ms|ThreadId(2)] [warn] screen_hooks — load failed: URL class: JavaException
[3032|t+134592ms|ThreadId(2)] [Rsift] WARN RsiftModBridge load failed: URL class: JavaException
[3033|t+134845ms|ThreadId(2)] [warn] screen_hooks — load failed: load ScreenHooks: JavaException
[3034|t+134845ms|ThreadId(2)] [Rsift] WARN RsiftUiBridge load failed: URL class: JavaException
[3035|t+134846ms|ThreadId(2)] [Rsift] WARN RsiftModBridge load failed: URL class: JavaException
[3036|t+134846ms|ThreadId(2)] [warn] screen_hooks — load failed: URL class: JavaException
[3037|t+134847ms|ThreadId(2)] [Rsift] WARN RsiftUiBridge load failed: URL class: JavaException
[3038|t+134847ms|ThreadId(2)] [warn] screen_hooks — load failed: URL class: JavaException
[3039|t+135101ms|ThreadId(2)] [warn] screen_hooks — load failed: load ScreenHooks: JavaException
[3040|t+135165ms|ThreadId(2)] [Rsift] WARN RsiftUiBridge load failed: URL class: JavaException
[3041|t+135166ms|ThreadId(2)] [Rsift] WARN RsiftModBridge load failed: URL class: JavaException
[3042|t+135166ms|ThreadId(2)] [warn] screen_hooks — load failed: URL class: JavaException
[3043|t+135166ms|ThreadId(2)] [Rsift] WARN RsiftUiBridge load failed: URL class: JavaException
[3044|t+135167ms|ThreadId(2)] [warn] screen_hooks — load failed: URL class: JavaException
[3045|t+135456ms|ThreadId(2)] [warn] screen_hooks — load failed: load ScreenHooks: JavaException
[3046|t+135554ms|ThreadId(2)] [Rsift] WARN RsiftUiBridge load failed: URL class: JavaException
[3047|t+135555ms|ThreadId(2)] [Rsift] WARN RsiftModBridge load failed: URL class: JavaException
[3048|t+135555ms|ThreadId(2)] [warn] screen_hooks — load failed: URL class: JavaException
[3049|t+135556ms|ThreadId(2)] [Rsift] WARN RsiftUiBridge load failed: URL class: JavaException
[3050|t+135556ms|ThreadId(2)] [warn] screen_hooks — load failed: URL class: JavaException
[3051|t+135808ms|ThreadId(2)] [warn] screen_hooks — load failed: load ScreenHooks: JavaException
[3052|t+135816ms|ThreadId(2)] [Rsift] WARN RsiftUiBridge load failed: URL class: JavaException
[3053|t+135816ms|ThreadId(2)] [Rsift] WARN RsiftModBridge load failed: URL class: JavaException
[3054|t+135817ms|ThreadId(2)] [warn] screen_hooks — load failed: URL class: JavaException
[3055|t+135817ms|ThreadId(2)] [Rsift] WARN RsiftUiBridge load failed: URL class: JavaException
[3056|t+135817ms|ThreadId(2)] [warn] screen_hooks — load failed: URL class: JavaException
[3057|t+135818ms|ThreadId(2)] [Rsift] WARN RsiftModBridge load failed: URL class: JavaException
[3058|t+135881ms|ThreadId(2)] [step] tick_loop — alive tick=480
[3059|t+136133ms|ThreadId(2)] [warn] screen_hooks — load failed: load ScreenHooks: JavaException
[3060|t+136134ms|ThreadId(2)] [Rsift] WARN RsiftUiBridge load failed: URL class: JavaException
[3061|t+136134ms|ThreadId(2)] [Rsift] WARN RsiftModBridge load failed: URL class: JavaException
[3062|t+136134ms|ThreadId(2)] [warn] screen_hooks — load failed: URL class: JavaException
[3063|t+136135ms|ThreadId(2)] [Rsift] WARN RsiftUiBridge load failed: URL class: JavaException
[3064|t+136135ms|ThreadId(2)] [warn] screen_hooks — load failed: URL class: JavaException
[3065|t+136388ms|ThreadId(2)] [warn] screen_hooks — load failed: load ScreenHooks: JavaException
[3066|t+136439ms|ThreadId(2)] [Rsift] WARN RsiftUiBridge load failed: URL class: JavaException
[3067|t+136439ms|ThreadId(2)] [Rsift] WARN RsiftModBridge load failed: URL class: JavaException
[3068|t+136440ms|ThreadId(2)] [warn] screen_hooks — load failed: URL class: JavaException
[3069|t+136440ms|ThreadId(2)] [Rsift] WARN RsiftUiBridge load failed: URL class: JavaException
[3070|t+136440ms|ThreadId(2)] [warn] screen_hooks — load failed: URL class: JavaException
[3071|t+136722ms|ThreadId(2)] [warn] screen_hooks — load failed: load ScreenHooks: JavaException
[3072|t+136731ms|ThreadId(2)] [Rsift] WARN RsiftUiBridge load failed: URL class: JavaException
[3073|t+136731ms|ThreadId(2)] [Rsift] WARN RsiftModBridge load failed: URL class: JavaException
[3074|t+136732ms|ThreadId(2)] [warn] screen_hooks — load failed: URL class: JavaException
[3075|t+136732ms|ThreadId(2)] [Rsift] WARN RsiftUiBridge load failed: URL class: JavaException
[3076|t+136733ms|ThreadId(2)] [warn] screen_hooks — load failed: URL class: JavaException
[3077|t+136987ms|ThreadId(2)] [warn] screen_hooks — load failed: load ScreenHooks: JavaException
[3078|t+136998ms|ThreadId(2)] [Rsift] WARN RsiftUiBridge load failed: URL class: JavaException
[3079|t+136999ms|ThreadId(2)] [Rsift] WARN RsiftModBridge load failed: URL class: JavaException
[3080|t+136999ms|ThreadId(2)] [warn] screen_hooks — load failed: URL class: JavaException
[3081|t+137000ms|ThreadId(2)] [Rsift] WARN RsiftUiBridge load failed: URL class: JavaException
[3082|t+137000ms|ThreadId(2)] [warn] screen_hooks — load failed: URL class: JavaException
[3083|t+137001ms|ThreadId(2)] [Rsift] WARN RsiftModBridge load failed: URL class: JavaException
[3084|t+137254ms|ThreadId(2)] [warn] screen_hooks — load failed: load ScreenHooks: JavaException
[3085|t+137255ms|ThreadId(2)] [Rsift] WARN RsiftUiBridge load failed: URL class: JavaException
[3086|t+137255ms|ThreadId(2)] [Rsift] WARN RsiftModBridge load failed: URL class: JavaException
[3087|t+137256ms|ThreadId(2)] [warn] screen_hooks — load failed: URL class: JavaException
[3088|t+137256ms|ThreadId(2)] [Rsift] WARN RsiftUiBridge load failed: URL class: JavaException
[3089|t+137257ms|ThreadId(2)] [warn] screen_hooks — load failed: URL class: JavaException
[3090|t+137510ms|ThreadId(2)] [warn] screen_hooks — load failed: load ScreenHooks: JavaException
[3091|t+137511ms|ThreadId(2)] [Rsift] WARN RsiftUiBridge load failed: URL class: JavaException
[3092|t+137511ms|ThreadId(2)] [Rsift] WARN RsiftModBridge load failed: URL class: JavaException
[3093|t+137511ms|ThreadId(2)] [warn] screen_hooks — load failed: URL class: JavaException
[3094|t+137512ms|ThreadId(2)] [Rsift] WARN RsiftUiBridge load failed: URL class: JavaException
[3095|t+137512ms|ThreadId(2)] [warn] screen_hooks — load failed: URL class: JavaException
[3096|t+137766ms|ThreadId(2)] [warn] screen_hooks — load failed: load ScreenHooks: JavaException
[3097|t+137767ms|ThreadId(2)] [Rsift] WARN RsiftUiBridge load failed: URL class: JavaException
[3098|t+137769ms|ThreadId(2)] [Rsift] WARN RsiftModBridge load failed: URL class: JavaException
[3099|t+137769ms|ThreadId(2)] [warn] screen_hooks — load failed: URL class: JavaException
[3100|t+137770ms|ThreadId(2)] [Rsift] WARN RsiftUiBridge load failed: URL class: JavaException
[3101|t+137770ms|ThreadId(2)] [warn] screen_hooks — load failed: URL class: JavaException
[3102|t+138023ms|ThreadId(2)] [warn] screen_hooks — load failed: load ScreenHooks: JavaException
[3103|t+138024ms|ThreadId(2)] [Rsift] WARN RsiftUiBridge load failed: URL class: JavaException
[3104|t+138024ms|ThreadId(2)] [Rsift] WARN RsiftModBridge load failed: URL class: JavaException
[3105|t+138025ms|ThreadId(2)] [warn] screen_hooks — load failed: URL class: JavaException
[3106|t+138025ms|ThreadId(2)] [Rsift] WARN RsiftUiBridge load failed: URL class: JavaException
[3107|t+138025ms|ThreadId(2)] [warn] screen_hooks — load failed: URL class: JavaException
[3108|t+138026ms|ThreadId(2)] [Rsift] WARN RsiftModBridge load failed: URL class: JavaException
[3109|t+138279ms|ThreadId(2)] [warn] screen_hooks — load failed: load ScreenHooks: JavaException
[3110|t+138279ms|ThreadId(2)] [Rsift] WARN RsiftUiBridge load failed: URL class: JavaException
[3111|t+138280ms|ThreadId(2)] [Rsift] WARN RsiftModBridge load failed: URL class: JavaException
[3112|t+138281ms|ThreadId(2)] [warn] screen_hooks — load failed: URL class: JavaException
[3113|t+138281ms|ThreadId(2)] [Rsift] WARN RsiftUiBridge load failed: URL class: JavaException
[3114|t+138282ms|ThreadId(2)] [warn] screen_hooks — load failed: URL class: JavaException
[3115|t+138700ms|ThreadId(2)] [warn] screen_hooks — load failed: load ScreenHooks: JavaException
[3116|t+138701ms|ThreadId(2)] [Rsift] WARN RsiftUiBridge load failed: URL class: JavaException
[3117|t+138701ms|ThreadId(2)] [Rsift] WARN RsiftModBridge load failed: URL class: JavaException
[3118|t+138702ms|ThreadId(2)] [warn] screen_hooks — load failed: URL class: JavaException
[3119|t+138702ms|ThreadId(2)] [Rsift] WARN RsiftUiBridge load failed: URL class: JavaException
[3120|t+138702ms|ThreadId(2)] [warn] screen_hooks — load failed: URL class: JavaException
[3121|t+138955ms|ThreadId(2)] [warn] screen_hooks — load failed: load ScreenHooks: JavaException
[3122|t+138956ms|ThreadId(2)] [Rsift] WARN RsiftUiBridge load failed: URL class: JavaException
[3123|t+138957ms|ThreadId(2)] [Rsift] WARN RsiftModBridge load failed: URL class: JavaException
[3124|t+138957ms|ThreadId(2)] [warn] screen_hooks — load failed: URL class: JavaException
[3125|t+138957ms|ThreadId(2)] [Rsift] WARN RsiftUiBridge load failed: URL class: JavaException
[3126|t+138958ms|ThreadId(2)] [warn] screen_hooks — load failed: URL class: JavaException
[3127|t+139210ms|ThreadId(2)] [warn] screen_hooks — load failed: load ScreenHooks: JavaException
[3128|t+139211ms|ThreadId(2)] [Rsift] WARN RsiftUiBridge load failed: URL class: JavaException
[3129|t+139211ms|ThreadId(2)] [Rsift] WARN RsiftModBridge load failed: URL class: JavaException
[3130|t+139212ms|ThreadId(2)] [warn] screen_hooks — load failed: URL class: JavaException
[3131|t+139212ms|ThreadId(2)] [Rsift] WARN RsiftUiBridge load failed: URL class: JavaException
[3132|t+139212ms|ThreadId(2)] [warn] screen_hooks — load failed: URL class: JavaException
[3133|t+139213ms|ThreadId(2)] [Rsift] WARN RsiftModBridge load failed: URL class: JavaException
[3134|t+139465ms|ThreadId(2)] [warn] screen_hooks — load failed: load ScreenHooks: JavaException
[3135|t+139466ms|ThreadId(2)] [Rsift] WARN RsiftUiBridge load failed: URL class: JavaException
[3136|t+139467ms|ThreadId(2)] [Rsift] WARN RsiftModBridge load failed: URL class: JavaException
[3137|t+139467ms|ThreadId(2)] [warn] screen_hooks — load failed: URL class: JavaException
[3138|t+139467ms|ThreadId(2)] [Rsift] WARN RsiftUiBridge load failed: URL class: JavaException
[3139|t+139468ms|ThreadId(2)] [warn] screen_hooks — load failed: URL class: JavaException
[3140|t+139722ms|ThreadId(2)] [warn] screen_hooks — load failed: load ScreenHooks: JavaException
[3141|t+139723ms|ThreadId(2)] [Rsift] WARN RsiftUiBridge load failed: URL class: JavaException
[3142|t+139723ms|ThreadId(2)] [Rsift] WARN RsiftModBridge load failed: URL class: JavaException
[3143|t+139724ms|ThreadId(2)] [warn] screen_hooks — load failed: URL class: JavaException
[3144|t+139724ms|ThreadId(2)] [Rsift] WARN RsiftUiBridge load failed: URL class: JavaException
[3145|t+139724ms|ThreadId(2)] [warn] screen_hooks — load failed: URL class: JavaException
[3146|t+139977ms|ThreadId(2)] [warn] screen_hooks — load failed: load ScreenHooks: JavaException
[3147|t+139978ms|ThreadId(2)] [Rsift] WARN RsiftUiBridge load failed: URL class: JavaException
[3148|t+139978ms|ThreadId(2)] [Rsift] WARN RsiftModBridge load failed: URL class: JavaException
[3149|t+139979ms|ThreadId(2)] [warn] screen_hooks — load failed: URL class: JavaException
[3150|t+139979ms|ThreadId(2)] [Rsift] WARN RsiftUiBridge load failed: URL class: JavaException
[3151|t+139979ms|ThreadId(2)] [warn] screen_hooks — load failed: URL class: JavaException
[3152|t+140233ms|ThreadId(2)] [warn] screen_hooks — load failed: load ScreenHooks: JavaException
[3153|t+140233ms|ThreadId(2)] [Rsift] WARN RsiftUiBridge load failed: URL class: JavaException
[3154|t+140234ms|ThreadId(2)] [Rsift] WARN RsiftModBridge load failed: URL class: JavaException
[3155|t+140235ms|ThreadId(2)] [warn] screen_hooks — load failed: URL class: JavaException
[3156|t+140235ms|ThreadId(2)] [Rsift] WARN RsiftUiBridge load failed: URL class: JavaException
[3157|t+140236ms|ThreadId(2)] [warn] screen_hooks — load failed: URL class: JavaException
[3158|t+140237ms|ThreadId(2)] [Rsift] WARN RsiftModBridge load failed: URL class: JavaException
[3159|t+140491ms|ThreadId(2)] [warn] screen_hooks — load failed: load ScreenHooks: JavaException
[3160|t+140491ms|ThreadId(2)] [Rsift] WARN RsiftUiBridge load failed: URL class: JavaException
[3161|t+140492ms|ThreadId(2)] [Rsift] WARN RsiftModBridge load failed: URL class: JavaException
[3162|t+140492ms|ThreadId(2)] [warn] screen_hooks — load failed: URL class: JavaException
[3163|t+140493ms|ThreadId(2)] [Rsift] WARN RsiftUiBridge load failed: URL class: JavaException
[3164|t+140493ms|ThreadId(2)] [warn] screen_hooks — load failed: URL class: JavaException
[3165|t+140747ms|ThreadId(2)] [warn] screen_hooks — load failed: load ScreenHooks: JavaException
[3166|t+140747ms|ThreadId(2)] [Rsift] WARN RsiftUiBridge load failed: URL class: JavaException
[3167|t+140748ms|ThreadId(2)] [Rsift] WARN RsiftModBridge load failed: URL class: JavaException
[3168|t+140748ms|ThreadId(2)] [warn] screen_hooks — load failed: URL class: JavaException
[3169|t+140749ms|ThreadId(2)] [Rsift] WARN RsiftUiBridge load failed: URL class: JavaException
[3170|t+140749ms|ThreadId(2)] [warn] screen_hooks — load failed: URL class: JavaException
[3171|t+141002ms|ThreadId(2)] [warn] screen_hooks — load failed: load ScreenHooks: JavaException
[3172|t+141003ms|ThreadId(2)] [Rsift] WARN RsiftUiBridge load failed: URL class: JavaException
[3173|t+141003ms|ThreadId(2)] [Rsift] WARN RsiftModBridge load failed: URL class: JavaException
[3174|t+141004ms|ThreadId(2)] [warn] screen_hooks — load failed: URL class: JavaException
[3175|t+141004ms|ThreadId(2)] [Rsift] WARN RsiftUiBridge load failed: URL class: JavaException
[3176|t+141005ms|ThreadId(2)] [warn] screen_hooks — load failed: URL class: JavaException
[3177|t+141259ms|ThreadId(2)] [warn] screen_hooks — load failed: load ScreenHooks: JavaException
[3178|t+141259ms|ThreadId(2)] [Rsift] WARN RsiftUiBridge load failed: URL class: JavaException
[3179|t+141260ms|ThreadId(2)] [Rsift] WARN RsiftModBridge load failed: URL class: JavaException
[3180|t+141260ms|ThreadId(2)] [warn] screen_hooks — load failed: URL class: JavaException
[3181|t+141261ms|ThreadId(2)] [Rsift] WARN RsiftUiBridge load failed: URL class: JavaException
[3182|t+141261ms|ThreadId(2)] [warn] screen_hooks — load failed: URL class: JavaException
[3183|t+141261ms|ThreadId(2)] [Rsift] WARN RsiftModBridge load failed: URL class: JavaException
[3184|t+141514ms|ThreadId(2)] [warn] screen_hooks — load failed: load ScreenHooks: JavaException
[3185|t+141515ms|ThreadId(2)] [Rsift] WARN RsiftUiBridge load failed: URL class: JavaException
[3186|t+141515ms|ThreadId(2)] [Rsift] WARN RsiftModBridge load failed: URL class: JavaException
[3187|t+141515ms|ThreadId(2)] [warn] screen_hooks — load failed: URL class: JavaException
[3188|t+141516ms|ThreadId(2)] [Rsift] WARN RsiftUiBridge load failed: URL class: JavaException
[3189|t+141516ms|ThreadId(2)] [warn] screen_hooks — load failed: URL class: JavaException
[3190|t+141779ms|ThreadId(2)] [warn] screen_hooks — load failed: load ScreenHooks: JavaException
[3191|t+141780ms|ThreadId(2)] [Rsift] WARN RsiftUiBridge load failed: URL class: JavaException
[3192|t+141781ms|ThreadId(2)] [Rsift] WARN RsiftModBridge load failed: URL class: JavaException
[3193|t+141781ms|ThreadId(2)] [warn] screen_hooks — load failed: URL class: JavaException
[3194|t+141782ms|ThreadId(2)] [Rsift] WARN RsiftUiBridge load failed: URL class: JavaException
[3195|t+141783ms|ThreadId(2)] [warn] screen_hooks — load failed: URL class: JavaException
[3196|t+142111ms|ThreadId(2)] [warn] screen_hooks — load failed: load ScreenHooks: JavaException
[3197|t+142112ms|ThreadId(2)] [Rsift] WARN RsiftUiBridge load failed: URL class: JavaException
[3198|t+142112ms|ThreadId(2)] [Rsift] WARN RsiftModBridge load failed: URL class: JavaException
[3199|t+142113ms|ThreadId(2)] [warn] screen_hooks — load failed: URL class: JavaException
[3200|t+142113ms|ThreadId(2)] [Rsift] WARN RsiftUiBridge load failed: URL class: JavaException
[3201|t+142114ms|ThreadId(2)] [warn] screen_hooks — load failed: URL class: JavaException
[3202|t+142367ms|ThreadId(2)] [warn] screen_hooks — load failed: load ScreenHooks: JavaException
[3203|t+142368ms|ThreadId(2)] [Rsift] WARN RsiftUiBridge load failed: URL class: JavaException
[3204|t+142368ms|ThreadId(2)] [Rsift] WARN RsiftModBridge load failed: URL class: JavaException
[3205|t+142368ms|ThreadId(2)] [warn] screen_hooks — load failed: URL class: JavaException
[3206|t+142369ms|ThreadId(2)] [Rsift] WARN RsiftUiBridge load failed: URL class: JavaException
[3207|t+142369ms|ThreadId(2)] [warn] screen_hooks — load failed: URL class: JavaException
[3208|t+142370ms|ThreadId(2)] [Rsift] WARN RsiftModBridge load failed: URL class: JavaException
[3209|t+142622ms|ThreadId(2)] [warn] screen_hooks — load failed: load ScreenHooks: JavaException
[3210|t+142623ms|ThreadId(2)] [Rsift] WARN RsiftUiBridge load failed: URL class: JavaException
[3211|t+142624ms|ThreadId(2)] [Rsift] WARN RsiftModBridge load failed: URL class: JavaException
[3212|t+142624ms|ThreadId(2)] [warn] screen_hooks — load failed: URL class: JavaException
[3213|t+142625ms|ThreadId(2)] [Rsift] WARN RsiftUiBridge load failed: URL class: JavaException
[3214|t+142625ms|ThreadId(2)] [warn] screen_hooks — load failed: URL class: JavaException
[3215|t+142879ms|ThreadId(2)] [warn] screen_hooks — load failed: load ScreenHooks: JavaException
[3216|t+142880ms|ThreadId(2)] [Rsift] WARN RsiftUiBridge load failed: URL class: JavaException
[3217|t+142880ms|ThreadId(2)] [Rsift] WARN RsiftModBridge load failed: URL class: JavaException
[3218|t+142881ms|ThreadId(2)] [warn] screen_hooks — load failed: URL class: JavaException
[3219|t+142881ms|ThreadId(2)] [Rsift] WARN RsiftUiBridge load failed: URL class: JavaException
[3220|t+142882ms|ThreadId(2)] [warn] screen_hooks — load failed: URL class: JavaException
[3221|t+143135ms|ThreadId(2)] [warn] screen_hooks — load failed: load ScreenHooks: JavaException
[3222|t+143136ms|ThreadId(2)] [Rsift] WARN RsiftUiBridge load failed: URL class: JavaException
[3223|t+143136ms|ThreadId(2)] [Rsift] WARN RsiftModBridge load failed: URL class: JavaException
[3224|t+143137ms|ThreadId(2)] [warn] screen_hooks — load failed: URL class: JavaException
[3225|t+143137ms|ThreadId(2)] [Rsift] WARN RsiftUiBridge load failed: URL class: JavaException
[3226|t+143138ms|ThreadId(2)] [warn] screen_hooks — load failed: URL class: JavaException
[3227|t+143391ms|ThreadId(2)] [warn] screen_hooks — load failed: load ScreenHooks: JavaException
[3228|t+143392ms|ThreadId(2)] [Rsift] WARN RsiftUiBridge load failed: URL class: JavaException
[3229|t+143393ms|ThreadId(2)] [Rsift] WARN RsiftModBridge load failed: URL class: JavaException
[3230|t+143393ms|ThreadId(2)] [warn] screen_hooks — load failed: URL class: JavaException
[3231|t+143394ms|ThreadId(2)] [Rsift] WARN RsiftUiBridge load failed: URL class: JavaException
[3232|t+143394ms|ThreadId(2)] [warn] screen_hooks — load failed: URL class: JavaException
[3233|t+143395ms|ThreadId(2)] [Rsift] WARN RsiftModBridge load failed: URL class: JavaException
[3234|t+143648ms|ThreadId(2)] [warn] screen_hooks — load failed: load ScreenHooks: JavaException
[3235|t+143649ms|ThreadId(2)] [Rsift] WARN RsiftUiBridge load failed: URL class: JavaException
[3236|t+143649ms|ThreadId(2)] [Rsift] WARN RsiftModBridge load failed: URL class: JavaException
[3237|t+143649ms|ThreadId(2)] [warn] screen_hooks — load failed: URL class: JavaException
[3238|t+143650ms|ThreadId(2)] [Rsift] WARN RsiftUiBridge load failed: URL class: JavaException
[3239|t+143650ms|ThreadId(2)] [warn] screen_hooks — load failed: URL class: JavaException
[3240|t+143904ms|ThreadId(2)] [warn] screen_hooks — load failed: load ScreenHooks: JavaException
[3241|t+143905ms|ThreadId(2)] [Rsift] WARN RsiftUiBridge load failed: URL class: JavaException
[3242|t+143905ms|ThreadId(2)] [Rsift] WARN RsiftModBridge load failed: URL class: JavaException
[3243|t+143906ms|ThreadId(2)] [warn] screen_hooks — load failed: URL class: JavaException
[3244|t+143906ms|ThreadId(2)] [Rsift] WARN RsiftUiBridge load failed: URL class: JavaException
[3245|t+143906ms|ThreadId(2)] [warn] screen_hooks — load failed: URL class: JavaException
[3246|t+144161ms|ThreadId(2)] [warn] screen_hooks — load failed: load ScreenHooks: JavaException
[3247|t+144161ms|ThreadId(2)] [Rsift] WARN RsiftUiBridge load failed: URL class: JavaException
[3248|t+144162ms|ThreadId(2)] [Rsift] WARN RsiftModBridge load failed: URL class: JavaException
[3249|t+144162ms|ThreadId(2)] [warn] screen_hooks — load failed: URL class: JavaException
[3250|t+144163ms|ThreadId(2)] [Rsift] WARN RsiftUiBridge load failed: URL class: JavaException
[3251|t+144164ms|ThreadId(2)] [warn] screen_hooks — load failed: URL class: JavaException
[3252|t+144449ms|ThreadId(2)] [warn] screen_hooks — load failed: load ScreenHooks: JavaException
[3253|t+144450ms|ThreadId(2)] [Rsift] WARN RsiftUiBridge load failed: URL class: JavaException
[3254|t+144451ms|ThreadId(2)] [Rsift] WARN RsiftModBridge load failed: URL class: JavaException
[3255|t+144451ms|ThreadId(2)] [warn] screen_hooks — load failed: URL class: JavaException
[3256|t+144452ms|ThreadId(2)] [Rsift] WARN RsiftUiBridge load failed: URL class: JavaException
[3257|t+144453ms|ThreadId(2)] [warn] screen_hooks — load failed: URL class: JavaException
[3258|t+144454ms|ThreadId(2)] [Rsift] WARN RsiftModBridge load failed: URL class: JavaException
[3259|t+144707ms|ThreadId(2)] [warn] screen_hooks — load failed: load ScreenHooks: JavaException
[3260|t+144708ms|ThreadId(2)] [Rsift] WARN RsiftUiBridge load failed: URL class: JavaException
[3261|t+144709ms|ThreadId(2)] [Rsift] WARN RsiftModBridge load failed: URL class: JavaException
[3262|t+144709ms|ThreadId(2)] [warn] screen_hooks — load failed: URL class: JavaException
[3263|t+144710ms|ThreadId(2)] [Rsift] WARN RsiftUiBridge load failed: URL class: JavaException
[3264|t+144711ms|ThreadId(2)] [warn] screen_hooks — load failed: URL class: JavaException
[3265|t+144964ms|ThreadId(2)] [warn] screen_hooks — load failed: load ScreenHooks: JavaException
[3266|t+144965ms|ThreadId(2)] [Rsift] WARN RsiftUiBridge load failed: URL class: JavaException
[3267|t+144965ms|ThreadId(2)] [Rsift] WARN RsiftModBridge load failed: URL class: JavaException
[3268|t+144966ms|ThreadId(2)] [warn] screen_hooks — load failed: URL class: JavaException
[3269|t+144966ms|ThreadId(2)] [Rsift] WARN RsiftUiBridge load failed: URL class: JavaException
[3270|t+144967ms|ThreadId(2)] [warn] screen_hooks — load failed: URL class: JavaException
[3271|t+145220ms|ThreadId(2)] [warn] screen_hooks — load failed: load ScreenHooks: JavaException
[3272|t+145221ms|ThreadId(2)] [Rsift] WARN RsiftUiBridge load failed: URL class: JavaException
[3273|t+145222ms|ThreadId(2)] [Rsift] WARN RsiftModBridge load failed: URL class: JavaException
[3274|t+145222ms|ThreadId(2)] [warn] screen_hooks — load failed: URL class: JavaException
[3275|t+145223ms|ThreadId(2)] [Rsift] WARN RsiftUiBridge load failed: URL class: JavaException
[3276|t+145223ms|ThreadId(2)] [warn] screen_hooks — load failed: URL class: JavaException
[3277|t+145476ms|ThreadId(2)] [warn] screen_hooks — load failed: load ScreenHooks: JavaException
[3278|t+145476ms|ThreadId(2)] [Rsift] WARN RsiftUiBridge load failed: URL class: JavaException
[3279|t+145477ms|ThreadId(2)] [Rsift] WARN RsiftModBridge load failed: URL class: JavaException
[3280|t+145477ms|ThreadId(2)] [warn] screen_hooks — load failed: URL class: JavaException
[3281|t+145478ms|ThreadId(2)] [Rsift] WARN RsiftUiBridge load failed: URL class: JavaException
[3282|t+145479ms|ThreadId(2)] [warn] screen_hooks — load failed: URL class: JavaException
[3283|t+145480ms|ThreadId(2)] [Rsift] WARN RsiftModBridge load failed: URL class: JavaException
[3284|t+145733ms|ThreadId(2)] [warn] screen_hooks — load failed: load ScreenHooks: JavaException
[3285|t+145734ms|ThreadId(2)] [Rsift] WARN RsiftUiBridge load failed: URL class: JavaException
[3286|t+145735ms|ThreadId(2)] [Rsift] WARN RsiftModBridge load failed: URL class: JavaException
[3287|t+145735ms|ThreadId(2)] [warn] screen_hooks — load failed: URL class: JavaException
[3288|t+145736ms|ThreadId(2)] [Rsift] WARN RsiftUiBridge load failed: URL class: JavaException
[3289|t+145736ms|ThreadId(2)] [warn] screen_hooks — load failed: URL class: JavaException
[3290|t+145990ms|ThreadId(2)] [warn] screen_hooks — load failed: load ScreenHooks: JavaException
[3291|t+145991ms|ThreadId(2)] [Rsift] WARN RsiftUiBridge load failed: URL class: JavaException
[3292|t+145992ms|ThreadId(2)] [Rsift] WARN RsiftModBridge load failed: URL class: JavaException
[3293|t+145992ms|ThreadId(2)] [warn] screen_hooks — load failed: URL class: JavaException
[3294|t+145993ms|ThreadId(2)] [Rsift] WARN RsiftUiBridge load failed: URL class: JavaException
[3295|t+145994ms|ThreadId(2)] [warn] screen_hooks — load failed: URL class: JavaException
[3296|t+146248ms|ThreadId(2)] [warn] screen_hooks — load failed: load ScreenHooks: JavaException
[3297|t+146248ms|ThreadId(2)] [Rsift] WARN RsiftUiBridge load failed: URL class: JavaException
[3298|t+146248ms|ThreadId(2)] [Rsift] WARN RsiftModBridge load failed: URL class: JavaException
[3299|t+146249ms|ThreadId(2)] [warn] screen_hooks — load failed: URL class: JavaException
[3300|t+146249ms|ThreadId(2)] [Rsift] WARN RsiftUiBridge load failed: URL class: JavaException
[3301|t+146250ms|ThreadId(2)] [warn] screen_hooks — load failed: URL class: JavaException
[3302|t+146504ms|ThreadId(2)] [warn] screen_hooks — load failed: load ScreenHooks: JavaException
[3303|t+146504ms|ThreadId(2)] [Rsift] WARN RsiftUiBridge load failed: URL class: JavaException
[3304|t+146505ms|ThreadId(2)] [Rsift] WARN RsiftModBridge load failed: URL class: JavaException
[3305|t+146505ms|ThreadId(2)] [warn] screen_hooks — load failed: URL class: JavaException
[3306|t+146506ms|ThreadId(2)] [Rsift] WARN RsiftUiBridge load failed: URL class: JavaException
[3307|t+146506ms|ThreadId(2)] [warn] screen_hooks — load failed: URL class: JavaException
[3308|t+146507ms|ThreadId(2)] [Rsift] WARN RsiftModBridge load failed: URL class: JavaException
[3309|t+146762ms|ThreadId(2)] [warn] screen_hooks — load failed: load ScreenHooks: JavaException
[3310|t+146763ms|ThreadId(2)] [Rsift] WARN RsiftUiBridge load failed: URL class: JavaException
[3311|t+146764ms|ThreadId(2)] [Rsift] WARN RsiftModBridge load failed: URL class: JavaException
[3312|t+146764ms|ThreadId(2)] [warn] screen_hooks — load failed: URL class: JavaException
[3313|t+146765ms|ThreadId(2)] [Rsift] WARN RsiftUiBridge load failed: URL class: JavaException
[3314|t+146765ms|ThreadId(2)] [warn] screen_hooks — load failed: URL class: JavaException
[3315|t+147018ms|ThreadId(2)] [warn] screen_hooks — load failed: load ScreenHooks: JavaException
[3316|t+147019ms|ThreadId(2)] [Rsift] WARN RsiftUiBridge load failed: URL class: JavaException
[3317|t+147020ms|ThreadId(2)] [Rsift] WARN RsiftModBridge load failed: URL class: JavaException
[3318|t+147020ms|ThreadId(2)] [warn] screen_hooks — load failed: URL class: JavaException
[3319|t+147020ms|ThreadId(2)] [Rsift] WARN RsiftUiBridge load failed: URL class: JavaException
[3320|t+147021ms|ThreadId(2)] [warn] screen_hooks — load failed: URL class: JavaException
[3321|t+147276ms|ThreadId(2)] [warn] screen_hooks — load failed: load ScreenHooks: JavaException
[3322|t+147277ms|ThreadId(2)] [Rsift] WARN RsiftUiBridge load failed: URL class: JavaException
[3323|t+147277ms|ThreadId(2)] [Rsift] WARN RsiftModBridge load failed: URL class: JavaException
[3324|t+147278ms|ThreadId(2)] [warn] screen_hooks — load failed: URL class: JavaException
[3325|t+147278ms|ThreadId(2)] [Rsift] WARN RsiftUiBridge load failed: URL class: JavaException
[3326|t+147279ms|ThreadId(2)] [warn] screen_hooks — load failed: URL class: JavaException
[3327|t+147535ms|ThreadId(2)] [warn] screen_hooks — load failed: load ScreenHooks: JavaException
[3328|t+147536ms|ThreadId(2)] [Rsift] WARN RsiftUiBridge load failed: URL class: JavaException
[3329|t+147536ms|ThreadId(2)] [Rsift] WARN RsiftModBridge load failed: URL class: JavaException
[3330|t+147537ms|ThreadId(2)] [warn] screen_hooks — load failed: URL class: JavaException
[3331|t+147537ms|ThreadId(2)] [Rsift] WARN RsiftUiBridge load failed: URL class: JavaException
[3332|t+147538ms|ThreadId(2)] [warn] screen_hooks — load failed: URL class: JavaException
[3333|t+147539ms|ThreadId(2)] [Rsift] WARN RsiftModBridge load failed: URL class: JavaException
[3334|t+147792ms|ThreadId(2)] [warn] screen_hooks — load failed: load ScreenHooks: JavaException
[3335|t+147793ms|ThreadId(2)] [Rsift] WARN RsiftUiBridge load failed: URL class: JavaException
[3336|t+147793ms|ThreadId(2)] [Rsift] WARN RsiftModBridge load failed: URL class: JavaException
[3337|t+147794ms|ThreadId(2)] [warn] screen_hooks — load failed: URL class: JavaException
[3338|t+147794ms|ThreadId(2)] [Rsift] WARN RsiftUiBridge load failed: URL class: JavaException
[3339|t+147795ms|ThreadId(2)] [warn] screen_hooks — load failed: URL class: JavaException
[3340|t+148048ms|ThreadId(2)] [warn] screen_hooks — load failed: load ScreenHooks: JavaException
[3341|t+148049ms|ThreadId(2)] [Rsift] WARN RsiftUiBridge load failed: URL class: JavaException
[3342|t+148050ms|ThreadId(2)] [Rsift] WARN RsiftModBridge load failed: URL class: JavaException
[3343|t+148050ms|ThreadId(2)] [warn] screen_hooks — load failed: URL class: JavaException
[3344|t+148051ms|ThreadId(2)] [Rsift] WARN RsiftUiBridge load failed: URL class: JavaException
[3345|t+148051ms|ThreadId(2)] [warn] screen_hooks — load failed: URL class: JavaException
[3346|t+148304ms|ThreadId(2)] [warn] screen_hooks — load failed: load ScreenHooks: JavaException
[3347|t+148304ms|ThreadId(2)] [Rsift] WARN RsiftUiBridge load failed: URL class: JavaException
[3348|t+148305ms|ThreadId(2)] [Rsift] WARN RsiftModBridge load failed: URL class: JavaException
[3349|t+148305ms|ThreadId(2)] [warn] screen_hooks — load failed: URL class: JavaException
[3350|t+148306ms|ThreadId(2)] [Rsift] WARN RsiftUiBridge load failed: URL class: JavaException
[3351|t+148306ms|ThreadId(2)] [warn] screen_hooks — load failed: URL class: JavaException
[3352|t+148559ms|ThreadId(2)] [warn] screen_hooks — load failed: load ScreenHooks: JavaException
[3353|t+148560ms|ThreadId(2)] [Rsift] WARN RsiftUiBridge load failed: URL class: JavaException
[3354|t+148561ms|ThreadId(2)] [Rsift] WARN RsiftModBridge load failed: URL class: JavaException
[3355|t+148561ms|ThreadId(2)] [warn] screen_hooks — load failed: URL class: JavaException
[3356|t+148561ms|ThreadId(2)] [Rsift] WARN RsiftUiBridge load failed: URL class: JavaException
[3357|t+148562ms|ThreadId(2)] [warn] screen_hooks — load failed: URL class: JavaException
[3358|t+148562ms|ThreadId(2)] [Rsift] WARN RsiftModBridge load failed: URL class: JavaException
[3359|t+148815ms|ThreadId(2)] [warn] screen_hooks — load failed: load ScreenHooks: JavaException
[3360|t+148816ms|ThreadId(2)] [Rsift] WARN RsiftUiBridge load failed: URL class: JavaException
[3361|t+148817ms|ThreadId(2)] [Rsift] WARN RsiftModBridge load failed: URL class: JavaException
[3362|t+148818ms|ThreadId(2)] [warn] screen_hooks — load failed: URL class: JavaException
[3363|t+148818ms|ThreadId(2)] [Rsift] WARN RsiftUiBridge load failed: URL class: JavaException
[3364|t+148819ms|ThreadId(2)] [warn] screen_hooks — load failed: URL class: JavaException
[3365|t+149072ms|ThreadId(2)] [warn] screen_hooks — load failed: load ScreenHooks: JavaException
[3366|t+149072ms|ThreadId(2)] [Rsift] WARN RsiftUiBridge load failed: URL class: JavaException
[3367|t+149073ms|ThreadId(2)] [Rsift] WARN RsiftModBridge load failed: URL class: JavaException
[3368|t+149073ms|ThreadId(2)] [warn] screen_hooks — load failed: URL class: JavaException
[3369|t+149073ms|ThreadId(2)] [Rsift] WARN RsiftUiBridge load failed: URL class: JavaException
[3370|t+149074ms|ThreadId(2)] [warn] screen_hooks — load failed: URL class: JavaException
[3371|t+149326ms|ThreadId(2)] [warn] screen_hooks — load failed: load ScreenHooks: JavaException
[3372|t+149327ms|ThreadId(2)] [Rsift] WARN RsiftUiBridge load failed: URL class: JavaException
[3373|t+149327ms|ThreadId(2)] [Rsift] WARN RsiftModBridge load failed: URL class: JavaException
[3374|t+149328ms|ThreadId(2)] [warn] screen_hooks — load failed: URL class: JavaException
[3375|t+149328ms|ThreadId(2)] [Rsift] WARN RsiftUiBridge load failed: URL class: JavaException
[3376|t+149328ms|ThreadId(2)] [warn] screen_hooks — load failed: URL class: JavaException
[3377|t+149582ms|ThreadId(2)] [warn] screen_hooks — load failed: load ScreenHooks: JavaException
[3378|t+149582ms|ThreadId(2)] [Rsift] WARN RsiftUiBridge load failed: URL class: JavaException
[3379|t+149583ms|ThreadId(2)] [Rsift] WARN RsiftModBridge load failed: URL class: JavaException
[3380|t+149584ms|ThreadId(2)] [warn] screen_hooks — load failed: URL class: JavaException
[3381|t+149585ms|ThreadId(2)] [Rsift] WARN RsiftUiBridge load failed: URL class: JavaException
[3382|t+149586ms|ThreadId(2)] [warn] screen_hooks — load failed: URL class: JavaException
[3383|t+149587ms|ThreadId(2)] [Rsift] WARN RsiftModBridge load failed: URL class: JavaException
[3384|t+149872ms|ThreadId(2)] [warn] screen_hooks — load failed: load ScreenHooks: JavaException
[3385|t+149873ms|ThreadId(2)] [Rsift] WARN RsiftUiBridge load failed: URL class: JavaException
[3386|t+149873ms|ThreadId(2)] [Rsift] WARN RsiftModBridge load failed: URL class: JavaException
[3387|t+149873ms|ThreadId(2)] [warn] screen_hooks — load failed: URL class: JavaException
[3388|t+149874ms|ThreadId(2)] [Rsift] WARN RsiftUiBridge load failed: URL class: JavaException
[3389|t+149874ms|ThreadId(2)] [warn] screen_hooks — load failed: URL class: JavaException
[3390|t+150129ms|ThreadId(2)] [warn] screen_hooks — load failed: load ScreenHooks: JavaException
[3391|t+150129ms|ThreadId(2)] [Rsift] WARN RsiftUiBridge load failed: URL class: JavaException
[3392|t+150130ms|ThreadId(2)] [Rsift] WARN RsiftModBridge load failed: URL class: JavaException
[3393|t+150130ms|ThreadId(2)] [warn] screen_hooks — load failed: URL class: JavaException
[3394|t+150131ms|ThreadId(2)] [Rsift] WARN RsiftUiBridge load failed: URL class: JavaException
[3395|t+150131ms|ThreadId(2)] [warn] screen_hooks — load failed: URL class: JavaException
[3396|t+150388ms|ThreadId(2)] [warn] screen_hooks — load failed: load ScreenHooks: JavaException
[3397|t+150391ms|ThreadId(2)] [Rsift] WARN RsiftUiBridge load failed: URL class: JavaException
[3398|t+150392ms|ThreadId(2)] [Rsift] WARN RsiftModBridge load failed: URL class: JavaException
[3399|t+150393ms|ThreadId(2)] [warn] screen_hooks — load failed: URL class: JavaException
[3400|t+150394ms|ThreadId(2)] [Rsift] WARN RsiftUiBridge load failed: URL class: JavaException
[3401|t+150394ms|ThreadId(2)] [warn] screen_hooks — load failed: URL class: JavaException
[3402|t+150649ms|ThreadId(2)] [warn] screen_hooks — load failed: load ScreenHooks: JavaException
[3403|t+150649ms|ThreadId(2)] [Rsift] WARN RsiftUiBridge load failed: URL class: JavaException
[3404|t+150650ms|ThreadId(2)] [Rsift] WARN RsiftModBridge load failed: URL class: JavaException
[3405|t+150650ms|ThreadId(2)] [warn] screen_hooks — load failed: URL class: JavaException
[3406|t+150651ms|ThreadId(2)] [Rsift] WARN RsiftUiBridge load failed: URL class: JavaException
[3407|t+150651ms|ThreadId(2)] [warn] screen_hooks — load failed: URL class: JavaException
[3408|t+150652ms|ThreadId(2)] [Rsift] WARN RsiftModBridge load failed: URL class: JavaException
[3409|t+150905ms|ThreadId(2)] [warn] screen_hooks — load failed: load ScreenHooks: JavaException
[3410|t+150906ms|ThreadId(2)] [Rsift] WARN RsiftUiBridge load failed: URL class: JavaException
[3411|t+150906ms|ThreadId(2)] [Rsift] WARN RsiftModBridge load failed: URL class: JavaException
[3412|t+150906ms|ThreadId(2)] [warn] screen_hooks — load failed: URL class: JavaException
[3413|t+150907ms|ThreadId(2)] [Rsift] WARN RsiftUiBridge load failed: URL class: JavaException
[3414|t+150907ms|ThreadId(2)] [warn] screen_hooks — load failed: URL class: JavaException
[3415|t+151160ms|ThreadId(2)] [warn] screen_hooks — load failed: load ScreenHooks: JavaException
[3416|t+151161ms|ThreadId(2)] [Rsift] WARN RsiftUiBridge load failed: URL class: JavaException
[3417|t+151162ms|ThreadId(2)] [Rsift] WARN RsiftModBridge load failed: URL class: JavaException
[3418|t+151162ms|ThreadId(2)] [warn] screen_hooks — load failed: URL class: JavaException
[3419|t+151163ms|ThreadId(2)] [Rsift] WARN RsiftUiBridge load failed: URL class: JavaException
[3420|t+151163ms|ThreadId(2)] [warn] screen_hooks — load failed: URL class: JavaException
[3421|t+151416ms|ThreadId(2)] [warn] screen_hooks — load failed: load ScreenHooks: JavaException
[3422|t+151417ms|ThreadId(2)] [Rsift] WARN RsiftUiBridge load failed: URL class: JavaException
[3423|t+151418ms|ThreadId(2)] [Rsift] WARN RsiftModBridge load failed: URL class: JavaException
[3424|t+151418ms|ThreadId(2)] [warn] screen_hooks — load failed: URL class: JavaException
[3425|t+151419ms|ThreadId(2)] [Rsift] WARN RsiftUiBridge load failed: URL class: JavaException
[3426|t+151419ms|ThreadId(2)] [warn] screen_hooks — load failed: URL class: JavaException
[3427|t+151672ms|ThreadId(2)] [warn] screen_hooks — load failed: load ScreenHooks: JavaException
[3428|t+151673ms|ThreadId(2)] [Rsift] WARN RsiftUiBridge load failed: URL class: JavaException
[3429|t+151674ms|ThreadId(2)] [Rsift] WARN RsiftModBridge load failed: URL class: JavaException
[3430|t+151674ms|ThreadId(2)] [warn] screen_hooks — load failed: URL class: JavaException
[3431|t+151674ms|ThreadId(2)] [Rsift] WARN RsiftUiBridge load failed: URL class: JavaException
[3432|t+151675ms|ThreadId(2)] [warn] screen_hooks — load failed: URL class: JavaException
[3433|t+151676ms|ThreadId(2)] [Rsift] WARN RsiftModBridge load failed: URL class: JavaException
[3434|t+151928ms|ThreadId(2)] [warn] screen_hooks — load failed: load ScreenHooks: JavaException
[3435|t+151929ms|ThreadId(2)] [Rsift] WARN RsiftUiBridge load failed: URL class: JavaException
[3436|t+151930ms|ThreadId(2)] [Rsift] WARN RsiftModBridge load failed: URL class: JavaException
[3437|t+151930ms|ThreadId(2)] [warn] screen_hooks — load failed: URL class: JavaException
[3438|t+151931ms|ThreadId(2)] [Rsift] WARN RsiftUiBridge load failed: URL class: JavaException
[3439|t+151931ms|ThreadId(2)] [warn] screen_hooks — load failed: URL class: JavaException
[3440|t+152184ms|ThreadId(2)] [warn] screen_hooks — load failed: load ScreenHooks: JavaException
[3441|t+152184ms|ThreadId(2)] [Rsift] WARN RsiftUiBridge load failed: URL class: JavaException
[3442|t+152185ms|ThreadId(2)] [Rsift] WARN RsiftModBridge load failed: URL class: JavaException
[3443|t+152185ms|ThreadId(2)] [warn] screen_hooks — load failed: URL class: JavaException
[3444|t+152185ms|ThreadId(2)] [Rsift] WARN RsiftUiBridge load failed: URL class: JavaException
[3445|t+152186ms|ThreadId(2)] [warn] screen_hooks — load failed: URL class: JavaException
[3446|t+152440ms|ThreadId(2)] [warn] screen_hooks — load failed: load ScreenHooks: JavaException
[3447|t+152440ms|ThreadId(2)] [Rsift] WARN RsiftUiBridge load failed: URL class: JavaException
[3448|t+152441ms|ThreadId(2)] [Rsift] WARN RsiftModBridge load failed: URL class: JavaException
[3449|t+152441ms|ThreadId(2)] [warn] screen_hooks — load failed: URL class: JavaException
[3450|t+152441ms|ThreadId(2)] [Rsift] WARN RsiftUiBridge load failed: URL class: JavaException
[3451|t+152442ms|ThreadId(2)] [warn] screen_hooks — load failed: URL class: JavaException
[3452|t+152694ms|ThreadId(2)] [warn] screen_hooks — load failed: load ScreenHooks: JavaException
[3453|t+152695ms|ThreadId(2)] [Rsift] WARN RsiftUiBridge load failed: URL class: JavaException
[3454|t+152695ms|ThreadId(2)] [Rsift] WARN RsiftModBridge load failed: URL class: JavaException
[3455|t+152696ms|ThreadId(2)] [warn] screen_hooks — load failed: URL class: JavaException
[3456|t+152696ms|ThreadId(2)] [Rsift] WARN RsiftUiBridge load failed: URL class: JavaException
[3457|t+152697ms|ThreadId(2)] [warn] screen_hooks — load failed: URL class: JavaException
[3458|t+152698ms|ThreadId(2)] [Rsift] WARN RsiftModBridge load failed: URL class: JavaException
[3459|t+152951ms|ThreadId(2)] [warn] screen_hooks — load failed: load ScreenHooks: JavaException
[3460|t+152952ms|ThreadId(2)] [Rsift] WARN RsiftUiBridge load failed: URL class: JavaException
[3461|t+152952ms|ThreadId(2)] [Rsift] WARN RsiftModBridge load failed: URL class: JavaException
[3462|t+152953ms|ThreadId(2)] [warn] screen_hooks — load failed: URL class: JavaException
[3463|t+152953ms|ThreadId(2)] [Rsift] WARN RsiftUiBridge load failed: URL class: JavaException
[3464|t+152953ms|ThreadId(2)] [warn] screen_hooks — load failed: URL class: JavaException
[3465|t+153206ms|ThreadId(2)] [warn] screen_hooks — load failed: load ScreenHooks: JavaException
[3466|t+153208ms|ThreadId(2)] [Rsift] WARN RsiftUiBridge load failed: URL class: JavaException
[3467|t+153208ms|ThreadId(2)] [Rsift] WARN RsiftModBridge load failed: URL class: JavaException
[3468|t+153209ms|ThreadId(2)] [warn] screen_hooks — load failed: URL class: JavaException
[3469|t+153209ms|ThreadId(2)] [Rsift] WARN RsiftUiBridge load failed: URL class: JavaException
[3470|t+153210ms|ThreadId(2)] [warn] screen_hooks — load failed: URL class: JavaException
[3471|t+153463ms|ThreadId(2)] [warn] screen_hooks — load failed: load ScreenHooks: JavaException
[3472|t+153463ms|ThreadId(2)] [Rsift] WARN RsiftUiBridge load failed: URL class: JavaException
[3473|t+153464ms|ThreadId(2)] [Rsift] WARN RsiftModBridge load failed: URL class: JavaException
[3474|t+153464ms|ThreadId(2)] [warn] screen_hooks — load failed: URL class: JavaException
[3475|t+153464ms|ThreadId(2)] [Rsift] WARN RsiftUiBridge load failed: URL class: JavaException
[3476|t+153465ms|ThreadId(2)] [warn] screen_hooks — load failed: URL class: JavaException
[3477|t+153717ms|ThreadId(2)] [warn] screen_hooks — load failed: load ScreenHooks: JavaException
[3478|t+153718ms|ThreadId(2)] [Rsift] WARN RsiftUiBridge load failed: URL class: JavaException
[3479|t+153718ms|ThreadId(2)] [Rsift] WARN RsiftModBridge load failed: URL class: JavaException
[3480|t+153718ms|ThreadId(2)] [warn] screen_hooks — load failed: URL class: JavaException
[3481|t+153719ms|ThreadId(2)] [Rsift] WARN RsiftUiBridge load failed: URL class: JavaException
[3482|t+153719ms|ThreadId(2)] [warn] screen_hooks — load failed: URL class: JavaException
[3483|t+153720ms|ThreadId(2)] [Rsift] WARN RsiftModBridge load failed: URL class: JavaException
[3484|t+153973ms|ThreadId(2)] [warn] screen_hooks — load failed: load ScreenHooks: JavaException
[3485|t+153974ms|ThreadId(2)] [Rsift] WARN RsiftUiBridge load failed: URL class: JavaException
[3486|t+153975ms|ThreadId(2)] [Rsift] WARN RsiftModBridge load failed: URL class: JavaException
[3487|t+153975ms|ThreadId(2)] [warn] screen_hooks — load failed: URL class: JavaException
[3488|t+153976ms|ThreadId(2)] [Rsift] WARN RsiftUiBridge load failed: URL class: JavaException
[3489|t+153976ms|ThreadId(2)] [warn] screen_hooks — load failed: URL class: JavaException
[3490|t+154229ms|ThreadId(2)] [warn] screen_hooks — load failed: load ScreenHooks: JavaException
[3491|t+154229ms|ThreadId(2)] [Rsift] WARN RsiftUiBridge load failed: URL class: JavaException
[3492|t+154230ms|ThreadId(2)] [Rsift] WARN RsiftModBridge load failed: URL class: JavaException
[3493|t+154231ms|ThreadId(2)] [warn] screen_hooks — load failed: URL class: JavaException
[3494|t+154231ms|ThreadId(2)] [Rsift] WARN RsiftUiBridge load failed: URL class: JavaException
[3495|t+154232ms|ThreadId(2)] [warn] screen_hooks — load failed: URL class: JavaException
[3496|t+154485ms|ThreadId(2)] [warn] screen_hooks — load failed: load ScreenHooks: JavaException
[3497|t+154485ms|ThreadId(2)] [Rsift] WARN RsiftUiBridge load failed: URL class: JavaException
[3498|t+154486ms|ThreadId(2)] [Rsift] WARN RsiftModBridge load failed: URL class: JavaException
[3499|t+154486ms|ThreadId(2)] [warn] screen_hooks — load failed: URL class: JavaException
[3500|t+154487ms|ThreadId(2)] [Rsift] WARN RsiftUiBridge load failed: URL class: JavaException
[3501|t+154487ms|ThreadId(2)] [warn] screen_hooks — load failed: URL class: JavaException
[3502|t+154740ms|ThreadId(2)] [warn] screen_hooks — load failed: load ScreenHooks: JavaException
[3503|t+154740ms|ThreadId(2)] [Rsift] WARN RsiftUiBridge load failed: URL class: JavaException
[3504|t+154741ms|ThreadId(2)] [Rsift] WARN RsiftModBridge load failed: URL class: JavaException
[3505|t+154741ms|ThreadId(2)] [warn] screen_hooks — load failed: URL class: JavaException
[3506|t+154742ms|ThreadId(2)] [Rsift] WARN RsiftUiBridge load failed: URL class: JavaException
[3507|t+154743ms|ThreadId(2)] [warn] screen_hooks — load failed: URL class: JavaException
[3508|t+154744ms|ThreadId(2)] [Rsift] WARN RsiftModBridge load failed: URL class: JavaException
[3509|t+154997ms|ThreadId(2)] [warn] screen_hooks — load failed: load ScreenHooks: JavaException
[3510|t+154997ms|ThreadId(2)] [Rsift] WARN RsiftUiBridge load failed: URL class: JavaException
[3511|t+154998ms|ThreadId(2)] [Rsift] WARN RsiftModBridge load failed: URL class: JavaException
[3512|t+154998ms|ThreadId(2)] [warn] screen_hooks — load failed: URL class: JavaException
[3513|t+154998ms|ThreadId(2)] [Rsift] WARN RsiftUiBridge load failed: URL class: JavaException
[3514|t+154999ms|ThreadId(2)] [warn] screen_hooks — load failed: URL class: JavaException
[3515|t+155251ms|ThreadId(2)] [warn] screen_hooks — load failed: load ScreenHooks: JavaException
[3516|t+155252ms|ThreadId(2)] [Rsift] WARN RsiftUiBridge load failed: URL class: JavaException
[3517|t+155252ms|ThreadId(2)] [Rsift] WARN RsiftModBridge load failed: URL class: JavaException
[3518|t+155253ms|ThreadId(2)] [warn] screen_hooks — load failed: URL class: JavaException
[3519|t+155253ms|ThreadId(2)] [Rsift] WARN RsiftUiBridge load failed: URL class: JavaException
[3520|t+155254ms|ThreadId(2)] [warn] screen_hooks — load failed: URL class: JavaException
[3521|t+155506ms|ThreadId(2)] [warn] screen_hooks — load failed: load ScreenHooks: JavaException
[3522|t+155507ms|ThreadId(2)] [Rsift] WARN RsiftUiBridge load failed: URL class: JavaException
[3523|t+155507ms|ThreadId(2)] [Rsift] WARN RsiftModBridge load failed: URL class: JavaException
[3524|t+155507ms|ThreadId(2)] [warn] screen_hooks — load failed: URL class: JavaException
[3525|t+155508ms|ThreadId(2)] [Rsift] WARN RsiftUiBridge load failed: URL class: JavaException
[3526|t+155508ms|ThreadId(2)] [warn] screen_hooks — load failed: URL class: JavaException
[3527|t+155762ms|ThreadId(2)] [warn] screen_hooks — load failed: load ScreenHooks: JavaException
[3528|t+155762ms|ThreadId(2)] [Rsift] WARN RsiftUiBridge load failed: URL class: JavaException
[3529|t+155763ms|ThreadId(2)] [Rsift] WARN RsiftModBridge load failed: URL class: JavaException
[3530|t+155763ms|ThreadId(2)] [warn] screen_hooks — load failed: URL class: JavaException
[3531|t+155763ms|ThreadId(2)] [Rsift] WARN RsiftUiBridge load failed: URL class: JavaException
[3532|t+155764ms|ThreadId(2)] [warn] screen_hooks — load failed: URL class: JavaException
[3533|t+155764ms|ThreadId(2)] [Rsift] WARN RsiftModBridge load failed: URL class: JavaException
[3534|t+156017ms|ThreadId(2)] [warn] screen_hooks — load failed: load ScreenHooks: JavaException
[3535|t+156018ms|ThreadId(2)] [Rsift] WARN RsiftUiBridge load failed: URL class: JavaException
[3536|t+156019ms|ThreadId(2)] [Rsift] WARN RsiftModBridge load failed: URL class: JavaException
[3537|t+156019ms|ThreadId(2)] [warn] screen_hooks — load failed: URL class: JavaException
[3538|t+156020ms|ThreadId(2)] [Rsift] WARN RsiftUiBridge load failed: URL class: JavaException
[3539|t+156020ms|ThreadId(2)] [warn] screen_hooks — load failed: URL class: JavaException
[3540|t+156274ms|ThreadId(2)] [warn] screen_hooks — load failed: load ScreenHooks: JavaException
[3541|t+156275ms|ThreadId(2)] [Rsift] WARN RsiftUiBridge load failed: URL class: JavaException
[3542|t+156275ms|ThreadId(2)] [Rsift] WARN RsiftModBridge load failed: URL class: JavaException
[3543|t+156275ms|ThreadId(2)] [warn] screen_hooks — load failed: URL class: JavaException
[3544|t+156276ms|ThreadId(2)] [Rsift] WARN RsiftUiBridge load failed: URL class: JavaException
[3545|t+156276ms|ThreadId(2)] [warn] screen_hooks — load failed: URL class: JavaException
[3546|t+156530ms|ThreadId(2)] [warn] screen_hooks — load failed: load ScreenHooks: JavaException
[3547|t+156531ms|ThreadId(2)] [Rsift] WARN RsiftUiBridge load failed: URL class: JavaException
[3548|t+156531ms|ThreadId(2)] [Rsift] WARN RsiftModBridge load failed: URL class: JavaException
[3549|t+156532ms|ThreadId(2)] [warn] screen_hooks — load failed: URL class: JavaException
[3550|t+156532ms|ThreadId(2)] [Rsift] WARN RsiftUiBridge load failed: URL class: JavaException
[3551|t+156533ms|ThreadId(2)] [warn] screen_hooks — load failed: URL class: JavaException
[3552|t+156786ms|ThreadId(2)] [warn] screen_hooks — load failed: load ScreenHooks: JavaException
[3553|t+156787ms|ThreadId(2)] [Rsift] WARN RsiftUiBridge load failed: URL class: JavaException
[3554|t+156787ms|ThreadId(2)] [Rsift] WARN RsiftModBridge load failed: URL class: JavaException
[3555|t+156788ms|ThreadId(2)] [warn] screen_hooks — load failed: URL class: JavaException
[3556|t+156788ms|ThreadId(2)] [Rsift] WARN RsiftUiBridge load failed: URL class: JavaException
[3557|t+156789ms|ThreadId(2)] [warn] screen_hooks — load failed: URL class: JavaException
[3558|t+156789ms|ThreadId(2)] [Rsift] WARN RsiftModBridge load failed: URL class: JavaException
[3559|t+157042ms|ThreadId(2)] [warn] screen_hooks — load failed: load ScreenHooks: JavaException
[3560|t+157042ms|ThreadId(2)] [Rsift] WARN RsiftUiBridge load failed: URL class: JavaException
[3561|t+157043ms|ThreadId(2)] [Rsift] WARN RsiftModBridge load failed: URL class: JavaException
[3562|t+157043ms|ThreadId(2)] [warn] screen_hooks — load failed: URL class: JavaException
[3563|t+157044ms|ThreadId(2)] [Rsift] WARN RsiftUiBridge load failed: URL class: JavaException
[3564|t+157044ms|ThreadId(2)] [warn] screen_hooks — load failed: URL class: JavaException
[3565|t+157297ms|ThreadId(2)] [warn] screen_hooks — load failed: load ScreenHooks: JavaException
[3566|t+157298ms|ThreadId(2)] [Rsift] WARN RsiftUiBridge load failed: URL class: JavaException
[3567|t+157299ms|ThreadId(2)] [Rsift] WARN RsiftModBridge load failed: URL class: JavaException
[3568|t+157300ms|ThreadId(2)] [warn] screen_hooks — load failed: URL class: JavaException
[3569|t+157300ms|ThreadId(2)] [Rsift] WARN RsiftUiBridge load failed: URL class: JavaException
[3570|t+157301ms|ThreadId(2)] [warn] screen_hooks — load failed: URL class: JavaException
[3571|t+157554ms|ThreadId(2)] [warn] screen_hooks — load failed: load ScreenHooks: JavaException
[3572|t+157555ms|ThreadId(2)] [Rsift] WARN RsiftUiBridge load failed: URL class: JavaException
[3573|t+157556ms|ThreadId(2)] [Rsift] WARN RsiftModBridge load failed: URL class: JavaException
[3574|t+157556ms|ThreadId(2)] [warn] screen_hooks — load failed: URL class: JavaException
[3575|t+157556ms|ThreadId(2)] [Rsift] WARN RsiftUiBridge load failed: URL class: JavaException
[3576|t+157557ms|ThreadId(2)] [warn] screen_hooks — load failed: URL class: JavaException
[3577|t+157810ms|ThreadId(2)] [warn] screen_hooks — load failed: load ScreenHooks: JavaException
[3578|t+157811ms|ThreadId(2)] [Rsift] WARN RsiftUiBridge load failed: URL class: JavaException
[3579|t+157811ms|ThreadId(2)] [Rsift] WARN RsiftModBridge load failed: URL class: JavaException
[3580|t+157812ms|ThreadId(2)] [warn] screen_hooks — load failed: URL class: JavaException
[3581|t+157812ms|ThreadId(2)] [Rsift] WARN RsiftUiBridge load failed: URL class: JavaException
[3582|t+157813ms|ThreadId(2)] [warn] screen_hooks — load failed: URL class: JavaException
[3583|t+157814ms|ThreadId(2)] [Rsift] WARN RsiftModBridge load failed: URL class: JavaException
[3584|t+158068ms|ThreadId(2)] [warn] screen_hooks — load failed: load ScreenHooks: JavaException
[3585|t+158068ms|ThreadId(2)] [Rsift] WARN RsiftUiBridge load failed: URL class: JavaException
[3586|t+158069ms|ThreadId(2)] [Rsift] WARN RsiftModBridge load failed: URL class: JavaException
[3587|t+158071ms|ThreadId(2)] [warn] screen_hooks — load failed: URL class: JavaException
[3588|t+158071ms|ThreadId(2)] [Rsift] WARN RsiftUiBridge load failed: URL class: JavaException
[3589|t+158072ms|ThreadId(2)] [warn] screen_hooks — load failed: URL class: JavaException
[3590|t+158326ms|ThreadId(2)] [warn] screen_hooks — load failed: load ScreenHooks: JavaException
[3591|t+158326ms|ThreadId(2)] [Rsift] WARN RsiftUiBridge load failed: URL class: JavaException
[3592|t+158327ms|ThreadId(2)] [Rsift] WARN RsiftModBridge load failed: URL class: JavaException
[3593|t+158327ms|ThreadId(2)] [warn] screen_hooks — load failed: URL class: JavaException
[3594|t+158327ms|ThreadId(2)] [Rsift] WARN RsiftUiBridge load failed: URL class: JavaException
[3595|t+158327ms|ThreadId(2)] [warn] screen_hooks — load failed: URL class: JavaException
[3596|t+158580ms|ThreadId(2)] [warn] screen_hooks — load failed: load ScreenHooks: JavaException
[3597|t+158581ms|ThreadId(2)] [Rsift] WARN RsiftUiBridge load failed: URL class: JavaException
[3598|t+158582ms|ThreadId(2)] [Rsift] WARN RsiftModBridge load failed: URL class: JavaException
[3599|t+158583ms|ThreadId(2)] [warn] screen_hooks — load failed: URL class: JavaException
[3600|t+158584ms|ThreadId(2)] [Rsift] WARN RsiftUiBridge load failed: URL class: JavaException
[3601|t+158584ms|ThreadId(2)] [warn] screen_hooks — load failed: URL class: JavaException
[3602|t+158838ms|ThreadId(2)] [warn] screen_hooks — load failed: load ScreenHooks: JavaException
[3603|t+158839ms|ThreadId(2)] [Rsift] WARN RsiftUiBridge load failed: URL class: JavaException
[3604|t+158839ms|ThreadId(2)] [Rsift] WARN RsiftModBridge load failed: URL class: JavaException
[3605|t+158840ms|ThreadId(2)] [warn] screen_hooks — load failed: URL class: JavaException
[3606|t+158840ms|ThreadId(2)] [Rsift] WARN RsiftUiBridge load failed: URL class: JavaException
[3607|t+158841ms|ThreadId(2)] [warn] screen_hooks — load failed: URL class: JavaException
[3608|t+158842ms|ThreadId(2)] [Rsift] WARN RsiftModBridge load failed: URL class: JavaException
[3609|t+159094ms|ThreadId(2)] [warn] screen_hooks — load failed: load ScreenHooks: JavaException
[3610|t+159095ms|ThreadId(2)] [Rsift] WARN RsiftUiBridge load failed: URL class: JavaException
[3611|t+159095ms|ThreadId(2)] [Rsift] WARN RsiftModBridge load failed: URL class: JavaException
[3612|t+159096ms|ThreadId(2)] [warn] screen_hooks — load failed: URL class: JavaException
[3613|t+159096ms|ThreadId(2)] [Rsift] WARN RsiftUiBridge load failed: URL class: JavaException
[3614|t+159096ms|ThreadId(2)] [warn] screen_hooks — load failed: URL class: JavaException
[3615|t+159349ms|ThreadId(2)] [warn] screen_hooks — load failed: load ScreenHooks: JavaException
[3616|t+159350ms|ThreadId(2)] [Rsift] WARN RsiftUiBridge load failed: URL class: JavaException
[3617|t+159351ms|ThreadId(2)] [Rsift] WARN RsiftModBridge load failed: URL class: JavaException
[3618|t+159351ms|ThreadId(2)] [warn] screen_hooks — load failed: URL class: JavaException
[3619|t+159352ms|ThreadId(2)] [Rsift] WARN RsiftUiBridge load failed: URL class: JavaException
[3620|t+159352ms|ThreadId(2)] [warn] screen_hooks — load failed: URL class: JavaException
[3621|t+159606ms|ThreadId(2)] [warn] screen_hooks — load failed: load ScreenHooks: JavaException
[3622|t+159607ms|ThreadId(2)] [Rsift] WARN RsiftUiBridge load failed: URL class: JavaException
[3623|t+159607ms|ThreadId(2)] [Rsift] WARN RsiftModBridge load failed: URL class: JavaException
[3624|t+159608ms|ThreadId(2)] [warn] screen_hooks — load failed: URL class: JavaException
[3625|t+159608ms|ThreadId(2)] [Rsift] WARN RsiftUiBridge load failed: URL class: JavaException
[3626|t+159609ms|ThreadId(2)] [warn] screen_hooks — load failed: URL class: JavaException
[3627|t+159862ms|ThreadId(2)] [warn] screen_hooks — load failed: load ScreenHooks: JavaException
[3628|t+159863ms|ThreadId(2)] [Rsift] WARN RsiftUiBridge load failed: URL class: JavaException
[3629|t+159863ms|ThreadId(2)] [Rsift] WARN RsiftModBridge load failed: URL class: JavaException
[3630|t+159863ms|ThreadId(2)] [warn] screen_hooks — load failed: URL class: JavaException
[3631|t+159864ms|ThreadId(2)] [Rsift] WARN RsiftUiBridge load failed: URL class: JavaException
[3632|t+159864ms|ThreadId(2)] [warn] screen_hooks — load failed: URL class: JavaException
[3633|t+159865ms|ThreadId(2)] [Rsift] WARN RsiftModBridge load failed: URL class: JavaException
[3634|t+160119ms|ThreadId(2)] [warn] screen_hooks — load failed: load ScreenHooks: JavaException
[3635|t+160119ms|ThreadId(2)] [Rsift] WARN RsiftUiBridge load failed: URL class: JavaException
[3636|t+160120ms|ThreadId(2)] [Rsift] WARN RsiftModBridge load failed: URL class: JavaException
[3637|t+160120ms|ThreadId(2)] [warn] screen_hooks — load failed: URL class: JavaException
[3638|t+160121ms|ThreadId(2)] [Rsift] WARN RsiftUiBridge load failed: URL class: JavaException
[3639|t+160121ms|ThreadId(2)] [warn] screen_hooks — load failed: URL class: JavaException
[3640|t+160374ms|ThreadId(2)] [warn] screen_hooks — load failed: load ScreenHooks: JavaException
[3641|t+160374ms|ThreadId(2)] [Rsift] WARN RsiftUiBridge load failed: URL class: JavaException
[3642|t+160374ms|ThreadId(2)] [Rsift] WARN RsiftModBridge load failed: URL class: JavaException
[3643|t+160375ms|ThreadId(2)] [warn] screen_hooks — load failed: URL class: JavaException
[3644|t+160375ms|ThreadId(2)] [Rsift] WARN RsiftUiBridge load failed: URL class: JavaException
[3645|t+160375ms|ThreadId(2)] [warn] screen_hooks — load failed: URL class: JavaException
[3646|t+160628ms|ThreadId(2)] [warn] screen_hooks — load failed: load ScreenHooks: JavaException
[3647|t+160629ms|ThreadId(2)] [Rsift] WARN RsiftUiBridge load failed: URL class: JavaException
[3648|t+160630ms|ThreadId(2)] [Rsift] WARN RsiftModBridge load failed: URL class: JavaException
[3649|t+160630ms|ThreadId(2)] [warn] screen_hooks — load failed: URL class: JavaException
[3650|t+160631ms|ThreadId(2)] [Rsift] WARN RsiftUiBridge load failed: URL class: JavaException
[3651|t+160631ms|ThreadId(2)] [warn] screen_hooks — load failed: URL class: JavaException
[3652|t+160886ms|ThreadId(2)] [warn] screen_hooks — load failed: load ScreenHooks: JavaException
[3653|t+160887ms|ThreadId(2)] [Rsift] WARN RsiftUiBridge load failed: URL class: JavaException
[3654|t+160888ms|ThreadId(2)] [Rsift] WARN RsiftModBridge load failed: URL class: JavaException
[3655|t+160889ms|ThreadId(2)] [warn] screen_hooks — load failed: URL class: JavaException
[3656|t+160890ms|ThreadId(2)] [Rsift] WARN RsiftUiBridge load failed: URL class: JavaException
[3657|t+160890ms|ThreadId(2)] [warn] screen_hooks — load failed: URL class: JavaException
[3658|t+160891ms|ThreadId(2)] [Rsift] WARN RsiftModBridge load failed: URL class: JavaException
[3659|t+161144ms|ThreadId(2)] [warn] screen_hooks — load failed: load ScreenHooks: JavaException
[3660|t+161145ms|ThreadId(2)] [Rsift] WARN RsiftUiBridge load failed: URL class: JavaException
[3661|t+161145ms|ThreadId(2)] [Rsift] WARN RsiftModBridge load failed: URL class: JavaException
[3662|t+161145ms|ThreadId(2)] [warn] screen_hooks — load failed: URL class: JavaException
[3663|t+161146ms|ThreadId(2)] [Rsift] WARN RsiftUiBridge load failed: URL class: JavaException
[3664|t+161146ms|ThreadId(2)] [warn] screen_hooks — load failed: URL class: JavaException
[3665|t+161408ms|ThreadId(2)] [warn] screen_hooks — load failed: load ScreenHooks: JavaException
[3666|t+161423ms|ThreadId(2)] [Rsift] WARN RsiftUiBridge load failed: URL class: JavaException
[3667|t+161424ms|ThreadId(2)] [Rsift] WARN RsiftModBridge load failed: URL class: JavaException
[3668|t+161424ms|ThreadId(2)] [warn] screen_hooks — load failed: URL class: JavaException
[3669|t+161424ms|ThreadId(2)] [Rsift] WARN RsiftUiBridge load failed: URL class: JavaException
[3670|t+161425ms|ThreadId(2)] [warn] screen_hooks — load failed: URL class: JavaException
[3671|t+161679ms|ThreadId(2)] [warn] screen_hooks — load failed: load ScreenHooks: JavaException
[3672|t+161680ms|ThreadId(2)] [Rsift] WARN RsiftUiBridge load failed: URL class: JavaException
[3673|t+161680ms|ThreadId(2)] [Rsift] WARN RsiftModBridge load failed: URL class: JavaException
[3674|t+161680ms|ThreadId(2)] [warn] screen_hooks — load failed: URL class: JavaException
[3675|t+161681ms|ThreadId(2)] [Rsift] WARN RsiftUiBridge load failed: URL class: JavaException
[3676|t+161681ms|ThreadId(2)] [warn] screen_hooks — load failed: URL class: JavaException
[3677|t+161934ms|ThreadId(2)] [warn] screen_hooks — load failed: load ScreenHooks: JavaException
[3678|t+161935ms|ThreadId(2)] [Rsift] WARN RsiftUiBridge load failed: URL class: JavaException
[3679|t+161937ms|ThreadId(2)] [Rsift] WARN RsiftModBridge load failed: URL class: JavaException
[3680|t+161937ms|ThreadId(2)] [warn] screen_hooks — load failed: URL class: JavaException
[3681|t+161938ms|ThreadId(2)] [Rsift] WARN RsiftUiBridge load failed: URL class: JavaException
[3682|t+161938ms|ThreadId(2)] [warn] screen_hooks — load failed: URL class: JavaException
[3683|t+161939ms|ThreadId(2)] [Rsift] WARN RsiftModBridge load failed: URL class: JavaException
[3684|t+162192ms|ThreadId(2)] [warn] screen_hooks — load failed: load ScreenHooks: JavaException
[3685|t+162192ms|ThreadId(2)] [Rsift] WARN RsiftUiBridge load failed: URL class: JavaException
[3686|t+162193ms|ThreadId(2)] [Rsift] WARN RsiftModBridge load failed: URL class: JavaException
[3687|t+162193ms|ThreadId(2)] [warn] screen_hooks — load failed: URL class: JavaException
[3688|t+162194ms|ThreadId(2)] [Rsift] WARN RsiftUiBridge load failed: URL class: JavaException
[3689|t+162194ms|ThreadId(2)] [warn] screen_hooks — load failed: URL class: JavaException
[3690|t+162522ms|ThreadId(2)] [warn] screen_hooks — load failed: load ScreenHooks: JavaException
[3691|t+162523ms|ThreadId(2)] [Rsift] WARN RsiftUiBridge load failed: URL class: JavaException
[3692|t+162523ms|ThreadId(2)] [Rsift] WARN RsiftModBridge load failed: URL class: JavaException
[3693|t+162523ms|ThreadId(2)] [warn] screen_hooks — load failed: URL class: JavaException
[3694|t+162524ms|ThreadId(2)] [Rsift] WARN RsiftUiBridge load failed: URL class: JavaException
[3695|t+162524ms|ThreadId(2)] [warn] screen_hooks — load failed: URL class: JavaException
[3696|t+162777ms|ThreadId(2)] [warn] screen_hooks — load failed: load ScreenHooks: JavaException
[3697|t+162778ms|ThreadId(2)] [Rsift] WARN RsiftUiBridge load failed: URL class: JavaException
[3698|t+162779ms|ThreadId(2)] [Rsift] WARN RsiftModBridge load failed: URL class: JavaException
[3699|t+162779ms|ThreadId(2)] [warn] screen_hooks — load failed: URL class: JavaException
[3700|t+162780ms|ThreadId(2)] [Rsift] WARN RsiftUiBridge load failed: URL class: JavaException
[3701|t+162781ms|ThreadId(2)] [warn] screen_hooks — load failed: URL class: JavaException
[3702|t+163036ms|ThreadId(2)] [warn] screen_hooks — load failed: load ScreenHooks: JavaException
[3703|t+163039ms|ThreadId(2)] [Rsift] WARN RsiftUiBridge load failed: URL class: JavaException
[3704|t+163040ms|ThreadId(2)] [Rsift] WARN RsiftModBridge load failed: URL class: JavaException
[3705|t+163040ms|ThreadId(2)] [warn] screen_hooks — load failed: URL class: JavaException
[3706|t+163041ms|ThreadId(2)] [Rsift] WARN RsiftUiBridge load failed: URL class: JavaException
[3707|t+163041ms|ThreadId(2)] [warn] screen_hooks — load failed: URL class: JavaException
[3708|t+163042ms|ThreadId(2)] [Rsift] WARN RsiftModBridge load failed: URL class: JavaException
[3709|t+163295ms|ThreadId(2)] [warn] screen_hooks — load failed: load ScreenHooks: JavaException
[3710|t+163296ms|ThreadId(2)] [Rsift] WARN RsiftUiBridge load failed: URL class: JavaException
[3711|t+163296ms|ThreadId(2)] [Rsift] WARN RsiftModBridge load failed: URL class: JavaException
[3712|t+163297ms|ThreadId(2)] [warn] screen_hooks — load failed: URL class: JavaException
[3713|t+163297ms|ThreadId(2)] [Rsift] WARN RsiftUiBridge load failed: URL class: JavaException
[3714|t+163298ms|ThreadId(2)] [warn] screen_hooks — load failed: URL class: JavaException
[3715|t+163550ms|ThreadId(2)] [warn] screen_hooks — load failed: load ScreenHooks: JavaException
[3716|t+163551ms|ThreadId(2)] [Rsift] WARN RsiftUiBridge load failed: URL class: JavaException
[3717|t+163551ms|ThreadId(2)] [Rsift] WARN RsiftModBridge load failed: URL class: JavaException
[3718|t+163552ms|ThreadId(2)] [warn] screen_hooks — load failed: URL class: JavaException
[3719|t+163552ms|ThreadId(2)] [Rsift] WARN RsiftUiBridge load failed: URL class: JavaException
[3720|t+163553ms|ThreadId(2)] [warn] screen_hooks — load failed: URL class: JavaException
[3721|t+163806ms|ThreadId(2)] [warn] screen_hooks — load failed: load ScreenHooks: JavaException
[3722|t+163807ms|ThreadId(2)] [Rsift] WARN RsiftUiBridge load failed: URL class: JavaException
[3723|t+163808ms|ThreadId(2)] [Rsift] WARN RsiftModBridge load failed: URL class: JavaException
[3724|t+163808ms|ThreadId(2)] [warn] screen_hooks — load failed: URL class: JavaException
[3725|t+163809ms|ThreadId(2)] [Rsift] WARN RsiftUiBridge load failed: URL class: JavaException
[3726|t+163809ms|ThreadId(2)] [warn] screen_hooks — load failed: URL class: JavaException
[3727|t+164062ms|ThreadId(2)] [warn] screen_hooks — load failed: load ScreenHooks: JavaException
[3728|t+164063ms|ThreadId(2)] [Rsift] WARN RsiftUiBridge load failed: URL class: JavaException
[3729|t+164063ms|ThreadId(2)] [Rsift] WARN RsiftModBridge load failed: URL class: JavaException
[3730|t+164064ms|ThreadId(2)] [warn] screen_hooks — load failed: URL class: JavaException
[3731|t+164064ms|ThreadId(2)] [Rsift] WARN RsiftUiBridge load failed: URL class: JavaException
[3732|t+164065ms|ThreadId(2)] [warn] screen_hooks — load failed: URL class: JavaException
[3733|t+164065ms|ThreadId(2)] [Rsift] WARN RsiftModBridge load failed: URL class: JavaException
[3734|t+164318ms|ThreadId(2)] [warn] screen_hooks — load failed: load ScreenHooks: JavaException
[3735|t+164318ms|ThreadId(2)] [Rsift] WARN RsiftUiBridge load failed: URL class: JavaException
[3736|t+164319ms|ThreadId(2)] [Rsift] WARN RsiftModBridge load failed: URL class: JavaException
[3737|t+164319ms|ThreadId(2)] [warn] screen_hooks — load failed: URL class: JavaException
[3738|t+164319ms|ThreadId(2)] [Rsift] WARN RsiftUiBridge load failed: URL class: JavaException
[3739|t+164320ms|ThreadId(2)] [warn] screen_hooks — load failed: URL class: JavaException
[3740|t+164573ms|ThreadId(2)] [warn] screen_hooks — load failed: load ScreenHooks: JavaException
[3741|t+164573ms|ThreadId(2)] [Rsift] WARN RsiftUiBridge load failed: URL class: JavaException
[3742|t+164574ms|ThreadId(2)] [Rsift] WARN RsiftModBridge load failed: URL class: JavaException
[3743|t+164575ms|ThreadId(2)] [warn] screen_hooks — load failed: URL class: JavaException
[3744|t+164575ms|ThreadId(2)] [Rsift] WARN RsiftUiBridge load failed: URL class: JavaException
[3745|t+164576ms|ThreadId(2)] [warn] screen_hooks — load failed: URL class: JavaException
[3746|t+164829ms|ThreadId(2)] [warn] screen_hooks — load failed: load ScreenHooks: JavaException
[3747|t+164829ms|ThreadId(2)] [Rsift] WARN RsiftUiBridge load failed: URL class: JavaException
[3748|t+164830ms|ThreadId(2)] [Rsift] WARN RsiftModBridge load failed: URL class: JavaException
[3749|t+164830ms|ThreadId(2)] [warn] screen_hooks — load failed: URL class: JavaException
[3750|t+164830ms|ThreadId(2)] [Rsift] WARN RsiftUiBridge load failed: URL class: JavaException
[3751|t+164831ms|ThreadId(2)] [warn] screen_hooks — load failed: URL class: JavaException
[3752|t+165084ms|ThreadId(2)] [warn] screen_hooks — load failed: load ScreenHooks: JavaException
[3753|t+165084ms|ThreadId(2)] [Rsift] WARN RsiftUiBridge load failed: URL class: JavaException
[3754|t+165085ms|ThreadId(2)] [Rsift] WARN RsiftModBridge load failed: URL class: JavaException
[3755|t+165085ms|ThreadId(2)] [warn] screen_hooks — load failed: URL class: JavaException
[3756|t+165085ms|ThreadId(2)] [Rsift] WARN RsiftUiBridge load failed: URL class: JavaException
[3757|t+165086ms|ThreadId(2)] [warn] screen_hooks — load failed: URL class: JavaException
[3758|t+165086ms|ThreadId(2)] [Rsift] WARN RsiftModBridge load failed: URL class: JavaException
[3759|t+165344ms|ThreadId(2)] [warn] screen_hooks — load failed: load ScreenHooks: JavaException
[3760|t+165344ms|ThreadId(2)] [Rsift] WARN RsiftUiBridge load failed: URL class: JavaException
[3761|t+165345ms|ThreadId(2)] [Rsift] WARN RsiftModBridge load failed: URL class: JavaException
[3762|t+165345ms|ThreadId(2)] [warn] screen_hooks — load failed: URL class: JavaException
[3763|t+165346ms|ThreadId(2)] [Rsift] WARN RsiftUiBridge load failed: URL class: JavaException
[3764|t+165346ms|ThreadId(2)] [warn] screen_hooks — load failed: URL class: JavaException
[3765|t+165599ms|ThreadId(2)] [warn] screen_hooks — load failed: load ScreenHooks: JavaException
[3766|t+165600ms|ThreadId(2)] [Rsift] WARN RsiftUiBridge load failed: URL class: JavaException
[3767|t+165600ms|ThreadId(2)] [Rsift] WARN RsiftModBridge load failed: URL class: JavaException
[3768|t+165601ms|ThreadId(2)] [warn] screen_hooks — load failed: URL class: JavaException
[3769|t+165601ms|ThreadId(2)] [Rsift] WARN RsiftUiBridge load failed: URL class: JavaException
[3770|t+165601ms|ThreadId(2)] [warn] screen_hooks — load failed: URL class: JavaException
[3771|t+165854ms|ThreadId(2)] [warn] screen_hooks — load failed: load ScreenHooks: JavaException
[3772|t+165855ms|ThreadId(2)] [Rsift] WARN RsiftUiBridge load failed: URL class: JavaException
[3773|t+165855ms|ThreadId(2)] [Rsift] WARN RsiftModBridge load failed: URL class: JavaException
[3774|t+165856ms|ThreadId(2)] [warn] screen_hooks — load failed: URL class: JavaException
[3775|t+165856ms|ThreadId(2)] [Rsift] WARN RsiftUiBridge load failed: URL class: JavaException
[3776|t+165857ms|ThreadId(2)] [warn] screen_hooks — load failed: URL class: JavaException
[3777|t+166110ms|ThreadId(2)] [warn] screen_hooks — load failed: load ScreenHooks: JavaException
[3778|t+166111ms|ThreadId(2)] [Rsift] WARN RsiftUiBridge load failed: URL class: JavaException
[3779|t+166111ms|ThreadId(2)] [Rsift] WARN RsiftModBridge load failed: URL class: JavaException
[3780|t+166112ms|ThreadId(2)] [warn] screen_hooks — load failed: URL class: JavaException
[3781|t+166112ms|ThreadId(2)] [Rsift] WARN RsiftUiBridge load failed: URL class: JavaException
[3782|t+166113ms|ThreadId(2)] [warn] screen_hooks — load failed: URL class: JavaException
[3783|t+166113ms|ThreadId(2)] [Rsift] WARN RsiftModBridge load failed: URL class: JavaException
[3784|t+166366ms|ThreadId(2)] [warn] screen_hooks — load failed: load ScreenHooks: JavaException
[3785|t+166367ms|ThreadId(2)] [Rsift] WARN RsiftUiBridge load failed: URL class: JavaException
[3786|t+166368ms|ThreadId(2)] [Rsift] WARN RsiftModBridge load failed: URL class: JavaException
[3787|t+166368ms|ThreadId(2)] [warn] screen_hooks — load failed: URL class: JavaException
[3788|t+166368ms|ThreadId(2)] [Rsift] WARN RsiftUiBridge load failed: URL class: JavaException
[3789|t+166369ms|ThreadId(2)] [warn] screen_hooks — load failed: URL class: JavaException
[3790|t+166621ms|ThreadId(2)] [warn] screen_hooks — load failed: load ScreenHooks: JavaException
[3791|t+166622ms|ThreadId(2)] [Rsift] WARN RsiftUiBridge load failed: URL class: JavaException
[3792|t+166622ms|ThreadId(2)] [Rsift] WARN RsiftModBridge load failed: URL class: JavaException
[3793|t+166623ms|ThreadId(2)] [warn] screen_hooks — load failed: URL class: JavaException
[3794|t+166623ms|ThreadId(2)] [Rsift] WARN RsiftUiBridge load failed: URL class: JavaException
[3795|t+166624ms|ThreadId(2)] [warn] screen_hooks — load failed: URL class: JavaException
[3796|t+166877ms|ThreadId(2)] [warn] screen_hooks — load failed: load ScreenHooks: JavaException
[3797|t+166878ms|ThreadId(2)] [Rsift] WARN RsiftUiBridge load failed: URL class: JavaException
[3798|t+166878ms|ThreadId(2)] [Rsift] WARN RsiftModBridge load failed: URL class: JavaException
[3799|t+166878ms|ThreadId(2)] [warn] screen_hooks — load failed: URL class: JavaException
[3800|t+166879ms|ThreadId(2)] [Rsift] WARN RsiftUiBridge load failed: URL class: JavaException
[3801|t+166879ms|ThreadId(2)] [warn] screen_hooks — load failed: URL class: JavaException
[3802|t+167133ms|ThreadId(2)] [warn] screen_hooks — load failed: load ScreenHooks: JavaException
[3803|t+167134ms|ThreadId(2)] [Rsift] WARN RsiftUiBridge load failed: URL class: JavaException
[3804|t+167134ms|ThreadId(2)] [Rsift] WARN RsiftModBridge load failed: URL class: JavaException
[3805|t+167135ms|ThreadId(2)] [warn] screen_hooks — load failed: URL class: JavaException
[3806|t+167135ms|ThreadId(2)] [Rsift] WARN RsiftUiBridge load failed: URL class: JavaException
[3807|t+167136ms|ThreadId(2)] [warn] screen_hooks — load failed: URL class: JavaException
[3808|t+167136ms|ThreadId(2)] [Rsift] WARN RsiftModBridge load failed: URL class: JavaException
[3809|t+167137ms|ThreadId(2)] [step] tick_loop — alive tick=600
[3810|t+167392ms|ThreadId(2)] [warn] screen_hooks — load failed: load ScreenHooks: JavaException
[3811|t+167393ms|ThreadId(2)] [Rsift] WARN RsiftUiBridge load failed: URL class: JavaException
[3812|t+167394ms|ThreadId(2)] [Rsift] WARN RsiftModBridge load failed: URL class: JavaException
[3813|t+167394ms|ThreadId(2)] [warn] screen_hooks — load failed: URL class: JavaException
[3814|t+167396ms|ThreadId(2)] [Rsift] WARN RsiftUiBridge load failed: URL class: JavaException
[3815|t+167396ms|ThreadId(2)] [warn] screen_hooks — load failed: URL class: JavaException
[3816|t+167650ms|ThreadId(2)] [warn] screen_hooks — load failed: load ScreenHooks: JavaException
[3817|t+167651ms|ThreadId(2)] [Rsift] WARN RsiftUiBridge load failed: URL class: JavaException
[3818|t+167651ms|ThreadId(2)] [Rsift] WARN RsiftModBridge load failed: URL class: JavaException
[3819|t+167651ms|ThreadId(2)] [warn] screen_hooks — load failed: URL class: JavaException
[3820|t+167652ms|ThreadId(2)] [Rsift] WARN RsiftUiBridge load failed: URL class: JavaException
[3821|t+167652ms|ThreadId(2)] [warn] screen_hooks — load failed: URL class: JavaException
[3822|t+167905ms|ThreadId(2)] [warn] screen_hooks — load failed: load ScreenHooks: JavaException
[3823|t+167906ms|ThreadId(2)] [Rsift] WARN RsiftUiBridge load failed: URL class: JavaException
[3824|t+167906ms|ThreadId(2)] [Rsift] WARN RsiftModBridge load failed: URL class: JavaException
[3825|t+167907ms|ThreadId(2)] [warn] screen_hooks — load failed: URL class: JavaException
[3826|t+167907ms|ThreadId(2)] [Rsift] WARN RsiftUiBridge load failed: URL class: JavaException
[3827|t+167907ms|ThreadId(2)] [warn] screen_hooks — load failed: URL class: JavaException
[3828|t+168163ms|ThreadId(2)] [warn] screen_hooks — load failed: load ScreenHooks: JavaException
[3829|t+168164ms|ThreadId(2)] [Rsift] WARN RsiftUiBridge load failed: URL class: JavaException
[3830|t+168165ms|ThreadId(2)] [Rsift] WARN RsiftModBridge load failed: URL class: JavaException
[3831|t+168165ms|ThreadId(2)] [warn] screen_hooks — load failed: URL class: JavaException
[3832|t+168166ms|ThreadId(2)] [Rsift] WARN RsiftUiBridge load failed: URL class: JavaException
[3833|t+168166ms|ThreadId(2)] [warn] screen_hooks — load failed: URL class: JavaException
[3834|t+168167ms|ThreadId(2)] [Rsift] WARN RsiftModBridge load failed: URL class: JavaException
[3835|t+168421ms|ThreadId(2)] [warn] screen_hooks — load failed: load ScreenHooks: JavaException
[3836|t+168421ms|ThreadId(2)] [Rsift] WARN RsiftUiBridge load failed: URL class: JavaException
[3837|t+168422ms|ThreadId(2)] [Rsift] WARN RsiftModBridge load failed: URL class: JavaException
[3838|t+168422ms|ThreadId(2)] [warn] screen_hooks — load failed: URL class: JavaException
[3839|t+168423ms|ThreadId(2)] [Rsift] WARN RsiftUiBridge load failed: URL class: JavaException
[3840|t+168423ms|ThreadId(2)] [warn] screen_hooks — load failed: URL class: JavaException
[3841|t+168676ms|ThreadId(2)] [warn] screen_hooks — load failed: load ScreenHooks: JavaException
[3842|t+168676ms|ThreadId(2)] [Rsift] WARN RsiftUiBridge load failed: URL class: JavaException
[3843|t+168676ms|ThreadId(2)] [Rsift] WARN RsiftModBridge load failed: URL class: JavaException
[3844|t+168677ms|ThreadId(2)] [warn] screen_hooks — load failed: URL class: JavaException
[3845|t+168677ms|ThreadId(2)] [Rsift] WARN RsiftUiBridge load failed: URL class: JavaException
[3846|t+168677ms|ThreadId(2)] [warn] screen_hooks — load failed: URL class: JavaException
[3847|t+168932ms|ThreadId(2)] [warn] screen_hooks — load failed: load ScreenHooks: JavaException
[3848|t+168932ms|ThreadId(2)] [Rsift] WARN RsiftUiBridge load failed: URL class: JavaException
[3849|t+168933ms|ThreadId(2)] [Rsift] WARN RsiftModBridge load failed: URL class: JavaException
[3850|t+168933ms|ThreadId(2)] [warn] screen_hooks — load failed: URL class: JavaException
[3851|t+168934ms|ThreadId(2)] [Rsift] WARN RsiftUiBridge load failed: URL class: JavaException
[3852|t+168934ms|ThreadId(2)] [warn] screen_hooks — load failed: URL class: JavaException
[3853|t+169187ms|ThreadId(2)] [warn] screen_hooks — load failed: load ScreenHooks: JavaException
[3854|t+169188ms|ThreadId(2)] [Rsift] WARN RsiftUiBridge load failed: URL class: JavaException
[3855|t+169188ms|ThreadId(2)] [Rsift] WARN RsiftModBridge load failed: URL class: JavaException
[3856|t+169189ms|ThreadId(2)] [warn] screen_hooks — load failed: URL class: JavaException
[3857|t+169189ms|ThreadId(2)] [Rsift] WARN RsiftUiBridge load failed: URL class: JavaException
[3858|t+169190ms|ThreadId(2)] [warn] screen_hooks — load failed: URL class: JavaException
[3859|t+169190ms|ThreadId(2)] [Rsift] WARN RsiftModBridge load failed: URL class: JavaException
[3860|t+169444ms|ThreadId(2)] [warn] screen_hooks — load failed: load ScreenHooks: JavaException
[3861|t+169444ms|ThreadId(2)] [Rsift] WARN RsiftUiBridge load failed: URL class: JavaException
[3862|t+169445ms|ThreadId(2)] [Rsift] WARN RsiftModBridge load failed: URL class: JavaException
[3863|t+169445ms|ThreadId(2)] [warn] screen_hooks — load failed: URL class: JavaException
[3864|t+169445ms|ThreadId(2)] [Rsift] WARN RsiftUiBridge load failed: URL class: JavaException
[3865|t+169446ms|ThreadId(2)] [warn] screen_hooks — load failed: URL class: JavaException
[3866|t+169700ms|ThreadId(2)] [warn] screen_hooks — load failed: load ScreenHooks: JavaException
[3867|t+169700ms|ThreadId(2)] [Rsift] WARN RsiftUiBridge load failed: URL class: JavaException
[3868|t+169701ms|ThreadId(2)] [Rsift] WARN RsiftModBridge load failed: URL class: JavaException
[3869|t+169701ms|ThreadId(2)] [warn] screen_hooks — load failed: URL class: JavaException
[3870|t+169702ms|ThreadId(2)] [Rsift] WARN RsiftUiBridge load failed: URL class: JavaException
[3871|t+169702ms|ThreadId(2)] [warn] screen_hooks — load failed: URL class: JavaException
[3872|t+169955ms|ThreadId(2)] [warn] screen_hooks — load failed: load ScreenHooks: JavaException
[3873|t+169956ms|ThreadId(2)] [Rsift] WARN RsiftUiBridge load failed: URL class: JavaException
[3874|t+169956ms|ThreadId(2)] [Rsift] WARN RsiftModBridge load failed: URL class: JavaException
[3875|t+169957ms|ThreadId(2)] [warn] screen_hooks — load failed: URL class: JavaException
[3876|t+169957ms|ThreadId(2)] [Rsift] WARN RsiftUiBridge load failed: URL class: JavaException
[3877|t+169957ms|ThreadId(2)] [warn] screen_hooks — load failed: URL class: JavaException
[3878|t+170211ms|ThreadId(2)] [warn] screen_hooks — load failed: load ScreenHooks: JavaException
[3879|t+170212ms|ThreadId(2)] [Rsift] WARN RsiftUiBridge load failed: URL class: JavaException
[3880|t+170212ms|ThreadId(2)] [Rsift] WARN RsiftModBridge load failed: URL class: JavaException
[3881|t+170212ms|ThreadId(2)] [warn] screen_hooks — load failed: URL class: JavaException
[3882|t+170213ms|ThreadId(2)] [Rsift] WARN RsiftUiBridge load failed: URL class: JavaException
[3883|t+170213ms|ThreadId(2)] [warn] screen_hooks — load failed: URL class: JavaException
[3884|t+170215ms|ThreadId(2)] [Rsift] WARN RsiftModBridge load failed: URL class: JavaException
[3885|t+170468ms|ThreadId(2)] [warn] screen_hooks — load failed: load ScreenHooks: JavaException
[3886|t+170468ms|ThreadId(2)] [Rsift] WARN RsiftUiBridge load failed: URL class: JavaException
[3887|t+170469ms|ThreadId(2)] [Rsift] WARN RsiftModBridge load failed: URL class: JavaException
[3888|t+170469ms|ThreadId(2)] [warn] screen_hooks — load failed: URL class: JavaException
[3889|t+170470ms|ThreadId(2)] [Rsift] WARN RsiftUiBridge load failed: URL class: JavaException
[3890|t+170470ms|ThreadId(2)] [warn] screen_hooks — load failed: URL class: JavaException
[3891|t+170723ms|ThreadId(2)] [warn] screen_hooks — load failed: load ScreenHooks: JavaException
[3892|t+170724ms|ThreadId(2)] [Rsift] WARN RsiftUiBridge load failed: URL class: JavaException
[3893|t+170724ms|ThreadId(2)] [Rsift] WARN RsiftModBridge load failed: URL class: JavaException
[3894|t+170725ms|ThreadId(2)] [warn] screen_hooks — load failed: URL class: JavaException
[3895|t+170725ms|ThreadId(2)] [Rsift] WARN RsiftUiBridge load failed: URL class: JavaException
[3896|t+170725ms|ThreadId(2)] [warn] screen_hooks — load failed: URL class: JavaException
[3897|t+170978ms|ThreadId(2)] [warn] screen_hooks — load failed: load ScreenHooks: JavaException
[3898|t+170978ms|ThreadId(2)] [Rsift] WARN RsiftUiBridge load failed: URL class: JavaException
[3899|t+170979ms|ThreadId(2)] [Rsift] WARN RsiftModBridge load failed: URL class: JavaException
[3900|t+170979ms|ThreadId(2)] [warn] screen_hooks — load failed: URL class: JavaException
[3901|t+170980ms|ThreadId(2)] [Rsift] WARN RsiftUiBridge load failed: URL class: JavaException
[3902|t+170980ms|ThreadId(2)] [warn] screen_hooks — load failed: URL class: JavaException
[3903|t+171235ms|ThreadId(2)] [warn] screen_hooks — load failed: load ScreenHooks: JavaException
[3904|t+171235ms|ThreadId(2)] [Rsift] WARN RsiftUiBridge load failed: URL class: JavaException
[3905|t+171236ms|ThreadId(2)] [Rsift] WARN RsiftModBridge load failed: URL class: JavaException
[3906|t+171236ms|ThreadId(2)] [warn] screen_hooks — load failed: URL class: JavaException
[3907|t+171237ms|ThreadId(2)] [Rsift] WARN RsiftUiBridge load failed: URL class: JavaException
[3908|t+171237ms|ThreadId(2)] [warn] screen_hooks — load failed: URL class: JavaException
[3909|t+171238ms|ThreadId(2)] [Rsift] WARN RsiftModBridge load failed: URL class: JavaException
[3910|t+171495ms|ThreadId(2)] [warn] screen_hooks — load failed: load ScreenHooks: JavaException
[3911|t+171495ms|ThreadId(2)] [Rsift] WARN RsiftUiBridge load failed: URL class: JavaException
[3912|t+171496ms|ThreadId(2)] [Rsift] WARN RsiftModBridge load failed: URL class: JavaException
[3913|t+171496ms|ThreadId(2)] [warn] screen_hooks — load failed: URL class: JavaException
[3914|t+171497ms|ThreadId(2)] [Rsift] WARN RsiftUiBridge load failed: URL class: JavaException
[3915|t+171497ms|ThreadId(2)] [warn] screen_hooks — load failed: URL class: JavaException
[3916|t+171752ms|ThreadId(2)] [warn] screen_hooks — load failed: load ScreenHooks: JavaException
[3917|t+171753ms|ThreadId(2)] [Rsift] WARN RsiftUiBridge load failed: URL class: JavaException
[3918|t+171753ms|ThreadId(2)] [Rsift] WARN RsiftModBridge load failed: URL class: JavaException
[3919|t+171754ms|ThreadId(2)] [warn] screen_hooks — load failed: URL class: JavaException
[3920|t+171754ms|ThreadId(2)] [Rsift] WARN RsiftUiBridge load failed: URL class: JavaException
[3921|t+171755ms|ThreadId(2)] [warn] screen_hooks — load failed: URL class: JavaException
[3922|t+172009ms|ThreadId(2)] [warn] screen_hooks — load failed: load ScreenHooks: JavaException
[3923|t+172010ms|ThreadId(2)] [Rsift] WARN RsiftUiBridge load failed: URL class: JavaException
[3924|t+172010ms|ThreadId(2)] [Rsift] WARN RsiftModBridge load failed: URL class: JavaException
[3925|t+172011ms|ThreadId(2)] [warn] screen_hooks — load failed: URL class: JavaException
[3926|t+172011ms|ThreadId(2)] [Rsift] WARN RsiftUiBridge load failed: URL class: JavaException
[3927|t+172011ms|ThreadId(2)] [warn] screen_hooks — load failed: URL class: JavaException
[3928|t+172264ms|ThreadId(2)] [warn] screen_hooks — load failed: load ScreenHooks: JavaException
[3929|t+172265ms|ThreadId(2)] [Rsift] WARN RsiftUiBridge load failed: URL class: JavaException
[3930|t+172265ms|ThreadId(2)] [Rsift] WARN RsiftModBridge load failed: URL class: JavaException
[3931|t+172266ms|ThreadId(2)] [warn] screen_hooks — load failed: URL class: JavaException
[3932|t+172266ms|ThreadId(2)] [Rsift] WARN RsiftUiBridge load failed: URL class: JavaException
[3933|t+172266ms|ThreadId(2)] [warn] screen_hooks — load failed: URL class: JavaException
[3934|t+172267ms|ThreadId(2)] [Rsift] WARN RsiftModBridge load failed: URL class: JavaException
[3935|t+172521ms|ThreadId(2)] [warn] screen_hooks — load failed: load ScreenHooks: JavaException
[3936|t+172522ms|ThreadId(2)] [Rsift] WARN RsiftUiBridge load failed: URL class: JavaException
[3937|t+172522ms|ThreadId(2)] [Rsift] WARN RsiftModBridge load failed: URL class: JavaException
[3938|t+172523ms|ThreadId(2)] [warn] screen_hooks — load failed: URL class: JavaException
[3939|t+172523ms|ThreadId(2)] [Rsift] WARN RsiftUiBridge load failed: URL class: JavaException
[3940|t+172524ms|ThreadId(2)] [warn] screen_hooks — load failed: URL class: JavaException
[3941|t+172777ms|ThreadId(2)] [warn] screen_hooks — load failed: load ScreenHooks: JavaException
[3942|t+172778ms|ThreadId(2)] [Rsift] WARN RsiftUiBridge load failed: URL class: JavaException
[3943|t+172778ms|ThreadId(2)] [Rsift] WARN RsiftModBridge load failed: URL class: JavaException
[3944|t+172779ms|ThreadId(2)] [warn] screen_hooks — load failed: URL class: JavaException
[3945|t+172779ms|ThreadId(2)] [Rsift] WARN RsiftUiBridge load failed: URL class: JavaException
[3946|t+172780ms|ThreadId(2)] [warn] screen_hooks — load failed: URL class: JavaException
[3947|t+173033ms|ThreadId(2)] [warn] screen_hooks — load failed: load ScreenHooks: JavaException
[3948|t+173034ms|ThreadId(2)] [Rsift] WARN RsiftUiBridge load failed: URL class: JavaException
[3949|t+173035ms|ThreadId(2)] [Rsift] WARN RsiftModBridge load failed: URL class: JavaException
[3950|t+173036ms|ThreadId(2)] [warn] screen_hooks — load failed: URL class: JavaException
[3951|t+173036ms|ThreadId(2)] [Rsift] WARN RsiftUiBridge load failed: URL class: JavaException
[3952|t+173037ms|ThreadId(2)] [warn] screen_hooks — load failed: URL class: JavaException
[3953|t+173291ms|ThreadId(2)] [warn] screen_hooks — load failed: load ScreenHooks: JavaException
[3954|t+173291ms|ThreadId(2)] [Rsift] WARN RsiftUiBridge load failed: URL class: JavaException
[3955|t+173292ms|ThreadId(2)] [Rsift] WARN RsiftModBridge load failed: URL class: JavaException
[3956|t+173292ms|ThreadId(2)] [warn] screen_hooks — load failed: URL class: JavaException
[3957|t+173293ms|ThreadId(2)] [Rsift] WARN RsiftUiBridge load failed: URL class: JavaException
[3958|t+173293ms|ThreadId(2)] [warn] screen_hooks — load failed: URL class: JavaException
[3959|t+173294ms|ThreadId(2)] [Rsift] WARN RsiftModBridge load failed: URL class: JavaException
[3960|t+173550ms|ThreadId(2)] [warn] screen_hooks — load failed: load ScreenHooks: JavaException
[3961|t+173551ms|ThreadId(2)] [Rsift] WARN RsiftUiBridge load failed: URL class: JavaException
[3962|t+173551ms|ThreadId(2)] [Rsift] WARN RsiftModBridge load failed: URL class: JavaException
[3963|t+173554ms|ThreadId(2)] [warn] screen_hooks — load failed: URL class: JavaException
[3964|t+173554ms|ThreadId(2)] [Rsift] WARN RsiftUiBridge load failed: URL class: JavaException
[3965|t+173555ms|ThreadId(2)] [warn] screen_hooks — load failed: URL class: JavaException
[3966|t+173879ms|ThreadId(2)] [warn] screen_hooks — load failed: load ScreenHooks: JavaException
[3967|t+173879ms|ThreadId(2)] [Rsift] WARN RsiftUiBridge load failed: URL class: JavaException
[3968|t+173895ms|ThreadId(2)] [Rsift] WARN RsiftModBridge load failed: URL class: JavaException
[3969|t+173895ms|ThreadId(2)] [warn] screen_hooks — load failed: URL class: JavaException
[3970|t+173896ms|ThreadId(2)] [Rsift] WARN RsiftUiBridge load failed: URL class: JavaException
[3971|t+173896ms|ThreadId(2)] [warn] screen_hooks — load failed: URL class: JavaException
[3972|t+174149ms|ThreadId(2)] [warn] screen_hooks — load failed: load ScreenHooks: JavaException
[3973|t+174150ms|ThreadId(2)] [Rsift] WARN RsiftUiBridge load failed: URL class: JavaException
[3974|t+174151ms|ThreadId(2)] [Rsift] WARN RsiftModBridge load failed: URL class: JavaException
[3975|t+174151ms|ThreadId(2)] [warn] screen_hooks — load failed: URL class: JavaException
[3976|t+174152ms|ThreadId(2)] [Rsift] WARN RsiftUiBridge load failed: URL class: JavaException
[3977|t+174152ms|ThreadId(2)] [warn] screen_hooks — load failed: URL class: JavaException
[3978|t+174407ms|ThreadId(2)] [warn] screen_hooks — load failed: load ScreenHooks: JavaException
[3979|t+174408ms|ThreadId(2)] [Rsift] WARN RsiftUiBridge load failed: URL class: JavaException
[3980|t+174408ms|ThreadId(2)] [Rsift] WARN RsiftModBridge load failed: URL class: JavaException
[3981|t+174408ms|ThreadId(2)] [warn] screen_hooks — load failed: URL class: JavaException
[3982|t+174409ms|ThreadId(2)] [Rsift] WARN RsiftUiBridge load failed: URL class: JavaException
[3983|t+174409ms|ThreadId(2)] [warn] screen_hooks — load failed: URL class: JavaException
[3984|t+174410ms|ThreadId(2)] [Rsift] WARN RsiftModBridge load failed: URL class: JavaException
[3985|t+174663ms|ThreadId(2)] [warn] screen_hooks — load failed: load ScreenHooks: JavaException
[3986|t+174664ms|ThreadId(2)] [Rsift] WARN RsiftUiBridge load failed: URL class: JavaException
[3987|t+174664ms|ThreadId(2)] [Rsift] WARN RsiftModBridge load failed: URL class: JavaException
[3988|t+174664ms|ThreadId(2)] [warn] screen_hooks — load failed: URL class: JavaException
[3989|t+174665ms|ThreadId(2)] [Rsift] WARN RsiftUiBridge load failed: URL class: JavaException
[3990|t+174665ms|ThreadId(2)] [warn] screen_hooks — load failed: URL class: JavaException
[3991|t+174918ms|ThreadId(2)] [warn] screen_hooks — load failed: load ScreenHooks: JavaException
[3992|t+174918ms|ThreadId(2)] [Rsift] WARN RsiftUiBridge load failed: URL class: JavaException
[3993|t+174919ms|ThreadId(2)] [Rsift] WARN RsiftModBridge load failed: URL class: JavaException
[3994|t+174919ms|ThreadId(2)] [warn] screen_hooks — load failed: URL class: JavaException
[3995|t+174919ms|ThreadId(2)] [Rsift] WARN RsiftUiBridge load failed: URL class: JavaException
[3996|t+174920ms|ThreadId(2)] [warn] screen_hooks — load failed: URL class: JavaException
[3997|t+175174ms|ThreadId(2)] [warn] screen_hooks — load failed: load ScreenHooks: JavaException
[3998|t+175174ms|ThreadId(2)] [Rsift] WARN RsiftUiBridge load failed: URL class: JavaException
[3999|t+175175ms|ThreadId(2)] [Rsift] WARN RsiftModBridge load failed: URL class: JavaException
[4000|t+175175ms|ThreadId(2)] [warn] screen_hooks — load failed: URL class: JavaException
[4001|t+175176ms|ThreadId(2)] [Rsift] WARN RsiftUiBridge load failed: URL class: JavaException
[4002|t+175176ms|ThreadId(2)] [warn] screen_hooks — load failed: URL class: JavaException
[4003|t+175445ms|ThreadId(2)] [warn] screen_hooks — load failed: load ScreenHooks: JavaException
[4004|t+175445ms|ThreadId(2)] [Rsift] WARN RsiftUiBridge load failed: URL class: JavaException
[4005|t+175446ms|ThreadId(2)] [Rsift] WARN RsiftModBridge load failed: URL class: JavaException
[4006|t+175446ms|ThreadId(2)] [warn] screen_hooks — load failed: URL class: JavaException
[4007|t+175447ms|ThreadId(2)] [Rsift] WARN RsiftUiBridge load failed: URL class: JavaException
[4008|t+175447ms|ThreadId(2)] [warn] screen_hooks — load failed: URL class: JavaException
[4009|t+175448ms|ThreadId(2)] [Rsift] WARN RsiftModBridge load failed: URL class: JavaException
[4010|t+175700ms|ThreadId(2)] [warn] screen_hooks — load failed: load ScreenHooks: JavaException
[4011|t+175701ms|ThreadId(2)] [Rsift] WARN RsiftUiBridge load failed: URL class: JavaException
[4012|t+175702ms|ThreadId(2)] [Rsift] WARN RsiftModBridge load failed: URL class: JavaException
[4013|t+175702ms|ThreadId(2)] [warn] screen_hooks — load failed: URL class: JavaException
[4014|t+175703ms|ThreadId(2)] [Rsift] WARN RsiftUiBridge load failed: URL class: JavaException
[4015|t+175703ms|ThreadId(2)] [warn] screen_hooks — load failed: URL class: JavaException
[4016|t+175967ms|ThreadId(2)] [warn] screen_hooks — load failed: load ScreenHooks: JavaException
[4017|t+175968ms|ThreadId(2)] [Rsift] WARN RsiftUiBridge load failed: URL class: JavaException
[4018|t+175968ms|ThreadId(2)] [Rsift] WARN RsiftModBridge load failed: URL class: JavaException
[4019|t+175972ms|ThreadId(2)] [warn] screen_hooks — load failed: URL class: JavaException
[4020|t+175974ms|ThreadId(2)] [Rsift] WARN RsiftUiBridge load failed: URL class: JavaException
[4021|t+175974ms|ThreadId(2)] [warn] screen_hooks — load failed: URL class: JavaException
[4022|t+176227ms|ThreadId(2)] [warn] screen_hooks — load failed: load ScreenHooks: JavaException
[4023|t+176227ms|ThreadId(2)] [Rsift] WARN RsiftUiBridge load failed: URL class: JavaException
[4024|t+176228ms|ThreadId(2)] [Rsift] WARN RsiftModBridge load failed: URL class: JavaException
[4025|t+176228ms|ThreadId(2)] [warn] screen_hooks — load failed: URL class: JavaException
[4026|t+176228ms|ThreadId(2)] [Rsift] WARN RsiftUiBridge load failed: URL class: JavaException
[4027|t+176229ms|ThreadId(2)] [warn] screen_hooks — load failed: URL class: JavaException
[4028|t+176482ms|ThreadId(2)] [warn] screen_hooks — load failed: load ScreenHooks: JavaException
[4029|t+176482ms|ThreadId(2)] [Rsift] WARN RsiftUiBridge load failed: URL class: JavaException
[4030|t+176483ms|ThreadId(2)] [Rsift] WARN RsiftModBridge load failed: URL class: JavaException
[4031|t+176483ms|ThreadId(2)] [warn] screen_hooks — load failed: URL class: JavaException
[4032|t+176483ms|ThreadId(2)] [Rsift] WARN RsiftUiBridge load failed: URL class: JavaException
[4033|t+176484ms|ThreadId(2)] [warn] screen_hooks — load failed: URL class: JavaException
[4034|t+176485ms|ThreadId(2)] [Rsift] WARN RsiftModBridge load failed: URL class: JavaException
[4035|t+176738ms|ThreadId(2)] [warn] screen_hooks — load failed: load ScreenHooks: JavaException
[4036|t+176739ms|ThreadId(2)] [Rsift] WARN RsiftUiBridge load failed: URL class: JavaException
[4037|t+176739ms|ThreadId(2)] [Rsift] WARN RsiftModBridge load failed: URL class: JavaException
[4038|t+176740ms|ThreadId(2)] [warn] screen_hooks — load failed: URL class: JavaException
[4039|t+176740ms|ThreadId(2)] [Rsift] WARN RsiftUiBridge load failed: URL class: JavaException
[4040|t+176741ms|ThreadId(2)] [warn] screen_hooks — load failed: URL class: JavaException
[4041|t+176994ms|ThreadId(2)] [warn] screen_hooks — load failed: load ScreenHooks: JavaException
[4042|t+176995ms|ThreadId(2)] [Rsift] WARN RsiftUiBridge load failed: URL class: JavaException
[4043|t+176996ms|ThreadId(2)] [Rsift] WARN RsiftModBridge load failed: URL class: JavaException
[4044|t+176996ms|ThreadId(2)] [warn] screen_hooks — load failed: URL class: JavaException
[4045|t+176996ms|ThreadId(2)] [Rsift] WARN RsiftUiBridge load failed: URL class: JavaException
[4046|t+176997ms|ThreadId(2)] [warn] screen_hooks — load failed: URL class: JavaException
[4047|t+177249ms|ThreadId(2)] [warn] screen_hooks — load failed: load ScreenHooks: JavaException
[4048|t+177250ms|ThreadId(2)] [Rsift] WARN RsiftUiBridge load failed: URL class: JavaException
[4049|t+177250ms|ThreadId(2)] [Rsift] WARN RsiftModBridge load failed: URL class: JavaException
[4050|t+177251ms|ThreadId(2)] [warn] screen_hooks — load failed: URL class: JavaException
[4051|t+177251ms|ThreadId(2)] [Rsift] WARN RsiftUiBridge load failed: URL class: JavaException
[4052|t+177251ms|ThreadId(2)] [warn] screen_hooks — load failed: URL class: JavaException
[4053|t+177504ms|ThreadId(2)] [warn] screen_hooks — load failed: load ScreenHooks: JavaException
[4054|t+177505ms|ThreadId(2)] [Rsift] WARN RsiftUiBridge load failed: URL class: JavaException
[4055|t+177505ms|ThreadId(2)] [Rsift] WARN RsiftModBridge load failed: URL class: JavaException
[4056|t+177506ms|ThreadId(2)] [warn] screen_hooks — load failed: URL class: JavaException
[4057|t+177506ms|ThreadId(2)] [Rsift] WARN RsiftUiBridge load failed: URL class: JavaException
[4058|t+177507ms|ThreadId(2)] [warn] screen_hooks — load failed: URL class: JavaException
[4059|t+177508ms|ThreadId(2)] [Rsift] WARN RsiftModBridge load failed: URL class: JavaException
[4060|t+177761ms|ThreadId(2)] [warn] screen_hooks — load failed: load ScreenHooks: JavaException
[4061|t+177761ms|ThreadId(2)] [Rsift] WARN RsiftUiBridge load failed: URL class: JavaException
[4062|t+177762ms|ThreadId(2)] [Rsift] WARN RsiftModBridge load failed: URL class: JavaException
[4063|t+177762ms|ThreadId(2)] [warn] screen_hooks — load failed: URL class: JavaException
[4064|t+177763ms|ThreadId(2)] [Rsift] WARN RsiftUiBridge load failed: URL class: JavaException
[4065|t+177763ms|ThreadId(2)] [warn] screen_hooks — load failed: URL class: JavaException
[4066|t+178016ms|ThreadId(2)] [warn] screen_hooks — load failed: load ScreenHooks: JavaException
[4067|t+178017ms|ThreadId(2)] [Rsift] WARN RsiftUiBridge load failed: URL class: JavaException
[4068|t+178018ms|ThreadId(2)] [Rsift] WARN RsiftModBridge load failed: URL class: JavaException
[4069|t+178018ms|ThreadId(2)] [warn] screen_hooks — load failed: URL class: JavaException
[4070|t+178019ms|ThreadId(2)] [Rsift] WARN RsiftUiBridge load failed: URL class: JavaException
[4071|t+178019ms|ThreadId(2)] [warn] screen_hooks — load failed: URL class: JavaException
[4072|t+178272ms|ThreadId(2)] [warn] screen_hooks — load failed: load ScreenHooks: JavaException
[4073|t+178273ms|ThreadId(2)] [Rsift] WARN RsiftUiBridge load failed: URL class: JavaException
[4074|t+178273ms|ThreadId(2)] [Rsift] WARN RsiftModBridge load failed: URL class: JavaException
[4075|t+178274ms|ThreadId(2)] [warn] screen_hooks — load failed: URL class: JavaException
[4076|t+178274ms|ThreadId(2)] [Rsift] WARN RsiftUiBridge load failed: URL class: JavaException
[4077|t+178275ms|ThreadId(2)] [warn] screen_hooks — load failed: URL class: JavaException
[4078|t+178527ms|ThreadId(2)] [warn] screen_hooks — load failed: load ScreenHooks: JavaException
[4079|t+178528ms|ThreadId(2)] [Rsift] WARN RsiftUiBridge load failed: URL class: JavaException
[4080|t+178528ms|ThreadId(2)] [Rsift] WARN RsiftModBridge load failed: URL class: JavaException
[4081|t+178529ms|ThreadId(2)] [warn] screen_hooks — load failed: URL class: JavaException
[4082|t+178529ms|ThreadId(2)] [Rsift] WARN RsiftUiBridge load failed: URL class: JavaException
[4083|t+178530ms|ThreadId(2)] [warn] screen_hooks — load failed: URL class: JavaException
[4084|t+178531ms|ThreadId(2)] [Rsift] WARN RsiftModBridge load failed: URL class: JavaException
[4085|t+178784ms|ThreadId(2)] [warn] screen_hooks — load failed: load ScreenHooks: JavaException
[4086|t+178785ms|ThreadId(2)] [Rsift] WARN RsiftUiBridge load failed: URL class: JavaException
[4087|t+178785ms|ThreadId(2)] [Rsift] WARN RsiftModBridge load failed: URL class: JavaException
[4088|t+178785ms|ThreadId(2)] [warn] screen_hooks — load failed: URL class: JavaException
[4089|t+178785ms|ThreadId(2)] [Rsift] WARN RsiftUiBridge load failed: URL class: JavaException
[4090|t+178786ms|ThreadId(2)] [warn] screen_hooks — load failed: URL class: JavaException
[4091|t+179039ms|ThreadId(2)] [warn] screen_hooks — load failed: load ScreenHooks: JavaException
[4092|t+179039ms|ThreadId(2)] [Rsift] WARN RsiftUiBridge load failed: URL class: JavaException
[4093|t+179040ms|ThreadId(2)] [Rsift] WARN RsiftModBridge load failed: URL class: JavaException
[4094|t+179041ms|ThreadId(2)] [warn] screen_hooks — load failed: URL class: JavaException
[4095|t+179041ms|ThreadId(2)] [Rsift] WARN RsiftUiBridge load failed: URL class: JavaException
[4096|t+179041ms|ThreadId(2)] [warn] screen_hooks — load failed: URL class: JavaException
[4097|t+179296ms|ThreadId(2)] [warn] screen_hooks — load failed: load ScreenHooks: JavaException
[4098|t+179296ms|ThreadId(2)] [Rsift] WARN RsiftUiBridge load failed: URL class: JavaException
[4099|t+179297ms|ThreadId(2)] [Rsift] WARN RsiftModBridge load failed: URL class: JavaException
[4100|t+179297ms|ThreadId(2)] [warn] screen_hooks — load failed: URL class: JavaException
[4101|t+179297ms|ThreadId(2)] [Rsift] WARN RsiftUiBridge load failed: URL class: JavaException
[4102|t+179298ms|ThreadId(2)] [warn] screen_hooks — load failed: URL class: JavaException
[4103|t+179551ms|ThreadId(2)] [warn] screen_hooks — load failed: load ScreenHooks: JavaException
[4104|t+179552ms|ThreadId(2)] [Rsift] WARN RsiftUiBridge load failed: URL class: JavaException
[4105|t+179552ms|ThreadId(2)] [Rsift] WARN RsiftModBridge load failed: URL class: JavaException
[4106|t+179553ms|ThreadId(2)] [warn] screen_hooks — load failed: URL class: JavaException
[4107|t+179553ms|ThreadId(2)] [Rsift] WARN RsiftUiBridge load failed: URL class: JavaException
[4108|t+179554ms|ThreadId(2)] [warn] screen_hooks — load failed: URL class: JavaException
[4109|t+179554ms|ThreadId(2)] [Rsift] WARN RsiftModBridge load failed: URL class: JavaException
[4110|t+179807ms|ThreadId(2)] [warn] screen_hooks — load failed: load ScreenHooks: JavaException
[4111|t+179808ms|ThreadId(2)] [Rsift] WARN RsiftUiBridge load failed: URL class: JavaException
[4112|t+179809ms|ThreadId(2)] [Rsift] WARN RsiftModBridge load failed: URL class: JavaException
[4113|t+179809ms|ThreadId(2)] [warn] screen_hooks — load failed: URL class: JavaException
[4114|t+179810ms|ThreadId(2)] [Rsift] WARN RsiftUiBridge load failed: URL class: JavaException
[4115|t+179810ms|ThreadId(2)] [warn] screen_hooks — load failed: URL class: JavaException
[4116|t+180064ms|ThreadId(2)] [warn] screen_hooks — load failed: load ScreenHooks: JavaException
[4117|t+180064ms|ThreadId(2)] [Rsift] WARN RsiftUiBridge load failed: URL class: JavaException
[4118|t+180065ms|ThreadId(2)] [Rsift] WARN RsiftModBridge load failed: URL class: JavaException
[4119|t+180065ms|ThreadId(2)] [warn] screen_hooks — load failed: URL class: JavaException
[4120|t+180065ms|ThreadId(2)] [Rsift] WARN RsiftUiBridge load failed: URL class: JavaException
[4121|t+180066ms|ThreadId(2)] [warn] screen_hooks — load failed: URL class: JavaException
[4122|t+180319ms|ThreadId(2)] [warn] screen_hooks — load failed: load ScreenHooks: JavaException
[4123|t+180320ms|ThreadId(2)] [Rsift] WARN RsiftUiBridge load failed: URL class: JavaException
[4124|t+180320ms|ThreadId(2)] [Rsift] WARN RsiftModBridge load failed: URL class: JavaException
[4125|t+180321ms|ThreadId(2)] [warn] screen_hooks — load failed: URL class: JavaException
[4126|t+180321ms|ThreadId(2)] [Rsift] WARN RsiftUiBridge load failed: URL class: JavaException
[4127|t+180321ms|ThreadId(2)] [warn] screen_hooks — load failed: URL class: JavaException
[4128|t+180577ms|ThreadId(2)] [warn] screen_hooks — load failed: load ScreenHooks: JavaException
[4129|t+180577ms|ThreadId(2)] [Rsift] WARN RsiftUiBridge load failed: URL class: JavaException
[4130|t+180578ms|ThreadId(2)] [Rsift] WARN RsiftModBridge load failed: URL class: JavaException
[4131|t+180578ms|ThreadId(2)] [warn] screen_hooks — load failed: URL class: JavaException
[4132|t+180579ms|ThreadId(2)] [Rsift] WARN RsiftUiBridge load failed: URL class: JavaException
[4133|t+180579ms|ThreadId(2)] [warn] screen_hooks — load failed: URL class: JavaException
[4134|t+180580ms|ThreadId(2)] [Rsift] WARN RsiftModBridge load failed: URL class: JavaException
[4135|t+180833ms|ThreadId(2)] [warn] screen_hooks — load failed: load ScreenHooks: JavaException
[4136|t+180834ms|ThreadId(2)] [Rsift] WARN RsiftUiBridge load failed: URL class: JavaException
[4137|t+180834ms|ThreadId(2)] [Rsift] WARN RsiftModBridge load failed: URL class: JavaException
[4138|t+180835ms|ThreadId(2)] [warn] screen_hooks — load failed: URL class: JavaException
[4139|t+180835ms|ThreadId(2)] [Rsift] WARN RsiftUiBridge load failed: URL class: JavaException
[4140|t+180836ms|ThreadId(2)] [warn] screen_hooks — load failed: URL class: JavaException
[4141|t+181089ms|ThreadId(2)] [warn] screen_hooks — load failed: load ScreenHooks: JavaException
[4142|t+181089ms|ThreadId(2)] [Rsift] WARN RsiftUiBridge load failed: URL class: JavaException
[4143|t+181090ms|ThreadId(2)] [Rsift] WARN RsiftModBridge load failed: URL class: JavaException
[4144|t+181090ms|ThreadId(2)] [warn] screen_hooks — load failed: URL class: JavaException
[4145|t+181091ms|ThreadId(2)] [Rsift] WARN RsiftUiBridge load failed: URL class: JavaException
[4146|t+181091ms|ThreadId(2)] [warn] screen_hooks — load failed: URL class: JavaException
[4147|t+181344ms|ThreadId(2)] [warn] screen_hooks — load failed: load ScreenHooks: JavaException
[4148|t+181344ms|ThreadId(2)] [Rsift] WARN RsiftUiBridge load failed: URL class: JavaException
[4149|t+181345ms|ThreadId(2)] [Rsift] WARN RsiftModBridge load failed: URL class: JavaException
[4150|t+181345ms|ThreadId(2)] [warn] screen_hooks — load failed: URL class: JavaException
[4151|t+181346ms|ThreadId(2)] [Rsift] WARN RsiftUiBridge load failed: URL class: JavaException
[4152|t+181346ms|ThreadId(2)] [warn] screen_hooks — load failed: URL class: JavaException
[4153|t+181603ms|ThreadId(2)] [warn] screen_hooks — load failed: load ScreenHooks: JavaException
[4154|t+181603ms|ThreadId(2)] [Rsift] WARN RsiftUiBridge load failed: URL class: JavaException
[4155|t+181604ms|ThreadId(2)] [Rsift] WARN RsiftModBridge load failed: URL class: JavaException
[4156|t+181604ms|ThreadId(2)] [warn] screen_hooks — load failed: URL class: JavaException
[4157|t+181604ms|ThreadId(2)] [Rsift] WARN RsiftUiBridge load failed: URL class: JavaException
[4158|t+181605ms|ThreadId(2)] [warn] screen_hooks — load failed: URL class: JavaException
[4159|t+181606ms|ThreadId(2)] [Rsift] WARN RsiftModBridge load failed: URL class: JavaException
[4160|t+181863ms|ThreadId(2)] [warn] screen_hooks — load failed: load ScreenHooks: JavaException
[4161|t+181864ms|ThreadId(2)] [Rsift] WARN RsiftUiBridge load failed: URL class: JavaException
[4162|t+181864ms|ThreadId(2)] [Rsift] WARN RsiftModBridge load failed: URL class: JavaException
[4163|t+181865ms|ThreadId(2)] [warn] screen_hooks — load failed: URL class: JavaException
[4164|t+181865ms|ThreadId(2)] [Rsift] WARN RsiftUiBridge load failed: URL class: JavaException
[4165|t+181866ms|ThreadId(2)] [warn] screen_hooks — load failed: URL class: JavaException
[4166|t+182119ms|ThreadId(2)] [warn] screen_hooks — load failed: load ScreenHooks: JavaException
[4167|t+182120ms|ThreadId(2)] [Rsift] WARN RsiftUiBridge load failed: URL class: JavaException
[4168|t+182120ms|ThreadId(2)] [Rsift] WARN RsiftModBridge load failed: URL class: JavaException
[4169|t+182121ms|ThreadId(2)] [warn] screen_hooks — load failed: URL class: JavaException
[4170|t+182121ms|ThreadId(2)] [Rsift] WARN RsiftUiBridge load failed: URL class: JavaException
[4171|t+182121ms|ThreadId(2)] [warn] screen_hooks — load failed: URL class: JavaException
[4172|t+182375ms|ThreadId(2)] [warn] screen_hooks — load failed: load ScreenHooks: JavaException
[4173|t+182376ms|ThreadId(2)] [Rsift] WARN RsiftUiBridge load failed: URL class: JavaException
[4174|t+182376ms|ThreadId(2)] [Rsift] WARN RsiftModBridge load failed: URL class: JavaException
[4175|t+182376ms|ThreadId(2)] [warn] screen_hooks — load failed: URL class: JavaException
[4176|t+182377ms|ThreadId(2)] [Rsift] WARN RsiftUiBridge load failed: URL class: JavaException
[4177|t+182377ms|ThreadId(2)] [warn] screen_hooks — load failed: URL class: JavaException
[4178|t+182630ms|ThreadId(2)] [warn] screen_hooks — load failed: load ScreenHooks: JavaException
[4179|t+182631ms|ThreadId(2)] [Rsift] WARN RsiftUiBridge load failed: URL class: JavaException
[4180|t+182631ms|ThreadId(2)] [Rsift] WARN RsiftModBridge load failed: URL class: JavaException
[4181|t+182632ms|ThreadId(2)] [warn] screen_hooks — load failed: URL class: JavaException
[4182|t+182633ms|ThreadId(2)] [Rsift] WARN RsiftUiBridge load failed: URL class: JavaException
[4183|t+182633ms|ThreadId(2)] [warn] screen_hooks — load failed: URL class: JavaException
[4184|t+182634ms|ThreadId(2)] [Rsift] WARN RsiftModBridge load failed: URL class: JavaException
[4185|t+182888ms|ThreadId(2)] [warn] screen_hooks — load failed: load ScreenHooks: JavaException
[4186|t+182888ms|ThreadId(2)] [Rsift] WARN RsiftUiBridge load failed: URL class: JavaException
[4187|t+182889ms|ThreadId(2)] [Rsift] WARN RsiftModBridge load failed: URL class: JavaException
[4188|t+182889ms|ThreadId(2)] [warn] screen_hooks — load failed: URL class: JavaException
[4189|t+182890ms|ThreadId(2)] [Rsift] WARN RsiftUiBridge load failed: URL class: JavaException
[4190|t+182890ms|ThreadId(2)] [warn] screen_hooks — load failed: URL class: JavaException
[4191|t+183143ms|ThreadId(2)] [warn] screen_hooks — load failed: load ScreenHooks: JavaException
[4192|t+183144ms|ThreadId(2)] [Rsift] WARN RsiftUiBridge load failed: URL class: JavaException
[4193|t+183144ms|ThreadId(2)] [Rsift] WARN RsiftModBridge load failed: URL class: JavaException
[4194|t+183145ms|ThreadId(2)] [warn] screen_hooks — load failed: URL class: JavaException
[4195|t+183145ms|ThreadId(2)] [Rsift] WARN RsiftUiBridge load failed: URL class: JavaException
[4196|t+183145ms|ThreadId(2)] [warn] screen_hooks — load failed: URL class: JavaException
[4197|t+183399ms|ThreadId(2)] [warn] screen_hooks — load failed: load ScreenHooks: JavaException
[4198|t+183399ms|ThreadId(2)] [Rsift] WARN RsiftUiBridge load failed: URL class: JavaException
[4199|t+183400ms|ThreadId(2)] [Rsift] WARN RsiftModBridge load failed: URL class: JavaException
[4200|t+183400ms|ThreadId(2)] [warn] screen_hooks — load failed: URL class: JavaException
[4201|t+183400ms|ThreadId(2)] [Rsift] WARN RsiftUiBridge load failed: URL class: JavaException
[4202|t+183401ms|ThreadId(2)] [warn] screen_hooks — load failed: URL class: JavaException
[4203|t+183654ms|ThreadId(2)] [warn] screen_hooks — load failed: load ScreenHooks: JavaException
[4204|t+183655ms|ThreadId(2)] [Rsift] WARN RsiftUiBridge load failed: URL class: JavaException
[4205|t+183655ms|ThreadId(2)] [Rsift] WARN RsiftModBridge load failed: URL class: JavaException
[4206|t+183655ms|ThreadId(2)] [warn] screen_hooks — load failed: URL class: JavaException
[4207|t+183656ms|ThreadId(2)] [Rsift] WARN RsiftUiBridge load failed: URL class: JavaException
[4208|t+183656ms|ThreadId(2)] [warn] screen_hooks — load failed: URL class: JavaException
[4209|t+183657ms|ThreadId(2)] [Rsift] WARN RsiftModBridge load failed: URL class: JavaException
[4210|t+183910ms|ThreadId(2)] [warn] screen_hooks — load failed: load ScreenHooks: JavaException
[4211|t+183910ms|ThreadId(2)] [Rsift] WARN RsiftUiBridge load failed: URL class: JavaException
[4212|t+183911ms|ThreadId(2)] [Rsift] WARN RsiftModBridge load failed: URL class: JavaException
[4213|t+183911ms|ThreadId(2)] [warn] screen_hooks — load failed: URL class: JavaException
[4214|t+183911ms|ThreadId(2)] [Rsift] WARN RsiftUiBridge load failed: URL class: JavaException
[4215|t+183912ms|ThreadId(2)] [warn] screen_hooks — load failed: URL class: JavaException
[4216|t+184164ms|ThreadId(2)] [warn] screen_hooks — load failed: load ScreenHooks: JavaException
[4217|t+184165ms|ThreadId(2)] [Rsift] WARN RsiftUiBridge load failed: URL class: JavaException
[4218|t+184166ms|ThreadId(2)] [Rsift] WARN RsiftModBridge load failed: URL class: JavaException
[4219|t+184166ms|ThreadId(2)] [warn] screen_hooks — load failed: URL class: JavaException
[4220|t+184166ms|ThreadId(2)] [Rsift] WARN RsiftUiBridge load failed: URL class: JavaException
[4221|t+184167ms|ThreadId(2)] [warn] screen_hooks — load failed: URL class: JavaException
[4222|t+184420ms|ThreadId(2)] [warn] screen_hooks — load failed: load ScreenHooks: JavaException
[4223|t+184421ms|ThreadId(2)] [Rsift] WARN RsiftUiBridge load failed: URL class: JavaException
[4224|t+184421ms|ThreadId(2)] [Rsift] WARN RsiftModBridge load failed: URL class: JavaException
[4225|t+184422ms|ThreadId(2)] [warn] screen_hooks — load failed: URL class: JavaException
[4226|t+184422ms|ThreadId(2)] [Rsift] WARN RsiftUiBridge load failed: URL class: JavaException
[4227|t+184423ms|ThreadId(2)] [warn] screen_hooks — load failed: URL class: JavaException
[4228|t+184676ms|ThreadId(2)] [warn] screen_hooks — load failed: load ScreenHooks: JavaException
[4229|t+184677ms|ThreadId(2)] [Rsift] WARN RsiftUiBridge load failed: URL class: JavaException
[4230|t+184677ms|ThreadId(2)] [Rsift] WARN RsiftModBridge load failed: URL class: JavaException
[4231|t+184678ms|ThreadId(2)] [warn] screen_hooks — load failed: URL class: JavaException
[4232|t+184678ms|ThreadId(2)] [Rsift] WARN RsiftUiBridge load failed: URL class: JavaException
[4233|t+184679ms|ThreadId(2)] [warn] screen_hooks — load failed: URL class: JavaException
[4234|t+184679ms|ThreadId(2)] [Rsift] WARN RsiftModBridge load failed: URL class: JavaException
[4235|t+184932ms|ThreadId(2)] [warn] screen_hooks — load failed: load ScreenHooks: JavaException
[4236|t+184933ms|ThreadId(2)] [Rsift] WARN RsiftUiBridge load failed: URL class: JavaException
[4237|t+184933ms|ThreadId(2)] [Rsift] WARN RsiftModBridge load failed: URL class: JavaException
[4238|t+184933ms|ThreadId(2)] [warn] screen_hooks — load failed: URL class: JavaException
[4239|t+184934ms|ThreadId(2)] [Rsift] WARN RsiftUiBridge load failed: URL class: JavaException
[4240|t+184934ms|ThreadId(2)] [warn] screen_hooks — load failed: URL class: JavaException
[4241|t+185188ms|ThreadId(2)] [warn] screen_hooks — load failed: load ScreenHooks: JavaException
[4242|t+185188ms|ThreadId(2)] [Rsift] WARN RsiftUiBridge load failed: URL class: JavaException
[4243|t+185189ms|ThreadId(2)] [Rsift] WARN RsiftModBridge load failed: URL class: JavaException
[4244|t+185189ms|ThreadId(2)] [warn] screen_hooks — load failed: URL class: JavaException
[4245|t+185190ms|ThreadId(2)] [Rsift] WARN RsiftUiBridge load failed: URL class: JavaException
[4246|t+185190ms|ThreadId(2)] [warn] screen_hooks — load failed: URL class: JavaException
[4247|t+185443ms|ThreadId(2)] [warn] screen_hooks — load failed: load ScreenHooks: JavaException
[4248|t+185444ms|ThreadId(2)] [Rsift] WARN RsiftUiBridge load failed: URL class: JavaException
[4249|t+185444ms|ThreadId(2)] [Rsift] WARN RsiftModBridge load failed: URL class: JavaException
[4250|t+185445ms|ThreadId(2)] [warn] screen_hooks — load failed: URL class: JavaException
[4251|t+185445ms|ThreadId(2)] [Rsift] WARN RsiftUiBridge load failed: URL class: JavaException
[4252|t+185445ms|ThreadId(2)] [warn] screen_hooks — load failed: URL class: JavaException
[4253|t+185699ms|ThreadId(2)] [warn] screen_hooks — load failed: load ScreenHooks: JavaException
[4254|t+185699ms|ThreadId(2)] [Rsift] WARN RsiftUiBridge load failed: URL class: JavaException
[4255|t+185700ms|ThreadId(2)] [Rsift] WARN RsiftModBridge load failed: URL class: JavaException
[4256|t+185701ms|ThreadId(2)] [warn] screen_hooks — load failed: URL class: JavaException
[4257|t+185701ms|ThreadId(2)] [Rsift] WARN RsiftUiBridge load failed: URL class: JavaException
[4258|t+185701ms|ThreadId(2)] [warn] screen_hooks — load failed: URL class: JavaException
[4259|t+185702ms|ThreadId(2)] [Rsift] WARN RsiftModBridge load failed: URL class: JavaException
[4260|t+185955ms|ThreadId(2)] [warn] screen_hooks — load failed: load ScreenHooks: JavaException
[4261|t+185956ms|ThreadId(2)] [Rsift] WARN RsiftUiBridge load failed: URL class: JavaException
[4262|t+185956ms|ThreadId(2)] [Rsift] WARN RsiftModBridge load failed: URL class: JavaException
[4263|t+185957ms|ThreadId(2)] [warn] screen_hooks — load failed: URL class: JavaException
[4264|t+185957ms|ThreadId(2)] [Rsift] WARN RsiftUiBridge load failed: URL class: JavaException
[4265|t+185958ms|ThreadId(2)] [warn] screen_hooks — load failed: URL class: JavaException
[4266|t+186211ms|ThreadId(2)] [warn] screen_hooks — load failed: load ScreenHooks: JavaException
[4267|t+186211ms|ThreadId(2)] [Rsift] WARN RsiftUiBridge load failed: URL class: JavaException
[4268|t+186211ms|ThreadId(2)] [Rsift] WARN RsiftModBridge load failed: URL class: JavaException
[4269|t+186212ms|ThreadId(2)] [warn] screen_hooks — load failed: URL class: JavaException
[4270|t+186212ms|ThreadId(2)] [Rsift] WARN RsiftUiBridge load failed: URL class: JavaException
[4271|t+186213ms|ThreadId(2)] [warn] screen_hooks — load failed: URL class: JavaException
[4272|t+186466ms|ThreadId(2)] [warn] screen_hooks — load failed: load ScreenHooks: JavaException
[4273|t+186466ms|ThreadId(2)] [Rsift] WARN RsiftUiBridge load failed: URL class: JavaException
[4274|t+186467ms|ThreadId(2)] [Rsift] WARN RsiftModBridge load failed: URL class: JavaException
[4275|t+186467ms|ThreadId(2)] [warn] screen_hooks — load failed: URL class: JavaException
[4276|t+186468ms|ThreadId(2)] [Rsift] WARN RsiftUiBridge load failed: URL class: JavaException
[4277|t+186468ms|ThreadId(2)] [warn] screen_hooks — load failed: URL class: JavaException
[4278|t+186768ms|ThreadId(2)] [warn] screen_hooks — load failed: load ScreenHooks: JavaException
[4279|t+186769ms|ThreadId(2)] [Rsift] WARN RsiftUiBridge load failed: URL class: JavaException
[4280|t+186770ms|ThreadId(2)] [Rsift] WARN RsiftModBridge load failed: URL class: JavaException
[4281|t+186773ms|ThreadId(2)] [warn] screen_hooks — load failed: URL class: JavaException
[4282|t+186774ms|ThreadId(2)] [Rsift] WARN RsiftUiBridge load failed: URL class: JavaException
[4283|t+186776ms|ThreadId(2)] [warn] screen_hooks — load failed: URL class: JavaException
[4284|t+186777ms|ThreadId(2)] [Rsift] WARN RsiftModBridge load failed: URL class: JavaException
[4285|t+187030ms|ThreadId(2)] [warn] screen_hooks — load failed: load ScreenHooks: JavaException
[4286|t+187031ms|ThreadId(2)] [Rsift] WARN RsiftUiBridge load failed: URL class: JavaException
[4287|t+187031ms|ThreadId(2)] [Rsift] WARN RsiftModBridge load failed: URL class: JavaException
[4288|t+187032ms|ThreadId(2)] [warn] screen_hooks — load failed: URL class: JavaException
[4289|t+187032ms|ThreadId(2)] [Rsift] WARN RsiftUiBridge load failed: URL class: JavaException
[4290|t+187032ms|ThreadId(2)] [warn] screen_hooks — load failed: URL class: JavaException
[4291|t+187286ms|ThreadId(2)] [warn] screen_hooks — load failed: load ScreenHooks: JavaException
[4292|t+187286ms|ThreadId(2)] [Rsift] WARN RsiftUiBridge load failed: URL class: JavaException
[4293|t+187287ms|ThreadId(2)] [Rsift] WARN RsiftModBridge load failed: URL class: JavaException
[4294|t+187288ms|ThreadId(2)] [warn] screen_hooks — load failed: URL class: JavaException
[4295|t+187288ms|ThreadId(2)] [Rsift] WARN RsiftUiBridge load failed: URL class: JavaException
[4296|t+187289ms|ThreadId(2)] [warn] screen_hooks — load failed: URL class: JavaException
[4297|t+187543ms|ThreadId(2)] [warn] screen_hooks — load failed: load ScreenHooks: JavaException
[4298|t+187544ms|ThreadId(2)] [Rsift] WARN RsiftUiBridge load failed: URL class: JavaException
[4299|t+187544ms|ThreadId(2)] [Rsift] WARN RsiftModBridge load failed: URL class: JavaException
[4300|t+187545ms|ThreadId(2)] [warn] screen_hooks — load failed: URL class: JavaException
[4301|t+187545ms|ThreadId(2)] [Rsift] WARN RsiftUiBridge load failed: URL class: JavaException
[4302|t+187546ms|ThreadId(2)] [warn] screen_hooks — load failed: URL class: JavaException
[4303|t+187799ms|ThreadId(2)] [warn] screen_hooks — load failed: load ScreenHooks: JavaException
[4304|t+187800ms|ThreadId(2)] [Rsift] WARN RsiftUiBridge load failed: URL class: JavaException
[4305|t+187800ms|ThreadId(2)] [Rsift] WARN RsiftModBridge load failed: URL class: JavaException
[4306|t+187801ms|ThreadId(2)] [warn] screen_hooks — load failed: URL class: JavaException
[4307|t+187802ms|ThreadId(2)] [Rsift] WARN RsiftUiBridge load failed: URL class: JavaException
[4308|t+187802ms|ThreadId(2)] [warn] screen_hooks — load failed: URL class: JavaException
[4309|t+187803ms|ThreadId(2)] [Rsift] WARN RsiftModBridge load failed: URL class: JavaException
[4310|t+188056ms|ThreadId(2)] [warn] screen_hooks — load failed: load ScreenHooks: JavaException
[4311|t+188056ms|ThreadId(2)] [Rsift] WARN RsiftUiBridge load failed: URL class: JavaException
[4312|t+188057ms|ThreadId(2)] [Rsift] WARN RsiftModBridge load failed: URL class: JavaException
[4313|t+188057ms|ThreadId(2)] [warn] screen_hooks — load failed: URL class: JavaException
[4314|t+188058ms|ThreadId(2)] [Rsift] WARN RsiftUiBridge load failed: URL class: JavaException
[4315|t+188058ms|ThreadId(2)] [warn] screen_hooks — load failed: URL class: JavaException
[4316|t+188311ms|ThreadId(2)] [warn] screen_hooks — load failed: load ScreenHooks: JavaException
[4317|t+188311ms|ThreadId(2)] [Rsift] WARN RsiftUiBridge load failed: URL class: JavaException
[4318|t+188312ms|ThreadId(2)] [Rsift] WARN RsiftModBridge load failed: URL class: JavaException
[4319|t+188312ms|ThreadId(2)] [warn] screen_hooks — load failed: URL class: JavaException
[4320|t+188312ms|ThreadId(2)] [Rsift] WARN RsiftUiBridge load failed: URL class: JavaException
[4321|t+188313ms|ThreadId(2)] [warn] screen_hooks — load failed: URL class: JavaException
[4322|t+188566ms|ThreadId(2)] [warn] screen_hooks — load failed: load ScreenHooks: JavaException
[4323|t+188566ms|ThreadId(2)] [Rsift] WARN RsiftUiBridge load failed: URL class: JavaException
[4324|t+188567ms|ThreadId(2)] [Rsift] WARN RsiftModBridge load failed: URL class: JavaException
[4325|t+188567ms|ThreadId(2)] [warn] screen_hooks — load failed: URL class: JavaException
[4326|t+188567ms|ThreadId(2)] [Rsift] WARN RsiftUiBridge load failed: URL class: JavaException
[4327|t+188568ms|ThreadId(2)] [warn] screen_hooks — load failed: URL class: JavaException
