[0001|t+0ms|ThreadId(1)] ==========================================================================
[0002|t+0ms|ThreadId(1)] [Rsift] session start: agentpath opts=
[0003|t+0ms|ThreadId(1)] [Rsift] log file: "C:\\Users\\Junji\\AppData\\Roaming\\PrismLauncher\\instances\\rsift\\rsift-natives\\rsift-bootstrap.log"
[0004|t+1ms|ThreadId(1)] [Rsift] dll directory: "C:\\Users\\Junji\\AppData\\Roaming\\PrismLauncher\\instances\\rsift\\rsift-natives"
[0005|t+1ms|ThreadId(1)] [Rsift] bootstrap jar: exists=true size=Some(43992)
[0006|t+2ms|ThreadId(1)] [Rsift] rsift_jvm.dll: exists=true size=Some(11698688)
[0007|t+3ms|ThreadId(1)] ==========================================================================
[0008|t+3ms|ThreadId(1)] [step] Agent_OnLoad — entered
[0009|t+3ms|ThreadId(1)] [step] Agent_OnLoad — options=""
[0010|t+6ms|ThreadId(1)] [step] jvmti — Agent_OnLoad: AddToBootstrapClassLoaderSearch rc=0 — RsiftHooks 可視化 (bootstrap CL): C:\Users\Junji\AppData\Roaming\PrismLauncher\instances\rsift\rsift-natives\rsift-bootstrap.jar
[0011|t+6ms|ThreadId(1)] [step] Agent_OnLoad — bootstrap classpath ensure rc=0
[0012|t+7ms|ThreadId(1)] [step] Agent_OnLoad — scheduling deferred init thread (mods load in background thread)
[0013|t+7ms|ThreadId(1)] [step] schedule_deferred_init — from_agentpath=true opts_len=0 agentpath_active=false
[0014|t+7ms|ThreadId(1)] [step] agentpath — marker written "C:\\Users\\Junji\\AppData\\Roaming\\PrismLauncher\\instances\\rsift\\rsift-natives\\.rsift-agentpath-active"
[0015|t+8ms|ThreadId(1)] [step] schedule_deferred_init — thread spawn OK
[0016|t+8ms|ThreadId(2)] [step] deferred_init — thread entered
[0017|t+8ms|ThreadId(1)] [step] Agent_OnLoad — complete — returning 0 to JVM
[0018|t+8ms|ThreadId(2)] [step] deferred_init — brief wait before JNI (agentpath-only, no javaagent)
[0019|t+1009ms|ThreadId(2)] [step] deferred_init — pre-JNI wait complete
[0020|t+1010ms|ThreadId(2)] [step] boot_markers — agentpath=true javaagent=false
[0021|t+1010ms|ThreadId(2)] [step] deferred_init — loading mods
[0022|t+1011ms|ThreadId(2)] [step] agent_premain — loading mods args=
[0023|t+1012ms|ThreadId(2)] [Rsift] mod_dir from game cwd: "C:\\Users\\Junji\\AppData\\Roaming\\PrismLauncher\\instances\\rsift\\.minecraft\\mods"
[0024|t+1012ms|ThreadId(2)] [step] agent_premain — mod_dir="C:\\Users\\Junji\\AppData\\Roaming\\PrismLauncher\\instances\\rsift\\.minecraft\\mods"
[0025|t+1014ms|ThreadId(2)] [step] agent_premain — mod candidates (3): ["rsgraphics.dll", "rsreplay.dll", "rszoom.dll"]
[0026|t+1016ms|ThreadId(2)] [step] agent_premain — official mod restore: all official mods already present
[0027|t+1017ms|ThreadId(2)] [step] agent_premain — abi table installed v1.21.11
[0028|t+1020ms|ThreadId(2)] [step] agent_premain — sim runtime ready backend=std_seek cores=8
[0029|t+5959ms|ThreadId(2)] [step] agent_premain — mods loaded OK: ["rsgraphics", "rsreplay", "rszoom"]
[0030|t+5960ms|ThreadId(2)] [step] deferred_init — JavaVM::from_raw addr=0x7ffa120537b0
[0031|t+6396ms|ThreadId(2)] [Rsift] [obf_map] client.txt loaded → Obfuscated mode (classes=10291 methods=89557 fields=45679)
[0032|t+6397ms|ThreadId(2)] [step] deferred_init — obf_map mode = Obfuscated
[0033|t+6398ms|ThreadId(2)] [step] obf_method_aliases — registered 5 / 11 runtime method aliases [net/minecraft/client/Minecraft#tick=x, net/minecraft/client/Minecraft#run=j, net/minecraft/client/gui/screens/Screen#init=<FAIL: ambiguous(2+ overloads) or not in client.txt>, net/minecraft/network/Connection#channelRead0=<FAIL: ambiguous(2+ overloads) or not in client.txt>, net/minecraft/world/entity/Mob#aiStep=d_, net/minecraft/world/entity/Entity#travel=<FAIL: ambiguous(2+ overloads) or not in client.txt>, net/minecraft/world/level/redstone/RedstoneWireBlock#calculateTargetStrength=<FAIL: ambiguous(2+ overloads) or not in client.txt>, net/minecraft/world/level/chunk/LevelChunk#tick=<FAIL: ambiguous(2+ overloads) or not in client.txt>, net/minecraft/world/level/block/entity/HopperBlockEntity#tick=<FAIL: ambiguous(2+ overloads) or not in client.txt>, net/minecraft/server/level/ServerLevel#tick=a, net/minecraft/world/level/material/FlowingFluid#tick=b]
[0034|t+6399ms|ThreadId(2)] [step] classloader_probe — attempt 0 attach OK
[0035|t+6400ms|ThreadId(2)] [step] jvmti — AddCapabilities request all_hook=true early_hook=false redefine=true retransform=true retransform_any=true (potential ∩ desired)
[0036|t+6400ms|ThreadId(2)] [step] jvmti — AddCapabilities rc=0 (全請求受理)
[0037|t+6400ms|ThreadId(2)] [step] jvmti — GetCapabilities rc=0 all_hook=true early_hook=false redefine=true retransform=true retransform_any=true
[0038|t+6401ms|ThreadId(2)] [JVMTI] ClassFileLoadHook + ClassLoad enabled (exact-spec indices)
[0039|t+6402ms|ThreadId(2)] [step] f3_marker — static spec pre-registered (load-free, reflection-independent): glz#getLines ()Ljava/util/List; (mojmap DebugScreenEntryList#getLines)
[0040|t+6402ms|ThreadId(2)] [step] deferred_init — JVMTI CFLH install (attached thread, attempt 0) = true
[0041|t+6403ms|ThreadId(2)] [step] classloader — attempt 0 — game still booting, deferring JNI probes
[0042|t+6403ms|ThreadId(2)] [step] classloader_probe — attempt 0 — not ready yet
[0043|t+6596ms|ThreadId(1)] [CFLH] PATCHED net/minecraft/world/level/material/FlowingFluid (runtime=fkz) 14050 → 14103 bytes
[0044|t+7047ms|ThreadId(1)] [CFLH] PATCHED net/minecraft/world/entity/Mob (runtime=chn) 38522 → 38575 bytes
[0045|t+7621ms|ThreadId(1)] [CFLH] net/minecraft/world/level/block/entity/HopperBlockEntity (runtime=emf) matched target but NOT modified (method name/desc not found or refused) — 12215 bytes
[0046|t+9552ms|ThreadId(1)] [CFLH] net/minecraft/world/level/chunk/LevelChunk (runtime=eqq) matched target but NOT modified (method name/desc not found or refused) — 23059 bytes
[0047|t+11406ms|ThreadId(2)] [step] classloader_probe — attempt 5 attach OK
[0048|t+11419ms|ThreadId(2)] [CFLH] PATCHED net/minecraft/client/Minecraft (runtime=gfj) 88505 → 88593 bytes
[0049|t+11424ms|ThreadId(2)] [JVMTI] wanted class captured at ClassLoad (loader-independent): gfj
[0050|t+11425ms|ThreadId(2)] [Rsift] game ClassLoader cached
[0051|t+11425ms|ThreadId(2)] [step] classloader — FOUND via named thread context ClassLoader
[0052|t+11425ms|ThreadId(2)] [step] classloader_probe — FOUND on attempt 5
[0053|t+11428ms|ThreadId(2)] [Rsift] RsiftScreenHooks ready (minimal bootstrap)
[0054|t+11431ms|ThreadId(2)] [Rsift] RsiftPacketTap は同梱 bootstrap jar に未収録のためパケットタップは無効 (継続)
[0055|t+11432ms|ThreadId(2)] [Rsift] RsiftModBridge loaded
[0056|t+11434ms|ThreadId(2)] [Rsift] RsiftPlatformBridge loaded
[0057|t+11436ms|ThreadId(2)] [step] bridge_load — UiBridge=true ModBridge=true
[0058|t+11439ms|ThreadId(2)] [JVMTI] wanted class captured at ClassLoad (loader-independent): gjm
[0059|t+11445ms|ThreadId(2)] [JVMTI] game ClassLoader captured via CFLH (first class: net/minecraft/server/MinecraftServer)
[0060|t+11455ms|ThreadId(2)] [warn] jni_exc — loadClass(net.minecraft.client.gui.components.debug.DebugScreenOverlay [from mojmap net.minecraft.client.gui.components.debug.DebugScreenOverlay]) via game loader — returning None to caller: java.lang.ClassNotFoundException: net.minecraft.client.gui.components.debug.DebugScreenOverlay
[0061|t+11455ms|ThreadId(2)] [step] f3_marker — no F3-lines method (0-arg, List<String|Component>) found via reflection — F3 marker skipped honestly (window title marker remains)
[0062|t+11458ms|ThreadId(2)] [CFLH] PATCHED com/mojang/blaze3d/systems/RenderSystem (runtime=com/mojang/blaze3d/systems/RenderSystem) 11688 → 11742 bytes
[0063|t+11460ms|ThreadId(2)] [CFLH] net/minecraft/client/gui/screens/Screen (runtime=gsb) matched target but NOT modified (method name/desc not found or refused) — 19699 bytes
[0064|t+11470ms|ThreadId(2)] [JVMTI] wanted class captured at ClassLoad (loader-independent): gsb
[0065|t+11472ms|ThreadId(2)] [CFLH] PATCHED net/minecraft/network/Connection (runtime=wu) 22766 → 22839 bytes
[0066|t+11476ms|ThreadId(2)] [JVMTI] wanted class captured at ClassLoad (loader-independent): wu
[0067|t+11476ms|ThreadId(2)] [warn] jni_exc — loadClass(net.minecraft.world.level.redstone.RedstoneWireBlock [from mojmap net.minecraft.world.level.redstone.RedstoneWireBlock]) via game loader — returning None to caller: java.lang.ClassNotFoundException: net.minecraft.world.level.redstone.RedstoneWireBlock
[0068|t+11477ms|ThreadId(2)] [warn] jni_exc — retransform sweep: could not obtain jclass for net.minecraft.world.level.redstone.RedstoneWireBlock: java.lang.ClassNotFoundException: net.minecraft.world.level.redstone.RedstoneWireBlock
[0069|t+11550ms|ThreadId(2)] [CFLH] PATCHED net/minecraft/server/level/ServerLevel (runtime=axf) 58671 → 58730 bytes
[0070|t+11567ms|ThreadId(2)] [CFLH] net/minecraft/world/entity/Entity (runtime=cgk) matched target but NOT modified (method name/desc not found or refused) — 106514 bytes
[0071|t+11628ms|ThreadId(2)] [step] retransform — RetransformClasses rc=0 (10 of 11 target classes already loaded)
[0072|t+11727ms|ThreadId(2)] [step] class_dump — 3089 interesting classes loaded (of 16494 total)
[0073|t+11728ms|ThreadId(2)] [class_dump] [B
[0074|t+11728ms|ThreadId(2)] [class_dump] [C
[0075|t+11728ms|ThreadId(2)] [class_dump] [D
[0076|t+11729ms|ThreadId(2)] [class_dump] [F
[0077|t+11729ms|ThreadId(2)] [class_dump] [I
[0078|t+11729ms|ThreadId(2)] [class_dump] [J
[0079|t+11730ms|ThreadId(2)] [class_dump] [Lamo;
[0080|t+11730ms|ThreadId(2)] [class_dump] [Lbhh;
[0081|t+11730ms|ThreadId(2)] [class_dump] [Lbhr;
[0082|t+11730ms|ThreadId(2)] [class_dump] [Lbhz;
[0083|t+11731ms|ThreadId(2)] [class_dump] [Lbww;
[0084|t+11731ms|ThreadId(2)] [class_dump] [Lbyo;
[0085|t+11731ms|ThreadId(2)] [class_dump] [Lcev;
[0086|t+11732ms|ThreadId(2)] [class_dump] [Lcew;
[0087|t+11732ms|ThreadId(2)] [class_dump] [Lcfb;
[0088|t+11732ms|ThreadId(2)] [class_dump] [Lcfl;
[0089|t+11733ms|ThreadId(2)] [class_dump] [Lcfm;
[0090|t+11733ms|ThreadId(2)] [class_dump] [Lcgl;
[0091|t+11733ms|ThreadId(2)] [class_dump] [Lcgu;
[0092|t+11734ms|ThreadId(2)] [class_dump] [Lcgv;
[0093|t+11734ms|ThreadId(2)] [class_dump] [Lcgw;
[0094|t+11734ms|ThreadId(2)] [class_dump] [Lchb;
[0095|t+11735ms|ThreadId(2)] [class_dump] [Lcho;
[0096|t+11735ms|ThreadId(2)] [class_dump] [Lchx;
[0097|t+11735ms|ThreadId(2)] [class_dump] [Lcuy;
[0098|t+11735ms|ThreadId(2)] [class_dump] [Lcwg;
[0099|t+11736ms|ThreadId(2)] [class_dump] [Lddp;
[0100|t+11736ms|ThreadId(2)] [class_dump] [Ldgw;
[0101|t+11736ms|ThreadId(2)] [class_dump] [Ldkr;
[0102|t+11737ms|ThreadId(2)] [class_dump] [Ldlv;
[0103|t+11737ms|ThreadId(2)] [class_dump] [Ldmp;
[0104|t+11737ms|ThreadId(2)] [class_dump] [Ldnf;
[0105|t+11738ms|ThreadId(2)] [class_dump] [Ldou;
[0106|t+11738ms|ThreadId(2)] [class_dump] [Ldpe;
[0107|t+11738ms|ThreadId(2)] [class_dump] [Ldqe;
[0108|t+11739ms|ThreadId(2)] [class_dump] [Ldqf;
[0109|t+11739ms|ThreadId(2)] [class_dump] [Ldss;
[0110|t+11739ms|ThreadId(2)] [class_dump] [Lduk;
[0111|t+11739ms|ThreadId(2)] [class_dump] [Ldvt;
[0112|t+11740ms|ThreadId(2)] [class_dump] [Ldwf;
[0113|t+11740ms|ThreadId(2)] [class_dump] [Ldwl;
[0114|t+11740ms|ThreadId(2)] [class_dump] [Ldwn;
[0115|t+11741ms|ThreadId(2)] [class_dump] [Ldwq;
[0116|t+11741ms|ThreadId(2)] [class_dump] [Ldzq;
[0117|t+11741ms|ThreadId(2)] [class_dump] [Leev;
[0118|t+11741ms|ThreadId(2)] [class_dump] [Legm;
[0119|t+11742ms|ThreadId(2)] [class_dump] [Leig;
[0120|t+11742ms|ThreadId(2)] [class_dump] [Lenk;
[0121|t+11742ms|ThreadId(2)] [class_dump] [Lens;
[0122|t+11743ms|ThreadId(2)] [class_dump] [Leog;
[0123|t+11743ms|ThreadId(2)] [class_dump] [Leoh;
[0124|t+11743ms|ThreadId(2)] [class_dump] [Leoj;
[0125|t+11744ms|ThreadId(2)] [class_dump] [Leos;
[0126|t+11744ms|ThreadId(2)] [class_dump] [Leot;
[0127|t+11744ms|ThreadId(2)] [class_dump] [Leou;
[0128|t+11745ms|ThreadId(2)] [class_dump] [Leov;
[0129|t+11745ms|ThreadId(2)] [class_dump] [Leoy;
[0130|t+11745ms|ThreadId(2)] [class_dump] [Leoz;
[0131|t+11745ms|ThreadId(2)] [class_dump] [Lepa;
[0132|t+11746ms|ThreadId(2)] [class_dump] [Lepb;
[0133|t+11746ms|ThreadId(2)] [class_dump] [Lepc;
[0134|t+11746ms|ThreadId(2)] [class_dump] [Lepd;
[0135|t+11747ms|ThreadId(2)] [class_dump] [Lepe;
[0136|t+11747ms|ThreadId(2)] [class_dump] [Lepg;
[0137|t+11747ms|ThreadId(2)] [class_dump] [Lepi;
[0138|t+11748ms|ThreadId(2)] [class_dump] [Lepj;
[0139|t+11748ms|ThreadId(2)] [class_dump] [Lepk;
[0140|t+11748ms|ThreadId(2)] [class_dump] [Lepl;
[0141|t+11749ms|ThreadId(2)] [class_dump] [Lepm;
[0142|t+11749ms|ThreadId(2)] [class_dump] [Lepo;
[0143|t+11749ms|ThreadId(2)] [class_dump] [Lepp;
[0144|t+11749ms|ThreadId(2)] [class_dump] [Lepq;
[0145|t+11750ms|ThreadId(2)] [class_dump] [Lepr;
[0146|t+11750ms|ThreadId(2)] [class_dump] [Leps;
[0147|t+11750ms|ThreadId(2)] [class_dump] [Lept;
[0148|t+11751ms|ThreadId(2)] [class_dump] [Lepu;
[0149|t+11751ms|ThreadId(2)] [class_dump] [Lepv;
[0150|t+11751ms|ThreadId(2)] [class_dump] [Lerj;
[0151|t+11751ms|ThreadId(2)] [class_dump] [Lern;
[0152|t+11752ms|ThreadId(2)] [class_dump] [Lesw;
[0153|t+11752ms|ThreadId(2)] [class_dump] [Lety;
[0154|t+11752ms|ThreadId(2)] [class_dump] [Leuj;
[0155|t+11753ms|ThreadId(2)] [class_dump] [Lf;
[0156|t+11753ms|ThreadId(2)] [class_dump] [Lfei;
[0157|t+11753ms|ThreadId(2)] [class_dump] [Lffz;
[0158|t+11754ms|ThreadId(2)] [class_dump] [Lfgk;
[0159|t+11754ms|ThreadId(2)] [class_dump] [Lfja;
[0160|t+11754ms|ThreadId(2)] [class_dump] [Lfkh;
[0161|t+11755ms|ThreadId(2)] [class_dump] [Lflf;
[0162|t+11755ms|ThreadId(2)] [class_dump] [Lflg;
[0163|t+11755ms|ThreadId(2)] [class_dump] [Lflq;
[0164|t+11756ms|ThreadId(2)] [class_dump] [Lfmj;
[0165|t+11756ms|ThreadId(2)] [class_dump] [Lfnw;
[0166|t+11756ms|ThreadId(2)] [class_dump] [Lfoa;
[0167|t+11756ms|ThreadId(2)] [class_dump] [Lftm;
[0168|t+11757ms|ThreadId(2)] [class_dump] [Lfug;
[0169|t+11757ms|ThreadId(2)] [class_dump] [Lfuu;
[0170|t+11757ms|ThreadId(2)] [class_dump] [Lh;
[0171|t+11758ms|ThreadId(2)] [class_dump] [Lip;
[0172|t+11758ms|ThreadId(2)] [class_dump] [Liz;
[0173|t+11758ms|ThreadId(2)] [class_dump] [Ljb;
[0174|t+11759ms|ThreadId(2)] [class_dump] [Ljd;
[0175|t+11759ms|ThreadId(2)] [class_dump] [Ljn;
[0176|t+11759ms|ThreadId(2)] [class_dump] [Ll;
[0177|t+11759ms|ThreadId(2)] [class_dump] [Lol;
[0178|t+11760ms|ThreadId(2)] [class_dump] [Lux;
[0179|t+11760ms|ThreadId(2)] [class_dump] [Lvp;
[0180|t+11760ms|ThreadId(2)] [class_dump] [Lvq;
[0181|t+11760ms|ThreadId(2)] [class_dump] [Lvz;
[0182|t+11761ms|ThreadId(2)] [class_dump] [S
[0183|t+11761ms|ThreadId(2)] [class_dump] [Z
[0184|t+11761ms|ThreadId(2)] [class_dump] [[B
[0185|t+11762ms|ThreadId(2)] [class_dump] [[C
[0186|t+11762ms|ThreadId(2)] [class_dump] [[I
[0187|t+11762ms|ThreadId(2)] [class_dump] [[J
[0188|t+11762ms|ThreadId(2)] [class_dump] [[Lbhh;
[0189|t+11763ms|ThreadId(2)] [class_dump] [[Lf;
[0190|t+11763ms|ThreadId(2)] [class_dump] [[Lh;
[0191|t+11763ms|ThreadId(2)] [class_dump] [[S
[0192|t+11764ms|ThreadId(2)] [class_dump] [[[C
[0193|t+11764ms|ThreadId(2)] [class_dump] aa → net.minecraft.WorldVersion
[0194|t+11764ms|ThreadId(2)] [class_dump] aae → net.minecraft.network.chat.numbers.BlankFormat
[0195|t+11764ms|ThreadId(2)] [class_dump] aaf → net.minecraft.network.chat.numbers.FixedFormat
[0196|t+11765ms|ThreadId(2)] [class_dump] aag → net.minecraft.network.chat.numbers.NumberFormat
[0197|t+11765ms|ThreadId(2)] [class_dump] aah → net.minecraft.network.chat.numbers.NumberFormatType
[0198|t+11765ms|ThreadId(2)] [class_dump] aai → net.minecraft.network.chat.numbers.NumberFormatTypes
[0199|t+11765ms|ThreadId(2)] [class_dump] aaj → net.minecraft.network.chat.numbers.StyledFormat
[0200|t+11766ms|ThreadId(2)] [class_dump] aam → net.minecraft.network.codec.ByteBufCodecs
[0201|t+11766ms|ThreadId(2)] [class_dump] aao → net.minecraft.network.codec.StreamCodec
[0202|t+11766ms|ThreadId(2)] [class_dump] aap → net.minecraft.network.codec.StreamDecoder
[0203|t+11767ms|ThreadId(2)] [class_dump] aaq → net.minecraft.network.codec.StreamEncoder
[0204|t+11767ms|ThreadId(2)] [class_dump] aay → net.minecraft.network.protocol.Packet
[0205|t+11767ms|ThreadId(2)] [class_dump] abk → net.minecraft.network.protocol.common.ClientboundDisconnectPacket
[0206|t+11767ms|ThreadId(2)] [class_dump] acv → net.minecraft.network.protocol.cookie.ClientCookiePacketListener
[0207|t+11768ms|ThreadId(2)] [class_dump] aj → net.minecraft.advancements.CriteriaTriggers
[0208|t+11768ms|ThreadId(2)] [class_dump] ako → net.minecraft.network.protocol.login.ClientLoginPacketListener
[0209|t+11769ms|ThreadId(2)] [class_dump] aks → net.minecraft.network.protocol.login.ClientboundLoginDisconnectPacket
[0210|t+11769ms|ThreadId(2)] [class_dump] alw → net.minecraft.network.syncher.EntityDataAccessor
[0211|t+11769ms|ThreadId(2)] [class_dump] alx → net.minecraft.network.syncher.EntityDataSerializer
[0212|t+11770ms|ThreadId(2)] [class_dump] aly → net.minecraft.network.syncher.EntityDataSerializers
[0213|t+11770ms|ThreadId(2)] [class_dump] alz → net.minecraft.network.syncher.SyncedDataHolder
[0214|t+11770ms|ThreadId(2)] [class_dump] am → net.minecraft.advancements.CriterionTrigger
[0215|t+11770ms|ThreadId(2)] [class_dump] ama → net.minecraft.network.syncher.SynchedEntityData
[0216|t+11771ms|ThreadId(2)] [class_dump] amh → net.minecraft.references.Blocks
[0217|t+11771ms|ThreadId(2)] [class_dump] ami → net.minecraft.references.Items
[0218|t+11771ms|ThreadId(2)] [class_dump] amk → net.minecraft.resources.DelegatingOps
[0219|t+11772ms|ThreadId(2)] [class_dump] aml → net.minecraft.resources.DependantName
[0220|t+11772ms|ThreadId(2)] [class_dump] amn → net.minecraft.resources.HolderSetCodec
[0221|t+11772ms|ThreadId(2)] [class_dump] amo → net.minecraft.resources.Identifier
[0222|t+11773ms|ThreadId(2)] [class_dump] amq → net.minecraft.resources.RegistryFileCodec
[0223|t+11773ms|ThreadId(2)] [class_dump] amr → net.minecraft.resources.RegistryFixedCodec
[0224|t+11773ms|ThreadId(2)] [class_dump] ams → net.minecraft.resources.RegistryOps
[0225|t+11773ms|ThreadId(2)] [class_dump] amt → net.minecraft.resources.ResourceKey
[0226|t+11774ms|ThreadId(2)] [class_dump] amv → net.minecraft.server.Bootstrap
[0227|t+11774ms|ThreadId(2)] [class_dump] amy → net.minecraft.server.DebugLoggedPrintStream
[0228|t+11774ms|ThreadId(2)] [class_dump] an → net.minecraft.advancements.CriterionTriggerInstance
[0229|t+11775ms|ThreadId(2)] [class_dump] ana → net.minecraft.server.LoggedPrintStream
[0230|t+11775ms|ThreadId(2)] [class_dump] anf → net.minecraft.server.RunningOnDifferentThreadException
[0231|t+11775ms|ThreadId(2)] [class_dump] anj → net.minecraft.server.ServerInfo
[0232|t+11776ms|ThreadId(2)] [class_dump] anm → net.minecraft.server.ServerScoreboard
[0233|t+11776ms|ThreadId(2)] [class_dump] ann → net.minecraft.server.ServerTickRateManager
[0234|t+11776ms|ThreadId(2)] [class_dump] aq → net.minecraft.advancements.criterion.AnyBlockInteractionTrigger
[0235|t+11777ms|ThreadId(2)] [class_dump] ar → net.minecraft.advancements.criterion.BeeNestDestroyedTrigger
[0236|t+11777ms|ThreadId(2)] [class_dump] as → net.minecraft.advancements.criterion.BlockPredicate
[0237|t+11777ms|ThreadId(2)] [class_dump] asj → net.minecraft.server.dialog.Dialog
[0238|t+11778ms|ThreadId(2)] [class_dump] asm → net.minecraft.server.dialog.DialogTypes
[0239|t+11778ms|ThreadId(2)] [class_dump] asu → net.minecraft.server.dialog.action.ActionTypes
[0240|t+11778ms|ThreadId(2)] [class_dump] at → net.minecraft.advancements.criterion.BredAnimalsTrigger
[0241|t+11779ms|ThreadId(2)] [class_dump] atb → net.minecraft.server.dialog.body.DialogBodyTypes
[0242|t+11779ms|ThreadId(2)] [class_dump] ath → net.minecraft.server.dialog.input.InputControlTypes
[0243|t+11779ms|ThreadId(2)] [class_dump] ats → net.minecraft.server.jsonrpc.IncomingRpcMethod
[0244|t+11779ms|ThreadId(2)] [class_dump] att → net.minecraft.server.jsonrpc.IncomingRpcMethods
[0245|t+11780ms|ThreadId(2)] [class_dump] au → net.minecraft.advancements.criterion.BrewedPotionTrigger
[0246|t+11780ms|ThreadId(2)] [class_dump] av → net.minecraft.advancements.criterion.ChangeDimensionTrigger
[0247|t+11780ms|ThreadId(2)] [class_dump] aw → net.minecraft.advancements.criterion.ChanneledLightningTrigger
[0248|t+11781ms|ThreadId(2)] [class_dump] awk → net.minecraft.server.level.ChunkResult
[0249|t+11781ms|ThreadId(2)] [class_dump] ax → net.minecraft.advancements.criterion.CollectionContentsPredicate
[0250|t+11781ms|ThreadId(2)] [class_dump] axc → net.minecraft.server.level.ServerChunkCache
[0251|t+11782ms|ThreadId(2)] [class_dump] axe → net.minecraft.server.level.ServerEntityGetter
[0252|t+11782ms|ThreadId(2)] [class_dump] axf → net.minecraft.server.level.ServerLevel
[0253|t+11783ms|ThreadId(2)] [class_dump] axg → net.minecraft.server.level.ServerPlayer
[0254|t+11783ms|ThreadId(2)] [class_dump] axj → net.minecraft.server.level.ThreadedLevelLightEngine
[0255|t+11783ms|ThreadId(2)] [class_dump] axq → net.minecraft.server.level.progress.LevelLoadListener
[0256|t+11783ms|ThreadId(2)] [class_dump] axx → net.minecraft.server.network.Filterable
[0257|t+11784ms|ThreadId(2)] [class_dump] ay → net.minecraft.advancements.criterion.CollectionCountsPredicate
[0258|t+11784ms|ThreadId(2)] [class_dump] az → net.minecraft.advancements.criterion.CollectionPredicate
[0259|t+11784ms|ThreadId(2)] [class_dump] azl → net.minecraft.server.packs.PackResources
[0260|t+11785ms|ThreadId(2)] [class_dump] azz → net.minecraft.server.packs.metadata.pack.PackFormat
[0261|t+11785ms|ThreadId(2)] [class_dump] ba → net.minecraft.advancements.criterion.ConstructBeaconTrigger
[0262|t+11785ms|ThreadId(2)] [class_dump] bat → net.minecraft.server.packs.resources.PreparableReloadListener
[0263|t+11786ms|ThreadId(2)] [class_dump] baz → net.minecraft.server.packs.resources.ResourceManager
[0264|t+11786ms|ThreadId(2)] [class_dump] bb → net.minecraft.advancements.criterion.ConsumeItemTrigger
[0265|t+11786ms|ThreadId(2)] [class_dump] bbc → net.minecraft.server.packs.resources.ResourceProvider
[0266|t+11786ms|ThreadId(2)] [class_dump] bbk → net.minecraft.server.permissions.PermissionCheckTypes
[0267|t+11787ms|ThreadId(2)] [class_dump] bbn → net.minecraft.server.permissions.PermissionSet
[0268|t+11787ms|ThreadId(2)] [class_dump] bbq → net.minecraft.server.permissions.PermissionTypes
[0269|t+11787ms|ThreadId(2)] [class_dump] bc → net.minecraft.advancements.criterion.ContextAwarePredicate
[0270|t+11788ms|ThreadId(2)] [class_dump] bca → net.minecraft.server.players.ProfileResolver
[0271|t+11788ms|ThreadId(2)] [class_dump] bcz → net.minecraft.sounds.SoundEvent
[0272|t+11788ms|ThreadId(2)] [class_dump] bda → net.minecraft.sounds.SoundEvents
[0273|t+11789ms|ThreadId(2)] [class_dump] bdg → net.minecraft.stats.ServerStatsCounter
[0274|t+11789ms|ThreadId(2)] [class_dump] bdh → net.minecraft.stats.Stat
[0275|t+11789ms|ThreadId(2)] [class_dump] bdi → net.minecraft.stats.StatFormatter
[0276|t+11790ms|ThreadId(2)] [class_dump] bdj → net.minecraft.stats.StatType
[0277|t+11790ms|ThreadId(2)] [class_dump] bdk → net.minecraft.stats.Stats
[0278|t+11790ms|ThreadId(2)] [class_dump] bdl → net.minecraft.stats.StatsCounter
[0279|t+11791ms|ThreadId(2)] [class_dump] bdn → net.minecraft.tags.BannerPatternTags
[0280|t+11792ms|ThreadId(2)] [class_dump] bdp → net.minecraft.tags.BlockTags
[0281|t+11792ms|ThreadId(2)] [class_dump] bdq → net.minecraft.tags.DamageTypeTags
[0282|t+11792ms|ThreadId(2)] [class_dump] bdt → net.minecraft.tags.EntityTypeTags
[0283|t+11793ms|ThreadId(2)] [class_dump] bdy → net.minecraft.tags.ItemTags
[0284|t+11793ms|ThreadId(2)] [class_dump] be → net.minecraft.advancements.criterion.CuredZombieVillagerTrigger
[0285|t+11793ms|ThreadId(2)] [class_dump] beb → net.minecraft.tags.StructureTags
[0286|t+11793ms|ThreadId(2)] [class_dump] bef → net.minecraft.tags.TagKey
[0287|t+11794ms|ThreadId(2)] [class_dump] bel → net.minecraft.util.ARGB
[0288|t+11794ms|ThreadId(2)] [class_dump] beq → net.minecraft.util.BitStorage
[0289|t+11794ms|ThreadId(2)] [class_dump] bes → net.minecraft.util.BoundedFloatFunction
[0290|t+11795ms|ThreadId(2)] [class_dump] beu → net.minecraft.util.ByIdMap
[0291|t+11795ms|ThreadId(2)] [class_dump] bew → net.minecraft.util.ClassTreeIdRegistry
[0292|t+11795ms|ThreadId(2)] [class_dump] bex → net.minecraft.util.ColorRGBA
[0293|t+11796ms|ThreadId(2)] [class_dump] bfa → net.minecraft.util.CrudeIncrementalIntIdentityHashBiMap
[0294|t+11796ms|ThreadId(2)] [class_dump] bfe → net.minecraft.util.CubicSpline
[0295|t+11796ms|ThreadId(2)] [class_dump] bfk → net.minecraft.util.EncoderCache
[0296|t+11796ms|ThreadId(2)] [class_dump] bfm → net.minecraft.util.ExtraCodecs
[0297|t+11797ms|ThreadId(2)] [class_dump] bfr → net.minecraft.util.FormattedCharSequence
[0298|t+11797ms|ThreadId(2)] [class_dump] bfs → net.minecraft.util.FormattedCharSink
[0299|t+11797ms|ThreadId(2)] [class_dump] bfv → net.minecraft.util.GsonHelper
[0300|t+11798ms|ThreadId(2)] [class_dump] bfz → net.minecraft.util.InclusiveRange
[0301|t+11798ms|ThreadId(2)] [class_dump] bg → net.minecraft.advancements.criterion.DamageSourcePredicate
[0302|t+11798ms|ThreadId(2)] [class_dump] bga → net.minecraft.util.KeyDispatchDataCodec
[0303|t+11799ms|ThreadId(2)] [class_dump] bgh → net.minecraft.util.MemoryReserve
[0304|t+11799ms|ThreadId(2)] [class_dump] bgj → net.minecraft.util.Mth
[0305|t+11799ms|ThreadId(2)] [class_dump] bgp → net.minecraft.util.ProblemReporter
[0306|t+11800ms|ThreadId(2)] [class_dump] bgq → net.minecraft.util.ProgressListener
[0307|t+11800ms|ThreadId(2)] [class_dump] bgr → net.minecraft.util.RandomSource
[0308|t+11800ms|ThreadId(2)] [class_dump] bgt → net.minecraft.util.SegmentedAnglePrecision
[0309|t+11800ms|ThreadId(2)] [class_dump] bh → net.minecraft.advancements.criterion.DataComponentMatchers
[0310|t+11801ms|ThreadId(2)] [class_dump] bhe → net.minecraft.util.StaticCache2D
[0311|t+11801ms|ThreadId(2)] [class_dump] bhh → net.minecraft.util.StringRepresentable
[0312|t+11801ms|ThreadId(2)] [class_dump] bhm → net.minecraft.util.TimeSource
[0313|t+11802ms|ThreadId(2)] [class_dump] bhr → net.minecraft.util.Unit
[0314|t+11802ms|ThreadId(2)] [class_dump] bhs → net.minecraft.util.Util
[0315|t+11802ms|ThreadId(2)] [class_dump] bhv → net.minecraft.util.context.ContextKey
[0316|t+11802ms|ThreadId(2)] [class_dump] bhw → net.minecraft.util.context.ContextKeySet
[0317|t+11803ms|ThreadId(2)] [class_dump] bhz → net.minecraft.util.datafix.DataFixTypes
[0318|t+11803ms|ThreadId(2)] [class_dump] bi → net.minecraft.advancements.criterion.DefaultBlockInteractionTrigger
[0319|t+11803ms|ThreadId(2)] [class_dump] bia → net.minecraft.util.datafix.DataFixers
[0320|t+11804ms|ThreadId(2)] [class_dump] bib → net.minecraft.util.datafix.ExtraDataFixUtils
[0321|t+11804ms|ThreadId(2)] [class_dump] bie → net.minecraft.util.datafix.fixes.AbstractArrowPickupFix
[0322|t+11804ms|ThreadId(2)] [class_dump] bif → net.minecraft.util.datafix.fixes.AbstractBlockPropertyFix
[0323|t+11805ms|ThreadId(2)] [class_dump] big → net.minecraft.util.datafix.fixes.AbstractPoiSectionFix
[0324|t+11805ms|ThreadId(2)] [class_dump] bih → net.minecraft.util.datafix.fixes.AbstractUUIDFix
[0325|t+11805ms|ThreadId(2)] [class_dump] bii → net.minecraft.util.datafix.fixes.AddFieldFix
[0326|t+11805ms|ThreadId(2)] [class_dump] bij → net.minecraft.util.datafix.fixes.AddFlagIfNotPresentFix
[0327|t+11806ms|ThreadId(2)] [class_dump] bik → net.minecraft.util.datafix.fixes.AddNewChoices
[0328|t+11806ms|ThreadId(2)] [class_dump] bil → net.minecraft.util.datafix.fixes.AdvancementsFix
[0329|t+11806ms|ThreadId(2)] [class_dump] bim → net.minecraft.util.datafix.fixes.AdvancementsRenameFix
[0330|t+11807ms|ThreadId(2)] [class_dump] bin → net.minecraft.util.datafix.fixes.AreaEffectCloudDurationScaleFix
[0331|t+11807ms|ThreadId(2)] [class_dump] bio → net.minecraft.util.datafix.fixes.AreaEffectCloudPotionFix
[0332|t+11807ms|ThreadId(2)] [class_dump] bip → net.minecraft.util.datafix.fixes.AttributeIdPrefixFix
[0333|t+11808ms|ThreadId(2)] [class_dump] biq → net.minecraft.util.datafix.fixes.AttributeModifierIdFix
[0334|t+11808ms|ThreadId(2)] [class_dump] bir → net.minecraft.util.datafix.fixes.AttributesRenameFix
[0335|t+11808ms|ThreadId(2)] [class_dump] bis → net.minecraft.util.datafix.fixes.AttributesRenameLegacy
[0336|t+11809ms|ThreadId(2)] [class_dump] bit → net.minecraft.util.datafix.fixes.BannerEntityCustomNameToOverrideComponentFix
[0337|t+11809ms|ThreadId(2)] [class_dump] biu → net.minecraft.util.datafix.fixes.BannerPatternFormatFix
[0338|t+11809ms|ThreadId(2)] [class_dump] biv → net.minecraft.util.datafix.fixes.BedItemColorFix
[0339|t+11810ms|ThreadId(2)] [class_dump] biw → net.minecraft.util.datafix.fixes.BeehiveFieldRenameFix
[0340|t+11810ms|ThreadId(2)] [class_dump] bix → net.minecraft.util.datafix.fixes.BiomeFix
[0341|t+11810ms|ThreadId(2)] [class_dump] biy → net.minecraft.util.datafix.fixes.BitStorageAlignFix
[0342|t+11810ms|ThreadId(2)] [class_dump] biz → net.minecraft.util.datafix.fixes.BlendingDataFix
[0343|t+11811ms|ThreadId(2)] [class_dump] bja → net.minecraft.util.datafix.fixes.BlendingDataRemoveFromNetherEndFix
[0344|t+11811ms|ThreadId(2)] [class_dump] bjb → net.minecraft.util.datafix.fixes.BlockEntityBannerColorFix
[0345|t+11811ms|ThreadId(2)] [class_dump] bjc → net.minecraft.util.datafix.fixes.BlockEntityBlockStateFix
[0346|t+11812ms|ThreadId(2)] [class_dump] bjd → net.minecraft.util.datafix.fixes.BlockEntityCustomNameToComponentFix
[0347|t+11812ms|ThreadId(2)] [class_dump] bje → net.minecraft.util.datafix.fixes.BlockEntityFurnaceBurnTimeFix
[0348|t+11812ms|ThreadId(2)] [class_dump] bjf → net.minecraft.util.datafix.fixes.BlockEntityIdFix
[0349|t+11813ms|ThreadId(2)] [class_dump] bjg → net.minecraft.util.datafix.fixes.BlockEntityJukeboxFix
[0350|t+11813ms|ThreadId(2)] [class_dump] bjh → net.minecraft.util.datafix.fixes.BlockEntityKeepPacked
[0351|t+11813ms|ThreadId(2)] [class_dump] bji → net.minecraft.util.datafix.fixes.BlockEntityRenameFix
[0352|t+11814ms|ThreadId(2)] [class_dump] bjj → net.minecraft.util.datafix.fixes.BlockEntityShulkerBoxColorFix
[0353|t+11814ms|ThreadId(2)] [class_dump] bjk → net.minecraft.util.datafix.fixes.BlockEntitySignDoubleSidedEditableTextFix
[0354|t+11814ms|ThreadId(2)] [class_dump] bjl → net.minecraft.util.datafix.fixes.BlockEntityUUIDFix
[0355|t+11815ms|ThreadId(2)] [class_dump] bjm → net.minecraft.util.datafix.fixes.BlockNameFlatteningFix
[0356|t+11815ms|ThreadId(2)] [class_dump] bjn → net.minecraft.util.datafix.fixes.BlockPosFormatAndRenamesFix
[0357|t+11815ms|ThreadId(2)] [class_dump] bjo → net.minecraft.util.datafix.fixes.BlockPropertyRenameAndFix
[0358|t+11816ms|ThreadId(2)] [class_dump] bjp → net.minecraft.util.datafix.fixes.BlockRenameFix
[0359|t+11816ms|ThreadId(2)] [class_dump] bjr → net.minecraft.util.datafix.fixes.BlockStateStructureTemplateFix
[0360|t+11817ms|ThreadId(2)] [class_dump] bjs → net.minecraft.util.datafix.fixes.BoatSplitFix
[0361|t+11817ms|ThreadId(2)] [class_dump] bjt → net.minecraft.util.datafix.fixes.CarvingStepRemoveFix
[0362|t+11817ms|ThreadId(2)] [class_dump] bju → net.minecraft.util.datafix.fixes.CatTypeFix
[0363|t+11818ms|ThreadId(2)] [class_dump] bjv → net.minecraft.util.datafix.fixes.CauldronRenameFix
[0364|t+11818ms|ThreadId(2)] [class_dump] bjw → net.minecraft.util.datafix.fixes.CavesAndCliffsRenames
[0365|t+11818ms|ThreadId(2)] [class_dump] bjx → net.minecraft.util.datafix.fixes.ChestedHorsesInventoryZeroIndexingFix
[0366|t+11819ms|ThreadId(2)] [class_dump] bjy → net.minecraft.util.datafix.fixes.ChunkBedBlockEntityInjecterFix
[0367|t+11819ms|ThreadId(2)] [class_dump] bjz → net.minecraft.util.datafix.fixes.ChunkBiomeFix
[0368|t+11819ms|ThreadId(2)] [class_dump] bk → net.minecraft.advancements.criterion.DistanceTrigger
[0369|t+11820ms|ThreadId(2)] [class_dump] bka → net.minecraft.util.datafix.fixes.ChunkDeleteIgnoredLightDataFix
[0370|t+11820ms|ThreadId(2)] [class_dump] bkb → net.minecraft.util.datafix.fixes.ChunkDeleteLightFix
[0371|t+11820ms|ThreadId(2)] [class_dump] bkc → net.minecraft.util.datafix.fixes.ChunkHeightAndBiomeFix
[0372|t+11821ms|ThreadId(2)] [class_dump] bkd → net.minecraft.util.datafix.fixes.ChunkLightRemoveFix
[0373|t+11821ms|ThreadId(2)] [class_dump] bke → net.minecraft.util.datafix.fixes.ChunkPalettedStorageFix
[0374|t+11821ms|ThreadId(2)] [class_dump] bkf → net.minecraft.util.datafix.fixes.ChunkProtoTickListFix
[0375|t+11822ms|ThreadId(2)] [class_dump] bkg → net.minecraft.util.datafix.fixes.ChunkRenamesFix
[0376|t+11822ms|ThreadId(2)] [class_dump] bkh → net.minecraft.util.datafix.fixes.ChunkStatusFix
[0377|t+11823ms|ThreadId(2)] [class_dump] bki → net.minecraft.util.datafix.fixes.ChunkStatusFix2
[0378|t+11823ms|ThreadId(2)] [class_dump] bkj → net.minecraft.util.datafix.fixes.ChunkStructuresTemplateRenameFix
[0379|t+11823ms|ThreadId(2)] [class_dump] bkk → net.minecraft.util.datafix.fixes.ChunkTicketUnpackPosFix
[0380|t+11824ms|ThreadId(2)] [class_dump] bkl → net.minecraft.util.datafix.fixes.ChunkToProtochunkFix
[0381|t+11824ms|ThreadId(2)] [class_dump] bkm → net.minecraft.util.datafix.fixes.ColorlessShulkerEntityFix
[0382|t+11824ms|ThreadId(2)] [class_dump] bkn → net.minecraft.util.datafix.fixes.ContainerBlockEntityLockPredicateFix
[0383|t+11824ms|ThreadId(2)] [class_dump] bko → net.minecraft.util.datafix.fixes.CopperGolemWeatherStateFix
[0384|t+11825ms|ThreadId(2)] [class_dump] bkp → net.minecraft.util.datafix.fixes.CriteriaRenameFix
[0385|t+11825ms|ThreadId(2)] [class_dump] bkq → net.minecraft.util.datafix.fixes.CustomModelDataExpandFix
[0386|t+11825ms|ThreadId(2)] [class_dump] bkr → net.minecraft.util.datafix.fixes.DataComponentRemainderFix
[0387|t+11826ms|ThreadId(2)] [class_dump] bks → net.minecraft.util.datafix.fixes.DebugProfileOverlayReferenceFix
[0388|t+11826ms|ThreadId(2)] [class_dump] bkt → net.minecraft.util.datafix.fixes.DecoratedPotFieldRenameFix
[0389|t+11826ms|ThreadId(2)] [class_dump] bku → net.minecraft.util.datafix.fixes.DropChancesFormatFix
[0390|t+11826ms|ThreadId(2)] [class_dump] bkv → net.minecraft.util.datafix.fixes.DropInvalidSignDataFix
[0391|t+11827ms|ThreadId(2)] [class_dump] bkw → net.minecraft.util.datafix.fixes.DyeItemRenameFix
[0392|t+11827ms|ThreadId(2)] [class_dump] bkx → net.minecraft.util.datafix.fixes.EffectDurationFix
[0393|t+11827ms|ThreadId(2)] [class_dump] bky → net.minecraft.util.datafix.fixes.EmptyItemInHotbarFix
[0394|t+11827ms|ThreadId(2)] [class_dump] bkz → net.minecraft.util.datafix.fixes.EmptyItemInVillagerTradeFix
[0395|t+11828ms|ThreadId(2)] [class_dump] bl → net.minecraft.advancements.criterion.EffectsChangedTrigger
[0396|t+11828ms|ThreadId(2)] [class_dump] bla → net.minecraft.util.datafix.fixes.EntityArmorStandSilentFix
[0397|t+11828ms|ThreadId(2)] [class_dump] blb → net.minecraft.util.datafix.fixes.EntityAttributeBaseValueFix
[0398|t+11829ms|ThreadId(2)] [class_dump] blc → net.minecraft.util.datafix.fixes.EntityBlockStateFix
[0399|t+11829ms|ThreadId(2)] [class_dump] bld → net.minecraft.util.datafix.fixes.EntityBrushableBlockFieldsRenameFix
[0400|t+11829ms|ThreadId(2)] [class_dump] ble → net.minecraft.util.datafix.fixes.EntityCatSplitFix
[0401|t+11830ms|ThreadId(2)] [class_dump] blf → net.minecraft.util.datafix.fixes.EntityCodSalmonFix
[0402|t+11830ms|ThreadId(2)] [class_dump] blg → net.minecraft.util.datafix.fixes.EntityCustomNameToComponentFix
[0403|t+11830ms|ThreadId(2)] [class_dump] blh → net.minecraft.util.datafix.fixes.EntityElderGuardianSplitFix
[0404|t+11830ms|ThreadId(2)] [class_dump] bli → net.minecraft.util.datafix.fixes.EntityEquipmentToArmorAndHandFix
[0405|t+11831ms|ThreadId(2)] [class_dump] blj → net.minecraft.util.datafix.fixes.EntityFallDistanceFloatToDoubleFix
[0406|t+11831ms|ThreadId(2)] [class_dump] blk → net.minecraft.util.datafix.fixes.EntityFieldsRenameFix
[0407|t+11831ms|ThreadId(2)] [class_dump] bll → net.minecraft.util.datafix.fixes.EntityGoatMissingStateFix
[0408|t+11832ms|ThreadId(2)] [class_dump] blm → net.minecraft.util.datafix.fixes.EntityHealthFix
[0409|t+11832ms|ThreadId(2)] [class_dump] bln → net.minecraft.util.datafix.fixes.EntityHorseSaddleFix
[0410|t+11832ms|ThreadId(2)] [class_dump] blo → net.minecraft.util.datafix.fixes.EntityHorseSplitFix
[0411|t+11832ms|ThreadId(2)] [class_dump] blp → net.minecraft.util.datafix.fixes.EntityIdFix
[0412|t+11833ms|ThreadId(2)] [class_dump] blq → net.minecraft.util.datafix.fixes.EntityItemFrameDirectionFix
[0413|t+11833ms|ThreadId(2)] [class_dump] blr → net.minecraft.util.datafix.fixes.EntityMinecartIdentifiersFix
[0414|t+11833ms|ThreadId(2)] [class_dump] bls → net.minecraft.util.datafix.fixes.EntityPaintingItemFrameDirectionFix
[0415|t+11834ms|ThreadId(2)] [class_dump] blt → net.minecraft.util.datafix.fixes.EntityPaintingMotiveFix
[0416|t+11834ms|ThreadId(2)] [class_dump] blu → net.minecraft.util.datafix.fixes.EntityProjectileOwnerFix
[0417|t+11834ms|ThreadId(2)] [class_dump] blv → net.minecraft.util.datafix.fixes.EntityPufferfishRenameFix
[0418|t+11835ms|ThreadId(2)] [class_dump] blw → net.minecraft.util.datafix.fixes.EntityRavagerRenameFix
[0419|t+11835ms|ThreadId(2)] [class_dump] blx → net.minecraft.util.datafix.fixes.EntityRedundantChanceTagsFix
[0420|t+11835ms|ThreadId(2)] [class_dump] bly → net.minecraft.util.datafix.fixes.EntityRenameFix
[0421|t+11835ms|ThreadId(2)] [class_dump] blz → net.minecraft.util.datafix.fixes.EntityRidingToPassengersFix
[0422|t+11836ms|ThreadId(2)] [class_dump] bm → net.minecraft.advancements.criterion.EnchantedItemTrigger
[0423|t+11836ms|ThreadId(2)] [class_dump] bma → net.minecraft.util.datafix.fixes.EntitySalmonSizeFix
[0424|t+11836ms|ThreadId(2)] [class_dump] bmb → net.minecraft.util.datafix.fixes.EntityShulkerColorFix
[0425|t+11837ms|ThreadId(2)] [class_dump] bmc → net.minecraft.util.datafix.fixes.EntityShulkerRotationFix
[0426|t+11837ms|ThreadId(2)] [class_dump] bmd → net.minecraft.util.datafix.fixes.EntitySkeletonSplitFix
[0427|t+11837ms|ThreadId(2)] [class_dump] bme → net.minecraft.util.datafix.fixes.EntitySpawnerItemVariantComponentFix
[0428|t+11837ms|ThreadId(2)] [class_dump] bmf → net.minecraft.util.datafix.fixes.EntityStringUuidFix
[0429|t+11838ms|ThreadId(2)] [class_dump] bmg → net.minecraft.util.datafix.fixes.EntityTheRenameningFix
[0430|t+11838ms|ThreadId(2)] [class_dump] bmh → net.minecraft.util.datafix.fixes.EntityTippedArrowFix
[0431|t+11838ms|ThreadId(2)] [class_dump] bmi → net.minecraft.util.datafix.fixes.EntityUUIDFix
[0432|t+11839ms|ThreadId(2)] [class_dump] bmj → net.minecraft.util.datafix.fixes.EntityVariantFix
[0433|t+11839ms|ThreadId(2)] [class_dump] bmk → net.minecraft.util.datafix.fixes.EntityWolfColorFix
[0434|t+11839ms|ThreadId(2)] [class_dump] bml → net.minecraft.util.datafix.fixes.EntityZombieSplitFix
[0435|t+11840ms|ThreadId(2)] [class_dump] bmm → net.minecraft.util.datafix.fixes.EntityZombieVillagerTypeFix
[0436|t+11840ms|ThreadId(2)] [class_dump] bmn → net.minecraft.util.datafix.fixes.EntityZombifiedPiglinRenameFix
[0437|t+11840ms|ThreadId(2)] [class_dump] bmo → net.minecraft.util.datafix.fixes.EquipmentFormatFix
[0438|t+11841ms|ThreadId(2)] [class_dump] bmp → net.minecraft.util.datafix.fixes.EquippableAssetRenameFix
[0439|t+11841ms|ThreadId(2)] [class_dump] bmq → net.minecraft.util.datafix.fixes.FeatureFlagRemoveFix
[0440|t+11841ms|ThreadId(2)] [class_dump] bmr → net.minecraft.util.datafix.fixes.FilteredBooksFix
[0441|t+11842ms|ThreadId(2)] [class_dump] bms → net.minecraft.util.datafix.fixes.FilteredSignsFix
[0442|t+11842ms|ThreadId(2)] [class_dump] bmt → net.minecraft.util.datafix.fixes.FireResistantToDamageResistantComponentFix
[0443|t+11842ms|ThreadId(2)] [class_dump] bmu → net.minecraft.util.datafix.fixes.FixProjectileStoredItem
[0444|t+11842ms|ThreadId(2)] [class_dump] bmv → net.minecraft.util.datafix.fixes.FixWolfHealth
[0445|t+11843ms|ThreadId(2)] [class_dump] bmw → net.minecraft.util.datafix.fixes.FoodToConsumableFix
[0446|t+11843ms|ThreadId(2)] [class_dump] bmx → net.minecraft.util.datafix.fixes.ForcePoiRebuild
[0447|t+11843ms|ThreadId(2)] [class_dump] bmy → net.minecraft.util.datafix.fixes.ForcedChunkToTicketFix
[0448|t+11844ms|ThreadId(2)] [class_dump] bmz → net.minecraft.util.datafix.fixes.FurnaceRecipeFix
[0449|t+11844ms|ThreadId(2)] [class_dump] bn → net.minecraft.advancements.criterion.EnchantmentPredicate
[0450|t+11844ms|ThreadId(2)] [class_dump] bna → net.minecraft.util.datafix.fixes.GameRuleRegistryFix
[0451|t+11844ms|ThreadId(2)] [class_dump] bnb → net.minecraft.util.datafix.fixes.GoatHornIdFix
[0452|t+11845ms|ThreadId(2)] [class_dump] bnc → net.minecraft.util.datafix.fixes.GossipUUIDFix
[0453|t+11845ms|ThreadId(2)] [class_dump] bnd → net.minecraft.util.datafix.fixes.HeightmapRenamingFix
[0454|t+11845ms|ThreadId(2)] [class_dump] bne → net.minecraft.util.datafix.fixes.HorseBodyArmorItemFix
[0455|t+11846ms|ThreadId(2)] [class_dump] bnf → net.minecraft.util.datafix.fixes.IglooMetadataRemovalFix
[0456|t+11846ms|ThreadId(2)] [class_dump] bng → net.minecraft.util.datafix.fixes.InlineBlockPosFormatFix
[0457|t+11846ms|ThreadId(2)] [class_dump] bnh → net.minecraft.util.datafix.fixes.InvalidBlockEntityLockFix
[0458|t+11847ms|ThreadId(2)] [class_dump] bni → net.minecraft.util.datafix.fixes.InvalidLockComponentFix
[0459|t+11847ms|ThreadId(2)] [class_dump] bnj → net.minecraft.util.datafix.fixes.ItemBannerColorFix
[0460|t+11847ms|ThreadId(2)] [class_dump] bnk → net.minecraft.util.datafix.fixes.ItemCustomNameToComponentFix
[0461|t+11848ms|ThreadId(2)] [class_dump] bnl → net.minecraft.util.datafix.fixes.ItemIdFix
[0462|t+11848ms|ThreadId(2)] [class_dump] bnm → net.minecraft.util.datafix.fixes.ItemLoreFix
[0463|t+11848ms|ThreadId(2)] [class_dump] bnn → net.minecraft.util.datafix.fixes.ItemPotionFix
[0464|t+11848ms|ThreadId(2)] [class_dump] bno → net.minecraft.util.datafix.fixes.ItemRenameFix
[0465|t+11849ms|ThreadId(2)] [class_dump] bnp → net.minecraft.util.datafix.fixes.ItemShulkerBoxColorFix
[0466|t+11849ms|ThreadId(2)] [class_dump] bnq → net.minecraft.util.datafix.fixes.ItemSpawnEggFix
[0467|t+11849ms|ThreadId(2)] [class_dump] bnr → net.minecraft.util.datafix.fixes.ItemStackComponentizationFix
[0468|t+11850ms|ThreadId(2)] [class_dump] bns → net.minecraft.util.datafix.fixes.ItemStackCustomNameToOverrideComponentFix
[0469|t+11850ms|ThreadId(2)] [class_dump] bnt → net.minecraft.util.datafix.fixes.ItemStackEnchantmentNamesFix
[0470|t+11850ms|ThreadId(2)] [class_dump] bnu → net.minecraft.util.datafix.fixes.ItemStackMapIdFix
[0471|t+11850ms|ThreadId(2)] [class_dump] bnv → net.minecraft.util.datafix.fixes.ItemStackSpawnEggFix
[0472|t+11851ms|ThreadId(2)] [class_dump] bnw → net.minecraft.util.datafix.fixes.ItemStackTagFix
[0473|t+11851ms|ThreadId(2)] [class_dump] bnx → net.minecraft.util.datafix.fixes.ItemStackTagRemainderFix
[0474|t+11851ms|ThreadId(2)] [class_dump] bny → net.minecraft.util.datafix.fixes.ItemStackTheFlatteningFix
[0475|t+11851ms|ThreadId(2)] [class_dump] bnz → net.minecraft.util.datafix.fixes.ItemStackUUIDFix
[0476|t+11852ms|ThreadId(2)] [class_dump] bo → net.minecraft.advancements.criterion.EnterBlockTrigger
[0477|t+11852ms|ThreadId(2)] [class_dump] boa → net.minecraft.util.datafix.fixes.ItemWaterPotionFix
[0478|t+11852ms|ThreadId(2)] [class_dump] bob → net.minecraft.util.datafix.fixes.JigsawPropertiesFix
[0479|t+11853ms|ThreadId(2)] [class_dump] boc → net.minecraft.util.datafix.fixes.JigsawRotationFix
[0480|t+11853ms|ThreadId(2)] [class_dump] bod → net.minecraft.util.datafix.fixes.JukeboxTicksSinceSongStartedFix
[0481|t+11853ms|ThreadId(2)] [class_dump] boe → net.minecraft.util.datafix.fixes.LeavesFix
[0482|t+11854ms|ThreadId(2)] [class_dump] bof → net.minecraft.util.datafix.fixes.LegacyDimensionIdFix
[0483|t+11854ms|ThreadId(2)] [class_dump] bog → net.minecraft.util.datafix.fixes.LegacyDragonFightFix
[0484|t+11854ms|ThreadId(2)] [class_dump] boh → net.minecraft.util.datafix.fixes.LegacyHoverEventFix
[0485|t+11854ms|ThreadId(2)] [class_dump] boi → net.minecraft.util.datafix.fixes.LegacyWorldBorderFix
[0486|t+11855ms|ThreadId(2)] [class_dump] boj → net.minecraft.util.datafix.fixes.LevelDataGeneratorOptionsFix
[0487|t+11855ms|ThreadId(2)] [class_dump] bok → net.minecraft.util.datafix.fixes.LevelFlatGeneratorInfoFix
[0488|t+11855ms|ThreadId(2)] [class_dump] bol → net.minecraft.util.datafix.fixes.LevelLegacyWorldGenSettingsFix
[0489|t+11856ms|ThreadId(2)] [class_dump] bom → net.minecraft.util.datafix.fixes.LevelUUIDFix
[0490|t+11856ms|ThreadId(2)] [class_dump] bon → net.minecraft.util.datafix.fixes.LockComponentPredicateFix
[0491|t+11856ms|ThreadId(2)] [class_dump] boo → net.minecraft.util.datafix.fixes.LodestoneCompassComponentFix
[0492|t+11857ms|ThreadId(2)] [class_dump] bop → net.minecraft.util.datafix.fixes.MapBannerBlockPosFormatFix
[0493|t+11857ms|ThreadId(2)] [class_dump] boq → net.minecraft.util.datafix.fixes.MapIdFix
[0494|t+11857ms|ThreadId(2)] [class_dump] bor → net.minecraft.util.datafix.fixes.MemoryExpiryDataFix
[0495|t+11857ms|ThreadId(2)] [class_dump] bos → net.minecraft.util.datafix.fixes.MissingDimensionFix
[0496|t+11858ms|ThreadId(2)] [class_dump] bot → net.minecraft.util.datafix.fixes.MobEffectIdFix
[0497|t+11858ms|ThreadId(2)] [class_dump] bou → net.minecraft.util.datafix.fixes.MobSpawnerEntityIdentifiersFix
[0498|t+11858ms|ThreadId(2)] [class_dump] bov → net.minecraft.util.datafix.fixes.NamedEntityConvertUncheckedFix
[0499|t+11859ms|ThreadId(2)] [class_dump] bow → net.minecraft.util.datafix.fixes.NamedEntityFix
[0500|t+11859ms|ThreadId(2)] [class_dump] box → net.minecraft.util.datafix.fixes.NamedEntityWriteReadFix
[0501|t+11859ms|ThreadId(2)] [class_dump] boy → net.minecraft.util.datafix.fixes.NamespacedTypeRenameFix
[0502|t+11859ms|ThreadId(2)] [class_dump] boz → net.minecraft.util.datafix.fixes.NewVillageFix
[0503|t+11860ms|ThreadId(2)] [class_dump] bpa → net.minecraft.util.datafix.fixes.ObjectiveRenderTypeFix
[0504|t+11860ms|ThreadId(2)] [class_dump] bpb → net.minecraft.util.datafix.fixes.OminousBannerBlockEntityRenameFix
[0505|t+11860ms|ThreadId(2)] [class_dump] bpc → net.minecraft.util.datafix.fixes.OminousBannerRarityFix
[0506|t+11861ms|ThreadId(2)] [class_dump] bpd → net.minecraft.util.datafix.fixes.OminousBannerRenameFix
[0507|t+11861ms|ThreadId(2)] [class_dump] bpe → net.minecraft.util.datafix.fixes.OptionsAccessibilityOnboardFix
[0508|t+11861ms|ThreadId(2)] [class_dump] bpf → net.minecraft.util.datafix.fixes.OptionsAddTextBackgroundFix
[0509|t+11861ms|ThreadId(2)] [class_dump] bpg → net.minecraft.util.datafix.fixes.OptionsAmbientOcclusionFix
[0510|t+11862ms|ThreadId(2)] [class_dump] bph → net.minecraft.util.datafix.fixes.OptionsFancyGraphicsToGraphicsModeFix
[0511|t+11862ms|ThreadId(2)] [class_dump] bpi → net.minecraft.util.datafix.fixes.OptionsForceVBOFix
[0512|t+11862ms|ThreadId(2)] [class_dump] bpj → net.minecraft.util.datafix.fixes.OptionsGraphicsModeSplitFix
[0513|t+11863ms|ThreadId(2)] [class_dump] bpk → net.minecraft.util.datafix.fixes.OptionsKeyLwjgl3Fix
[0514|t+11863ms|ThreadId(2)] [class_dump] bpl → net.minecraft.util.datafix.fixes.OptionsKeyTranslationFix
[0515|t+11863ms|ThreadId(2)] [class_dump] bpm → net.minecraft.util.datafix.fixes.OptionsLowerCaseLanguageFix
[0516|t+11864ms|ThreadId(2)] [class_dump] bpn → net.minecraft.util.datafix.fixes.OptionsMenuBlurrinessFix
[0517|t+11864ms|ThreadId(2)] [class_dump] bpo → net.minecraft.util.datafix.fixes.OptionsMusicToastFix
[0518|t+11864ms|ThreadId(2)] [class_dump] bpp → net.minecraft.util.datafix.fixes.OptionsProgrammerArtFix
[0519|t+11865ms|ThreadId(2)] [class_dump] bpq → net.minecraft.util.datafix.fixes.OptionsRenameFieldFix
[0520|t+11865ms|ThreadId(2)] [class_dump] bpr → net.minecraft.util.datafix.fixes.OptionsSetGraphicsPresetToCustomFix
[0521|t+11865ms|ThreadId(2)] [class_dump] bps → net.minecraft.util.datafix.fixes.OverreachingTickFix
[0522|t+11865ms|ThreadId(2)] [class_dump] bpt → net.minecraft.util.datafix.fixes.ParticleUnflatteningFix
[0523|t+11866ms|ThreadId(2)] [class_dump] bpu → net.minecraft.util.datafix.fixes.PlayerEquipmentFix
[0524|t+11866ms|ThreadId(2)] [class_dump] bpv → net.minecraft.util.datafix.fixes.PlayerHeadBlockProfileFix
[0525|t+11866ms|ThreadId(2)] [class_dump] bpw → net.minecraft.util.datafix.fixes.PlayerRespawnDataFix
[0526|t+11867ms|ThreadId(2)] [class_dump] bpx → net.minecraft.util.datafix.fixes.PlayerUUIDFix
[0527|t+11867ms|ThreadId(2)] [class_dump] bpy → net.minecraft.util.datafix.fixes.PoiTypeRemoveFix
[0528|t+11867ms|ThreadId(2)] [class_dump] bpz → net.minecraft.util.datafix.fixes.PoiTypeRenameFix
[0529|t+11868ms|ThreadId(2)] [class_dump] bqa → net.minecraft.util.datafix.fixes.PrimedTntBlockStateFixer
[0530|t+11868ms|ThreadId(2)] [class_dump] bqb → net.minecraft.util.datafix.fixes.ProjectileStoredWeaponFix
[0531|t+11868ms|ThreadId(2)] [class_dump] bqc → net.minecraft.util.datafix.fixes.RaidRenamesDataFix
[0532|t+11869ms|ThreadId(2)] [class_dump] bqd → net.minecraft.util.datafix.fixes.RandomSequenceSettingsFix
[0533|t+11869ms|ThreadId(2)] [class_dump] bqe → net.minecraft.util.datafix.fixes.RecipesFix
[0534|t+11870ms|ThreadId(2)] [class_dump] bqf → net.minecraft.util.datafix.fixes.RecipesRenameningFix
[0535|t+11870ms|ThreadId(2)] [class_dump] bqg → net.minecraft.util.datafix.fixes.RedstoneWireConnectionsFix
[0536|t+11870ms|ThreadId(2)] [class_dump] bqh → net.minecraft.util.datafix.fixes.References
[0537|t+11871ms|ThreadId(2)] [class_dump] bqi → net.minecraft.util.datafix.fixes.RemapChunkStatusFix
[0538|t+11871ms|ThreadId(2)] [class_dump] bqj → net.minecraft.util.datafix.fixes.RemoveBlockEntityTagFix
[0539|t+11871ms|ThreadId(2)] [class_dump] bqk → net.minecraft.util.datafix.fixes.RemoveEmptyItemInBrushableBlockFix
[0540|t+11872ms|ThreadId(2)] [class_dump] bql → net.minecraft.util.datafix.fixes.RemoveGolemGossipFix
[0541|t+11872ms|ThreadId(2)] [class_dump] bqm → net.minecraft.util.datafix.fixes.RenameEnchantmentsFix
[0542|t+11872ms|ThreadId(2)] [class_dump] bqn → net.minecraft.util.datafix.fixes.RenamedCoralFansFix
[0543|t+11873ms|ThreadId(2)] [class_dump] bqo → net.minecraft.util.datafix.fixes.RenamedCoralFix
[0544|t+11873ms|ThreadId(2)] [class_dump] bqp → net.minecraft.util.datafix.fixes.ReorganizePoi
[0545|t+11873ms|ThreadId(2)] [class_dump] bqq → net.minecraft.util.datafix.fixes.SaddleEquipmentSlotFix
[0546|t+11873ms|ThreadId(2)] [class_dump] bqr → net.minecraft.util.datafix.fixes.SavedDataFeaturePoolElementFix
[0547|t+11874ms|ThreadId(2)] [class_dump] bqs → net.minecraft.util.datafix.fixes.SavedDataUUIDFix
[0548|t+11874ms|ThreadId(2)] [class_dump] bqt → net.minecraft.util.datafix.fixes.ScoreboardDisplayNameFix
[0549|t+11874ms|ThreadId(2)] [class_dump] bqu → net.minecraft.util.datafix.fixes.ScoreboardDisplaySlotFix
[0550|t+11875ms|ThreadId(2)] [class_dump] bqv → net.minecraft.util.datafix.fixes.SignTextStrictJsonFix
[0551|t+11875ms|ThreadId(2)] [class_dump] bqw → net.minecraft.util.datafix.fixes.SimpleEntityRenameFix
[0552|t+11875ms|ThreadId(2)] [class_dump] bqx → net.minecraft.util.datafix.fixes.SimplestEntityRenameFix
[0553|t+11876ms|ThreadId(2)] [class_dump] bqy → net.minecraft.util.datafix.fixes.SpawnerDataFix
[0554|t+11876ms|ThreadId(2)] [class_dump] bqz → net.minecraft.util.datafix.fixes.StatsCounterFix
[0555|t+11876ms|ThreadId(2)] [class_dump] br → net.minecraft.advancements.criterion.EntityHurtPlayerTrigger
[0556|t+11876ms|ThreadId(2)] [class_dump] bra → net.minecraft.util.datafix.fixes.StatsRenameFix
[0557|t+11877ms|ThreadId(2)] [class_dump] brb → net.minecraft.util.datafix.fixes.StriderGravityFix
[0558|t+11877ms|ThreadId(2)] [class_dump] brc → net.minecraft.util.datafix.fixes.StructureReferenceCountFix
[0559|t+11877ms|ThreadId(2)] [class_dump] brd → net.minecraft.util.datafix.fixes.StructureSettingsFlattenFix
[0560|t+11878ms|ThreadId(2)] [class_dump] bre → net.minecraft.util.datafix.fixes.StructuresBecomeConfiguredFix
[0561|t+11878ms|ThreadId(2)] [class_dump] brf → net.minecraft.util.datafix.fixes.TextComponentHoverAndClickEventFix
[0562|t+11878ms|ThreadId(2)] [class_dump] brg → net.minecraft.util.datafix.fixes.TextComponentStringifiedFlagsFix
[0563|t+11878ms|ThreadId(2)] [class_dump] brh → net.minecraft.util.datafix.fixes.ThrownPotionSplitFix
[0564|t+11879ms|ThreadId(2)] [class_dump] bri → net.minecraft.util.datafix.fixes.TippedArrowPotionToItemFix
[0565|t+11879ms|ThreadId(2)] [class_dump] brj → net.minecraft.util.datafix.fixes.TooltipDisplayComponentFix
[0566|t+11879ms|ThreadId(2)] [class_dump] brk → net.minecraft.util.datafix.fixes.TrappedChestBlockEntityFix
[0567|t+11880ms|ThreadId(2)] [class_dump] brl → net.minecraft.util.datafix.fixes.TrialSpawnerConfigFix
[0568|t+11880ms|ThreadId(2)] [class_dump] brm → net.minecraft.util.datafix.fixes.TrialSpawnerConfigInRegistryFix
[0569|t+11880ms|ThreadId(2)] [class_dump] brn → net.minecraft.util.datafix.fixes.TridentAnimationFix
[0570|t+11881ms|ThreadId(2)] [class_dump] bro → net.minecraft.util.datafix.fixes.UnflattenTextComponentFix
[0571|t+11881ms|ThreadId(2)] [class_dump] brp → net.minecraft.util.datafix.fixes.VariantRenameFix
[0572|t+11881ms|ThreadId(2)] [class_dump] brq → net.minecraft.util.datafix.fixes.VillagerDataFix
[0573|t+11882ms|ThreadId(2)] [class_dump] brr → net.minecraft.util.datafix.fixes.VillagerFollowRangeFix
[0574|t+11882ms|ThreadId(2)] [class_dump] brs → net.minecraft.util.datafix.fixes.VillagerRebuildLevelAndXpFix
[0575|t+11882ms|ThreadId(2)] [class_dump] brt → net.minecraft.util.datafix.fixes.VillagerSetCanPickUpLootFix
[0576|t+11883ms|ThreadId(2)] [class_dump] bru → net.minecraft.util.datafix.fixes.VillagerTradeFix
[0577|t+11883ms|ThreadId(2)] [class_dump] brv → net.minecraft.util.datafix.fixes.WallPropertyFix
[0578|t+11883ms|ThreadId(2)] [class_dump] brw → net.minecraft.util.datafix.fixes.WeaponSmithChestLootTableFix
[0579|t+11884ms|ThreadId(2)] [class_dump] brx → net.minecraft.util.datafix.fixes.WorldBorderWarningTimeFix
[0580|t+11884ms|ThreadId(2)] [class_dump] bry → net.minecraft.util.datafix.fixes.WorldGenSettingsDisallowOldCustomWorldsFix
[0581|t+11884ms|ThreadId(2)] [class_dump] brz → net.minecraft.util.datafix.fixes.WorldGenSettingsFix
[0582|t+11885ms|ThreadId(2)] [class_dump] bs → net.minecraft.advancements.criterion.EntityPredicate
[0583|t+11885ms|ThreadId(2)] [class_dump] bsa → net.minecraft.util.datafix.fixes.WorldGenSettingsHeightAndBiomeFix
[0584|t+11885ms|ThreadId(2)] [class_dump] bsb → net.minecraft.util.datafix.fixes.WorldSpawnDataFix
[0585|t+11885ms|ThreadId(2)] [class_dump] bsc → net.minecraft.util.datafix.fixes.WriteAndReadFix
[0586|t+11886ms|ThreadId(2)] [class_dump] bsd → net.minecraft.util.datafix.fixes.WrittenBookPagesStrictJsonFix
[0587|t+11886ms|ThreadId(2)] [class_dump] bse → net.minecraft.util.datafix.fixes.ZombieVillagerRebuildXpFix
[0588|t+11886ms|ThreadId(2)] [class_dump] bsh → net.minecraft.util.datafix.schemas.NamespacedSchema
[0589|t+11887ms|ThreadId(2)] [class_dump] bsi → net.minecraft.util.datafix.schemas.V100
[0590|t+11887ms|ThreadId(2)] [class_dump] bsj → net.minecraft.util.datafix.schemas.V102
[0591|t+11887ms|ThreadId(2)] [class_dump] bsk → net.minecraft.util.datafix.schemas.V1022
[0592|t+11888ms|ThreadId(2)] [class_dump] bsl → net.minecraft.util.datafix.schemas.V106
[0593|t+11888ms|ThreadId(2)] [class_dump] bsm → net.minecraft.util.datafix.schemas.V107
[0594|t+11888ms|ThreadId(2)] [class_dump] bsn → net.minecraft.util.datafix.schemas.V1125
[0595|t+11889ms|ThreadId(2)] [class_dump] bso → net.minecraft.util.datafix.schemas.V135
[0596|t+11889ms|ThreadId(2)] [class_dump] bsp → net.minecraft.util.datafix.schemas.V143
[0597|t+11889ms|ThreadId(2)] [class_dump] bsq → net.minecraft.util.datafix.schemas.V1451
[0598|t+11890ms|ThreadId(2)] [class_dump] bsr → net.minecraft.util.datafix.schemas.V1451_1
[0599|t+11890ms|ThreadId(2)] [class_dump] bss → net.minecraft.util.datafix.schemas.V1451_2
[0600|t+11890ms|ThreadId(2)] [class_dump] bst → net.minecraft.util.datafix.schemas.V1451_3
[0601|t+11890ms|ThreadId(2)] [class_dump] bsu → net.minecraft.util.datafix.schemas.V1451_4
[0602|t+11891ms|ThreadId(2)] [class_dump] bsv → net.minecraft.util.datafix.schemas.V1451_5
[0603|t+11891ms|ThreadId(2)] [class_dump] bsw → net.minecraft.util.datafix.schemas.V1451_6
[0604|t+11891ms|ThreadId(2)] [class_dump] bsx → net.minecraft.util.datafix.schemas.V1458
[0605|t+11892ms|ThreadId(2)] [class_dump] bsy → net.minecraft.util.datafix.schemas.V1460
[0606|t+11892ms|ThreadId(2)] [class_dump] bsz → net.minecraft.util.datafix.schemas.V1466
[0607|t+11892ms|ThreadId(2)] [class_dump] bt → net.minecraft.advancements.criterion.EntitySubPredicate
[0608|t+11893ms|ThreadId(2)] [class_dump] bta → net.minecraft.util.datafix.schemas.V1470
[0609|t+11893ms|ThreadId(2)] [class_dump] btb → net.minecraft.util.datafix.schemas.V1481
[0610|t+11893ms|ThreadId(2)] [class_dump] btc → net.minecraft.util.datafix.schemas.V1483
[0611|t+11894ms|ThreadId(2)] [class_dump] btd → net.minecraft.util.datafix.schemas.V1486
[0612|t+11894ms|ThreadId(2)] [class_dump] bte → net.minecraft.util.datafix.schemas.V1488
[0613|t+11894ms|ThreadId(2)] [class_dump] btf → net.minecraft.util.datafix.schemas.V1510
[0614|t+11895ms|ThreadId(2)] [class_dump] btg → net.minecraft.util.datafix.schemas.V1800
[0615|t+11895ms|ThreadId(2)] [class_dump] bth → net.minecraft.util.datafix.schemas.V1801
[0616|t+11895ms|ThreadId(2)] [class_dump] bti → net.minecraft.util.datafix.schemas.V1904
[0617|t+11895ms|ThreadId(2)] [class_dump] btj → net.minecraft.util.datafix.schemas.V1906
[0618|t+11896ms|ThreadId(2)] [class_dump] btk → net.minecraft.util.datafix.schemas.V1909
[0619|t+11896ms|ThreadId(2)] [class_dump] btl → net.minecraft.util.datafix.schemas.V1920
[0620|t+11896ms|ThreadId(2)] [class_dump] btm → net.minecraft.util.datafix.schemas.V1928
[0621|t+11897ms|ThreadId(2)] [class_dump] btn → net.minecraft.util.datafix.schemas.V1929
[0622|t+11897ms|ThreadId(2)] [class_dump] bto → net.minecraft.util.datafix.schemas.V1931
[0623|t+11897ms|ThreadId(2)] [class_dump] btp → net.minecraft.util.datafix.schemas.V2100
[0624|t+11897ms|ThreadId(2)] [class_dump] btq → net.minecraft.util.datafix.schemas.V2501
[0625|t+11898ms|ThreadId(2)] [class_dump] btr → net.minecraft.util.datafix.schemas.V2502
[0626|t+11898ms|ThreadId(2)] [class_dump] bts → net.minecraft.util.datafix.schemas.V2505
[0627|t+11898ms|ThreadId(2)] [class_dump] btt → net.minecraft.util.datafix.schemas.V2509
[0628|t+11899ms|ThreadId(2)] [class_dump] btu → net.minecraft.util.datafix.schemas.V2511_1
[0629|t+11899ms|ThreadId(2)] [class_dump] btv → net.minecraft.util.datafix.schemas.V2519
[0630|t+11899ms|ThreadId(2)] [class_dump] btw → net.minecraft.util.datafix.schemas.V2522
[0631|t+11900ms|ThreadId(2)] [class_dump] btx → net.minecraft.util.datafix.schemas.V2551
[0632|t+11900ms|ThreadId(2)] [class_dump] bty → net.minecraft.util.datafix.schemas.V2568
[0633|t+11900ms|ThreadId(2)] [class_dump] btz → net.minecraft.util.datafix.schemas.V2571
[0634|t+11901ms|ThreadId(2)] [class_dump] bu → net.minecraft.advancements.criterion.EntitySubPredicates
[0635|t+11901ms|ThreadId(2)] [class_dump] bua → net.minecraft.util.datafix.schemas.V2684
[0636|t+11901ms|ThreadId(2)] [class_dump] bub → net.minecraft.util.datafix.schemas.V2686
[0637|t+11901ms|ThreadId(2)] [class_dump] buc → net.minecraft.util.datafix.schemas.V2688
[0638|t+11902ms|ThreadId(2)] [class_dump] bud → net.minecraft.util.datafix.schemas.V2704
[0639|t+11902ms|ThreadId(2)] [class_dump] bue → net.minecraft.util.datafix.schemas.V2707
[0640|t+11902ms|ThreadId(2)] [class_dump] buf → net.minecraft.util.datafix.schemas.V2831
[0641|t+11903ms|ThreadId(2)] [class_dump] bug → net.minecraft.util.datafix.schemas.V2832
[0642|t+11903ms|ThreadId(2)] [class_dump] buh → net.minecraft.util.datafix.schemas.V2842
[0643|t+11903ms|ThreadId(2)] [class_dump] bui → net.minecraft.util.datafix.schemas.V3076
[0644|t+11904ms|ThreadId(2)] [class_dump] buj → net.minecraft.util.datafix.schemas.V3078
[0645|t+11904ms|ThreadId(2)] [class_dump] buk → net.minecraft.util.datafix.schemas.V3081
[0646|t+11904ms|ThreadId(2)] [class_dump] bul → net.minecraft.util.datafix.schemas.V3082
[0647|t+11905ms|ThreadId(2)] [class_dump] bum → net.minecraft.util.datafix.schemas.V3083
[0648|t+11905ms|ThreadId(2)] [class_dump] bun → net.minecraft.util.datafix.schemas.V3202
[0649|t+11905ms|ThreadId(2)] [class_dump] buo → net.minecraft.util.datafix.schemas.V3203
[0650|t+11906ms|ThreadId(2)] [class_dump] bup → net.minecraft.util.datafix.schemas.V3204
[0651|t+11906ms|ThreadId(2)] [class_dump] buq → net.minecraft.util.datafix.schemas.V3325
[0652|t+11906ms|ThreadId(2)] [class_dump] bur → net.minecraft.util.datafix.schemas.V3326
[0653|t+11907ms|ThreadId(2)] [class_dump] bus → net.minecraft.util.datafix.schemas.V3327
[0654|t+11907ms|ThreadId(2)] [class_dump] but → net.minecraft.util.datafix.schemas.V3328
[0655|t+11907ms|ThreadId(2)] [class_dump] buu → net.minecraft.util.datafix.schemas.V3438
[0656|t+11908ms|ThreadId(2)] [class_dump] buv → net.minecraft.util.datafix.schemas.V3439
[0657|t+11908ms|ThreadId(2)] [class_dump] buw → net.minecraft.util.datafix.schemas.V3439_1
[0658|t+11908ms|ThreadId(2)] [class_dump] bux → net.minecraft.util.datafix.schemas.V3448
[0659|t+11908ms|ThreadId(2)] [class_dump] buy → net.minecraft.util.datafix.schemas.V3682
[0660|t+11909ms|ThreadId(2)] [class_dump] buz → net.minecraft.util.datafix.schemas.V3683
[0661|t+11909ms|ThreadId(2)] [class_dump] bva → net.minecraft.util.datafix.schemas.V3685
[0662|t+11909ms|ThreadId(2)] [class_dump] bvb → net.minecraft.util.datafix.schemas.V3689
[0663|t+11910ms|ThreadId(2)] [class_dump] bvc → net.minecraft.util.datafix.schemas.V3799
[0664|t+11910ms|ThreadId(2)] [class_dump] bvd → net.minecraft.util.datafix.schemas.V3807
[0665|t+11910ms|ThreadId(2)] [class_dump] bve → net.minecraft.util.datafix.schemas.V3808
[0666|t+11911ms|ThreadId(2)] [class_dump] bvf → net.minecraft.util.datafix.schemas.V3808_1
[0667|t+11911ms|ThreadId(2)] [class_dump] bvg → net.minecraft.util.datafix.schemas.V3808_2
[0668|t+11911ms|ThreadId(2)] [class_dump] bvh → net.minecraft.util.datafix.schemas.V3813
[0669|t+11911ms|ThreadId(2)] [class_dump] bvi → net.minecraft.util.datafix.schemas.V3816
[0670|t+11912ms|ThreadId(2)] [class_dump] bvj → net.minecraft.util.datafix.schemas.V3818
[0671|t+11912ms|ThreadId(2)] [class_dump] bvk → net.minecraft.util.datafix.schemas.V3818_3
[0672|t+11912ms|ThreadId(2)] [class_dump] bvl → net.minecraft.util.datafix.schemas.V3818_4
[0673|t+11913ms|ThreadId(2)] [class_dump] bvm → net.minecraft.util.datafix.schemas.V3818_5
[0674|t+11913ms|ThreadId(2)] [class_dump] bvn → net.minecraft.util.datafix.schemas.V3825
[0675|t+11913ms|ThreadId(2)] [class_dump] bvo → net.minecraft.util.datafix.schemas.V3938
[0676|t+11914ms|ThreadId(2)] [class_dump] bvp → net.minecraft.util.datafix.schemas.V4059
[0677|t+11914ms|ThreadId(2)] [class_dump] bvq → net.minecraft.util.datafix.schemas.V4067
[0678|t+11914ms|ThreadId(2)] [class_dump] bvr → net.minecraft.util.datafix.schemas.V4070
[0679|t+11915ms|ThreadId(2)] [class_dump] bvs → net.minecraft.util.datafix.schemas.V4071
[0680|t+11915ms|ThreadId(2)] [class_dump] bvt → net.minecraft.util.datafix.schemas.V4290
[0681|t+11915ms|ThreadId(2)] [class_dump] bvu → net.minecraft.util.datafix.schemas.V4292
[0682|t+11916ms|ThreadId(2)] [class_dump] bvv → net.minecraft.util.datafix.schemas.V4300
[0683|t+11916ms|ThreadId(2)] [class_dump] bvw → net.minecraft.util.datafix.schemas.V4301
[0684|t+11916ms|ThreadId(2)] [class_dump] bvx → net.minecraft.util.datafix.schemas.V4302
[0685|t+11916ms|ThreadId(2)] [class_dump] bvy → net.minecraft.util.datafix.schemas.V4306
[0686|t+11917ms|ThreadId(2)] [class_dump] bvz → net.minecraft.util.datafix.schemas.V4307
[0687|t+11917ms|ThreadId(2)] [class_dump] bw → net.minecraft.advancements.criterion.FallAfterExplosionTrigger
[0688|t+11917ms|ThreadId(2)] [class_dump] bwa → net.minecraft.util.datafix.schemas.V4312
[0689|t+11918ms|ThreadId(2)] [class_dump] bwb → net.minecraft.util.datafix.schemas.V4420
[0690|t+11918ms|ThreadId(2)] [class_dump] bwc → net.minecraft.util.datafix.schemas.V4421
[0691|t+11918ms|ThreadId(2)] [class_dump] bwd → net.minecraft.util.datafix.schemas.V4531
[0692|t+11919ms|ThreadId(2)] [class_dump] bwe → net.minecraft.util.datafix.schemas.V4532
[0693|t+11919ms|ThreadId(2)] [class_dump] bwf → net.minecraft.util.datafix.schemas.V4533
[0694|t+11919ms|ThreadId(2)] [class_dump] bwg → net.minecraft.util.datafix.schemas.V4543
[0695|t+11919ms|ThreadId(2)] [class_dump] bwh → net.minecraft.util.datafix.schemas.V4648
[0696|t+11920ms|ThreadId(2)] [class_dump] bwi → net.minecraft.util.datafix.schemas.V4656
[0697|t+11920ms|ThreadId(2)] [class_dump] bwj → net.minecraft.util.datafix.schemas.V501
[0698|t+11920ms|ThreadId(2)] [class_dump] bwk → net.minecraft.util.datafix.schemas.V700
[0699|t+11920ms|ThreadId(2)] [class_dump] bwl → net.minecraft.util.datafix.schemas.V701
[0700|t+11921ms|ThreadId(2)] [class_dump] bwm → net.minecraft.util.datafix.schemas.V702
[0701|t+11921ms|ThreadId(2)] [class_dump] bwn → net.minecraft.util.datafix.schemas.V703
[0702|t+11921ms|ThreadId(2)] [class_dump] bwo → net.minecraft.util.datafix.schemas.V704
[0703|t+11922ms|ThreadId(2)] [class_dump] bwp → net.minecraft.util.datafix.schemas.V705
[0704|t+11922ms|ThreadId(2)] [class_dump] bwq → net.minecraft.util.datafix.schemas.V808
[0705|t+11922ms|ThreadId(2)] [class_dump] bwr → net.minecraft.util.datafix.schemas.V99
[0706|t+11923ms|ThreadId(2)] [class_dump] bwt → net.minecraft.util.debug.DebugBeeInfo
[0707|t+11923ms|ThreadId(2)] [class_dump] bwu → net.minecraft.util.debug.DebugBrainDump
[0708|t+11923ms|ThreadId(2)] [class_dump] bwv → net.minecraft.util.debug.DebugBreezeInfo
[0709|t+11924ms|ThreadId(2)] [class_dump] bww → net.minecraft.util.debug.DebugEntityBlockIntersection
[0710|t+11924ms|ThreadId(2)] [class_dump] bwx → net.minecraft.util.debug.DebugGameEventInfo
[0711|t+11924ms|ThreadId(2)] [class_dump] bwy → net.minecraft.util.debug.DebugGameEventListenerInfo
[0712|t+11925ms|ThreadId(2)] [class_dump] bwz → net.minecraft.util.debug.DebugGoalInfo
[0713|t+11925ms|ThreadId(2)] [class_dump] bx → net.minecraft.advancements.criterion.FilledBucketTrigger
[0714|t+11925ms|ThreadId(2)] [class_dump] bxa → net.minecraft.util.debug.DebugHiveInfo
[0715|t+11926ms|ThreadId(2)] [class_dump] bxb → net.minecraft.util.debug.DebugPathInfo
[0716|t+11926ms|ThreadId(2)] [class_dump] bxc → net.minecraft.util.debug.DebugPoiInfo
[0717|t+11926ms|ThreadId(2)] [class_dump] bxd → net.minecraft.util.debug.DebugStructureInfo
[0718|t+11927ms|ThreadId(2)] [class_dump] bxe → net.minecraft.util.debug.DebugSubscription
[0719|t+11927ms|ThreadId(2)] [class_dump] bxf → net.minecraft.util.debug.DebugSubscriptions
[0720|t+11927ms|ThreadId(2)] [class_dump] bxh → net.minecraft.util.debug.DebugValueSource
[0721|t+11928ms|ThreadId(2)] [class_dump] bxm → net.minecraft.util.debugchart.AbstractSampleLogger
[0722|t+11928ms|ThreadId(2)] [class_dump] bxn → net.minecraft.util.debugchart.LocalSampleLogger
[0723|t+11928ms|ThreadId(2)] [class_dump] bxo → net.minecraft.util.debugchart.RemoteDebugSampleType
[0724|t+11929ms|ThreadId(2)] [class_dump] bxq → net.minecraft.util.debugchart.SampleLogger
[0725|t+11929ms|ThreadId(2)] [class_dump] bxr → net.minecraft.util.debugchart.SampleStorage
[0726|t+11929ms|ThreadId(2)] [class_dump] by → net.minecraft.advancements.criterion.FishingHookPredicate
[0727|t+11929ms|ThreadId(2)] [class_dump] byc → net.minecraft.util.parsing.packrat.Atom
[0728|t+11930ms|ThreadId(2)] [class_dump] byf → net.minecraft.util.parsing.packrat.DelayedException
[0729|t+11930ms|ThreadId(2)] [class_dump] byg → net.minecraft.util.parsing.packrat.Dictionary
[0730|t+11930ms|ThreadId(2)] [class_dump] byh → net.minecraft.util.parsing.packrat.ErrorCollector
[0731|t+11931ms|ThreadId(2)] [class_dump] byj → net.minecraft.util.parsing.packrat.NamedRule
[0732|t+11931ms|ThreadId(2)] [class_dump] byk → net.minecraft.util.parsing.packrat.ParseState
[0733|t+11931ms|ThreadId(2)] [class_dump] byl → net.minecraft.util.parsing.packrat.Rule
[0734|t+11932ms|ThreadId(2)] [class_dump] bym → net.minecraft.util.parsing.packrat.Scope
[0735|t+11932ms|ThreadId(2)] [class_dump] byn → net.minecraft.util.parsing.packrat.SuggestionSupplier
[0736|t+11932ms|ThreadId(2)] [class_dump] byo → net.minecraft.util.parsing.packrat.Term
[0737|t+11933ms|ThreadId(2)] [class_dump] byp → net.minecraft.util.parsing.packrat.commands.CommandArgumentParser
[0738|t+11933ms|ThreadId(2)] [class_dump] byq → net.minecraft.util.parsing.packrat.commands.Grammar
[0739|t+11933ms|ThreadId(2)] [class_dump] byr → net.minecraft.util.parsing.packrat.commands.GreedyPatternParseRule
[0740|t+11933ms|ThreadId(2)] [class_dump] bys → net.minecraft.util.parsing.packrat.commands.GreedyPredicateParseRule
[0741|t+11934ms|ThreadId(2)] [class_dump] byu → net.minecraft.util.parsing.packrat.commands.NumberRunParseRule
[0742|t+11934ms|ThreadId(2)] [class_dump] byv → net.minecraft.util.parsing.packrat.commands.ParserBasedArgument
[0743|t+11934ms|ThreadId(2)] [class_dump] byz → net.minecraft.util.parsing.packrat.commands.StringReaderTerms
[0744|t+11935ms|ThreadId(2)] [class_dump] bz → net.minecraft.advancements.criterion.FishingRodHookedTrigger
[0745|t+11935ms|ThreadId(2)] [class_dump] bzb → net.minecraft.util.parsing.packrat.commands.UnquotedStringParseRule
[0746|t+11935ms|ThreadId(2)] [class_dump] bzm → net.minecraft.util.profiling.ProfilerFiller
[0747|t+11936ms|ThreadId(2)] [class_dump] ca → net.minecraft.advancements.criterion.FluidPredicate
[0748|t+11936ms|ThreadId(2)] [class_dump] caz → net.minecraft.util.profiling.metrics.MetricsSamplerProvider
[0749|t+11936ms|ThreadId(2)] [class_dump] cb → net.minecraft.advancements.criterion.GameTypePredicate
[0750|t+11937ms|ThreadId(2)] [class_dump] cba → net.minecraft.util.profiling.metrics.ProfilerMeasured
[0751|t+11937ms|ThreadId(2)] [class_dump] cbe → net.minecraft.util.profiling.metrics.profiling.MetricsRecorder
[0752|t+11937ms|ThreadId(2)] [class_dump] cbm → net.minecraft.util.random.Weighted
[0753|t+11938ms|ThreadId(2)] [class_dump] cbn → net.minecraft.util.random.WeightedList
[0754|t+11938ms|ThreadId(2)] [class_dump] cbo → net.minecraft.util.random.WeightedRandom
[0755|t+11938ms|ThreadId(2)] [class_dump] cbr → net.minecraft.util.thread.BlockableEventLoop
[0756|t+11938ms|ThreadId(2)] [class_dump] cbv → net.minecraft.util.thread.ReentrantBlockableEventLoop
[0757|t+11939ms|ThreadId(2)] [class_dump] cbx → net.minecraft.util.thread.TaskScheduler
[0758|t+11939ms|ThreadId(2)] [class_dump] cbz → net.minecraft.util.valueproviders.BiasedToBottomInt
[0759|t+11939ms|ThreadId(2)] [class_dump] cc → net.minecraft.advancements.criterion.ImpossibleTrigger
[0760|t+11940ms|ThreadId(2)] [class_dump] cca → net.minecraft.util.valueproviders.ClampedInt
[0761|t+11940ms|ThreadId(2)] [class_dump] ccb → net.minecraft.util.valueproviders.ClampedNormalFloat
[0762|t+11940ms|ThreadId(2)] [class_dump] ccc → net.minecraft.util.valueproviders.ClampedNormalInt
[0763|t+11940ms|ThreadId(2)] [class_dump] ccd → net.minecraft.util.valueproviders.ConstantFloat
[0764|t+11941ms|ThreadId(2)] [class_dump] cce → net.minecraft.util.valueproviders.ConstantInt
[0765|t+11941ms|ThreadId(2)] [class_dump] ccf → net.minecraft.util.valueproviders.FloatProvider
[0766|t+11941ms|ThreadId(2)] [class_dump] ccg → net.minecraft.util.valueproviders.FloatProviderType
[0767|t+11942ms|ThreadId(2)] [class_dump] cch → net.minecraft.util.valueproviders.IntProvider
[0768|t+11942ms|ThreadId(2)] [class_dump] cci → net.minecraft.util.valueproviders.IntProviderType
[0769|t+11942ms|ThreadId(2)] [class_dump] cck → net.minecraft.util.valueproviders.SampledFloat
[0770|t+11943ms|ThreadId(2)] [class_dump] ccl → net.minecraft.util.valueproviders.TrapezoidFloat
[0771|t+11943ms|ThreadId(2)] [class_dump] ccm → net.minecraft.util.valueproviders.UniformFloat
[0772|t+11943ms|ThreadId(2)] [class_dump] ccn → net.minecraft.util.valueproviders.UniformInt
[0773|t+11944ms|ThreadId(2)] [class_dump] cco → net.minecraft.util.valueproviders.WeightedListInt
[0774|t+11944ms|ThreadId(2)] [class_dump] cct → net.minecraft.world.Clearable
[0775|t+11944ms|ThreadId(2)] [class_dump] ccv → net.minecraft.world.Container
[0776|t+11944ms|ThreadId(2)] [class_dump] cd → net.minecraft.advancements.criterion.InputPredicate
[0777|t+11945ms|ThreadId(2)] [class_dump] cdb → net.minecraft.world.InteractionHand
[0778|t+11945ms|ThreadId(2)] [class_dump] cdc → net.minecraft.world.InteractionResult
[0779|t+11945ms|ThreadId(2)] [class_dump] cde → net.minecraft.world.LockCode
[0780|t+11946ms|ThreadId(2)] [class_dump] cdf → net.minecraft.world.MenuProvider
[0781|t+11946ms|ThreadId(2)] [class_dump] cdg → net.minecraft.world.Nameable
[0782|t+11946ms|ThreadId(2)] [class_dump] cdj → net.minecraft.world.RandomizableContainer
[0783|t+11946ms|ThreadId(2)] [class_dump] cdk → net.minecraft.world.SimpleContainer
[0784|t+11947ms|ThreadId(2)] [class_dump] cdo → net.minecraft.world.TickRateManager
[0785|t+11947ms|ThreadId(2)] [class_dump] cdp → net.minecraft.world.WorldlyContainer
[0786|t+11947ms|ThreadId(2)] [class_dump] cdq → net.minecraft.world.WorldlyContainerHolder
[0787|t+11948ms|ThreadId(2)] [class_dump] cdw → net.minecraft.world.attribute.AttributeType
[0788|t+11948ms|ThreadId(2)] [class_dump] cdx → net.minecraft.world.attribute.AttributeTypes
[0789|t+11948ms|ThreadId(2)] [class_dump] ce → net.minecraft.advancements.criterion.InventoryChangeTrigger
[0790|t+11949ms|ThreadId(2)] [class_dump] cea → net.minecraft.world.attribute.EnvironmentAttribute
[0791|t+11949ms|ThreadId(2)] [class_dump] cec → net.minecraft.world.attribute.EnvironmentAttributeMap
[0792|t+11949ms|ThreadId(2)] [class_dump] cee → net.minecraft.world.attribute.EnvironmentAttributeReader
[0793|t+11950ms|ThreadId(2)] [class_dump] ceg → net.minecraft.world.attribute.EnvironmentAttributes
[0794|t+11950ms|ThreadId(2)] [class_dump] cev → net.minecraft.world.damagesource.DamageEffects
[0795|t+11950ms|ThreadId(2)] [class_dump] cew → net.minecraft.world.damagesource.DamageScaling
[0796|t+11950ms|ThreadId(2)] [class_dump] cez → net.minecraft.world.damagesource.DamageType
[0797|t+11951ms|ThreadId(2)] [class_dump] cf → net.minecraft.advancements.criterion.ItemDurabilityTrigger
[0798|t+11951ms|ThreadId(2)] [class_dump] cfa → net.minecraft.world.damagesource.DamageTypes
[0799|t+11951ms|ThreadId(2)] [class_dump] cfb → net.minecraft.world.damagesource.DeathMessageType
[0800|t+11952ms|ThreadId(2)] [class_dump] cfe → net.minecraft.world.effect.AbsorptionMobEffect
[0801|t+11952ms|ThreadId(2)] [class_dump] cff → net.minecraft.world.effect.BadOmenMobEffect
[0802|t+11952ms|ThreadId(2)] [class_dump] cfg → net.minecraft.world.effect.HealOrHarmMobEffect
[0803|t+11953ms|ThreadId(2)] [class_dump] cfh → net.minecraft.world.effect.HungerMobEffect
[0804|t+11953ms|ThreadId(2)] [class_dump] cfi → net.minecraft.world.effect.InfestedMobEffect
[0805|t+11953ms|ThreadId(2)] [class_dump] cfj → net.minecraft.world.effect.InstantenousMobEffect
[0806|t+11954ms|ThreadId(2)] [class_dump] cfk → net.minecraft.world.effect.MobEffect
[0807|t+11954ms|ThreadId(2)] [class_dump] cfl → net.minecraft.world.effect.MobEffectCategory
[0808|t+11954ms|ThreadId(2)] [class_dump] cfm → net.minecraft.world.effect.MobEffectInstance
[0809|t+11955ms|ThreadId(2)] [class_dump] cfo → net.minecraft.world.effect.MobEffects
[0810|t+11955ms|ThreadId(2)] [class_dump] cfp → net.minecraft.world.effect.OozingMobEffect
[0811|t+11955ms|ThreadId(2)] [class_dump] cfq → net.minecraft.world.effect.PoisonMobEffect
[0812|t+11956ms|ThreadId(2)] [class_dump] cfr → net.minecraft.world.effect.RaidOmenMobEffect
[0813|t+11956ms|ThreadId(2)] [class_dump] cfs → net.minecraft.world.effect.RegenerationMobEffect
[0814|t+11956ms|ThreadId(2)] [class_dump] cft → net.minecraft.world.effect.SaturationMobEffect
[0815|t+11957ms|ThreadId(2)] [class_dump] cfu → net.minecraft.world.effect.WeavingMobEffect
[0816|t+11957ms|ThreadId(2)] [class_dump] cfv → net.minecraft.world.effect.WindChargedMobEffect
[0817|t+11957ms|ThreadId(2)] [class_dump] cfw → net.minecraft.world.effect.WitherMobEffect
[0818|t+11957ms|ThreadId(2)] [class_dump] cfy → net.minecraft.world.entity.AgeableMob
[0819|t+11958ms|ThreadId(2)] [class_dump] cg → net.minecraft.advancements.criterion.ItemPredicate
[0820|t+11959ms|ThreadId(2)] [class_dump] cga → net.minecraft.world.entity.AreaEffectCloud
[0821|t+11959ms|ThreadId(2)] [class_dump] cgb → net.minecraft.world.entity.Attackable
[0822|t+11959ms|ThreadId(2)] [class_dump] cgc → net.minecraft.world.entity.Avatar
[0823|t+11960ms|ThreadId(2)] [class_dump] cgd → net.minecraft.world.entity.ContainerUser
[0824|t+11960ms|ThreadId(2)] [class_dump] cgh → net.minecraft.world.entity.Display
[0825|t+11960ms|ThreadId(2)] [class_dump] cgk → net.minecraft.world.entity.Entity
[0826|t+11961ms|ThreadId(2)] [class_dump] cgl → net.minecraft.world.entity.EntityAttachment
[0827|t+11961ms|ThreadId(2)] [class_dump] cgm → net.minecraft.world.entity.EntityAttachments
[0828|t+11961ms|ThreadId(2)] [class_dump] cgn → net.minecraft.world.entity.EntityDimensions
[0829|t+11962ms|ThreadId(2)] [class_dump] cgr → net.minecraft.world.entity.EntityReference
[0830|t+11962ms|ThreadId(2)] [class_dump] cgt → net.minecraft.world.entity.EntitySpawnReason
[0831|t+11962ms|ThreadId(2)] [class_dump] cgu → net.minecraft.world.entity.EntityType
[0832|t+11963ms|ThreadId(2)] [class_dump] cgv → net.minecraft.world.entity.EquipmentSlot
[0833|t+11963ms|ThreadId(2)] [class_dump] cgw → net.minecraft.world.entity.EquipmentSlotGroup
[0834|t+11963ms|ThreadId(2)] [class_dump] cgy → net.minecraft.world.entity.EquipmentUser
[0835|t+11964ms|ThreadId(2)] [class_dump] cgz → net.minecraft.world.entity.ExperienceOrb
[0836|t+11964ms|ThreadId(2)] [class_dump] ch → net.minecraft.advancements.criterion.ItemUsedOnLocationTrigger
[0837|t+11964ms|ThreadId(2)] [class_dump] cha → net.minecraft.world.entity.HasCustomInventoryScreen
[0838|t+11965ms|ThreadId(2)] [class_dump] chb → net.minecraft.world.entity.HumanoidArm
[0839|t+11965ms|ThreadId(2)] [class_dump] chc → net.minecraft.world.entity.InsideBlockEffectApplier
[0840|t+11965ms|ThreadId(2)] [class_dump] che → net.minecraft.world.entity.Interaction
[0841|t+11966ms|ThreadId(2)] [class_dump] chh → net.minecraft.world.entity.ItemOwner
[0842|t+11966ms|ThreadId(2)] [class_dump] chi → net.minecraft.world.entity.ItemSteerable
[0843|t+11966ms|ThreadId(2)] [class_dump] chj → net.minecraft.world.entity.Leashable
[0844|t+11967ms|ThreadId(2)] [class_dump] chk → net.minecraft.world.entity.LightningBolt
[0845|t+11967ms|ThreadId(2)] [class_dump] chl → net.minecraft.world.entity.LivingEntity
[0846|t+11967ms|ThreadId(2)] [class_dump] chm → net.minecraft.world.entity.Marker
[0847|t+11968ms|ThreadId(2)] [class_dump] chn → net.minecraft.world.entity.Mob
[0848|t+11968ms|ThreadId(2)] [class_dump] cho → net.minecraft.world.entity.MobCategory
[0849|t+11969ms|ThreadId(2)] [class_dump] chq → net.minecraft.world.entity.NeutralMob
[0850|t+11969ms|ThreadId(2)] [class_dump] chr → net.minecraft.world.entity.OminousItemSpawner
[0851|t+11969ms|ThreadId(2)] [class_dump] chs → net.minecraft.world.entity.OwnableEntity
[0852|t+11970ms|ThreadId(2)] [class_dump] cht → net.minecraft.world.entity.PathfinderMob
[0853|t+11970ms|ThreadId(2)] [class_dump] chu → net.minecraft.world.entity.PlayerRideable
[0854|t+11970ms|ThreadId(2)] [class_dump] chv → net.minecraft.world.entity.PlayerRideableJumping
[0855|t+11971ms|ThreadId(2)] [class_dump] chx → net.minecraft.world.entity.Pose
[0856|t+11971ms|ThreadId(2)] [class_dump] ci → net.minecraft.advancements.criterion.KilledByArrowTrigger
[0857|t+11971ms|ThreadId(2)] [class_dump] cia → net.minecraft.world.entity.ReputationEventHandler
[0858|t+11972ms|ThreadId(2)] [class_dump] cib → net.minecraft.world.entity.Shearable
[0859|t+11972ms|ThreadId(2)] [class_dump] cic → net.minecraft.world.entity.SlotAccess
[0860|t+11972ms|ThreadId(2)] [class_dump] cid → net.minecraft.world.entity.SlotProvider
[0861|t+11973ms|ThreadId(2)] [class_dump] cie → net.minecraft.world.entity.SpawnGroupData
[0862|t+11973ms|ThreadId(2)] [class_dump] cii → net.minecraft.world.entity.TamableAnimal
[0863|t+11973ms|ThreadId(2)] [class_dump] cij → net.minecraft.world.entity.Targeting
[0864|t+11973ms|ThreadId(2)] [class_dump] cik → net.minecraft.world.entity.TraceableEntity
[0865|t+11974ms|ThreadId(2)] [class_dump] cin → net.minecraft.world.entity.ai.attributes.Attribute
[0866|t+11974ms|ThreadId(2)] [class_dump] ciq → net.minecraft.world.entity.ai.attributes.AttributeModifier
[0867|t+11974ms|ThreadId(2)] [class_dump] cis → net.minecraft.world.entity.ai.attributes.Attributes
[0868|t+11975ms|ThreadId(2)] [class_dump] ciu → net.minecraft.world.entity.ai.attributes.RangedAttribute
[0869|t+11975ms|ThreadId(2)] [class_dump] cj → net.minecraft.advancements.criterion.KilledTrigger
[0870|t+11976ms|ThreadId(2)] [class_dump] ck → net.minecraft.advancements.criterion.LevitationTrigger
[0871|t+11976ms|ThreadId(2)] [class_dump] cl → net.minecraft.advancements.criterion.LightPredicate
[0872|t+11976ms|ThreadId(2)] [class_dump] cm → net.minecraft.advancements.criterion.LightningBoltPredicate
[0873|t+11976ms|ThreadId(2)] [class_dump] cn → net.minecraft.advancements.criterion.LightningStrikeTrigger
[0874|t+11977ms|ThreadId(2)] [class_dump] cnl → net.minecraft.world.entity.ai.control.BodyRotationControl
[0875|t+11977ms|ThreadId(2)] [class_dump] cnm → net.minecraft.world.entity.ai.control.Control
[0876|t+11977ms|ThreadId(2)] [class_dump] cnn → net.minecraft.world.entity.ai.control.FlyingMoveControl
[0877|t+11978ms|ThreadId(2)] [class_dump] cno → net.minecraft.world.entity.ai.control.JumpControl
[0878|t+11978ms|ThreadId(2)] [class_dump] cnp → net.minecraft.world.entity.ai.control.LookControl
[0879|t+11978ms|ThreadId(2)] [class_dump] cnq → net.minecraft.world.entity.ai.control.MoveControl
[0880|t+11978ms|ThreadId(2)] [class_dump] cnr → net.minecraft.world.entity.ai.control.SmoothSwimmingLookControl
[0881|t+11979ms|ThreadId(2)] [class_dump] cns → net.minecraft.world.entity.ai.control.SmoothSwimmingMoveControl
[0882|t+11979ms|ThreadId(2)] [class_dump] cnu → net.minecraft.world.entity.ai.goal.AvoidEntityGoal
[0883|t+11979ms|ThreadId(2)] [class_dump] cnv → net.minecraft.world.entity.ai.goal.BegGoal
[0884|t+11980ms|ThreadId(2)] [class_dump] cnx → net.minecraft.world.entity.ai.goal.BreakDoorGoal
[0885|t+11980ms|ThreadId(2)] [class_dump] cny → net.minecraft.world.entity.ai.goal.BreathAirGoal
[0886|t+12024ms|ThreadId(2)] [class_dump] cnz → net.minecraft.world.entity.ai.goal.BreedGoal
[0887|t+12025ms|ThreadId(2)] [class_dump] co → net.minecraft.advancements.criterion.LocationPredicate
[0888|t+12025ms|ThreadId(2)] [class_dump] coa → net.minecraft.world.entity.ai.goal.CatLieOnBedGoal
[0889|t+12025ms|ThreadId(2)] [class_dump] cob → net.minecraft.world.entity.ai.goal.CatSitOnBlockGoal
[0890|t+12026ms|ThreadId(2)] [class_dump] coc → net.minecraft.world.entity.ai.goal.ClimbOnTopOfPowderSnowGoal
[0891|t+12026ms|ThreadId(2)] [class_dump] cod → net.minecraft.world.entity.ai.goal.DolphinJumpGoal
[0892|t+12026ms|ThreadId(2)] [class_dump] coe → net.minecraft.world.entity.ai.goal.DoorInteractGoal
[0893|t+12027ms|ThreadId(2)] [class_dump] cof → net.minecraft.world.entity.ai.goal.EatBlockGoal
[0894|t+12027ms|ThreadId(2)] [class_dump] cog → net.minecraft.world.entity.ai.goal.FleeSunGoal
[0895|t+12027ms|ThreadId(2)] [class_dump] coh → net.minecraft.world.entity.ai.goal.FloatGoal
[0896|t+12028ms|ThreadId(2)] [class_dump] coi → net.minecraft.world.entity.ai.goal.FollowBoatGoal
[0897|t+12028ms|ThreadId(2)] [class_dump] coj → net.minecraft.world.entity.ai.goal.FollowFlockLeaderGoal
[0898|t+12028ms|ThreadId(2)] [class_dump] cok → net.minecraft.world.entity.ai.goal.FollowMobGoal
[0899|t+12029ms|ThreadId(2)] [class_dump] col → net.minecraft.world.entity.ai.goal.FollowOwnerGoal
[0900|t+12029ms|ThreadId(2)] [class_dump] com.mojang.authlib.GameProfile
[0901|t+12029ms|ThreadId(2)] [class_dump] com.mojang.authlib.exceptions.AuthenticationException
[0902|t+12030ms|ThreadId(2)] [class_dump] com.mojang.authlib.minecraft.TelemetryPropertyContainer
[0903|t+12030ms|ThreadId(2)] [class_dump] com.mojang.authlib.properties.Property
[0904|t+12030ms|ThreadId(2)] [class_dump] com.mojang.authlib.properties.PropertyMap
[0905|t+12031ms|ThreadId(2)] [class_dump] com.mojang.blaze3d.systems.GpuDevice → com.mojang.blaze3d.systems.GpuDevice
[0906|t+12031ms|ThreadId(2)] [class_dump] com.mojang.blaze3d.systems.RenderSystem → com.mojang.blaze3d.systems.RenderSystem
[0907|t+12031ms|ThreadId(2)] [class_dump] com.mojang.brigadier.ImmutableStringReader
[0908|t+12032ms|ThreadId(2)] [class_dump] com.mojang.brigadier.LiteralMessage
[0909|t+12032ms|ThreadId(2)] [class_dump] com.mojang.brigadier.Message
[0910|t+12032ms|ThreadId(2)] [class_dump] com.mojang.brigadier.arguments.ArgumentType
[0911|t+12033ms|ThreadId(2)] [class_dump] com.mojang.brigadier.arguments.BoolArgumentType
[0912|t+12033ms|ThreadId(2)] [class_dump] com.mojang.brigadier.arguments.DoubleArgumentType
[0913|t+12033ms|ThreadId(2)] [class_dump] com.mojang.brigadier.arguments.FloatArgumentType
[0914|t+12034ms|ThreadId(2)] [class_dump] com.mojang.brigadier.arguments.IntegerArgumentType
[0915|t+12034ms|ThreadId(2)] [class_dump] com.mojang.brigadier.arguments.LongArgumentType
[0916|t+12034ms|ThreadId(2)] [class_dump] com.mojang.brigadier.arguments.StringArgumentType
[0917|t+12035ms|ThreadId(2)] [class_dump] com.mojang.brigadier.arguments.StringArgumentType$StringType
[0918|t+12035ms|ThreadId(2)] [class_dump] com.mojang.brigadier.exceptions.BuiltInExceptionProvider
[0919|t+12035ms|ThreadId(2)] [class_dump] com.mojang.brigadier.exceptions.BuiltInExceptions
[0920|t+12035ms|ThreadId(2)] [class_dump] com.mojang.brigadier.exceptions.BuiltInExceptions$$Lambda/0x0000000800253400
[0921|t+12036ms|ThreadId(2)] [class_dump] com.mojang.brigadier.exceptions.BuiltInExceptions$$Lambda/0x0000000800253800
[0922|t+12036ms|ThreadId(2)] [class_dump] com.mojang.brigadier.exceptions.BuiltInExceptions$$Lambda/0x0000000800253a10
[0923|t+12036ms|ThreadId(2)] [class_dump] com.mojang.brigadier.exceptions.BuiltInExceptions$$Lambda/0x0000000800253c20
[0924|t+12037ms|ThreadId(2)] [class_dump] com.mojang.brigadier.exceptions.BuiltInExceptions$$Lambda/0x0000000800257c48
[0925|t+12037ms|ThreadId(2)] [class_dump] com.mojang.brigadier.exceptions.BuiltInExceptions$$Lambda/0x0000000800258000
[0926|t+12037ms|ThreadId(2)] [class_dump] com.mojang.brigadier.exceptions.BuiltInExceptions$$Lambda/0x0000000800258210
[0927|t+12038ms|ThreadId(2)] [class_dump] com.mojang.brigadier.exceptions.BuiltInExceptions$$Lambda/0x0000000800258420
[0928|t+12038ms|ThreadId(2)] [class_dump] com.mojang.brigadier.exceptions.BuiltInExceptions$$Lambda/0x0000000800258840
[0929|t+12038ms|ThreadId(2)] [class_dump] com.mojang.brigadier.exceptions.BuiltInExceptions$$Lambda/0x0000000800258ea0
[0930|t+12039ms|ThreadId(2)] [class_dump] com.mojang.brigadier.exceptions.BuiltInExceptions$$Lambda/0x00000008002590d0
[0931|t+12039ms|ThreadId(2)] [class_dump] com.mojang.brigadier.exceptions.BuiltInExceptions$$Lambda/0x0000000800259300
[0932|t+12039ms|ThreadId(2)] [class_dump] com.mojang.brigadier.exceptions.BuiltInExceptions$$Lambda/0x0000000800259530
[0933|t+12040ms|ThreadId(2)] [class_dump] com.mojang.brigadier.exceptions.BuiltInExceptions$$Lambda/0x0000000800259760
[0934|t+12040ms|ThreadId(2)] [class_dump] com.mojang.brigadier.exceptions.BuiltInExceptions$$Lambda/0x0000000800259990
[0935|t+12040ms|ThreadId(2)] [class_dump] com.mojang.brigadier.exceptions.BuiltInExceptions$$Lambda/0x0000000800259bc0
[0936|t+12040ms|ThreadId(2)] [class_dump] com.mojang.brigadier.exceptions.BuiltInExceptions$$Lambda/0x0000000800259df0
[0937|t+12041ms|ThreadId(2)] [class_dump] com.mojang.brigadier.exceptions.CommandExceptionType
[0938|t+12041ms|ThreadId(2)] [class_dump] com.mojang.brigadier.exceptions.CommandSyntaxException
[0939|t+12041ms|ThreadId(2)] [class_dump] com.mojang.brigadier.exceptions.Dynamic2CommandExceptionType
[0940|t+12042ms|ThreadId(2)] [class_dump] com.mojang.brigadier.exceptions.Dynamic2CommandExceptionType$Function
[0941|t+12042ms|ThreadId(2)] [class_dump] com.mojang.brigadier.exceptions.DynamicCommandExceptionType
[0942|t+12042ms|ThreadId(2)] [class_dump] com.mojang.brigadier.exceptions.SimpleCommandExceptionType
[0943|t+12043ms|ThreadId(2)] [class_dump] com.mojang.datafixers.DSL
[0944|t+12043ms|ThreadId(2)] [class_dump] com.mojang.datafixers.DSL$$Lambda/0x00000008002d18d8
[0945|t+12043ms|ThreadId(2)] [class_dump] com.mojang.datafixers.DSL$$Lambda/0x00000008002d5a70
[0946|t+12044ms|ThreadId(2)] [class_dump] com.mojang.datafixers.DSL$$Lambda/0x00000008002d5ca0
[0947|t+12044ms|ThreadId(2)] [class_dump] com.mojang.datafixers.DSL$$Lambda/0x0000000800328200
[0948|t+12044ms|ThreadId(2)] [class_dump] com.mojang.datafixers.DSL$$Lambda/0x00000008003694f0
[0949|t+12044ms|ThreadId(2)] [class_dump] com.mojang.datafixers.DSL$Instances
[0950|t+12045ms|ThreadId(2)] [class_dump] com.mojang.datafixers.DSL$Instances$TaggedChoiceCacheKey
[0951|t+12045ms|ThreadId(2)] [class_dump] com.mojang.datafixers.DSL$TypeReference
[0952|t+12045ms|ThreadId(2)] [class_dump] com.mojang.datafixers.DataFix
[0953|t+12046ms|ThreadId(2)] [class_dump] com.mojang.datafixers.DataFix$$Lambda/0x0000000800382aa8
[0954|t+12046ms|ThreadId(2)] [class_dump] com.mojang.datafixers.DataFix$$Lambda/0x0000000800386ea0
[0955|t+12046ms|ThreadId(2)] [class_dump] com.mojang.datafixers.DataFix$$Lambda/0x0000000800389818
[0956|t+12047ms|ThreadId(2)] [class_dump] com.mojang.datafixers.DataFix$$Lambda/0x00000008003a0b48
[0957|t+12047ms|ThreadId(2)] [class_dump] com.mojang.datafixers.DataFix$NamedFunctionWrapper
[0958|t+12047ms|ThreadId(2)] [class_dump] com.mojang.datafixers.DataFixUtils
[0959|t+12047ms|ThreadId(2)] [class_dump] com.mojang.datafixers.DataFixUtils$$Lambda/0x00000008003850a8
[0960|t+12048ms|ThreadId(2)] [class_dump] com.mojang.datafixers.DataFixUtils$$Lambda/0x0000000800385b38
[0961|t+12048ms|ThreadId(2)] [class_dump] com.mojang.datafixers.DataFixUtils$$Lambda/0x00000008004c8a18
[0962|t+12048ms|ThreadId(2)] [class_dump] com.mojang.datafixers.DataFixer
[0963|t+12049ms|ThreadId(2)] [class_dump] com.mojang.datafixers.DataFixerBuilder
[0964|t+12049ms|ThreadId(2)] [class_dump] com.mojang.datafixers.DataFixerBuilder$Result
[0965|t+12049ms|ThreadId(2)] [class_dump] com.mojang.datafixers.DataFixerBuilder$Result$$Lambda/0x000000080037e8f0
[0966|t+12049ms|ThreadId(2)] [class_dump] com.mojang.datafixers.DataFixerBuilder$Result$$Lambda/0x000000080037eb20
[0967|t+12050ms|ThreadId(2)] [class_dump] com.mojang.datafixers.DataFixerBuilder$Result$$Lambda/0x000000080037ed38
[0968|t+12050ms|ThreadId(2)] [class_dump] com.mojang.datafixers.DataFixerBuilder$Result$$Lambda/0x000000080037ef70
[0969|t+12050ms|ThreadId(2)] [class_dump] com.mojang.datafixers.DataFixerBuilder$Result$$Lambda/0x000000080037fca8
[0970|t+12051ms|ThreadId(2)] [class_dump] com.mojang.datafixers.DataFixerBuilder$Result$$Lambda/0x00000008003852d8
[0971|t+12051ms|ThreadId(2)] [class_dump] com.mojang.datafixers.DataFixerBuilder$Result$$Lambda/0x0000000800385710
[0972|t+12051ms|ThreadId(2)] [class_dump] com.mojang.datafixers.DataFixerUpper
[0973|t+12051ms|ThreadId(2)] [class_dump] com.mojang.datafixers.DataFixerUpper$$Lambda/0x0000000800306a70
[0974|t+12052ms|ThreadId(2)] [class_dump] com.mojang.datafixers.DataFixerUpper$$Lambda/0x000000080037f5c0
[0975|t+12052ms|ThreadId(2)] [class_dump] com.mojang.datafixers.FieldFinder
[0976|t+12052ms|ThreadId(2)] [class_dump] com.mojang.datafixers.NamedChoiceFinder
[0977|t+12053ms|ThreadId(2)] [class_dump] com.mojang.datafixers.OpticFinder
[0978|t+12053ms|ThreadId(2)] [class_dump] com.mojang.datafixers.Products
[0979|t+12053ms|ThreadId(2)] [class_dump] com.mojang.datafixers.Products$P1
[0980|t+12054ms|ThreadId(2)] [class_dump] com.mojang.datafixers.Products$P10
[0981|t+12054ms|ThreadId(2)] [class_dump] com.mojang.datafixers.Products$P11
[0982|t+12054ms|ThreadId(2)] [class_dump] com.mojang.datafixers.Products$P13
[0983|t+12054ms|ThreadId(2)] [class_dump] com.mojang.datafixers.Products$P14
[0984|t+12055ms|ThreadId(2)] [class_dump] com.mojang.datafixers.Products$P15
[0985|t+12055ms|ThreadId(2)] [class_dump] com.mojang.datafixers.Products$P2
[0986|t+12055ms|ThreadId(2)] [class_dump] com.mojang.datafixers.Products$P3
[0987|t+12056ms|ThreadId(2)] [class_dump] com.mojang.datafixers.Products$P4
[0988|t+12056ms|ThreadId(2)] [class_dump] com.mojang.datafixers.Products$P5
[0989|t+12056ms|ThreadId(2)] [class_dump] com.mojang.datafixers.Products$P6
[0990|t+12057ms|ThreadId(2)] [class_dump] com.mojang.datafixers.Products$P7
[0991|t+12057ms|ThreadId(2)] [class_dump] com.mojang.datafixers.Products$P8
[0992|t+12057ms|ThreadId(2)] [class_dump] com.mojang.datafixers.Products$P9
[0993|t+12058ms|ThreadId(2)] [class_dump] com.mojang.datafixers.RewriteResult
[0994|t+12058ms|ThreadId(2)] [class_dump] com.mojang.datafixers.TypeRewriteRule
[0995|t+12058ms|ThreadId(2)] [class_dump] com.mojang.datafixers.TypeRewriteRule$All
[0996|t+12059ms|ThreadId(2)] [class_dump] com.mojang.datafixers.TypeRewriteRule$Everywhere
[0997|t+12059ms|ThreadId(2)] [class_dump] com.mojang.datafixers.TypeRewriteRule$IfSame
[0998|t+12059ms|ThreadId(2)] [class_dump] com.mojang.datafixers.TypeRewriteRule$Nop
[0999|t+12060ms|ThreadId(2)] [class_dump] com.mojang.datafixers.TypeRewriteRule$OrElse
[1000|t+12060ms|ThreadId(2)] [class_dump] com.mojang.datafixers.TypeRewriteRule$Seq
[1001|t+12060ms|ThreadId(2)] [class_dump] com.mojang.datafixers.TypeRewriteRule$Seq$$Lambda/0x000000080038aee8
[1002|t+12060ms|ThreadId(2)] [class_dump] com.mojang.datafixers.Typed
[1003|t+12061ms|ThreadId(2)] [class_dump] com.mojang.datafixers.TypedOptic
[1004|t+12061ms|ThreadId(2)] [class_dump] com.mojang.datafixers.TypedOptic$Element
[1005|t+12061ms|ThreadId(2)] [class_dump] com.mojang.datafixers.View
[1006|t+12062ms|ThreadId(2)] [class_dump] com.mojang.datafixers.View$$Lambda/0x0000000800394000
[1007|t+12062ms|ThreadId(2)] [class_dump] com.mojang.datafixers.functions.Apply
[1008|t+12062ms|ThreadId(2)] [class_dump] com.mojang.datafixers.functions.Comp
[1009|t+12063ms|ThreadId(2)] [class_dump] com.mojang.datafixers.functions.Comp$$Lambda/0x00000008003da338
[1010|t+12063ms|ThreadId(2)] [class_dump] com.mojang.datafixers.functions.Fold
[1011|t+12063ms|ThreadId(2)] [class_dump] com.mojang.datafixers.functions.FunctionWrapper
[1012|t+12064ms|ThreadId(2)] [class_dump] com.mojang.datafixers.functions.Functions
[1013|t+12064ms|ThreadId(2)] [class_dump] com.mojang.datafixers.functions.Id
[1014|t+12064ms|ThreadId(2)] [class_dump] com.mojang.datafixers.functions.In
[1015|t+12064ms|ThreadId(2)] [class_dump] com.mojang.datafixers.functions.Out
[1016|t+12065ms|ThreadId(2)] [class_dump] com.mojang.datafixers.functions.PointFree
[1017|t+12065ms|ThreadId(2)] [class_dump] com.mojang.datafixers.functions.PointFreeRule
[1018|t+12065ms|ThreadId(2)] [class_dump] com.mojang.datafixers.functions.PointFreeRule$AppNest
[1019|t+12065ms|ThreadId(2)] [class_dump] com.mojang.datafixers.functions.PointFreeRule$CataFuseDifferent
[1020|t+12066ms|ThreadId(2)] [class_dump] com.mojang.datafixers.functions.PointFreeRule$CataFuseSame
[1021|t+12066ms|ThreadId(2)] [class_dump] com.mojang.datafixers.functions.PointFreeRule$CompRewrite
[1022|t+12066ms|ThreadId(2)] [class_dump] com.mojang.datafixers.functions.PointFreeRule$CompRewrite$$Lambda/0x0000000800302f80
[1023|t+12067ms|ThreadId(2)] [class_dump] com.mojang.datafixers.functions.PointFreeRule$CompRewrite$$Lambda/0x00000008003d9ef8
[1024|t+12067ms|ThreadId(2)] [class_dump] com.mojang.datafixers.functions.PointFreeRule$CompRewrite$$Lambda/0x00000008003da128
[1025|t+12067ms|ThreadId(2)] [class_dump] com.mojang.datafixers.functions.PointFreeRule$Everywhere
[1026|t+12067ms|ThreadId(2)] [class_dump] com.mojang.datafixers.functions.PointFreeRule$LensComp
[1027|t+12068ms|ThreadId(2)] [class_dump] com.mojang.datafixers.functions.PointFreeRule$Nop
[1028|t+12068ms|ThreadId(2)] [class_dump] com.mojang.datafixers.functions.PointFreeRule$Seq
[1029|t+12068ms|ThreadId(2)] [class_dump] com.mojang.datafixers.functions.PointFreeRule$SortInj
[1030|t+12069ms|ThreadId(2)] [class_dump] com.mojang.datafixers.functions.PointFreeRule$SortProj
[1031|t+12069ms|ThreadId(2)] [class_dump] com.mojang.datafixers.functions.ProfunctorTransformer
[1032|t+12069ms|ThreadId(2)] [class_dump] com.mojang.datafixers.kinds.App
[1033|t+12070ms|ThreadId(2)] [class_dump] com.mojang.datafixers.kinds.App2
[1034|t+12070ms|ThreadId(2)] [class_dump] com.mojang.datafixers.kinds.Applicative
[1035|t+12070ms|ThreadId(2)] [class_dump] com.mojang.datafixers.kinds.Applicative$$Lambda/0x000000080048a250
[1036|t+12070ms|ThreadId(2)] [class_dump] com.mojang.datafixers.kinds.Applicative$$Lambda/0x00000008006b0870
[1037|t+12071ms|ThreadId(2)] [class_dump] com.mojang.datafixers.kinds.Applicative$$Lambda/0x00000008006bc2a8
[1038|t+12071ms|ThreadId(2)] [class_dump] com.mojang.datafixers.kinds.Applicative$$Lambda/0x00000008007022d0
[1039|t+12071ms|ThreadId(2)] [class_dump] com.mojang.datafixers.kinds.Applicative$$Lambda/0x0000000800710270
[1040|t+12072ms|ThreadId(2)] [class_dump] com.mojang.datafixers.kinds.Applicative$$Lambda/0x000000080071b618
[1041|t+12072ms|ThreadId(2)] [class_dump] com.mojang.datafixers.kinds.Applicative$$Lambda/0x00000008009ef888
[1042|t+12072ms|ThreadId(2)] [class_dump] com.mojang.datafixers.kinds.Applicative$$Lambda/0x0000000800a15a50
[1043|t+12072ms|ThreadId(2)] [class_dump] com.mojang.datafixers.kinds.Applicative$$Lambda/0x0000000800a358f0
[1044|t+12073ms|ThreadId(2)] [class_dump] com.mojang.datafixers.kinds.Applicative$$Lambda/0x0000000800ad4af0
[1045|t+12073ms|ThreadId(2)] [class_dump] com.mojang.datafixers.kinds.Functor
[1046|t+12073ms|ThreadId(2)] [class_dump] com.mojang.datafixers.kinds.K1
[1047|t+12074ms|ThreadId(2)] [class_dump] com.mojang.datafixers.kinds.Kind1
[1048|t+12074ms|ThreadId(2)] [class_dump] com.mojang.datafixers.kinds.Kind2$Mu
[1049|t+12074ms|ThreadId(2)] [class_dump] com.mojang.datafixers.optics.Adapter
[1050|t+12075ms|ThreadId(2)] [class_dump] com.mojang.datafixers.optics.Affine
[1051|t+12075ms|ThreadId(2)] [class_dump] com.mojang.datafixers.optics.IdAdapter
[1052|t+12075ms|ThreadId(2)] [class_dump] com.mojang.datafixers.optics.Inj1
[1053|t+12075ms|ThreadId(2)] [class_dump] com.mojang.datafixers.optics.Inj2
[1054|t+12076ms|ThreadId(2)] [class_dump] com.mojang.datafixers.optics.Lens
[1055|t+12076ms|ThreadId(2)] [class_dump] com.mojang.datafixers.optics.ListTraversal
[1056|t+12076ms|ThreadId(2)] [class_dump] com.mojang.datafixers.optics.Optic
[1057|t+12077ms|ThreadId(2)] [class_dump] com.mojang.datafixers.optics.Optics
[1058|t+12077ms|ThreadId(2)] [class_dump] com.mojang.datafixers.optics.PStore
[1059|t+12077ms|ThreadId(2)] [class_dump] com.mojang.datafixers.optics.Prism
[1060|t+12077ms|ThreadId(2)] [class_dump] com.mojang.datafixers.optics.Proj1
[1061|t+12078ms|ThreadId(2)] [class_dump] com.mojang.datafixers.optics.Proj2
[1062|t+12078ms|ThreadId(2)] [class_dump] com.mojang.datafixers.optics.ReForgetC
[1063|t+12078ms|ThreadId(2)] [class_dump] com.mojang.datafixers.optics.ReForgetE
[1064|t+12079ms|ThreadId(2)] [class_dump] com.mojang.datafixers.optics.ReForgetEP
[1065|t+12079ms|ThreadId(2)] [class_dump] com.mojang.datafixers.optics.ReForgetP
[1066|t+12079ms|ThreadId(2)] [class_dump] com.mojang.datafixers.optics.Traversal
[1067|t+12080ms|ThreadId(2)] [class_dump] com.mojang.datafixers.optics.Wander
[1068|t+12080ms|ThreadId(2)] [class_dump] com.mojang.datafixers.optics.profunctors.AffineP$Mu
[1069|t+12080ms|ThreadId(2)] [class_dump] com.mojang.datafixers.optics.profunctors.AffineP$Mu$1
[1070|t+12081ms|ThreadId(2)] [class_dump] com.mojang.datafixers.optics.profunctors.Cartesian$Mu
[1071|t+12081ms|ThreadId(2)] [class_dump] com.mojang.datafixers.optics.profunctors.Cartesian$Mu$1
[1072|t+12081ms|ThreadId(2)] [class_dump] com.mojang.datafixers.optics.profunctors.Cocartesian$Mu
[1073|t+12082ms|ThreadId(2)] [class_dump] com.mojang.datafixers.optics.profunctors.Cocartesian$Mu$1
[1074|t+12082ms|ThreadId(2)] [class_dump] com.mojang.datafixers.optics.profunctors.Profunctor$Mu
[1075|t+12082ms|ThreadId(2)] [class_dump] com.mojang.datafixers.optics.profunctors.Profunctor$Mu$1
[1076|t+12082ms|ThreadId(2)] [class_dump] com.mojang.datafixers.optics.profunctors.TraversalP$Mu
[1077|t+12083ms|ThreadId(2)] [class_dump] com.mojang.datafixers.optics.profunctors.TraversalP$Mu$1
[1078|t+12083ms|ThreadId(2)] [class_dump] com.mojang.datafixers.schemas.Schema
[1079|t+12083ms|ThreadId(2)] [class_dump] com.mojang.datafixers.schemas.Schema$$Lambda/0x00000008002c13a8
[1080|t+12084ms|ThreadId(2)] [class_dump] com.mojang.datafixers.schemas.Schema$$Lambda/0x00000008002c2838
[1081|t+12084ms|ThreadId(2)] [class_dump] com.mojang.datafixers.schemas.Schema$$Lambda/0x00000008002cfc50
[1082|t+12084ms|ThreadId(2)] [class_dump] com.mojang.datafixers.schemas.Schema$$Lambda/0x00000008002d6310
[1083|t+12084ms|ThreadId(2)] [class_dump] com.mojang.datafixers.schemas.Schema$$Lambda/0x000000080037f198
[1084|t+12085ms|ThreadId(2)] [class_dump] com.mojang.datafixers.schemas.Schema$$Lambda/0x0000000800383dc0
[1085|t+12085ms|ThreadId(2)] [class_dump] com.mojang.datafixers.schemas.Schema$$Lambda/0x0000000800385500
[1086|t+12085ms|ThreadId(2)] [class_dump] com.mojang.datafixers.schemas.Schema$$Lambda/0x0000000800385f80
[1087|t+12086ms|ThreadId(2)] [class_dump] com.mojang.datafixers.types.Func
[1088|t+12086ms|ThreadId(2)] [class_dump] com.mojang.datafixers.types.Type
[1089|t+12086ms|ThreadId(2)] [class_dump] com.mojang.datafixers.types.Type$$Lambda/0x0000000800383970
[1090|t+12086ms|ThreadId(2)] [class_dump] com.mojang.datafixers.types.Type$$Lambda/0x0000000800389a50
[1091|t+12087ms|ThreadId(2)] [class_dump] com.mojang.datafixers.types.Type$$Lambda/0x000000080038aac0
[1092|t+12087ms|ThreadId(2)] [class_dump] com.mojang.datafixers.types.Type$$Lambda/0x000000080038b948
[1093|t+12087ms|ThreadId(2)] [class_dump] com.mojang.datafixers.types.Type$$Lambda/0x000000080038bd58
[1094|t+12087ms|ThreadId(2)] [class_dump] com.mojang.datafixers.types.Type$$Lambda/0x0000000800394440
[1095|t+12088ms|ThreadId(2)] [class_dump] com.mojang.datafixers.types.Type$RewriteCacheKey
[1096|t+12088ms|ThreadId(2)] [class_dump] com.mojang.datafixers.types.Type$TypeMatcher
[1097|t+12088ms|ThreadId(2)] [class_dump] com.mojang.datafixers.types.constant.EmptyPart
[1098|t+12089ms|ThreadId(2)] [class_dump] com.mojang.datafixers.types.constant.EmptyPartPassthrough
[1099|t+12089ms|ThreadId(2)] [class_dump] com.mojang.datafixers.types.families.Algebra
[1100|t+12089ms|ThreadId(2)] [class_dump] com.mojang.datafixers.types.families.ListAlgebra
[1101|t+12090ms|ThreadId(2)] [class_dump] com.mojang.datafixers.types.families.RecursiveTypeFamily
[1102|t+12090ms|ThreadId(2)] [class_dump] com.mojang.datafixers.types.families.RecursiveTypeFamily$$Lambda/0x0000000800304b68
[1103|t+12090ms|ThreadId(2)] [class_dump] com.mojang.datafixers.types.families.RecursiveTypeFamily$$Lambda/0x0000000800305030
[1104|t+12090ms|ThreadId(2)] [class_dump] com.mojang.datafixers.types.families.RecursiveTypeFamily$$Lambda/0x00000008003a7bf8
[1105|t+12091ms|ThreadId(2)] [class_dump] com.mojang.datafixers.types.families.TypeFamily
[1106|t+12091ms|ThreadId(2)] [class_dump] com.mojang.datafixers.types.templates.Check
[1107|t+12091ms|ThreadId(2)] [class_dump] com.mojang.datafixers.types.templates.Check$1
[1108|t+12091ms|ThreadId(2)] [class_dump] com.mojang.datafixers.types.templates.Check$CheckType
[1109|t+12092ms|ThreadId(2)] [class_dump] com.mojang.datafixers.types.templates.CompoundList
[1110|t+12092ms|ThreadId(2)] [class_dump] com.mojang.datafixers.types.templates.CompoundList$$Lambda/0x0000000800305468
[1111|t+12092ms|ThreadId(2)] [class_dump] com.mojang.datafixers.types.templates.CompoundList$CompoundListType
[1112|t+12093ms|ThreadId(2)] [class_dump] com.mojang.datafixers.types.templates.Const
[1113|t+12093ms|ThreadId(2)] [class_dump] com.mojang.datafixers.types.templates.Const$1
[1114|t+12093ms|ThreadId(2)] [class_dump] com.mojang.datafixers.types.templates.Const$PrimitiveType
[1115|t+12093ms|ThreadId(2)] [class_dump] com.mojang.datafixers.types.templates.Hook
[1116|t+12094ms|ThreadId(2)] [class_dump] com.mojang.datafixers.types.templates.Hook$$Lambda/0x0000000800326368
[1117|t+12094ms|ThreadId(2)] [class_dump] com.mojang.datafixers.types.templates.Hook$HookFunction
[1118|t+12094ms|ThreadId(2)] [class_dump] com.mojang.datafixers.types.templates.Hook$HookFunction$1
[1119|t+12094ms|ThreadId(2)] [class_dump] com.mojang.datafixers.types.templates.Hook$HookType
[1120|t+12095ms|ThreadId(2)] [class_dump] com.mojang.datafixers.types.templates.List
[1121|t+12095ms|ThreadId(2)] [class_dump] com.mojang.datafixers.types.templates.List$1
[1122|t+12095ms|ThreadId(2)] [class_dump] com.mojang.datafixers.types.templates.List$ListType
[1123|t+12096ms|ThreadId(2)] [class_dump] com.mojang.datafixers.types.templates.Named
[1124|t+12096ms|ThreadId(2)] [class_dump] com.mojang.datafixers.types.templates.Named$$Lambda/0x00000008002dbbb0
[1125|t+12096ms|ThreadId(2)] [class_dump] com.mojang.datafixers.types.templates.Named$NamedType
[1126|t+12096ms|ThreadId(2)] [class_dump] com.mojang.datafixers.types.templates.Product
[1127|t+12097ms|ThreadId(2)] [class_dump] com.mojang.datafixers.types.templates.Product$1
[1128|t+12097ms|ThreadId(2)] [class_dump] com.mojang.datafixers.types.templates.Product$ProductType
[1129|t+12097ms|ThreadId(2)] [class_dump] com.mojang.datafixers.types.templates.Product$ProductType$$Lambda/0x0000000800383758
[1130|t+12098ms|ThreadId(2)] [class_dump] com.mojang.datafixers.types.templates.Product$ProductType$$Lambda/0x0000000800385d68
[1131|t+12098ms|ThreadId(2)] [class_dump] com.mojang.datafixers.types.templates.RecursivePoint
[1132|t+12098ms|ThreadId(2)] [class_dump] com.mojang.datafixers.types.templates.RecursivePoint$1
[1133|t+12098ms|ThreadId(2)] [class_dump] com.mojang.datafixers.types.templates.RecursivePoint$RecursivePointType
[1134|t+12099ms|ThreadId(2)] [class_dump] com.mojang.datafixers.types.templates.RecursivePoint$RecursivePointType$$Lambda/0x000000080039f968
[1135|t+12099ms|ThreadId(2)] [class_dump] com.mojang.datafixers.types.templates.Sum
[1136|t+12099ms|ThreadId(2)] [class_dump] com.mojang.datafixers.types.templates.Sum$1
[1137|t+12100ms|ThreadId(2)] [class_dump] com.mojang.datafixers.types.templates.Sum$SumType
[1138|t+12100ms|ThreadId(2)] [class_dump] com.mojang.datafixers.types.templates.Sum$SumType$$Lambda/0x0000000800383540
[1139|t+12100ms|ThreadId(2)] [class_dump] com.mojang.datafixers.types.templates.Sum$SumType$$Lambda/0x0000000800384e90
[1140|t+12101ms|ThreadId(2)] [class_dump] com.mojang.datafixers.types.templates.Sum$SumType$$Lambda/0x0000000800385920
[1141|t+12101ms|ThreadId(2)] [class_dump] com.mojang.datafixers.types.templates.Tag
[1142|t+12101ms|ThreadId(2)] [class_dump] com.mojang.datafixers.types.templates.Tag$1
[1143|t+12102ms|ThreadId(2)] [class_dump] com.mojang.datafixers.types.templates.Tag$TagType
[1144|t+12102ms|ThreadId(2)] [class_dump] com.mojang.datafixers.types.templates.TaggedChoice
[1145|t+12102ms|ThreadId(2)] [class_dump] com.mojang.datafixers.types.templates.TaggedChoice$$Lambda/0x00000008002d4d18
[1146|t+12103ms|ThreadId(2)] [class_dump] com.mojang.datafixers.types.templates.TaggedChoice$$Lambda/0x0000000800326580
[1147|t+12103ms|ThreadId(2)] [class_dump] com.mojang.datafixers.types.templates.TaggedChoice$$Lambda/0x0000000800326798
[1148|t+12103ms|ThreadId(2)] [class_dump] com.mojang.datafixers.types.templates.TaggedChoice$TaggedChoiceType
[1149|t+12104ms|ThreadId(2)] [class_dump] com.mojang.datafixers.types.templates.TaggedChoice$TaggedChoiceType$$Lambda/0x00000008003da9b8
[1150|t+12104ms|ThreadId(2)] [class_dump] com.mojang.datafixers.types.templates.TaggedChoice$TaggedChoiceType$$Lambda/0x00000008003dabf0
[1151|t+12104ms|ThreadId(2)] [class_dump] com.mojang.datafixers.types.templates.TaggedChoice$TaggedChoiceType$RewriteFunc
[1152|t+12105ms|ThreadId(2)] [class_dump] com.mojang.datafixers.types.templates.TypeTemplate
[1153|t+12105ms|ThreadId(2)] [class_dump] com.mojang.datafixers.util.Either
[1154|t+12105ms|ThreadId(2)] [class_dump] com.mojang.datafixers.util.Either$Left
[1155|t+12105ms|ThreadId(2)] [class_dump] com.mojang.datafixers.util.Either$Right
[1156|t+12106ms|ThreadId(2)] [class_dump] com.mojang.datafixers.util.Function10
[1157|t+12106ms|ThreadId(2)] [class_dump] com.mojang.datafixers.util.Function11
[1158|t+12106ms|ThreadId(2)] [class_dump] com.mojang.datafixers.util.Function13
[1159|t+12107ms|ThreadId(2)] [class_dump] com.mojang.datafixers.util.Function14
[1160|t+12107ms|ThreadId(2)] [class_dump] com.mojang.datafixers.util.Function15
[1161|t+12108ms|ThreadId(2)] [class_dump] com.mojang.datafixers.util.Function3
[1162|t+12108ms|ThreadId(2)] [class_dump] com.mojang.datafixers.util.Function4
[1163|t+12108ms|ThreadId(2)] [class_dump] com.mojang.datafixers.util.Function5
[1164|t+12109ms|ThreadId(2)] [class_dump] com.mojang.datafixers.util.Function6
[1165|t+12109ms|ThreadId(2)] [class_dump] com.mojang.datafixers.util.Function7
[1166|t+12109ms|ThreadId(2)] [class_dump] com.mojang.datafixers.util.Function8
[1167|t+12109ms|ThreadId(2)] [class_dump] com.mojang.datafixers.util.Function9
[1168|t+12110ms|ThreadId(2)] [class_dump] com.mojang.datafixers.util.Pair
[1169|t+12110ms|ThreadId(2)] [class_dump] com.mojang.datafixers.util.Pair$$Lambda/0x00000008002d1b08
[1170|t+12110ms|ThreadId(2)] [class_dump] com.mojang.datafixers.util.Pair$$Lambda/0x00000008002d1d38
[1171|t+12111ms|ThreadId(2)] [class_dump] com.mojang.datafixers.util.Unit
[1172|t+12111ms|ThreadId(2)] [class_dump] com.mojang.jtracy.TracyClient
[1173|t+12111ms|ThreadId(2)] [class_dump] com.mojang.logging.LogListeners
[1174|t+12111ms|ThreadId(2)] [class_dump] com.mojang.logging.LogListeners$$Lambda/0x00000008001b6c40
[1175|t+12112ms|ThreadId(2)] [class_dump] com.mojang.logging.LogListeners$Target
[1176|t+12112ms|ThreadId(2)] [class_dump] com.mojang.logging.LogQueues
[1177|t+12113ms|ThreadId(2)] [class_dump] com.mojang.logging.LogQueues$$Lambda/0x00000008001a9588
[1178|t+12113ms|ThreadId(2)] [class_dump] com.mojang.logging.LogUtils
[1179|t+12113ms|ThreadId(2)] [class_dump] com.mojang.logging.plugins.LegacyXMLLayout
[1180|t+12113ms|ThreadId(2)] [class_dump] com.mojang.logging.plugins.ListenerLogAppender
[1181|t+12114ms|ThreadId(2)] [class_dump] com.mojang.logging.plugins.QueueLogAppender
[1182|t+12114ms|ThreadId(2)] [class_dump] com.mojang.serialization.Codec
[1183|t+12114ms|ThreadId(2)] [class_dump] com.mojang.serialization.Codec$$Lambda/0x0000000800215bd0
[1184|t+12115ms|ThreadId(2)] [class_dump] com.mojang.serialization.Codec$$Lambda/0x0000000800215e00
[1185|t+12115ms|ThreadId(2)] [class_dump] com.mojang.serialization.Codec$$Lambda/0x000000080021e818
[1186|t+12115ms|ThreadId(2)] [class_dump] com.mojang.serialization.Codec$$Lambda/0x000000080021ea50
[1187|t+12116ms|ThreadId(2)] [class_dump] com.mojang.serialization.Codec$$Lambda/0x00000008002252d0
[1188|t+12116ms|ThreadId(2)] [class_dump] com.mojang.serialization.Codec$$Lambda/0x000000080022f078
[1189|t+12116ms|ThreadId(2)] [class_dump] com.mojang.serialization.Codec$$Lambda/0x000000080022f2b0
[1190|t+12117ms|ThreadId(2)] [class_dump] com.mojang.serialization.Codec$$Lambda/0x000000080023cf20
[1191|t+12117ms|ThreadId(2)] [class_dump] com.mojang.serialization.Codec$$Lambda/0x0000000800247728
[1192|t+12117ms|ThreadId(2)] [class_dump] com.mojang.serialization.Codec$$Lambda/0x0000000800247960
[1193|t+12118ms|ThreadId(2)] [class_dump] com.mojang.serialization.Codec$$Lambda/0x000000080056d518
[1194|t+12118ms|ThreadId(2)] [class_dump] com.mojang.serialization.Codec$$Lambda/0x000000080067c218
[1195|t+12118ms|ThreadId(2)] [class_dump] com.mojang.serialization.Codec$1
[1196|t+12118ms|ThreadId(2)] [class_dump] com.mojang.serialization.Codec$10
[1197|t+12119ms|ThreadId(2)] [class_dump] com.mojang.serialization.Codec$11
[1198|t+12119ms|ThreadId(2)] [class_dump] com.mojang.serialization.Codec$12
[1199|t+12119ms|ThreadId(2)] [class_dump] com.mojang.serialization.Codec$13
[1200|t+12120ms|ThreadId(2)] [class_dump] com.mojang.serialization.Codec$14
[1201|t+12120ms|ThreadId(2)] [class_dump] com.mojang.serialization.Codec$15
[1202|t+12120ms|ThreadId(2)] [class_dump] com.mojang.serialization.Codec$16
[1203|t+12121ms|ThreadId(2)] [class_dump] com.mojang.serialization.Codec$17
[1204|t+12121ms|ThreadId(2)] [class_dump] com.mojang.serialization.Codec$18
[1205|t+12121ms|ThreadId(2)] [class_dump] com.mojang.serialization.Codec$19
[1206|t+12121ms|ThreadId(2)] [class_dump] com.mojang.serialization.Codec$2
[1207|t+12122ms|ThreadId(2)] [class_dump] com.mojang.serialization.Codec$20
[1208|t+12122ms|ThreadId(2)] [class_dump] com.mojang.serialization.Codec$3
[1209|t+12122ms|ThreadId(2)] [class_dump] com.mojang.serialization.Codec$4
[1210|t+12123ms|ThreadId(2)] [class_dump] com.mojang.serialization.Codec$9
[1211|t+12123ms|ThreadId(2)] [class_dump] com.mojang.serialization.Codec$RecursiveCodec
[1212|t+12123ms|ThreadId(2)] [class_dump] com.mojang.serialization.Codec$RecursiveCodec$$Lambda/0x000000080025d520
[1213|t+12124ms|ThreadId(2)] [class_dump] com.mojang.serialization.Codec$ResultFunction
[1214|t+12124ms|ThreadId(2)] [class_dump] com.mojang.serialization.Compressable
[1215|t+12124ms|ThreadId(2)] [class_dump] com.mojang.serialization.CompressorHolder
[1216|t+12124ms|ThreadId(2)] [class_dump] com.mojang.serialization.DataResult
[1217|t+12125ms|ThreadId(2)] [class_dump] com.mojang.serialization.DataResult$Error
[1218|t+12125ms|ThreadId(2)] [class_dump] com.mojang.serialization.DataResult$Success
[1219|t+12125ms|ThreadId(2)] [class_dump] com.mojang.serialization.Decoder
[1220|t+12126ms|ThreadId(2)] [class_dump] com.mojang.serialization.Decoder$$Lambda/0x000000080022c230
[1221|t+12126ms|ThreadId(2)] [class_dump] com.mojang.serialization.Decoder$1
[1222|t+12126ms|ThreadId(2)] [class_dump] com.mojang.serialization.Decoder$2
[1223|t+12127ms|ThreadId(2)] [class_dump] com.mojang.serialization.Decoder$3
[1224|t+12127ms|ThreadId(2)] [class_dump] com.mojang.serialization.Decoder$5
[1225|t+12127ms|ThreadId(2)] [class_dump] com.mojang.serialization.Dynamic
[1226|t+12128ms|ThreadId(2)] [class_dump] com.mojang.serialization.DynamicLike
[1227|t+12128ms|ThreadId(2)] [class_dump] com.mojang.serialization.DynamicOps
[1228|t+12129ms|ThreadId(2)] [class_dump] com.mojang.serialization.Encoder
[1229|t+12129ms|ThreadId(2)] [class_dump] com.mojang.serialization.Encoder$1
[1230|t+12129ms|ThreadId(2)] [class_dump] com.mojang.serialization.Encoder$2
[1231|t+12129ms|ThreadId(2)] [class_dump] com.mojang.serialization.Encoder$4
[1232|t+12130ms|ThreadId(2)] [class_dump] com.mojang.serialization.JavaOps
[1233|t+12130ms|ThreadId(2)] [class_dump] com.mojang.serialization.JsonOps
[1234|t+12130ms|ThreadId(2)] [class_dump] com.mojang.serialization.Keyable
[1235|t+12131ms|ThreadId(2)] [class_dump] com.mojang.serialization.Lifecycle
[1236|t+12131ms|ThreadId(2)] [class_dump] com.mojang.serialization.Lifecycle$1
[1237|t+12131ms|ThreadId(2)] [class_dump] com.mojang.serialization.Lifecycle$2
[1238|t+12132ms|ThreadId(2)] [class_dump] com.mojang.serialization.Lifecycle$Deprecated
[1239|t+12132ms|ThreadId(2)] [class_dump] com.mojang.serialization.ListBuilder
[1240|t+12132ms|ThreadId(2)] [class_dump] com.mojang.serialization.MapCodec
[1241|t+12133ms|ThreadId(2)] [class_dump] com.mojang.serialization.MapCodec$$Lambda/0x00000008002061e8
[1242|t+12133ms|ThreadId(2)] [class_dump] com.mojang.serialization.MapCodec$$Lambda/0x00000008002482d0
[1243|t+12133ms|ThreadId(2)] [class_dump] com.mojang.serialization.MapCodec$$Lambda/0x0000000800268ce0
[1244|t+12133ms|ThreadId(2)] [class_dump] com.mojang.serialization.MapCodec$$Lambda/0x00000008004c55b8
[1245|t+12134ms|ThreadId(2)] [class_dump] com.mojang.serialization.MapCodec$$Lambda/0x00000008004cc000
[1246|t+12134ms|ThreadId(2)] [class_dump] com.mojang.serialization.MapCodec$$Lambda/0x00000008004cc230
[1247|t+12134ms|ThreadId(2)] [class_dump] com.mojang.serialization.MapCodec$$Lambda/0x00000008004e7b60
[1248|t+12135ms|ThreadId(2)] [class_dump] com.mojang.serialization.MapCodec$$Lambda/0x00000008008ec800
[1249|t+12135ms|ThreadId(2)] [class_dump] com.mojang.serialization.MapCodec$$Lambda/0x00000008008edca0
[1250|t+12135ms|ThreadId(2)] [class_dump] com.mojang.serialization.MapCodec$$Lambda/0x0000000800ab5000
[1251|t+12136ms|ThreadId(2)] [class_dump] com.mojang.serialization.MapCodec$$Lambda/0x0000000800ab5238
[1252|t+12136ms|ThreadId(2)] [class_dump] com.mojang.serialization.MapCodec$1
[1253|t+12136ms|ThreadId(2)] [class_dump] com.mojang.serialization.MapCodec$10
[1254|t+12136ms|ThreadId(2)] [class_dump] com.mojang.serialization.MapCodec$11
[1255|t+12137ms|ThreadId(2)] [class_dump] com.mojang.serialization.MapCodec$2
[1256|t+12137ms|ThreadId(2)] [class_dump] com.mojang.serialization.MapCodec$3
[1257|t+12137ms|ThreadId(2)] [class_dump] com.mojang.serialization.MapCodec$4
[1258|t+12138ms|ThreadId(2)] [class_dump] com.mojang.serialization.MapCodec$6
[1259|t+12138ms|ThreadId(2)] [class_dump] com.mojang.serialization.MapCodec$7
[1260|t+12138ms|ThreadId(2)] [class_dump] com.mojang.serialization.MapCodec$8
[1261|t+12139ms|ThreadId(2)] [class_dump] com.mojang.serialization.MapCodec$Dependent
[1262|t+12139ms|ThreadId(2)] [class_dump] com.mojang.serialization.MapCodec$MapCodecCodec
[1263|t+12139ms|ThreadId(2)] [class_dump] com.mojang.serialization.MapCodec$RecursiveMapCodec
[1264|t+12140ms|ThreadId(2)] [class_dump] com.mojang.serialization.MapCodec$RecursiveMapCodec$$Lambda/0x0000000800677cc8
[1265|t+12140ms|ThreadId(2)] [class_dump] com.mojang.serialization.MapCodec$ResultFunction
[1266|t+12140ms|ThreadId(2)] [class_dump] com.mojang.serialization.MapDecoder
[1267|t+12141ms|ThreadId(2)] [class_dump] com.mojang.serialization.MapDecoder$3
[1268|t+12141ms|ThreadId(2)] [class_dump] com.mojang.serialization.MapDecoder$4
[1269|t+12141ms|ThreadId(2)] [class_dump] com.mojang.serialization.MapDecoder$6
[1270|t+12141ms|ThreadId(2)] [class_dump] com.mojang.serialization.MapDecoder$Implementation
[1271|t+12142ms|ThreadId(2)] [class_dump] com.mojang.serialization.MapEncoder
[1272|t+12142ms|ThreadId(2)] [class_dump] com.mojang.serialization.MapEncoder$1
[1273|t+12143ms|ThreadId(2)] [class_dump] com.mojang.serialization.MapEncoder$2
[1274|t+12143ms|ThreadId(2)] [class_dump] com.mojang.serialization.MapEncoder$Implementation
[1275|t+12143ms|ThreadId(2)] [class_dump] com.mojang.serialization.MapLike
[1276|t+12144ms|ThreadId(2)] [class_dump] com.mojang.serialization.RecordBuilder
[1277|t+12144ms|ThreadId(2)] [class_dump] com.mojang.serialization.codecs.BaseMapCodec
[1278|t+12144ms|ThreadId(2)] [class_dump] com.mojang.serialization.codecs.DispatchedMapCodec
[1279|t+12145ms|ThreadId(2)] [class_dump] com.mojang.serialization.codecs.EitherCodec
[1280|t+12145ms|ThreadId(2)] [class_dump] com.mojang.serialization.codecs.EitherMapCodec
[1281|t+12145ms|ThreadId(2)] [class_dump] com.mojang.serialization.codecs.FieldDecoder
[1282|t+12146ms|ThreadId(2)] [class_dump] com.mojang.serialization.codecs.FieldEncoder
[1283|t+12146ms|ThreadId(2)] [class_dump] com.mojang.serialization.codecs.KeyDispatchCodec
[1284|t+12146ms|ThreadId(2)] [class_dump] com.mojang.serialization.codecs.KeyDispatchCodec$$Lambda/0x00000008004cc460
[1285|t+12147ms|ThreadId(2)] [class_dump] com.mojang.serialization.codecs.ListCodec
[1286|t+12147ms|ThreadId(2)] [class_dump] com.mojang.serialization.codecs.OptionalFieldCodec
[1287|t+12147ms|ThreadId(2)] [class_dump] com.mojang.serialization.codecs.PairMapCodec
[1288|t+12147ms|ThreadId(2)] [class_dump] com.mojang.serialization.codecs.PrimitiveCodec
[1289|t+12148ms|ThreadId(2)] [class_dump] com.mojang.serialization.codecs.RecordCodecBuilder
[1290|t+12148ms|ThreadId(2)] [class_dump] com.mojang.serialization.codecs.RecordCodecBuilder$$Lambda/0x0000000800224c20
[1291|t+12148ms|ThreadId(2)] [class_dump] com.mojang.serialization.codecs.RecordCodecBuilder$$Lambda/0x0000000800225a10
[1292|t+12149ms|ThreadId(2)] [class_dump] com.mojang.serialization.codecs.RecordCodecBuilder$$Lambda/0x000000080022c000
[1293|t+12149ms|ThreadId(2)] [class_dump] com.mojang.serialization.codecs.RecordCodecBuilder$$Lambda/0x0000000800acd400
[1294|t+12149ms|ThreadId(2)] [class_dump] com.mojang.serialization.codecs.RecordCodecBuilder$$Lambda/0x0000000800acdc80
[1295|t+12150ms|ThreadId(2)] [class_dump] com.mojang.serialization.codecs.RecordCodecBuilder$2
[1296|t+12150ms|ThreadId(2)] [class_dump] com.mojang.serialization.codecs.RecordCodecBuilder$Instance
[1297|t+12150ms|ThreadId(2)] [class_dump] com.mojang.serialization.codecs.RecordCodecBuilder$Instance$$Lambda/0x000000080022c718
[1298|t+12151ms|ThreadId(2)] [class_dump] com.mojang.serialization.codecs.RecordCodecBuilder$Instance$$Lambda/0x000000080022c950
[1299|t+12151ms|ThreadId(2)] [class_dump] com.mojang.serialization.codecs.RecordCodecBuilder$Instance$$Lambda/0x000000080023e000
[1300|t+12151ms|ThreadId(2)] [class_dump] com.mojang.serialization.codecs.RecordCodecBuilder$Instance$$Lambda/0x000000080023e238
[1301|t+12152ms|ThreadId(2)] [class_dump] com.mojang.serialization.codecs.RecordCodecBuilder$Instance$$Lambda/0x0000000800446be0
[1302|t+12152ms|ThreadId(2)] [class_dump] com.mojang.serialization.codecs.RecordCodecBuilder$Instance$$Lambda/0x0000000800446e18
[1303|t+12152ms|ThreadId(2)] [class_dump] com.mojang.serialization.codecs.RecordCodecBuilder$Instance$$Lambda/0x0000000800447050
[1304|t+12152ms|ThreadId(2)] [class_dump] com.mojang.serialization.codecs.RecordCodecBuilder$Instance$$Lambda/0x000000080048a480
[1305|t+12153ms|ThreadId(2)] [class_dump] com.mojang.serialization.codecs.RecordCodecBuilder$Instance$$Lambda/0x00000008004e1938
[1306|t+12153ms|ThreadId(2)] [class_dump] com.mojang.serialization.codecs.RecordCodecBuilder$Instance$$Lambda/0x00000008004e1b70
[1307|t+12153ms|ThreadId(2)] [class_dump] com.mojang.serialization.codecs.RecordCodecBuilder$Instance$1
[1308|t+12154ms|ThreadId(2)] [class_dump] com.mojang.serialization.codecs.RecordCodecBuilder$Instance$3
[1309|t+12154ms|ThreadId(2)] [class_dump] com.mojang.serialization.codecs.RecordCodecBuilder$Instance$5
[1310|t+12154ms|ThreadId(2)] [class_dump] com.mojang.serialization.codecs.RecordCodecBuilder$Instance$7
[1311|t+12155ms|ThreadId(2)] [class_dump] com.mojang.serialization.codecs.SimpleMapCodec
[1312|t+12155ms|ThreadId(2)] [class_dump] com.mojang.serialization.codecs.UnboundedMapCodec
[1313|t+12155ms|ThreadId(2)] [class_dump] com.mojang.serialization.codecs.XorCodec
[1314|t+12156ms|ThreadId(2)] [class_dump] com.mojang.util.UndashedUuid
[1315|t+12156ms|ThreadId(2)] [class_dump] coo → net.minecraft.world.entity.ai.goal.FollowParentGoal
[1316|t+12156ms|ThreadId(2)] [class_dump] cop → net.minecraft.world.entity.ai.goal.Goal
[1317|t+12156ms|ThreadId(2)] [class_dump] cor → net.minecraft.world.entity.ai.goal.GolemRandomStrollInVillageGoal
[1318|t+12157ms|ThreadId(2)] [class_dump] cos → net.minecraft.world.entity.ai.goal.InteractGoal
[1319|t+12157ms|ThreadId(2)] [class_dump] cot → net.minecraft.world.entity.ai.goal.JumpGoal
[1320|t+12158ms|ThreadId(2)] [class_dump] cou → net.minecraft.world.entity.ai.goal.LandOnOwnersShoulderGoal
[1321|t+12158ms|ThreadId(2)] [class_dump] cov → net.minecraft.world.entity.ai.goal.LeapAtTargetGoal
[1322|t+12158ms|ThreadId(2)] [class_dump] cow → net.minecraft.world.entity.ai.goal.LlamaFollowCaravanGoal
[1323|t+12159ms|ThreadId(2)] [class_dump] cox → net.minecraft.world.entity.ai.goal.LookAtPlayerGoal
[1324|t+12159ms|ThreadId(2)] [class_dump] coy → net.minecraft.world.entity.ai.goal.LookAtTradingPlayerGoal
[1325|t+12159ms|ThreadId(2)] [class_dump] coz → net.minecraft.world.entity.ai.goal.MeleeAttackGoal
[1326|t+12160ms|ThreadId(2)] [class_dump] cp → net.minecraft.advancements.criterion.LootTableTrigger
[1327|t+12160ms|ThreadId(2)] [class_dump] cpa → net.minecraft.world.entity.ai.goal.MoveBackToVillageGoal
[1328|t+12160ms|ThreadId(2)] [class_dump] cpb → net.minecraft.world.entity.ai.goal.MoveThroughVillageGoal
[1329|t+12161ms|ThreadId(2)] [class_dump] cpc → net.minecraft.world.entity.ai.goal.MoveToBlockGoal
[1330|t+12161ms|ThreadId(2)] [class_dump] cpd → net.minecraft.world.entity.ai.goal.MoveTowardsRestrictionGoal
[1331|t+12162ms|ThreadId(2)] [class_dump] cpe → net.minecraft.world.entity.ai.goal.MoveTowardsTargetGoal
[1332|t+12162ms|ThreadId(2)] [class_dump] cpf → net.minecraft.world.entity.ai.goal.OcelotAttackGoal
[1333|t+12163ms|ThreadId(2)] [class_dump] cpg → net.minecraft.world.entity.ai.goal.OfferFlowerGoal
[1334|t+12163ms|ThreadId(2)] [class_dump] cph → net.minecraft.world.entity.ai.goal.OpenDoorGoal
[1335|t+12164ms|ThreadId(2)] [class_dump] cpi → net.minecraft.world.entity.ai.goal.PanicGoal
[1336|t+12164ms|ThreadId(2)] [class_dump] cpj → net.minecraft.world.entity.ai.goal.PathfindToRaidGoal
[1337|t+12164ms|ThreadId(2)] [class_dump] cpk → net.minecraft.world.entity.ai.goal.RandomLookAroundGoal
[1338|t+12165ms|ThreadId(2)] [class_dump] cpl → net.minecraft.world.entity.ai.goal.RandomStandGoal
[1339|t+12165ms|ThreadId(2)] [class_dump] cpm → net.minecraft.world.entity.ai.goal.RandomStrollGoal
[1340|t+12165ms|ThreadId(2)] [class_dump] cpn → net.minecraft.world.entity.ai.goal.RandomSwimmingGoal
[1341|t+12166ms|ThreadId(2)] [class_dump] cpo → net.minecraft.world.entity.ai.goal.RangedAttackGoal
[1342|t+12166ms|ThreadId(2)] [class_dump] cpp → net.minecraft.world.entity.ai.goal.RangedBowAttackGoal
[1343|t+12166ms|ThreadId(2)] [class_dump] cpq → net.minecraft.world.entity.ai.goal.RangedCrossbowAttackGoal
[1344|t+12167ms|ThreadId(2)] [class_dump] cpr → net.minecraft.world.entity.ai.goal.RemoveBlockGoal
[1345|t+12167ms|ThreadId(2)] [class_dump] cps → net.minecraft.world.entity.ai.goal.RestrictSunGoal
[1346|t+12167ms|ThreadId(2)] [class_dump] cpt → net.minecraft.world.entity.ai.goal.RunAroundLikeCrazyGoal
[1347|t+12168ms|ThreadId(2)] [class_dump] cpu → net.minecraft.world.entity.ai.goal.SitWhenOrderedToGoal
[1348|t+12168ms|ThreadId(2)] [class_dump] cpv → net.minecraft.world.entity.ai.goal.SpearUseGoal
[1349|t+12168ms|ThreadId(2)] [class_dump] cpw → net.minecraft.world.entity.ai.goal.StrollThroughVillageGoal
[1350|t+12169ms|ThreadId(2)] [class_dump] cpx → net.minecraft.world.entity.ai.goal.SwellGoal
[1351|t+12169ms|ThreadId(2)] [class_dump] cpy → net.minecraft.world.entity.ai.goal.TemptGoal
[1352|t+12169ms|ThreadId(2)] [class_dump] cpz → net.minecraft.world.entity.ai.goal.TradeWithPlayerGoal
[1353|t+12170ms|ThreadId(2)] [class_dump] cq → net.minecraft.advancements.criterion.MinMaxBounds
[1354|t+12170ms|ThreadId(2)] [class_dump] cqa → net.minecraft.world.entity.ai.goal.TryFindWaterGoal
[1355|t+12170ms|ThreadId(2)] [class_dump] cqb → net.minecraft.world.entity.ai.goal.UseItemGoal
[1356|t+12171ms|ThreadId(2)] [class_dump] cqc → net.minecraft.world.entity.ai.goal.WaterAvoidingRandomFlyingGoal
[1357|t+12171ms|ThreadId(2)] [class_dump] cqd → net.minecraft.world.entity.ai.goal.WaterAvoidingRandomStrollGoal
[1358|t+12172ms|ThreadId(2)] [class_dump] cqf → net.minecraft.world.entity.ai.goal.ZombieAttackGoal
[1359|t+12172ms|ThreadId(2)] [class_dump] cqh → net.minecraft.world.entity.ai.goal.target.DefendVillageTargetGoal
[1360|t+12173ms|ThreadId(2)] [class_dump] cqi → net.minecraft.world.entity.ai.goal.target.HurtByTargetGoal
[1361|t+12173ms|ThreadId(2)] [class_dump] cqj → net.minecraft.world.entity.ai.goal.target.NearestAttackableTargetGoal
[1362|t+12173ms|ThreadId(2)] [class_dump] cqk → net.minecraft.world.entity.ai.goal.target.NearestAttackableWitchTargetGoal
[1363|t+12174ms|ThreadId(2)] [class_dump] cql → net.minecraft.world.entity.ai.goal.target.NearestHealableRaiderTargetGoal
[1364|t+12174ms|ThreadId(2)] [class_dump] cqm → net.minecraft.world.entity.ai.goal.target.NonTameRandomTargetGoal
[1365|t+12174ms|ThreadId(2)] [class_dump] cqn → net.minecraft.world.entity.ai.goal.target.OwnerHurtByTargetGoal
[1366|t+12174ms|ThreadId(2)] [class_dump] cqo → net.minecraft.world.entity.ai.goal.target.OwnerHurtTargetGoal
[1367|t+12175ms|ThreadId(2)] [class_dump] cqp → net.minecraft.world.entity.ai.goal.target.ResetUniversalAngerTargetGoal
[1368|t+12175ms|ThreadId(2)] [class_dump] cqq → net.minecraft.world.entity.ai.goal.target.TargetGoal
[1369|t+12175ms|ThreadId(2)] [class_dump] cqv → net.minecraft.world.entity.ai.memory.ExpirableValue
[1370|t+12176ms|ThreadId(2)] [class_dump] cqw → net.minecraft.world.entity.ai.memory.MemoryModuleType
[1371|t+12176ms|ThreadId(2)] [class_dump] crb → net.minecraft.world.entity.ai.navigation.AmphibiousPathNavigation
[1372|t+12176ms|ThreadId(2)] [class_dump] crc → net.minecraft.world.entity.ai.navigation.FlyingPathNavigation
[1373|t+12177ms|ThreadId(2)] [class_dump] crd → net.minecraft.world.entity.ai.navigation.GroundPathNavigation
[1374|t+12177ms|ThreadId(2)] [class_dump] cre → net.minecraft.world.entity.ai.navigation.PathNavigation
[1375|t+12177ms|ThreadId(2)] [class_dump] crf → net.minecraft.world.entity.ai.navigation.WallClimberNavigation
[1376|t+12178ms|ThreadId(2)] [class_dump] crg → net.minecraft.world.entity.ai.navigation.WaterBoundPathNavigation
[1377|t+12178ms|ThreadId(2)] [class_dump] crj → net.minecraft.world.entity.ai.sensing.AdultSensor
[1378|t+12178ms|ThreadId(2)] [class_dump] crk → net.minecraft.world.entity.ai.sensing.AdultSensorAnyType
[1379|t+12179ms|ThreadId(2)] [class_dump] crl → net.minecraft.world.entity.ai.sensing.AxolotlAttackablesSensor
[1380|t+12179ms|ThreadId(2)] [class_dump] crm → net.minecraft.world.entity.ai.sensing.BreezeAttackEntitySensor
[1381|t+12179ms|ThreadId(2)] [class_dump] crn → net.minecraft.world.entity.ai.sensing.DummySensor
[1382|t+12179ms|ThreadId(2)] [class_dump] cro → net.minecraft.world.entity.ai.sensing.FrogAttackablesSensor
[1383|t+12180ms|ThreadId(2)] [class_dump] crp → net.minecraft.world.entity.ai.sensing.GolemSensor
[1384|t+12180ms|ThreadId(2)] [class_dump] crq → net.minecraft.world.entity.ai.sensing.HoglinSpecificSensor
[1385|t+12180ms|ThreadId(2)] [class_dump] crr → net.minecraft.world.entity.ai.sensing.HurtBySensor
[1386|t+12181ms|ThreadId(2)] [class_dump] crs → net.minecraft.world.entity.ai.sensing.IsInWaterSensor
[1387|t+12181ms|ThreadId(2)] [class_dump] crt → net.minecraft.world.entity.ai.sensing.MobSensor
[1388|t+12181ms|ThreadId(2)] [class_dump] cru → net.minecraft.world.entity.ai.sensing.NearestBedSensor
[1389|t+12182ms|ThreadId(2)] [class_dump] crv → net.minecraft.world.entity.ai.sensing.NearestItemSensor
[1390|t+12182ms|ThreadId(2)] [class_dump] crw → net.minecraft.world.entity.ai.sensing.NearestLivingEntitySensor
[1391|t+12182ms|ThreadId(2)] [class_dump] crx → net.minecraft.world.entity.ai.sensing.NearestVisibleLivingEntitySensor
[1392|t+12183ms|ThreadId(2)] [class_dump] cry → net.minecraft.world.entity.ai.sensing.PiglinBruteSpecificSensor
[1393|t+12183ms|ThreadId(2)] [class_dump] crz → net.minecraft.world.entity.ai.sensing.PiglinSpecificSensor
[1394|t+12183ms|ThreadId(2)] [class_dump] csa → net.minecraft.world.entity.ai.sensing.PlayerSensor
[1395|t+12184ms|ThreadId(2)] [class_dump] csb → net.minecraft.world.entity.ai.sensing.SecondaryPoiSensor
[1396|t+12184ms|ThreadId(2)] [class_dump] csd → net.minecraft.world.entity.ai.sensing.Sensor
[1397|t+12184ms|ThreadId(2)] [class_dump] cse → net.minecraft.world.entity.ai.sensing.SensorType
[1398|t+12185ms|ThreadId(2)] [class_dump] csf → net.minecraft.world.entity.ai.sensing.TemptingSensor
[1399|t+12185ms|ThreadId(2)] [class_dump] csg → net.minecraft.world.entity.ai.sensing.VillagerBabiesSensor
[1400|t+12185ms|ThreadId(2)] [class_dump] csh → net.minecraft.world.entity.ai.sensing.VillagerHostilesSensor
[1401|t+12185ms|ThreadId(2)] [class_dump] csi → net.minecraft.world.entity.ai.sensing.WardenEntitySensor
[1402|t+12186ms|ThreadId(2)] [class_dump] ct → net.minecraft.advancements.criterion.NbtPredicate
[1403|t+12186ms|ThreadId(2)] [class_dump] cta → net.minecraft.world.entity.ai.village.poi.PoiType
[1404|t+12186ms|ThreadId(2)] [class_dump] ctb → net.minecraft.world.entity.ai.village.poi.PoiTypes
[1405|t+12187ms|ThreadId(2)] [class_dump] ctd → net.minecraft.world.entity.ambient.AmbientCreature
[1406|t+12187ms|ThreadId(2)] [class_dump] cte → net.minecraft.world.entity.ambient.Bat
[1407|t+12187ms|ThreadId(2)] [class_dump] ctg → net.minecraft.world.entity.animal.AgeableWaterCreature
[1408|t+12188ms|ThreadId(2)] [class_dump] cth → net.minecraft.world.entity.animal.Animal
[1409|t+12188ms|ThreadId(2)] [class_dump] cti → net.minecraft.world.entity.animal.Bucketable
[1410|t+12188ms|ThreadId(2)] [class_dump] ctj → net.minecraft.world.entity.animal.FlyingAnimal
[1411|t+12189ms|ThreadId(2)] [class_dump] ctk → net.minecraft.world.entity.animal.TemperatureVariants
[1412|t+12189ms|ThreadId(2)] [class_dump] ctl → net.minecraft.world.entity.animal.allay.Allay
[1413|t+12189ms|ThreadId(2)] [class_dump] cto → net.minecraft.world.entity.animal.armadillo.Armadillo
[1414|t+12190ms|ThreadId(2)] [class_dump] ctr → net.minecraft.world.entity.animal.axolotl.Axolotl
[1415|t+12190ms|ThreadId(2)] [class_dump] ctw → net.minecraft.world.entity.animal.bee.Bee
[1416|t+12190ms|ThreadId(2)] [class_dump] cty → net.minecraft.world.entity.animal.camel.Camel
[1417|t+12190ms|ThreadId(2)] [class_dump] cu → net.minecraft.advancements.criterion.PickedUpItemTrigger
[1418|t+12191ms|ThreadId(2)] [class_dump] cua → net.minecraft.world.entity.animal.camel.CamelHusk
[1419|t+12191ms|ThreadId(2)] [class_dump] cuc → net.minecraft.world.entity.animal.chicken.Chicken
[1420|t+12192ms|ThreadId(2)] [class_dump] cud → net.minecraft.world.entity.animal.chicken.ChickenVariant
[1421|t+12192ms|ThreadId(2)] [class_dump] cue → net.minecraft.world.entity.animal.chicken.ChickenVariants
[1422|t+12193ms|ThreadId(2)] [class_dump] cug → net.minecraft.world.entity.animal.cow.AbstractCow
[1423|t+12193ms|ThreadId(2)] [class_dump] cuh → net.minecraft.world.entity.animal.cow.Cow
[1424|t+12193ms|ThreadId(2)] [class_dump] cui → net.minecraft.world.entity.animal.cow.CowVariant
[1425|t+12194ms|ThreadId(2)] [class_dump] cuk → net.minecraft.world.entity.animal.cow.MushroomCow
[1426|t+12194ms|ThreadId(2)] [class_dump] cum → net.minecraft.world.entity.animal.dolphin.Dolphin
[1427|t+12194ms|ThreadId(2)] [class_dump] cuo → net.minecraft.world.entity.animal.equine.AbstractChestedHorse
[1428|t+12195ms|ThreadId(2)] [class_dump] cup → net.minecraft.world.entity.animal.equine.AbstractHorse
[1429|t+12195ms|ThreadId(2)] [class_dump] cuq → net.minecraft.world.entity.animal.equine.Donkey
[1430|t+12195ms|ThreadId(2)] [class_dump] cur → net.minecraft.world.entity.animal.equine.Horse
[1431|t+12196ms|ThreadId(2)] [class_dump] cus → net.minecraft.world.entity.animal.equine.Llama
[1432|t+12196ms|ThreadId(2)] [class_dump] cuu → net.minecraft.world.entity.animal.equine.Mule
[1433|t+12196ms|ThreadId(2)] [class_dump] cuv → net.minecraft.world.entity.animal.equine.SkeletonHorse
[1434|t+12197ms|ThreadId(2)] [class_dump] cuw → net.minecraft.world.entity.animal.equine.SkeletonTrapGoal
[1435|t+12197ms|ThreadId(2)] [class_dump] cux → net.minecraft.world.entity.animal.equine.TraderLlama
[1436|t+12197ms|ThreadId(2)] [class_dump] cuy → net.minecraft.world.entity.animal.equine.Variant
[1437|t+12198ms|ThreadId(2)] [class_dump] cuz → net.minecraft.world.entity.animal.equine.ZombieHorse
[1438|t+12198ms|ThreadId(2)] [class_dump] cv → net.minecraft.advancements.criterion.PlayerHurtEntityTrigger
[1439|t+12198ms|ThreadId(2)] [class_dump] cvb → net.minecraft.world.entity.animal.feline.Cat
[1440|t+12199ms|ThreadId(2)] [class_dump] cvc → net.minecraft.world.entity.animal.feline.CatVariant
[1441|t+12199ms|ThreadId(2)] [class_dump] cve → net.minecraft.world.entity.animal.feline.Ocelot
[1442|t+12199ms|ThreadId(2)] [class_dump] cvg → net.minecraft.world.entity.animal.fish.AbstractFish
[1443|t+12200ms|ThreadId(2)] [class_dump] cvh → net.minecraft.world.entity.animal.fish.AbstractSchoolingFish
[1444|t+12200ms|ThreadId(2)] [class_dump] cvi → net.minecraft.world.entity.animal.fish.Cod
[1445|t+12200ms|ThreadId(2)] [class_dump] cvj → net.minecraft.world.entity.animal.fish.Pufferfish
[1446|t+12201ms|ThreadId(2)] [class_dump] cvk → net.minecraft.world.entity.animal.fish.Salmon
[1447|t+12201ms|ThreadId(2)] [class_dump] cvl → net.minecraft.world.entity.animal.fish.TropicalFish
[1448|t+12201ms|ThreadId(2)] [class_dump] cvm → net.minecraft.world.entity.animal.fish.WaterAnimal
[1449|t+12202ms|ThreadId(2)] [class_dump] cvo → net.minecraft.world.entity.animal.fox.Fox
[1450|t+12202ms|ThreadId(2)] [class_dump] cvq → net.minecraft.world.entity.animal.frog.Frog
[1451|t+12202ms|ThreadId(2)] [class_dump] cvs → net.minecraft.world.entity.animal.frog.FrogVariant
[1452|t+12203ms|ThreadId(2)] [class_dump] cvv → net.minecraft.world.entity.animal.frog.Tadpole
[1453|t+12203ms|ThreadId(2)] [class_dump] cvy → net.minecraft.world.entity.animal.goat.Goat
[1454|t+12204ms|ThreadId(2)] [class_dump] cw → net.minecraft.advancements.criterion.PlayerInteractTrigger
[1455|t+12204ms|ThreadId(2)] [class_dump] cwb → net.minecraft.world.entity.animal.golem.AbstractGolem
[1456|t+12204ms|ThreadId(2)] [class_dump] cwc → net.minecraft.world.entity.animal.golem.CopperGolem
[1457|t+12204ms|ThreadId(2)] [class_dump] cwg → net.minecraft.world.entity.animal.golem.CopperGolemState
[1458|t+12205ms|ThreadId(2)] [class_dump] cwh → net.minecraft.world.entity.animal.golem.IronGolem
[1459|t+12205ms|ThreadId(2)] [class_dump] cwi → net.minecraft.world.entity.animal.golem.SnowGolem
[1460|t+12206ms|ThreadId(2)] [class_dump] cwk → net.minecraft.world.entity.animal.happyghast.HappyGhast
[1461|t+12206ms|ThreadId(2)] [class_dump] cwn → net.minecraft.world.entity.animal.nautilus.AbstractNautilus
[1462|t+12206ms|ThreadId(2)] [class_dump] cwo → net.minecraft.world.entity.animal.nautilus.Nautilus
[1463|t+12206ms|ThreadId(2)] [class_dump] cwq → net.minecraft.world.entity.animal.nautilus.ZombieNautilus
[1464|t+12207ms|ThreadId(2)] [class_dump] cws → net.minecraft.world.entity.animal.nautilus.ZombieNautilusVariant
[1465|t+12207ms|ThreadId(2)] [class_dump] cww → net.minecraft.world.entity.animal.panda.Panda
[1466|t+12207ms|ThreadId(2)] [class_dump] cwy → net.minecraft.world.entity.animal.parrot.Parrot
[1467|t+12208ms|ThreadId(2)] [class_dump] cwz → net.minecraft.world.entity.animal.parrot.ShoulderRidingEntity
[1468|t+12208ms|ThreadId(2)] [class_dump] cx → net.minecraft.advancements.criterion.PlayerPredicate
[1469|t+12208ms|ThreadId(2)] [class_dump] cxb → net.minecraft.world.entity.animal.pig.Pig
[1470|t+12209ms|ThreadId(2)] [class_dump] cxc → net.minecraft.world.entity.animal.pig.PigVariant
[1471|t+12209ms|ThreadId(2)] [class_dump] cxf → net.minecraft.world.entity.animal.polarbear.PolarBear
[1472|t+12209ms|ThreadId(2)] [class_dump] cxh → net.minecraft.world.entity.animal.rabbit.Rabbit
[1473|t+12210ms|ThreadId(2)] [class_dump] cxj → net.minecraft.world.entity.animal.sheep.Sheep
[1474|t+12210ms|ThreadId(2)] [class_dump] cxm → net.minecraft.world.entity.animal.sniffer.Sniffer
[1475|t+12210ms|ThreadId(2)] [class_dump] cxp → net.minecraft.world.entity.animal.squid.GlowSquid
[1476|t+12211ms|ThreadId(2)] [class_dump] cxq → net.minecraft.world.entity.animal.squid.Squid
[1477|t+12211ms|ThreadId(2)] [class_dump] cxs → net.minecraft.world.entity.animal.turtle.Turtle
[1478|t+12211ms|ThreadId(2)] [class_dump] cxu → net.minecraft.world.entity.animal.wolf.Wolf
[1479|t+12211ms|ThreadId(2)] [class_dump] cxv → net.minecraft.world.entity.animal.wolf.WolfSoundVariant
[1480|t+12212ms|ThreadId(2)] [class_dump] cxx → net.minecraft.world.entity.animal.wolf.WolfVariant
[1481|t+12212ms|ThreadId(2)] [class_dump] cy → net.minecraft.advancements.criterion.PlayerTrigger
[1482|t+12212ms|ThreadId(2)] [class_dump] cyb → net.minecraft.world.entity.boss.enderdragon.EndCrystal
[1483|t+12213ms|ThreadId(2)] [class_dump] cyc → net.minecraft.world.entity.boss.enderdragon.EnderDragon
[1484|t+12213ms|ThreadId(2)] [class_dump] cyw → net.minecraft.world.entity.boss.wither.WitherBoss
[1485|t+12213ms|ThreadId(2)] [class_dump] cyy → net.minecraft.world.entity.decoration.ArmorStand
[1486|t+12213ms|ThreadId(2)] [class_dump] cyz → net.minecraft.world.entity.decoration.BlockAttachedEntity
[1487|t+12214ms|ThreadId(2)] [class_dump] cz → net.minecraft.advancements.criterion.RaiderPredicate
[1488|t+12214ms|ThreadId(2)] [class_dump] cza → net.minecraft.world.entity.decoration.GlowItemFrame
[1489|t+12214ms|ThreadId(2)] [class_dump] czb → net.minecraft.world.entity.decoration.HangingEntity
[1490|t+12215ms|ThreadId(2)] [class_dump] czc → net.minecraft.world.entity.decoration.ItemFrame
[1491|t+12215ms|ThreadId(2)] [class_dump] czd → net.minecraft.world.entity.decoration.LeashFenceKnotEntity
[1492|t+12215ms|ThreadId(2)] [class_dump] cze → net.minecraft.world.entity.decoration.Mannequin
[1493|t+12216ms|ThreadId(2)] [class_dump] czg → net.minecraft.world.entity.decoration.painting.Painting
[1494|t+12216ms|ThreadId(2)] [class_dump] czh → net.minecraft.world.entity.decoration.painting.PaintingVariant
[1495|t+12216ms|ThreadId(2)] [class_dump] czk → net.minecraft.world.entity.item.FallingBlockEntity
[1496|t+12217ms|ThreadId(2)] [class_dump] czl → net.minecraft.world.entity.item.ItemEntity
[1497|t+12217ms|ThreadId(2)] [class_dump] czm → net.minecraft.world.entity.item.PrimedTnt
[1498|t+12217ms|ThreadId(2)] [class_dump] czo → net.minecraft.world.entity.monster.Blaze
[1499|t+12218ms|ThreadId(2)] [class_dump] czp → net.minecraft.world.entity.monster.Creeper
[1500|t+12218ms|ThreadId(2)] [class_dump] czq → net.minecraft.world.entity.monster.CrossbowAttackMob
[1501|t+12218ms|ThreadId(2)] [class_dump] czr → net.minecraft.world.entity.monster.ElderGuardian
[1502|t+12219ms|ThreadId(2)] [class_dump] czs → net.minecraft.world.entity.monster.EnderMan
[1503|t+12219ms|ThreadId(2)] [class_dump] czt → net.minecraft.world.entity.monster.Endermite
[1504|t+12219ms|ThreadId(2)] [class_dump] czu → net.minecraft.world.entity.monster.Enemy
[1505|t+12220ms|ThreadId(2)] [class_dump] czv → net.minecraft.world.entity.monster.Ghast
[1506|t+12220ms|ThreadId(2)] [class_dump] czw → net.minecraft.world.entity.monster.Giant
[1507|t+12220ms|ThreadId(2)] [class_dump] czx → net.minecraft.world.entity.monster.Guardian
[1508|t+12220ms|ThreadId(2)] [class_dump] czy → net.minecraft.world.entity.monster.MagmaCube
[1509|t+12221ms|ThreadId(2)] [class_dump] czz → net.minecraft.world.entity.monster.Monster
[1510|t+12221ms|ThreadId(2)] [class_dump] da → net.minecraft.advancements.criterion.RecipeCraftedTrigger
[1511|t+12221ms|ThreadId(2)] [class_dump] daa → net.minecraft.world.entity.monster.PatrollingMonster
[1512|t+12222ms|ThreadId(2)] [class_dump] dab → net.minecraft.world.entity.monster.Phantom
[1513|t+12222ms|ThreadId(2)] [class_dump] dac → net.minecraft.world.entity.monster.RangedAttackMob
[1514|t+12222ms|ThreadId(2)] [class_dump] dad → net.minecraft.world.entity.monster.Ravager
[1515|t+12223ms|ThreadId(2)] [class_dump] dae → net.minecraft.world.entity.monster.Shulker
[1516|t+12223ms|ThreadId(2)] [class_dump] daf → net.minecraft.world.entity.monster.Silverfish
[1517|t+12223ms|ThreadId(2)] [class_dump] dag → net.minecraft.world.entity.monster.Slime
[1518|t+12224ms|ThreadId(2)] [class_dump] dah → net.minecraft.world.entity.monster.Strider
[1519|t+12224ms|ThreadId(2)] [class_dump] dai → net.minecraft.world.entity.monster.Vex
[1520|t+12224ms|ThreadId(2)] [class_dump] daj → net.minecraft.world.entity.monster.Witch
[1521|t+12225ms|ThreadId(2)] [class_dump] dak → net.minecraft.world.entity.monster.Zoglin
[1522|t+12225ms|ThreadId(2)] [class_dump] dal → net.minecraft.world.entity.monster.breeze.Breeze
[1523|t+12226ms|ThreadId(2)] [class_dump] dat → net.minecraft.world.entity.monster.creaking.Creaking
[1524|t+12226ms|ThreadId(2)] [class_dump] daw → net.minecraft.world.entity.monster.hoglin.Hoglin
[1525|t+12226ms|ThreadId(2)] [class_dump] day → net.minecraft.world.entity.monster.hoglin.HoglinBase
[1526|t+12226ms|ThreadId(2)] [class_dump] db → net.minecraft.advancements.criterion.RecipeUnlockedTrigger
[1527|t+12227ms|ThreadId(2)] [class_dump] dba → net.minecraft.world.entity.monster.illager.AbstractIllager
[1528|t+12227ms|ThreadId(2)] [class_dump] dbb → net.minecraft.world.entity.monster.illager.Evoker
[1529|t+12227ms|ThreadId(2)] [class_dump] dbc → net.minecraft.world.entity.monster.illager.Illusioner
[1530|t+12228ms|ThreadId(2)] [class_dump] dbd → net.minecraft.world.entity.monster.illager.Pillager
[1531|t+12228ms|ThreadId(2)] [class_dump] dbe → net.minecraft.world.entity.monster.illager.SpellcasterIllager
[1532|t+12228ms|ThreadId(2)] [class_dump] dbf → net.minecraft.world.entity.monster.illager.Vindicator
[1533|t+12229ms|ThreadId(2)] [class_dump] dbi → net.minecraft.world.entity.monster.piglin.AbstractPiglin
[1534|t+12229ms|ThreadId(2)] [class_dump] dbj → net.minecraft.world.entity.monster.piglin.Piglin
[1535|t+12229ms|ThreadId(2)] [class_dump] dbm → net.minecraft.world.entity.monster.piglin.PiglinBrute
[1536|t+12230ms|ThreadId(2)] [class_dump] dbv → net.minecraft.world.entity.monster.skeleton.AbstractSkeleton
[1537|t+12230ms|ThreadId(2)] [class_dump] dbw → net.minecraft.world.entity.monster.skeleton.Bogged
[1538|t+12230ms|ThreadId(2)] [class_dump] dbx → net.minecraft.world.entity.monster.skeleton.Parched
[1539|t+12231ms|ThreadId(2)] [class_dump] dby → net.minecraft.world.entity.monster.skeleton.Skeleton
[1540|t+12231ms|ThreadId(2)] [class_dump] dbz → net.minecraft.world.entity.monster.skeleton.Stray
[1541|t+12231ms|ThreadId(2)] [class_dump] dc → net.minecraft.advancements.criterion.SheepPredicate
[1542|t+12231ms|ThreadId(2)] [class_dump] dca → net.minecraft.world.entity.monster.skeleton.WitherSkeleton
[1543|t+12232ms|ThreadId(2)] [class_dump] dcc → net.minecraft.world.entity.monster.spider.CaveSpider
[1544|t+12232ms|ThreadId(2)] [class_dump] dcd → net.minecraft.world.entity.monster.spider.Spider
[1545|t+12232ms|ThreadId(2)] [class_dump] dch → net.minecraft.world.entity.monster.warden.Warden
[1546|t+12233ms|ThreadId(2)] [class_dump] dcl → net.minecraft.world.entity.monster.zombie.Drowned
[1547|t+12233ms|ThreadId(2)] [class_dump] dcm → net.minecraft.world.entity.monster.zombie.Husk
[1548|t+12233ms|ThreadId(2)] [class_dump] dcn → net.minecraft.world.entity.monster.zombie.Zombie
[1549|t+12234ms|ThreadId(2)] [class_dump] dco → net.minecraft.world.entity.monster.zombie.ZombieVillager
[1550|t+12234ms|ThreadId(2)] [class_dump] dcp → net.minecraft.world.entity.monster.zombie.ZombifiedPiglin
[1551|t+12234ms|ThreadId(2)] [class_dump] dct → net.minecraft.world.entity.npc.InventoryCarrier
[1552|t+12235ms|ThreadId(2)] [class_dump] dcu → net.minecraft.world.entity.npc.Npc
[1553|t+12235ms|ThreadId(2)] [class_dump] dcw → net.minecraft.world.entity.npc.villager.AbstractVillager
[1554|t+12235ms|ThreadId(2)] [class_dump] dcx → net.minecraft.world.entity.npc.villager.Villager
[1555|t+12235ms|ThreadId(2)] [class_dump] dcy → net.minecraft.world.entity.npc.villager.VillagerData
[1556|t+12236ms|ThreadId(2)] [class_dump] dcz → net.minecraft.world.entity.npc.villager.VillagerDataHolder
[1557|t+12236ms|ThreadId(2)] [class_dump] dd → net.minecraft.advancements.criterion.ShotCrossbowTrigger
[1558|t+12236ms|ThreadId(2)] [class_dump] dda → net.minecraft.world.entity.npc.villager.VillagerProfession
[1559|t+12236ms|ThreadId(2)] [class_dump] ddc → net.minecraft.world.entity.npc.villager.VillagerType
[1560|t+12237ms|ThreadId(2)] [class_dump] dde → net.minecraft.world.entity.npc.wanderingtrader.WanderingTrader
[1561|t+12237ms|ThreadId(2)] [class_dump] ddl → net.minecraft.world.entity.player.Inventory
[1562|t+12237ms|ThreadId(2)] [class_dump] ddm → net.minecraft.world.entity.player.Player
[1563|t+12238ms|ThreadId(2)] [class_dump] ddp → net.minecraft.world.entity.player.PlayerModelType
[1564|t+12238ms|ThreadId(2)] [class_dump] ddq → net.minecraft.world.entity.player.PlayerSkin
[1565|t+12238ms|ThreadId(2)] [class_dump] ddw → net.minecraft.world.entity.projectile.EvokerFangs
[1566|t+12238ms|ThreadId(2)] [class_dump] ddx → net.minecraft.world.entity.projectile.EyeOfEnder
[1567|t+12239ms|ThreadId(2)] [class_dump] ddy → net.minecraft.world.entity.projectile.FireworkRocketEntity
[1568|t+12239ms|ThreadId(2)] [class_dump] ddz → net.minecraft.world.entity.projectile.FishingHook
[1569|t+12239ms|ThreadId(2)] [class_dump] de → net.minecraft.advancements.criterion.SimpleCriterionTrigger
[1570|t+12240ms|ThreadId(2)] [class_dump] dea → net.minecraft.world.entity.projectile.ItemSupplier
[1571|t+12240ms|ThreadId(2)] [class_dump] deb → net.minecraft.world.entity.projectile.LlamaSpit
[1572|t+12240ms|ThreadId(2)] [class_dump] dec → net.minecraft.world.entity.projectile.Projectile
[1573|t+12241ms|ThreadId(2)] [class_dump] def → net.minecraft.world.entity.projectile.ShulkerBullet
[1574|t+12241ms|ThreadId(2)] [class_dump] deg → net.minecraft.world.entity.projectile.ThrowableProjectile
[1575|t+12241ms|ThreadId(2)] [class_dump] deh → net.minecraft.world.entity.projectile.arrow.AbstractArrow
[1576|t+12241ms|ThreadId(2)] [class_dump] dei → net.minecraft.world.entity.projectile.arrow.Arrow
[1577|t+12242ms|ThreadId(2)] [class_dump] dej → net.minecraft.world.entity.projectile.arrow.SpectralArrow
[1578|t+12242ms|ThreadId(2)] [class_dump] dek → net.minecraft.world.entity.projectile.arrow.ThrownTrident
[1579|t+12243ms|ThreadId(2)] [class_dump] dem → net.minecraft.world.entity.projectile.hurtingprojectile.AbstractHurtingProjectile
[1580|t+12243ms|ThreadId(2)] [class_dump] den → net.minecraft.world.entity.projectile.hurtingprojectile.DragonFireball
[1581|t+12243ms|ThreadId(2)] [class_dump] deo → net.minecraft.world.entity.projectile.hurtingprojectile.Fireball
[1582|t+12244ms|ThreadId(2)] [class_dump] dep → net.minecraft.world.entity.projectile.hurtingprojectile.LargeFireball
[1583|t+12244ms|ThreadId(2)] [class_dump] deq → net.minecraft.world.entity.projectile.hurtingprojectile.SmallFireball
[1584|t+12244ms|ThreadId(2)] [class_dump] der → net.minecraft.world.entity.projectile.hurtingprojectile.WitherSkull
[1585|t+12244ms|ThreadId(2)] [class_dump] det → net.minecraft.world.entity.projectile.hurtingprojectile.windcharge.AbstractWindCharge
[1586|t+12245ms|ThreadId(2)] [class_dump] deu → net.minecraft.world.entity.projectile.hurtingprojectile.windcharge.BreezeWindCharge
[1587|t+12245ms|ThreadId(2)] [class_dump] dev → net.minecraft.world.entity.projectile.hurtingprojectile.windcharge.WindCharge
[1588|t+12245ms|ThreadId(2)] [class_dump] dey → net.minecraft.world.entity.projectile.throwableitemprojectile.AbstractThrownPotion
[1589|t+12245ms|ThreadId(2)] [class_dump] dez → net.minecraft.world.entity.projectile.throwableitemprojectile.Snowball
[1590|t+12246ms|ThreadId(2)] [class_dump] df → net.minecraft.advancements.criterion.SingleComponentItemPredicate
[1591|t+12246ms|ThreadId(2)] [class_dump] dfa → net.minecraft.world.entity.projectile.throwableitemprojectile.ThrowableItemProjectile
[1592|t+12246ms|ThreadId(2)] [class_dump] dfb → net.minecraft.world.entity.projectile.throwableitemprojectile.ThrownEgg
[1593|t+12247ms|ThreadId(2)] [class_dump] dfc → net.minecraft.world.entity.projectile.throwableitemprojectile.ThrownEnderpearl
[1594|t+12247ms|ThreadId(2)] [class_dump] dfd → net.minecraft.world.entity.projectile.throwableitemprojectile.ThrownExperienceBottle
[1595|t+12247ms|ThreadId(2)] [class_dump] dfe → net.minecraft.world.entity.projectile.throwableitemprojectile.ThrownLingeringPotion
[1596|t+12247ms|ThreadId(2)] [class_dump] dff → net.minecraft.world.entity.projectile.throwableitemprojectile.ThrownSplashPotion
[1597|t+12248ms|ThreadId(2)] [class_dump] dfi → net.minecraft.world.entity.raid.Raider
[1598|t+12248ms|ThreadId(2)] [class_dump] dfl → net.minecraft.world.entity.schedule.Activity
[1599|t+12248ms|ThreadId(2)] [class_dump] dfo → net.minecraft.world.entity.variant.ModelAndTexture
[1600|t+12249ms|ThreadId(2)] [class_dump] dfq → net.minecraft.world.entity.variant.PriorityProvider
[1601|t+12249ms|ThreadId(2)] [class_dump] dfr → net.minecraft.world.entity.variant.SpawnCondition
[1602|t+12249ms|ThreadId(2)] [class_dump] dfs → net.minecraft.world.entity.variant.SpawnConditions
[1603|t+12249ms|ThreadId(2)] [class_dump] dfu → net.minecraft.world.entity.variant.SpawnPrioritySelectors
[1604|t+12250ms|ThreadId(2)] [class_dump] dfy → net.minecraft.world.entity.vehicle.ContainerEntity
[1605|t+12250ms|ThreadId(2)] [class_dump] dg → net.minecraft.advancements.criterion.SlideDownBlockTrigger
[1606|t+12250ms|ThreadId(2)] [class_dump] dga → net.minecraft.world.entity.vehicle.VehicleEntity
[1607|t+12250ms|ThreadId(2)] [class_dump] dgb → net.minecraft.world.entity.vehicle.boat.AbstractBoat
[1608|t+12251ms|ThreadId(2)] [class_dump] dgc → net.minecraft.world.entity.vehicle.boat.AbstractChestBoat
[1609|t+12251ms|ThreadId(2)] [class_dump] dgd → net.minecraft.world.entity.vehicle.boat.Boat
[1610|t+12251ms|ThreadId(2)] [class_dump] dge → net.minecraft.world.entity.vehicle.boat.ChestBoat
[1611|t+12251ms|ThreadId(2)] [class_dump] dgf → net.minecraft.world.entity.vehicle.boat.ChestRaft
[1612|t+12252ms|ThreadId(2)] [class_dump] dgg → net.minecraft.world.entity.vehicle.boat.Raft
[1613|t+12252ms|ThreadId(2)] [class_dump] dgi → net.minecraft.world.entity.vehicle.minecart.AbstractMinecart
[1614|t+12252ms|ThreadId(2)] [class_dump] dgj → net.minecraft.world.entity.vehicle.minecart.AbstractMinecartContainer
[1615|t+12253ms|ThreadId(2)] [class_dump] dgk → net.minecraft.world.entity.vehicle.minecart.Minecart
[1616|t+12253ms|ThreadId(2)] [class_dump] dgl → net.minecraft.world.entity.vehicle.minecart.MinecartBehavior
[1617|t+12253ms|ThreadId(2)] [class_dump] dgm → net.minecraft.world.entity.vehicle.minecart.MinecartChest
[1618|t+12254ms|ThreadId(2)] [class_dump] dgn → net.minecraft.world.entity.vehicle.minecart.MinecartCommandBlock
[1619|t+12254ms|ThreadId(2)] [class_dump] dgo → net.minecraft.world.entity.vehicle.minecart.MinecartFurnace
[1620|t+12254ms|ThreadId(2)] [class_dump] dgp → net.minecraft.world.entity.vehicle.minecart.MinecartHopper
[1621|t+12255ms|ThreadId(2)] [class_dump] dgq → net.minecraft.world.entity.vehicle.minecart.MinecartSpawner
[1622|t+12255ms|ThreadId(2)] [class_dump] dgr → net.minecraft.world.entity.vehicle.minecart.MinecartTNT
[1623|t+12255ms|ThreadId(2)] [class_dump] dgs → net.minecraft.world.entity.vehicle.minecart.NewMinecartBehavior
[1624|t+12256ms|ThreadId(2)] [class_dump] dgt → net.minecraft.world.entity.vehicle.minecart.OldMinecartBehavior
[1625|t+12256ms|ThreadId(2)] [class_dump] dgw → net.minecraft.world.flag.FeatureElement
[1626|t+12256ms|ThreadId(2)] [class_dump] dgx → net.minecraft.world.flag.FeatureFlag
[1627|t+12256ms|ThreadId(2)] [class_dump] dgy → net.minecraft.world.flag.FeatureFlagRegistry
[1628|t+12257ms|ThreadId(2)] [class_dump] dgz → net.minecraft.world.flag.FeatureFlagSet
[1629|t+12257ms|ThreadId(2)] [class_dump] dh → net.minecraft.advancements.criterion.SlimePredicate
[1630|t+12258ms|ThreadId(2)] [class_dump] dha → net.minecraft.world.flag.FeatureFlagUniverse
[1631|t+12258ms|ThreadId(2)] [class_dump] dhb → net.minecraft.world.flag.FeatureFlags
[1632|t+12258ms|ThreadId(2)] [class_dump] dhd → net.minecraft.world.food.FoodConstants
[1633|t+12259ms|ThreadId(2)] [class_dump] dhf → net.minecraft.world.food.FoodProperties
[1634|t+12259ms|ThreadId(2)] [class_dump] dhg → net.minecraft.world.food.Foods
[1635|t+12259ms|ThreadId(2)] [class_dump] dhi → net.minecraft.world.inventory.AbstractContainerMenu
[1636|t+12260ms|ThreadId(2)] [class_dump] dhj → net.minecraft.world.inventory.AbstractCraftingMenu
[1637|t+12260ms|ThreadId(2)] [class_dump] dhk → net.minecraft.world.inventory.AbstractFurnaceMenu
[1638|t+12260ms|ThreadId(2)] [class_dump] dhm → net.minecraft.world.inventory.AnvilMenu
[1639|t+12261ms|ThreadId(2)] [class_dump] dho → net.minecraft.world.inventory.BeaconMenu
[1640|t+12261ms|ThreadId(2)] [class_dump] dhp → net.minecraft.world.inventory.BlastFurnaceMenu
[1641|t+12261ms|ThreadId(2)] [class_dump] dhq → net.minecraft.world.inventory.BrewingStandMenu
[1642|t+12262ms|ThreadId(2)] [class_dump] dhr → net.minecraft.world.inventory.CartographyTableMenu
[1643|t+12262ms|ThreadId(2)] [class_dump] dhs → net.minecraft.world.inventory.ChestMenu
[1644|t+12262ms|ThreadId(2)] [class_dump] dhv → net.minecraft.world.inventory.ContainerData
[1645|t+12263ms|ThreadId(2)] [class_dump] dhx → net.minecraft.world.inventory.ContainerListener
[1646|t+12263ms|ThreadId(2)] [class_dump] dhz → net.minecraft.world.inventory.CrafterMenu
[1647|t+12263ms|ThreadId(2)] [class_dump] dia → net.minecraft.world.inventory.CrafterSlot
[1648|t+12264ms|ThreadId(2)] [class_dump] dib → net.minecraft.world.inventory.CraftingContainer
[1649|t+12264ms|ThreadId(2)] [class_dump] dic → net.minecraft.world.inventory.CraftingMenu
[1650|t+12264ms|ThreadId(2)] [class_dump] die → net.minecraft.world.inventory.DispenserMenu
[1651|t+12265ms|ThreadId(2)] [class_dump] dif → net.minecraft.world.inventory.EnchantmentMenu
[1652|t+12265ms|ThreadId(2)] [class_dump] dig → net.minecraft.world.inventory.FurnaceFuelSlot
[1653|t+12265ms|ThreadId(2)] [class_dump] dih → net.minecraft.world.inventory.FurnaceMenu
[1654|t+12266ms|ThreadId(2)] [class_dump] dii → net.minecraft.world.inventory.FurnaceResultSlot
[1655|t+12266ms|ThreadId(2)] [class_dump] dij → net.minecraft.world.inventory.GrindstoneMenu
[1656|t+12266ms|ThreadId(2)] [class_dump] dik → net.minecraft.world.inventory.HopperMenu
[1657|t+12266ms|ThreadId(2)] [class_dump] din → net.minecraft.world.inventory.ItemCombinerMenu
[1658|t+12267ms|ThreadId(2)] [class_dump] dip → net.minecraft.world.inventory.LecternMenu
[1659|t+12267ms|ThreadId(2)] [class_dump] diq → net.minecraft.world.inventory.LoomMenu
[1660|t+12268ms|ThreadId(2)] [class_dump] dir → net.minecraft.world.inventory.MenuConstructor
[1661|t+12268ms|ThreadId(2)] [class_dump] dis → net.minecraft.world.inventory.MenuType
[1662|t+12268ms|ThreadId(2)] [class_dump] diu → net.minecraft.world.inventory.MerchantMenu
[1663|t+12269ms|ThreadId(2)] [class_dump] div → net.minecraft.world.inventory.MerchantResultSlot
[1664|t+12269ms|ThreadId(2)] [class_dump] dix → net.minecraft.world.inventory.NonInteractiveResultSlot
[1665|t+12270ms|ThreadId(2)] [class_dump] diz → net.minecraft.world.inventory.RecipeBookMenu
[1666|t+12270ms|ThreadId(2)] [class_dump] dj → net.minecraft.advancements.criterion.SpearMobsTrigger
[1667|t+12271ms|ThreadId(2)] [class_dump] djb → net.minecraft.world.inventory.RecipeCraftingHolder
[1668|t+12271ms|ThreadId(2)] [class_dump] djd → net.minecraft.world.inventory.ResultContainer
[1669|t+12271ms|ThreadId(2)] [class_dump] dje → net.minecraft.world.inventory.ResultSlot
[1670|t+12272ms|ThreadId(2)] [class_dump] djf → net.minecraft.world.inventory.ShulkerBoxMenu
[1671|t+12272ms|ThreadId(2)] [class_dump] djg → net.minecraft.world.inventory.ShulkerBoxSlot
[1672|t+12272ms|ThreadId(2)] [class_dump] dji → net.minecraft.world.inventory.Slot
[1673|t+12273ms|ThreadId(2)] [class_dump] djl → net.minecraft.world.inventory.SmithingMenu
[1674|t+12273ms|ThreadId(2)] [class_dump] djm → net.minecraft.world.inventory.SmokerMenu
[1675|t+12273ms|ThreadId(2)] [class_dump] djn → net.minecraft.world.inventory.StackedContentsCompatible
[1676|t+12273ms|ThreadId(2)] [class_dump] djo → net.minecraft.world.inventory.StonecutterMenu
[1677|t+12274ms|ThreadId(2)] [class_dump] djs → net.minecraft.world.inventory.tooltip.TooltipComponent
[1678|t+12274ms|ThreadId(2)] [class_dump] dju → net.minecraft.world.item.AdventureModePredicate
[1679|t+12274ms|ThreadId(2)] [class_dump] djv → net.minecraft.world.item.AirItem
[1680|t+12275ms|ThreadId(2)] [class_dump] djw → net.minecraft.world.item.ArmorStandItem
[1681|t+12275ms|ThreadId(2)] [class_dump] djx → net.minecraft.world.item.ArrowItem
[1682|t+12275ms|ThreadId(2)] [class_dump] djy → net.minecraft.world.item.AxeItem
[1683|t+12276ms|ThreadId(2)] [class_dump] djz → net.minecraft.world.item.BannerItem
[1684|t+12276ms|ThreadId(2)] [class_dump] dk → net.minecraft.advancements.criterion.StartRidingTrigger
[1685|t+12276ms|ThreadId(2)] [class_dump] dka → net.minecraft.world.item.BedItem
[1686|t+12277ms|ThreadId(2)] [class_dump] dkb → net.minecraft.world.item.BlockItem
[1687|t+12277ms|ThreadId(2)] [class_dump] dkc → net.minecraft.world.item.BoatItem
[1688|t+12277ms|ThreadId(2)] [class_dump] dkd → net.minecraft.world.item.BoneMealItem
[1689|t+12277ms|ThreadId(2)] [class_dump] dke → net.minecraft.world.item.BottleItem
[1690|t+12278ms|ThreadId(2)] [class_dump] dkf → net.minecraft.world.item.BowItem
[1691|t+12278ms|ThreadId(2)] [class_dump] dkg → net.minecraft.world.item.BrushItem
[1692|t+12278ms|ThreadId(2)] [class_dump] dkh → net.minecraft.world.item.BucketItem
[1693|t+12278ms|ThreadId(2)] [class_dump] dki → net.minecraft.world.item.BundleItem
[1694|t+12279ms|ThreadId(2)] [class_dump] dkj → net.minecraft.world.item.CompassItem
[1695|t+12279ms|ThreadId(2)] [class_dump] dkk → net.minecraft.world.item.CreativeModeTab
[1696|t+12279ms|ThreadId(2)] [class_dump] dkl → net.minecraft.world.item.CreativeModeTabs
[1697|t+12279ms|ThreadId(2)] [class_dump] dkm → net.minecraft.world.item.CrossbowItem
[1698|t+12280ms|ThreadId(2)] [class_dump] dkn → net.minecraft.world.item.DebugStickItem
[1699|t+12280ms|ThreadId(2)] [class_dump] dko → net.minecraft.world.item.DiscFragmentItem
[1700|t+12280ms|ThreadId(2)] [class_dump] dkp → net.minecraft.world.item.DispensibleContainerItem
[1701|t+12280ms|ThreadId(2)] [class_dump] dkq → net.minecraft.world.item.DoubleHighBlockItem
[1702|t+12281ms|ThreadId(2)] [class_dump] dkr → net.minecraft.world.item.DyeColor
[1703|t+12281ms|ThreadId(2)] [class_dump] dks → net.minecraft.world.item.DyeItem
[1704|t+12281ms|ThreadId(2)] [class_dump] dkt → net.minecraft.world.item.EggItem
[1705|t+12281ms|ThreadId(2)] [class_dump] dku → net.minecraft.world.item.EitherHolder
[1706|t+12282ms|ThreadId(2)] [class_dump] dkv → net.minecraft.world.item.EmptyMapItem
[1707|t+12282ms|ThreadId(2)] [class_dump] dkw → net.minecraft.world.item.EndCrystalItem
[1708|t+12282ms|ThreadId(2)] [class_dump] dkx → net.minecraft.world.item.EnderEyeItem
[1709|t+12283ms|ThreadId(2)] [class_dump] dky → net.minecraft.world.item.EnderpearlItem
[1710|t+12283ms|ThreadId(2)] [class_dump] dkz → net.minecraft.world.item.ExperienceBottleItem
[1711|t+12283ms|ThreadId(2)] [class_dump] dl → net.minecraft.advancements.criterion.StatePropertiesPredicate
[1712|t+12284ms|ThreadId(2)] [class_dump] dla → net.minecraft.world.item.FireChargeItem
[1713|t+12284ms|ThreadId(2)] [class_dump] dlb → net.minecraft.world.item.FireworkRocketItem
[1714|t+12284ms|ThreadId(2)] [class_dump] dlc → net.minecraft.world.item.FishingRodItem
[1715|t+12285ms|ThreadId(2)] [class_dump] dld → net.minecraft.world.item.FlintAndSteelItem
[1716|t+12285ms|ThreadId(2)] [class_dump] dle → net.minecraft.world.item.FoodOnAStickItem
[1717|t+12285ms|ThreadId(2)] [class_dump] dlf → net.minecraft.world.item.GameMasterBlockItem
[1718|t+12286ms|ThreadId(2)] [class_dump] dlg → net.minecraft.world.item.GlowInkSacItem
[1719|t+12287ms|ThreadId(2)] [class_dump] dlh → net.minecraft.world.item.HangingEntityItem
[1720|t+12287ms|ThreadId(2)] [class_dump] dli → net.minecraft.world.item.HangingSignItem
[1721|t+12288ms|ThreadId(2)] [class_dump] dlj → net.minecraft.world.item.HoeItem
[1722|t+12288ms|ThreadId(2)] [class_dump] dlk → net.minecraft.world.item.HoneycombItem
[1723|t+12288ms|ThreadId(2)] [class_dump] dll → net.minecraft.world.item.InkSacItem
[1724|t+12288ms|ThreadId(2)] [class_dump] dlm → net.minecraft.world.item.Instrument
[1725|t+12289ms|ThreadId(2)] [class_dump] dln → net.minecraft.world.item.InstrumentItem
[1726|t+12289ms|ThreadId(2)] [class_dump] dlo → net.minecraft.world.item.Instruments
[1727|t+12289ms|ThreadId(2)] [class_dump] dlp → net.minecraft.world.item.Item
[1728|t+12290ms|ThreadId(2)] [class_dump] dls → net.minecraft.world.item.ItemFrameItem
[1729|t+12290ms|ThreadId(2)] [class_dump] dlt → net.minecraft.world.item.ItemStack
[1730|t+12290ms|ThreadId(2)] [class_dump] dlu → net.minecraft.world.item.ItemStackLinkedSet
[1731|t+12291ms|ThreadId(2)] [class_dump] dlv → net.minecraft.world.item.ItemUseAnimation
[1732|t+12291ms|ThreadId(2)] [class_dump] dlx → net.minecraft.world.item.Items
[1733|t+12291ms|ThreadId(2)] [class_dump] dly → net.minecraft.world.item.JukeboxPlayable
[1734|t+12292ms|ThreadId(2)] [class_dump] dlz → net.minecraft.world.item.JukeboxSong
[1735|t+12292ms|ThreadId(2)] [class_dump] dm → net.minecraft.advancements.criterion.SummonedEntityTrigger
[1736|t+12292ms|ThreadId(2)] [class_dump] dmb → net.minecraft.world.item.JukeboxSongs
[1737|t+12293ms|ThreadId(2)] [class_dump] dmc → net.minecraft.world.item.KnowledgeBookItem
[1738|t+12293ms|ThreadId(2)] [class_dump] dmd → net.minecraft.world.item.LeadItem
[1739|t+12294ms|ThreadId(2)] [class_dump] dme → net.minecraft.world.item.LingeringPotionItem
[1740|t+12294ms|ThreadId(2)] [class_dump] dmf → net.minecraft.world.item.MaceItem
[1741|t+12294ms|ThreadId(2)] [class_dump] dmg → net.minecraft.world.item.MapItem
[1742|t+12295ms|ThreadId(2)] [class_dump] dmh → net.minecraft.world.item.MinecartItem
[1743|t+12295ms|ThreadId(2)] [class_dump] dmi → net.minecraft.world.item.MobBucketItem
[1744|t+12295ms|ThreadId(2)] [class_dump] dmj → net.minecraft.world.item.NameTagItem
[1745|t+12296ms|ThreadId(2)] [class_dump] dmk → net.minecraft.world.item.PlaceOnWaterBlockItem
[1746|t+12296ms|ThreadId(2)] [class_dump] dml → net.minecraft.world.item.PlayerHeadItem
[1747|t+12296ms|ThreadId(2)] [class_dump] dmm → net.minecraft.world.item.PotionItem
[1748|t+12296ms|ThreadId(2)] [class_dump] dmn → net.minecraft.world.item.ProjectileItem
[1749|t+12297ms|ThreadId(2)] [class_dump] dmo → net.minecraft.world.item.ProjectileWeaponItem
[1750|t+12297ms|ThreadId(2)] [class_dump] dmp → net.minecraft.world.item.Rarity
[1751|t+12297ms|ThreadId(2)] [class_dump] dmq → net.minecraft.world.item.ScaffoldingBlockItem
[1752|t+12297ms|ThreadId(2)] [class_dump] dms → net.minecraft.world.item.ShearsItem
[1753|t+12298ms|ThreadId(2)] [class_dump] dmt → net.minecraft.world.item.ShieldItem
[1754|t+12298ms|ThreadId(2)] [class_dump] dmu → net.minecraft.world.item.ShovelItem
[1755|t+12298ms|ThreadId(2)] [class_dump] dmv → net.minecraft.world.item.SignApplicator
[1756|t+12299ms|ThreadId(2)] [class_dump] dmw → net.minecraft.world.item.SignItem
[1757|t+12299ms|ThreadId(2)] [class_dump] dmx → net.minecraft.world.item.SmithingTemplateItem
[1758|t+12299ms|ThreadId(2)] [class_dump] dmy → net.minecraft.world.item.SnowballItem
[1759|t+12300ms|ThreadId(2)] [class_dump] dmz → net.minecraft.world.item.SolidBucketItem
[1760|t+12300ms|ThreadId(2)] [class_dump] dn → net.minecraft.advancements.criterion.TagPredicate
[1761|t+12300ms|ThreadId(2)] [class_dump] dna → net.minecraft.world.item.SpawnEggItem
[1762|t+12300ms|ThreadId(2)] [class_dump] dnb → net.minecraft.world.item.SpectralArrowItem
[1763|t+12301ms|ThreadId(2)] [class_dump] dnc → net.minecraft.world.item.SplashPotionItem
[1764|t+12301ms|ThreadId(2)] [class_dump] dnd → net.minecraft.world.item.SpyglassItem
[1765|t+12301ms|ThreadId(2)] [class_dump] dne → net.minecraft.world.item.StandingAndWallBlockItem
[1766|t+12302ms|ThreadId(2)] [class_dump] dnf → net.minecraft.world.item.SwingAnimationType
[1767|t+12302ms|ThreadId(2)] [class_dump] dng → net.minecraft.world.item.ThrowablePotionItem
[1768|t+12302ms|ThreadId(2)] [class_dump] dnh → net.minecraft.world.item.TippedArrowItem
[1769|t+12303ms|ThreadId(2)] [class_dump] dni → net.minecraft.world.item.ToolMaterial
[1770|t+12303ms|ThreadId(2)] [class_dump] dnj → net.minecraft.world.item.TooltipFlag
[1771|t+12303ms|ThreadId(2)] [class_dump] dnk → net.minecraft.world.item.TridentItem
[1772|t+12304ms|ThreadId(2)] [class_dump] dnl → net.minecraft.world.item.WeatheringCopperItems
[1773|t+12304ms|ThreadId(2)] [class_dump] dnm → net.minecraft.world.item.WindChargeItem
[1774|t+12304ms|ThreadId(2)] [class_dump] dnn → net.minecraft.world.item.WritableBookItem
[1775|t+12305ms|ThreadId(2)] [class_dump] dno → net.minecraft.world.item.WrittenBookItem
[1776|t+12305ms|ThreadId(2)] [class_dump] dnp → net.minecraft.world.item.alchemy.Potion
[1777|t+12305ms|ThreadId(2)] [class_dump] dnr → net.minecraft.world.item.alchemy.PotionContents
[1778|t+12306ms|ThreadId(2)] [class_dump] dns → net.minecraft.world.item.alchemy.Potions
[1779|t+12306ms|ThreadId(2)] [class_dump] dnu → net.minecraft.world.item.component.AttackRange
[1780|t+12306ms|ThreadId(2)] [class_dump] dnv → net.minecraft.world.item.component.Bees
[1781|t+12307ms|ThreadId(2)] [class_dump] dnw → net.minecraft.world.item.component.BlockItemStateProperties
[1782|t+12307ms|ThreadId(2)] [class_dump] dnx → net.minecraft.world.item.component.BlocksAttacks
[1783|t+12307ms|ThreadId(2)] [class_dump] dny → net.minecraft.world.item.component.BookContent
[1784|t+12308ms|ThreadId(2)] [class_dump] dnz → net.minecraft.world.item.component.BundleContents
[1785|t+12308ms|ThreadId(2)] [class_dump] doa → net.minecraft.world.item.component.ChargedProjectiles
[1786|t+12308ms|ThreadId(2)] [class_dump] dob → net.minecraft.world.item.component.Consumable
[1787|t+12308ms|ThreadId(2)] [class_dump] doc → net.minecraft.world.item.component.ConsumableListener
[1788|t+12309ms|ThreadId(2)] [class_dump] dod → net.minecraft.world.item.component.Consumables
[1789|t+12309ms|ThreadId(2)] [class_dump] doe → net.minecraft.world.item.component.CustomData
[1790|t+12309ms|ThreadId(2)] [class_dump] dof → net.minecraft.world.item.component.CustomModelData
[1791|t+12310ms|ThreadId(2)] [class_dump] dog → net.minecraft.world.item.component.DamageResistant
[1792|t+12310ms|ThreadId(2)] [class_dump] doh → net.minecraft.world.item.component.DeathProtection
[1793|t+12310ms|ThreadId(2)] [class_dump] doi → net.minecraft.world.item.component.DebugStickState
[1794|t+12311ms|ThreadId(2)] [class_dump] doj → net.minecraft.world.item.component.DyedItemColor
[1795|t+12311ms|ThreadId(2)] [class_dump] dok → net.minecraft.world.item.component.FireworkExplosion
[1796|t+12311ms|ThreadId(2)] [class_dump] dol → net.minecraft.world.item.component.Fireworks
[1797|t+12312ms|ThreadId(2)] [class_dump] dom → net.minecraft.world.item.component.InstrumentComponent
[1798|t+12312ms|ThreadId(2)] [class_dump] don → net.minecraft.world.item.component.ItemAttributeModifiers
[1799|t+12312ms|ThreadId(2)] [class_dump] doo → net.minecraft.world.item.component.ItemContainerContents
[1800|t+12313ms|ThreadId(2)] [class_dump] dop → net.minecraft.world.item.component.ItemLore
[1801|t+12313ms|ThreadId(2)] [class_dump] doq → net.minecraft.world.item.component.KineticWeapon
[1802|t+12313ms|ThreadId(2)] [class_dump] dor → net.minecraft.world.item.component.LodestoneTracker
[1803|t+12313ms|ThreadId(2)] [class_dump] dos → net.minecraft.world.item.component.MapDecorations
[1804|t+12314ms|ThreadId(2)] [class_dump] dot → net.minecraft.world.item.component.MapItemColor
[1805|t+12314ms|ThreadId(2)] [class_dump] dou → net.minecraft.world.item.component.MapPostProcessing
[1806|t+12314ms|ThreadId(2)] [class_dump] dov → net.minecraft.world.item.component.OminousBottleAmplifier
[1807|t+12315ms|ThreadId(2)] [class_dump] dow → net.minecraft.world.item.component.PiercingWeapon
[1808|t+12315ms|ThreadId(2)] [class_dump] dox → net.minecraft.world.item.component.ProvidesTrimMaterial
[1809|t+12315ms|ThreadId(2)] [class_dump] doy → net.minecraft.world.item.component.ResolvableProfile
[1810|t+12316ms|ThreadId(2)] [class_dump] doz → net.minecraft.world.item.component.SeededContainerLoot
[1811|t+12316ms|ThreadId(2)] [class_dump] dp → net.minecraft.advancements.criterion.TameAnimalTrigger
[1812|t+12317ms|ThreadId(2)] [class_dump] dpa → net.minecraft.world.item.component.SuspiciousStewEffects
[1813|t+12317ms|ThreadId(2)] [class_dump] dpb → net.minecraft.world.item.component.SwingAnimation
[1814|t+12317ms|ThreadId(2)] [class_dump] dpc → net.minecraft.world.item.component.Tool
[1815|t+12318ms|ThreadId(2)] [class_dump] dpd → net.minecraft.world.item.component.TooltipDisplay
[1816|t+12318ms|ThreadId(2)] [class_dump] dpe → net.minecraft.world.item.component.TooltipProvider
[1817|t+12319ms|ThreadId(2)] [class_dump] dpf → net.minecraft.world.item.component.TypedEntityData
[1818|t+12319ms|ThreadId(2)] [class_dump] dpg → net.minecraft.world.item.component.UseCooldown
[1819|t+12320ms|ThreadId(2)] [class_dump] dph → net.minecraft.world.item.component.UseEffects
[1820|t+12320ms|ThreadId(2)] [class_dump] dpi → net.minecraft.world.item.component.UseRemainder
[1821|t+12320ms|ThreadId(2)] [class_dump] dpj → net.minecraft.world.item.component.Weapon
[1822|t+12321ms|ThreadId(2)] [class_dump] dpk → net.minecraft.world.item.component.WritableBookContent
[1823|t+12321ms|ThreadId(2)] [class_dump] dpl → net.minecraft.world.item.component.WrittenBookContent
[1824|t+12321ms|ThreadId(2)] [class_dump] dpn → net.minecraft.world.item.consume_effects.ApplyStatusEffectsConsumeEffect
[1825|t+12321ms|ThreadId(2)] [class_dump] dpo → net.minecraft.world.item.consume_effects.ClearAllStatusEffectsConsumeEffect
[1826|t+12322ms|ThreadId(2)] [class_dump] dpp → net.minecraft.world.item.consume_effects.ConsumeEffect
[1827|t+12322ms|ThreadId(2)] [class_dump] dpq → net.minecraft.world.item.consume_effects.PlaySoundConsumeEffect
[1828|t+12322ms|ThreadId(2)] [class_dump] dpr → net.minecraft.world.item.consume_effects.RemoveStatusEffectsConsumeEffect
[1829|t+12323ms|ThreadId(2)] [class_dump] dps → net.minecraft.world.item.consume_effects.TeleportRandomlyConsumeEffect
[1830|t+12323ms|ThreadId(2)] [class_dump] dpu → net.minecraft.world.item.context.BlockPlaceContext
[1831|t+12323ms|ThreadId(2)] [class_dump] dpv → net.minecraft.world.item.context.DirectionalPlaceContext
[1832|t+12324ms|ThreadId(2)] [class_dump] dpw → net.minecraft.world.item.context.UseOnContext
[1833|t+12324ms|ThreadId(2)] [class_dump] dpy → net.minecraft.world.item.crafting.AbstractCookingRecipe
[1834|t+12324ms|ThreadId(2)] [class_dump] dpz → net.minecraft.world.item.crafting.ArmorDyeRecipe
[1835|t+12325ms|ThreadId(2)] [class_dump] dq → net.minecraft.advancements.criterion.TargetBlockTrigger
[1836|t+12325ms|ThreadId(2)] [class_dump] dqa → net.minecraft.world.item.crafting.BannerDuplicateRecipe
[1837|t+12325ms|ThreadId(2)] [class_dump] dqb → net.minecraft.world.item.crafting.BlastingRecipe
[1838|t+12326ms|ThreadId(2)] [class_dump] dqc → net.minecraft.world.item.crafting.BookCloningRecipe
[1839|t+12326ms|ThreadId(2)] [class_dump] dqd → net.minecraft.world.item.crafting.CampfireCookingRecipe
[1840|t+12326ms|ThreadId(2)] [class_dump] dqe → net.minecraft.world.item.crafting.CookingBookCategory
[1841|t+12327ms|ThreadId(2)] [class_dump] dqf → net.minecraft.world.item.crafting.CraftingBookCategory
[1842|t+12327ms|ThreadId(2)] [class_dump] dqh → net.minecraft.world.item.crafting.CraftingRecipe
[1843|t+12327ms|ThreadId(2)] [class_dump] dqi → net.minecraft.world.item.crafting.CustomRecipe
[1844|t+12327ms|ThreadId(2)] [class_dump] dqj → net.minecraft.world.item.crafting.DecoratedPotRecipe
[1845|t+12328ms|ThreadId(2)] [class_dump] dqk → net.minecraft.world.item.crafting.ExtendedRecipeBookCategory
[1846|t+12328ms|ThreadId(2)] [class_dump] dql → net.minecraft.world.item.crafting.FireworkRocketRecipe
[1847|t+12328ms|ThreadId(2)] [class_dump] dqm → net.minecraft.world.item.crafting.FireworkStarFadeRecipe
[1848|t+12328ms|ThreadId(2)] [class_dump] dqn → net.minecraft.world.item.crafting.FireworkStarRecipe
[1849|t+12329ms|ThreadId(2)] [class_dump] dqo → net.minecraft.world.item.crafting.Ingredient
[1850|t+12329ms|ThreadId(2)] [class_dump] dqp → net.minecraft.world.item.crafting.MapCloningRecipe
[1851|t+12329ms|ThreadId(2)] [class_dump] dqq → net.minecraft.world.item.crafting.MapExtendingRecipe
[1852|t+12329ms|ThreadId(2)] [class_dump] dqs → net.minecraft.world.item.crafting.Recipe
[1853|t+12330ms|ThreadId(2)] [class_dump] dqt → net.minecraft.world.item.crafting.RecipeAccess
[1854|t+12330ms|ThreadId(2)] [class_dump] dqu → net.minecraft.world.item.crafting.RecipeBookCategories
[1855|t+12330ms|ThreadId(2)] [class_dump] dqv → net.minecraft.world.item.crafting.RecipeBookCategory
[1856|t+12331ms|ThreadId(2)] [class_dump] dqw → net.minecraft.world.item.crafting.RecipeCache
[1857|t+12331ms|ThreadId(2)] [class_dump] dqy → net.minecraft.world.item.crafting.RecipeInput
[1858|t+12331ms|ThreadId(2)] [class_dump] dr → net.minecraft.advancements.criterion.TradeTrigger
[1859|t+12332ms|ThreadId(2)] [class_dump] drc → net.minecraft.world.item.crafting.RecipeSerializer
[1860|t+12332ms|ThreadId(2)] [class_dump] drd → net.minecraft.world.item.crafting.RecipeType
[1861|t+12333ms|ThreadId(2)] [class_dump] dre → net.minecraft.world.item.crafting.RepairItemRecipe
[1862|t+12333ms|ThreadId(2)] [class_dump] drg → net.minecraft.world.item.crafting.ShapedRecipe
[1863|t+12333ms|ThreadId(2)] [class_dump] drh → net.minecraft.world.item.crafting.ShapedRecipePattern
[1864|t+12334ms|ThreadId(2)] [class_dump] dri → net.minecraft.world.item.crafting.ShapelessRecipe
[1865|t+12334ms|ThreadId(2)] [class_dump] drj → net.minecraft.world.item.crafting.ShieldDecorationRecipe
[1866|t+12334ms|ThreadId(2)] [class_dump] drk → net.minecraft.world.item.crafting.SingleItemRecipe
[1867|t+12335ms|ThreadId(2)] [class_dump] drm → net.minecraft.world.item.crafting.SmeltingRecipe
[1868|t+12335ms|ThreadId(2)] [class_dump] drn → net.minecraft.world.item.crafting.SmithingRecipe
[1869|t+12335ms|ThreadId(2)] [class_dump] drp → net.minecraft.world.item.crafting.SmithingTransformRecipe
[1870|t+12336ms|ThreadId(2)] [class_dump] drq → net.minecraft.world.item.crafting.SmithingTrimRecipe
[1871|t+12336ms|ThreadId(2)] [class_dump] drr → net.minecraft.world.item.crafting.SmokingRecipe
[1872|t+12336ms|ThreadId(2)] [class_dump] drs → net.minecraft.world.item.crafting.StonecutterRecipe
[1873|t+12337ms|ThreadId(2)] [class_dump] drt → net.minecraft.world.item.crafting.TippedArrowRecipe
[1874|t+12337ms|ThreadId(2)] [class_dump] dru → net.minecraft.world.item.crafting.TransmuteRecipe
[1875|t+12337ms|ThreadId(2)] [class_dump] drv → net.minecraft.world.item.crafting.TransmuteResult
[1876|t+12338ms|ThreadId(2)] [class_dump] ds → net.minecraft.advancements.criterion.UsedEnderEyeTrigger
[1877|t+12338ms|ThreadId(2)] [class_dump] dsb → net.minecraft.world.item.crafting.display.RecipeDisplays
[1878|t+12338ms|ThreadId(2)] [class_dump] dse → net.minecraft.world.item.crafting.display.SlotDisplay
[1879|t+12339ms|ThreadId(2)] [class_dump] dsg → net.minecraft.world.item.crafting.display.SlotDisplays
[1880|t+12339ms|ThreadId(2)] [class_dump] dsl → net.minecraft.world.item.enchantment.ConditionalEffect
[1881|t+12340ms|ThreadId(2)] [class_dump] dsm → net.minecraft.world.item.enchantment.Enchantable
[1882|t+12340ms|ThreadId(2)] [class_dump] dso → net.minecraft.world.item.enchantment.Enchantment
[1883|t+12340ms|ThreadId(2)] [class_dump] dsp → net.minecraft.world.item.enchantment.EnchantmentEffectComponents
[1884|t+12340ms|ThreadId(2)] [class_dump] dss → net.minecraft.world.item.enchantment.EnchantmentTarget
[1885|t+12341ms|ThreadId(2)] [class_dump] dsu → net.minecraft.world.item.enchantment.ItemEnchantments
[1886|t+12341ms|ThreadId(2)] [class_dump] dsv → net.minecraft.world.item.enchantment.LevelBasedValue
[1887|t+12341ms|ThreadId(2)] [class_dump] dsw → net.minecraft.world.item.enchantment.Repairable
[1888|t+12342ms|ThreadId(2)] [class_dump] dsx → net.minecraft.world.item.enchantment.TargetedConditionalEffect
[1889|t+12342ms|ThreadId(2)] [class_dump] dt → net.minecraft.advancements.criterion.UsedTotemTrigger
[1890|t+12342ms|ThreadId(2)] [class_dump] dtf → net.minecraft.world.item.enchantment.effects.DamageImmunity
[1891|t+12343ms|ThreadId(2)] [class_dump] dtg → net.minecraft.world.item.enchantment.effects.EnchantmentAttributeEffect
[1892|t+12343ms|ThreadId(2)] [class_dump] dth → net.minecraft.world.item.enchantment.effects.EnchantmentEntityEffect
[1893|t+12343ms|ThreadId(2)] [class_dump] dti → net.minecraft.world.item.enchantment.effects.EnchantmentLocationBasedEffect
[1894|t+12344ms|ThreadId(2)] [class_dump] dtj → net.minecraft.world.item.enchantment.effects.EnchantmentValueEffect
[1895|t+12344ms|ThreadId(2)] [class_dump] du → net.minecraft.advancements.criterion.UsingItemTrigger
[1896|t+12344ms|ThreadId(2)] [class_dump] dua → net.minecraft.world.item.enchantment.providers.EnchantmentProviderTypes
[1897|t+12345ms|ThreadId(2)] [class_dump] dui → net.minecraft.world.item.equipment.ArmorMaterial
[1898|t+12345ms|ThreadId(2)] [class_dump] duj → net.minecraft.world.item.equipment.ArmorMaterials
[1899|t+12345ms|ThreadId(2)] [class_dump] duk → net.minecraft.world.item.equipment.ArmorType
[1900|t+12345ms|ThreadId(2)] [class_dump] dum → net.minecraft.world.item.equipment.EquipmentAssets
[1901|t+12346ms|ThreadId(2)] [class_dump] dun → net.minecraft.world.item.equipment.Equippable
[1902|t+12346ms|ThreadId(2)] [class_dump] dup → net.minecraft.world.item.equipment.trim.ArmorTrim
[1903|t+12346ms|ThreadId(2)] [class_dump] duq → net.minecraft.world.item.equipment.trim.MaterialAssetGroup
[1904|t+12347ms|ThreadId(2)] [class_dump] dur → net.minecraft.world.item.equipment.trim.TrimMaterial
[1905|t+12347ms|ThreadId(2)] [class_dump] dus → net.minecraft.world.item.equipment.trim.TrimMaterials
[1906|t+12347ms|ThreadId(2)] [class_dump] dut → net.minecraft.world.item.equipment.trim.TrimPattern
[1907|t+12347ms|ThreadId(2)] [class_dump] dvf → net.minecraft.world.item.slot.SlotSource
[1908|t+12348ms|ThreadId(2)] [class_dump] dvg → net.minecraft.world.item.slot.SlotSources
[1909|t+12348ms|ThreadId(2)] [class_dump] dvk → net.minecraft.world.item.trading.Merchant
[1910|t+12348ms|ThreadId(2)] [class_dump] dvo → net.minecraft.world.level.BaseCommandBlock
[1911|t+12348ms|ThreadId(2)] [class_dump] dvp → net.minecraft.world.level.BaseSpawner
[1912|t+12349ms|ThreadId(2)] [class_dump] dvq → net.minecraft.world.level.BlockAndTintGetter
[1913|t+12349ms|ThreadId(2)] [class_dump] dvt → net.minecraft.world.level.BlockGetter
[1914|t+12349ms|ThreadId(2)] [class_dump] dvu → net.minecraft.world.level.ChunkPos
[1915|t+12350ms|ThreadId(2)] [class_dump] dvx → net.minecraft.world.level.CollisionGetter
[1916|t+12350ms|ThreadId(2)] [class_dump] dwa → net.minecraft.world.level.CommonLevelAccessor
[1917|t+12350ms|ThreadId(2)] [class_dump] dwf → net.minecraft.world.level.EmptyBlockGetter
[1918|t+12351ms|ThreadId(2)] [class_dump] dwh → net.minecraft.world.level.EntityGetter
[1919|t+12351ms|ThreadId(2)] [class_dump] dwj → net.minecraft.world.level.ExplosionDamageCalculator
[1920|t+12351ms|ThreadId(2)] [class_dump] dwl → net.minecraft.world.level.GameType
[1921|t+12352ms|ThreadId(2)] [class_dump] dwn → net.minecraft.world.level.ItemLike
[1922|t+12352ms|ThreadId(2)] [class_dump] dwo → net.minecraft.world.level.Level
[1923|t+12352ms|ThreadId(2)] [class_dump] dwp → net.minecraft.world.level.LevelAccessor
[1924|t+12353ms|ThreadId(2)] [class_dump] dwq → net.minecraft.world.level.LevelHeightAccessor
[1925|t+12353ms|ThreadId(2)] [class_dump] dwr → net.minecraft.world.level.LevelReader
[1926|t+12353ms|ThreadId(2)] [class_dump] dwt → net.minecraft.world.level.LevelSimulatedRW
[1927|t+12354ms|ThreadId(2)] [class_dump] dwu → net.minecraft.world.level.LevelSimulatedReader
[1928|t+12354ms|ThreadId(2)] [class_dump] dwv → net.minecraft.world.level.LevelWriter
[1929|t+12354ms|ThreadId(2)] [class_dump] dx → net.minecraft.commands.BrigadierExceptions
[1930|t+12355ms|ThreadId(2)] [class_dump] dxd → net.minecraft.world.level.ScheduledTickAccess
[1931|t+12355ms|ThreadId(2)] [class_dump] dxf → net.minecraft.world.level.ServerLevelAccessor
[1932|t+12355ms|ThreadId(2)] [class_dump] dxg → net.minecraft.world.level.SignalGetter
[1933|t+12356ms|ThreadId(2)] [class_dump] dxh → net.minecraft.world.level.SimpleExplosionDamageCalculator
[1934|t+12356ms|ThreadId(2)] [class_dump] dxj → net.minecraft.world.level.Spawner
[1935|t+12356ms|ThreadId(2)] [class_dump] dxn → net.minecraft.world.level.WorldGenLevel
[1936|t+12356ms|ThreadId(2)] [class_dump] dxo → net.minecraft.world.level.biome.Biome
[1937|t+12357ms|ThreadId(2)] [class_dump] dxp → net.minecraft.world.level.biome.BiomeGenerationSettings
[1938|t+12357ms|ThreadId(2)] [class_dump] dxr → net.minecraft.world.level.biome.BiomeResolver
[1939|t+12357ms|ThreadId(2)] [class_dump] dxs → net.minecraft.world.level.biome.BiomeSource
[1940|t+12357ms|ThreadId(2)] [class_dump] dxt → net.minecraft.world.level.biome.BiomeSources
[1941|t+12358ms|ThreadId(2)] [class_dump] dxu → net.minecraft.world.level.biome.BiomeSpecialEffects
[1942|t+12358ms|ThreadId(2)] [class_dump] dxv → net.minecraft.world.level.biome.Biomes
[1943|t+12358ms|ThreadId(2)] [class_dump] dxw → net.minecraft.world.level.biome.CheckerboardColumnBiomeSource
[1944|t+12359ms|ThreadId(2)] [class_dump] dxx → net.minecraft.world.level.biome.Climate
[1945|t+12359ms|ThreadId(2)] [class_dump] dxz → net.minecraft.world.level.biome.FixedBiomeSource
[1946|t+12359ms|ThreadId(2)] [class_dump] dya → net.minecraft.world.level.biome.MobSpawnSettings
[1947|t+12360ms|ThreadId(2)] [class_dump] dyb → net.minecraft.world.level.biome.MultiNoiseBiomeSource
[1948|t+12360ms|ThreadId(2)] [class_dump] dyc → net.minecraft.world.level.biome.MultiNoiseBiomeSourceParameterList
[1949|t+12360ms|ThreadId(2)] [class_dump] dyf → net.minecraft.world.level.biome.TheEndBiomeSource
[1950|t+12361ms|ThreadId(2)] [class_dump] dyh → net.minecraft.world.level.block.AbstractBannerBlock
[1951|t+12361ms|ThreadId(2)] [class_dump] dyi → net.minecraft.world.level.block.AbstractCandleBlock
[1952|t+12361ms|ThreadId(2)] [class_dump] dyj → net.minecraft.world.level.block.AbstractCauldronBlock
[1953|t+12362ms|ThreadId(2)] [class_dump] dyk → net.minecraft.world.level.block.AbstractChestBlock
[1954|t+12362ms|ThreadId(2)] [class_dump] dyl → net.minecraft.world.level.block.AbstractFurnaceBlock
[1955|t+12362ms|ThreadId(2)] [class_dump] dym → net.minecraft.world.level.block.AbstractSkullBlock
[1956|t+12363ms|ThreadId(2)] [class_dump] dyn → net.minecraft.world.level.block.AirBlock
[1957|t+12363ms|ThreadId(2)] [class_dump] dyo → net.minecraft.world.level.block.AmethystBlock
[1958|t+12364ms|ThreadId(2)] [class_dump] dyp → net.minecraft.world.level.block.AmethystClusterBlock
[1959|t+12364ms|ThreadId(2)] [class_dump] dyq → net.minecraft.world.level.block.AnvilBlock
[1960|t+12364ms|ThreadId(2)] [class_dump] dyr → net.minecraft.world.level.block.AttachedStemBlock
[1961|t+12364ms|ThreadId(2)] [class_dump] dys → net.minecraft.world.level.block.AzaleaBlock
[1962|t+12365ms|ThreadId(2)] [class_dump] dyt → net.minecraft.world.level.block.BambooSaplingBlock
[1963|t+12365ms|ThreadId(2)] [class_dump] dyu → net.minecraft.world.level.block.BambooStalkBlock
[1964|t+12365ms|ThreadId(2)] [class_dump] dyv → net.minecraft.world.level.block.BannerBlock
[1965|t+12366ms|ThreadId(2)] [class_dump] dyw → net.minecraft.world.level.block.BarrelBlock
[1966|t+12366ms|ThreadId(2)] [class_dump] dyx → net.minecraft.world.level.block.BarrierBlock
[1967|t+12366ms|ThreadId(2)] [class_dump] dyy → net.minecraft.world.level.block.BaseCoralFanBlock
[1968|t+12367ms|ThreadId(2)] [class_dump] dyz → net.minecraft.world.level.block.BaseCoralPlantBlock
[1969|t+12367ms|ThreadId(2)] [class_dump] dz → net.minecraft.commands.CommandBuildContext
[1970|t+12368ms|ThreadId(2)] [class_dump] dza → net.minecraft.world.level.block.BaseCoralPlantTypeBlock
[1971|t+12368ms|ThreadId(2)] [class_dump] dzb → net.minecraft.world.level.block.BaseCoralWallFanBlock
[1972|t+12368ms|ThreadId(2)] [class_dump] dzc → net.minecraft.world.level.block.BaseEntityBlock
[1973|t+12369ms|ThreadId(2)] [class_dump] dzd → net.minecraft.world.level.block.BaseFireBlock
[1974|t+12369ms|ThreadId(2)] [class_dump] dze → net.minecraft.world.level.block.BasePressurePlateBlock
[1975|t+12369ms|ThreadId(2)] [class_dump] dzf → net.minecraft.world.level.block.BaseRailBlock
[1976|t+12370ms|ThreadId(2)] [class_dump] dzg → net.minecraft.world.level.block.BaseTorchBlock
[1977|t+12370ms|ThreadId(2)] [class_dump] dzh → net.minecraft.world.level.block.BeaconBeamBlock
[1978|t+12370ms|ThreadId(2)] [class_dump] dzi → net.minecraft.world.level.block.BeaconBlock
[1979|t+12371ms|ThreadId(2)] [class_dump] dzj → net.minecraft.world.level.block.BedBlock
[1980|t+12371ms|ThreadId(2)] [class_dump] dzk → net.minecraft.world.level.block.BeehiveBlock
[1981|t+12371ms|ThreadId(2)] [class_dump] dzl → net.minecraft.world.level.block.BeetrootBlock
[1982|t+12371ms|ThreadId(2)] [class_dump] dzm → net.minecraft.world.level.block.BellBlock
[1983|t+12372ms|ThreadId(2)] [class_dump] dzn → net.minecraft.world.level.block.BigDripleafBlock
[1984|t+12372ms|ThreadId(2)] [class_dump] dzo → net.minecraft.world.level.block.BigDripleafStemBlock
[1985|t+12373ms|ThreadId(2)] [class_dump] dzp → net.minecraft.world.level.block.BlastFurnaceBlock
[1986|t+12373ms|ThreadId(2)] [class_dump] dzq → net.minecraft.world.level.block.Block
[1987|t+12373ms|ThreadId(2)] [class_dump] dzr → net.minecraft.world.level.block.BlockTypes
[1988|t+12373ms|ThreadId(2)] [class_dump] dzs → net.minecraft.world.level.block.Blocks
[1989|t+12374ms|ThreadId(2)] [class_dump] dzt → net.minecraft.world.level.block.BonemealableBlock
[1990|t+12374ms|ThreadId(2)] [class_dump] dzu → net.minecraft.world.level.block.BonemealableFeaturePlacerBlock
[1991|t+12374ms|ThreadId(2)] [class_dump] dzv → net.minecraft.world.level.block.BrewingStandBlock
[1992|t+12374ms|ThreadId(2)] [class_dump] dzw → net.minecraft.world.level.block.BrushableBlock
[1993|t+12375ms|ThreadId(2)] [class_dump] dzx → net.minecraft.world.level.block.BubbleColumnBlock
[1994|t+12375ms|ThreadId(2)] [class_dump] dzy → net.minecraft.world.level.block.BucketPickup
[1995|t+12375ms|ThreadId(2)] [class_dump] dzz → net.minecraft.world.level.block.BuddingAmethystBlock
[1996|t+12376ms|ThreadId(2)] [class_dump] eaa → net.minecraft.world.level.block.BushBlock
[1997|t+12376ms|ThreadId(2)] [class_dump] eab → net.minecraft.world.level.block.ButtonBlock
[1998|t+12376ms|ThreadId(2)] [class_dump] eac → net.minecraft.world.level.block.CactusBlock
[1999|t+12376ms|ThreadId(2)] [class_dump] ead → net.minecraft.world.level.block.CactusFlowerBlock
[2000|t+12377ms|ThreadId(2)] [class_dump] eae → net.minecraft.world.level.block.CakeBlock
[2001|t+12377ms|ThreadId(2)] [class_dump] eaf → net.minecraft.world.level.block.CalibratedSculkSensorBlock
[2002|t+12377ms|ThreadId(2)] [class_dump] eag → net.minecraft.world.level.block.CampfireBlock
[2003|t+12378ms|ThreadId(2)] [class_dump] eah → net.minecraft.world.level.block.CandleBlock
[2004|t+12378ms|ThreadId(2)] [class_dump] eai → net.minecraft.world.level.block.CandleCakeBlock
[2005|t+12378ms|ThreadId(2)] [class_dump] eaj → net.minecraft.world.level.block.CarpetBlock
[2006|t+12379ms|ThreadId(2)] [class_dump] eak → net.minecraft.world.level.block.CarrotBlock
[2007|t+12379ms|ThreadId(2)] [class_dump] eal → net.minecraft.world.level.block.CartographyTableBlock
[2008|t+12380ms|ThreadId(2)] [class_dump] eam → net.minecraft.world.level.block.CarvedPumpkinBlock
[2009|t+12380ms|ThreadId(2)] [class_dump] ean → net.minecraft.world.level.block.CauldronBlock
[2010|t+12380ms|ThreadId(2)] [class_dump] eao → net.minecraft.world.level.block.CaveVines
[2011|t+12380ms|ThreadId(2)] [class_dump] eap → net.minecraft.world.level.block.CaveVinesBlock
[2012|t+12381ms|ThreadId(2)] [class_dump] eaq → net.minecraft.world.level.block.CaveVinesPlantBlock
[2013|t+12381ms|ThreadId(2)] [class_dump] ear → net.minecraft.world.level.block.CeilingHangingSignBlock
[2014|t+12381ms|ThreadId(2)] [class_dump] eas → net.minecraft.world.level.block.ChainBlock
[2015|t+12382ms|ThreadId(2)] [class_dump] eat → net.minecraft.world.level.block.ChangeOverTimeBlock
[2016|t+12382ms|ThreadId(2)] [class_dump] eau → net.minecraft.world.level.block.ChestBlock
[2017|t+12383ms|ThreadId(2)] [class_dump] eav → net.minecraft.world.level.block.ChiseledBookShelfBlock
[2018|t+12383ms|ThreadId(2)] [class_dump] eaw → net.minecraft.world.level.block.ChorusFlowerBlock
[2019|t+12383ms|ThreadId(2)] [class_dump] eax → net.minecraft.world.level.block.ChorusPlantBlock
[2020|t+12384ms|ThreadId(2)] [class_dump] eay → net.minecraft.world.level.block.CocoaBlock
[2021|t+12384ms|ThreadId(2)] [class_dump] eaz → net.minecraft.world.level.block.ColoredFallingBlock
[2022|t+12384ms|ThreadId(2)] [class_dump] eba → net.minecraft.world.level.block.CommandBlock
[2023|t+12384ms|ThreadId(2)] [class_dump] ebb → net.minecraft.world.level.block.ComparatorBlock
[2024|t+12385ms|ThreadId(2)] [class_dump] ebc → net.minecraft.world.level.block.ComposterBlock
[2025|t+12385ms|ThreadId(2)] [class_dump] ebd → net.minecraft.world.level.block.ConcretePowderBlock
[2026|t+12385ms|ThreadId(2)] [class_dump] ebe → net.minecraft.world.level.block.ConduitBlock
[2027|t+12386ms|ThreadId(2)] [class_dump] ebf → net.minecraft.world.level.block.CopperBulbBlock
[2028|t+12386ms|ThreadId(2)] [class_dump] ebg → net.minecraft.world.level.block.CopperChestBlock
[2029|t+12386ms|ThreadId(2)] [class_dump] ebh → net.minecraft.world.level.block.CopperGolemStatueBlock
[2030|t+12387ms|ThreadId(2)] [class_dump] ebi → net.minecraft.world.level.block.CoralBlock
[2031|t+12387ms|ThreadId(2)] [class_dump] ebj → net.minecraft.world.level.block.CoralFanBlock
[2032|t+12387ms|ThreadId(2)] [class_dump] ebk → net.minecraft.world.level.block.CoralPlantBlock
[2033|t+12387ms|ThreadId(2)] [class_dump] ebl → net.minecraft.world.level.block.CoralWallFanBlock
[2034|t+12388ms|ThreadId(2)] [class_dump] ebm → net.minecraft.world.level.block.CrafterBlock
[2035|t+12388ms|ThreadId(2)] [class_dump] ebn → net.minecraft.world.level.block.CraftingTableBlock
[2036|t+12388ms|ThreadId(2)] [class_dump] ebo → net.minecraft.world.level.block.CreakingHeartBlock
[2037|t+12388ms|ThreadId(2)] [class_dump] ebp → net.minecraft.world.level.block.CropBlock
[2038|t+12389ms|ThreadId(2)] [class_dump] ebq → net.minecraft.world.level.block.CrossCollisionBlock
[2039|t+12389ms|ThreadId(2)] [class_dump] ebr → net.minecraft.world.level.block.CryingObsidianBlock
[2040|t+12389ms|ThreadId(2)] [class_dump] ebs → net.minecraft.world.level.block.DaylightDetectorBlock
[2041|t+12389ms|ThreadId(2)] [class_dump] ebt → net.minecraft.world.level.block.DecoratedPotBlock
[2042|t+12390ms|ThreadId(2)] [class_dump] ebu → net.minecraft.world.level.block.DetectorRailBlock
[2043|t+12390ms|ThreadId(2)] [class_dump] ebv → net.minecraft.world.level.block.DiodeBlock
[2044|t+12390ms|ThreadId(2)] [class_dump] ebw → net.minecraft.world.level.block.DirectionalBlock
[2045|t+12391ms|ThreadId(2)] [class_dump] ebx → net.minecraft.world.level.block.DirtPathBlock
[2046|t+12391ms|ThreadId(2)] [class_dump] eby → net.minecraft.world.level.block.DispenserBlock
[2047|t+12391ms|ThreadId(2)] [class_dump] ebz → net.minecraft.world.level.block.DoorBlock
[2048|t+12391ms|ThreadId(2)] [class_dump] ec → net.minecraft.commands.CommandSource
[2049|t+12392ms|ThreadId(2)] [class_dump] ecb → net.minecraft.world.level.block.DoublePlantBlock
[2050|t+12392ms|ThreadId(2)] [class_dump] ecc → net.minecraft.world.level.block.DragonEggBlock
[2051|t+12393ms|ThreadId(2)] [class_dump] ecd → net.minecraft.world.level.block.DriedGhastBlock
[2052|t+12393ms|ThreadId(2)] [class_dump] ece → net.minecraft.world.level.block.DropExperienceBlock
[2053|t+12393ms|ThreadId(2)] [class_dump] ecf → net.minecraft.world.level.block.DropperBlock
[2054|t+12393ms|ThreadId(2)] [class_dump] ecg → net.minecraft.world.level.block.DryVegetationBlock
[2055|t+12394ms|ThreadId(2)] [class_dump] ech → net.minecraft.world.level.block.EnchantingTableBlock
[2056|t+12394ms|ThreadId(2)] [class_dump] eci → net.minecraft.world.level.block.EndGatewayBlock
[2057|t+12394ms|ThreadId(2)] [class_dump] ecj → net.minecraft.world.level.block.EndPortalBlock
[2058|t+12395ms|ThreadId(2)] [class_dump] eck → net.minecraft.world.level.block.EndPortalFrameBlock
[2059|t+12395ms|ThreadId(2)] [class_dump] ecl → net.minecraft.world.level.block.EndRodBlock
[2060|t+12395ms|ThreadId(2)] [class_dump] ecm → net.minecraft.world.level.block.EnderChestBlock
[2061|t+12395ms|ThreadId(2)] [class_dump] ecn → net.minecraft.world.level.block.EntityBlock
[2062|t+12396ms|ThreadId(2)] [class_dump] eco → net.minecraft.world.level.block.EyeblossomBlock
[2063|t+12396ms|ThreadId(2)] [class_dump] ecp → net.minecraft.world.level.block.FaceAttachedHorizontalDirectionalBlock
[2064|t+12396ms|ThreadId(2)] [class_dump] ecq → net.minecraft.world.level.block.Fallable
[2065|t+12397ms|ThreadId(2)] [class_dump] ecr → net.minecraft.world.level.block.FallingBlock
[2066|t+12397ms|ThreadId(2)] [class_dump] ecs → net.minecraft.world.level.block.FarmBlock
[2067|t+12397ms|ThreadId(2)] [class_dump] ect → net.minecraft.world.level.block.FenceBlock
[2068|t+12397ms|ThreadId(2)] [class_dump] ecu → net.minecraft.world.level.block.FenceGateBlock
[2069|t+12398ms|ThreadId(2)] [class_dump] ecv → net.minecraft.world.level.block.FireBlock
[2070|t+12398ms|ThreadId(2)] [class_dump] ecw → net.minecraft.world.level.block.FireflyBushBlock
[2071|t+12398ms|ThreadId(2)] [class_dump] ecx → net.minecraft.world.level.block.FlowerBedBlock
[2072|t+12398ms|ThreadId(2)] [class_dump] ecy → net.minecraft.world.level.block.FlowerBlock
[2073|t+12399ms|ThreadId(2)] [class_dump] ecz → net.minecraft.world.level.block.FlowerPotBlock
[2074|t+12399ms|ThreadId(2)] [class_dump] eda → net.minecraft.world.level.block.FrogspawnBlock
[2075|t+12399ms|ThreadId(2)] [class_dump] edb → net.minecraft.world.level.block.FrostedIceBlock
[2076|t+12399ms|ThreadId(2)] [class_dump] edc → net.minecraft.world.level.block.FungusBlock
[2077|t+12400ms|ThreadId(2)] [class_dump] edd → net.minecraft.world.level.block.FurnaceBlock
[2078|t+12400ms|ThreadId(2)] [class_dump] ede → net.minecraft.world.level.block.GameMasterBlock
[2079|t+12400ms|ThreadId(2)] [class_dump] edf → net.minecraft.world.level.block.GlazedTerracottaBlock
[2080|t+12401ms|ThreadId(2)] [class_dump] edg → net.minecraft.world.level.block.GlowLichenBlock
[2081|t+12401ms|ThreadId(2)] [class_dump] edh → net.minecraft.world.level.block.GrassBlock
[2082|t+12401ms|ThreadId(2)] [class_dump] edi → net.minecraft.world.level.block.GrindstoneBlock
[2083|t+12401ms|ThreadId(2)] [class_dump] edj → net.minecraft.world.level.block.GrowingPlantBlock
[2084|t+12402ms|ThreadId(2)] [class_dump] edk → net.minecraft.world.level.block.GrowingPlantBodyBlock
[2085|t+12402ms|ThreadId(2)] [class_dump] edl → net.minecraft.world.level.block.GrowingPlantHeadBlock
[2086|t+12402ms|ThreadId(2)] [class_dump] edm → net.minecraft.world.level.block.HalfTransparentBlock
[2087|t+12403ms|ThreadId(2)] [class_dump] edn → net.minecraft.world.level.block.HangingMossBlock
[2088|t+12403ms|ThreadId(2)] [class_dump] edo → net.minecraft.world.level.block.HangingRootsBlock
[2089|t+12403ms|ThreadId(2)] [class_dump] edp → net.minecraft.world.level.block.HayBlock
[2090|t+12404ms|ThreadId(2)] [class_dump] edq → net.minecraft.world.level.block.HeavyCoreBlock
[2091|t+12404ms|ThreadId(2)] [class_dump] edr → net.minecraft.world.level.block.HoneyBlock
[2092|t+12404ms|ThreadId(2)] [class_dump] eds → net.minecraft.world.level.block.HopperBlock
[2093|t+12404ms|ThreadId(2)] [class_dump] edt → net.minecraft.world.level.block.HorizontalDirectionalBlock
[2094|t+12405ms|ThreadId(2)] [class_dump] edu → net.minecraft.world.level.block.HugeMushroomBlock
[2095|t+12405ms|ThreadId(2)] [class_dump] edv → net.minecraft.world.level.block.IceBlock
[2096|t+12405ms|ThreadId(2)] [class_dump] edw → net.minecraft.world.level.block.InfestedBlock
[2097|t+12406ms|ThreadId(2)] [class_dump] edx → net.minecraft.world.level.block.InfestedRotatedPillarBlock
[2098|t+12406ms|ThreadId(2)] [class_dump] edy → net.minecraft.world.level.block.IronBarsBlock
[2099|t+12406ms|ThreadId(2)] [class_dump] edz → net.minecraft.world.level.block.JigsawBlock
[2100|t+12406ms|ThreadId(2)] [class_dump] eea → net.minecraft.world.level.block.JukeboxBlock
[2101|t+12407ms|ThreadId(2)] [class_dump] eeb → net.minecraft.world.level.block.KelpBlock
[2102|t+12407ms|ThreadId(2)] [class_dump] eec → net.minecraft.world.level.block.KelpPlantBlock
[2103|t+12407ms|ThreadId(2)] [class_dump] eed → net.minecraft.world.level.block.LadderBlock
[2104|t+12407ms|ThreadId(2)] [class_dump] eee → net.minecraft.world.level.block.LanternBlock
[2105|t+12408ms|ThreadId(2)] [class_dump] eef → net.minecraft.world.level.block.LavaCauldronBlock
[2106|t+12408ms|ThreadId(2)] [class_dump] eeg → net.minecraft.world.level.block.LayeredCauldronBlock
[2107|t+12408ms|ThreadId(2)] [class_dump] eeh → net.minecraft.world.level.block.LeafLitterBlock
[2108|t+12408ms|ThreadId(2)] [class_dump] eei → net.minecraft.world.level.block.LeavesBlock
[2109|t+12409ms|ThreadId(2)] [class_dump] eej → net.minecraft.world.level.block.LecternBlock
[2110|t+12409ms|ThreadId(2)] [class_dump] eel → net.minecraft.world.level.block.LeverBlock
[2111|t+12409ms|ThreadId(2)] [class_dump] eem → net.minecraft.world.level.block.LightBlock
[2112|t+12410ms|ThreadId(2)] [class_dump] een → net.minecraft.world.level.block.LightningRodBlock
[2113|t+12410ms|ThreadId(2)] [class_dump] eeo → net.minecraft.world.level.block.LiquidBlock
[2114|t+12410ms|ThreadId(2)] [class_dump] eep → net.minecraft.world.level.block.LiquidBlockContainer
[2115|t+12411ms|ThreadId(2)] [class_dump] eeq → net.minecraft.world.level.block.LoomBlock
[2116|t+12411ms|ThreadId(2)] [class_dump] eer → net.minecraft.world.level.block.MagmaBlock
[2117|t+12411ms|ThreadId(2)] [class_dump] ees → net.minecraft.world.level.block.MangroveLeavesBlock
[2118|t+12411ms|ThreadId(2)] [class_dump] eet → net.minecraft.world.level.block.MangrovePropaguleBlock
[2119|t+12412ms|ThreadId(2)] [class_dump] eeu → net.minecraft.world.level.block.MangroveRootsBlock
[2120|t+12412ms|ThreadId(2)] [class_dump] eev → net.minecraft.world.level.block.Mirror
[2121|t+12412ms|ThreadId(2)] [class_dump] eew → net.minecraft.world.level.block.MossyCarpetBlock
[2122|t+12413ms|ThreadId(2)] [class_dump] eex → net.minecraft.world.level.block.MudBlock
[2123|t+12413ms|ThreadId(2)] [class_dump] eey → net.minecraft.world.level.block.MultifaceBlock
[2124|t+12413ms|ThreadId(2)] [class_dump] eez → net.minecraft.world.level.block.MultifaceSpreadeableBlock
[2125|t+12414ms|ThreadId(2)] [class_dump] efa → net.minecraft.world.level.block.MultifaceSpreader
[2126|t+12414ms|ThreadId(2)] [class_dump] efb → net.minecraft.world.level.block.MushroomBlock
[2127|t+12414ms|ThreadId(2)] [class_dump] efc → net.minecraft.world.level.block.MyceliumBlock
[2128|t+12414ms|ThreadId(2)] [class_dump] efd → net.minecraft.world.level.block.NetherPortalBlock
[2129|t+12415ms|ThreadId(2)] [class_dump] efe → net.minecraft.world.level.block.NetherSproutsBlock
[2130|t+12415ms|ThreadId(2)] [class_dump] efg → net.minecraft.world.level.block.NetherWartBlock
[2131|t+12415ms|ThreadId(2)] [class_dump] efh → net.minecraft.world.level.block.NetherrackBlock
[2132|t+12416ms|ThreadId(2)] [class_dump] efi → net.minecraft.world.level.block.NoteBlock
[2133|t+12416ms|ThreadId(2)] [class_dump] efj → net.minecraft.world.level.block.NyliumBlock
[2134|t+12416ms|ThreadId(2)] [class_dump] efk → net.minecraft.world.level.block.ObserverBlock
[2135|t+12417ms|ThreadId(2)] [class_dump] efl → net.minecraft.world.level.block.PiglinWallSkullBlock
[2136|t+12417ms|ThreadId(2)] [class_dump] efm → net.minecraft.world.level.block.PipeBlock
[2137|t+12417ms|ThreadId(2)] [class_dump] efn → net.minecraft.world.level.block.PitcherCropBlock
[2138|t+12418ms|ThreadId(2)] [class_dump] efo → net.minecraft.world.level.block.PlayerHeadBlock
[2139|t+12418ms|ThreadId(2)] [class_dump] efp → net.minecraft.world.level.block.PlayerWallHeadBlock
[2140|t+12418ms|ThreadId(2)] [class_dump] efq → net.minecraft.world.level.block.PointedDripstoneBlock
[2141|t+12419ms|ThreadId(2)] [class_dump] efr → net.minecraft.world.level.block.Portal
[2142|t+12419ms|ThreadId(2)] [class_dump] efs → net.minecraft.world.level.block.PotatoBlock
[2143|t+12419ms|ThreadId(2)] [class_dump] eft → net.minecraft.world.level.block.PowderSnowBlock
[2144|t+12419ms|ThreadId(2)] [class_dump] efu → net.minecraft.world.level.block.PoweredBlock
[2145|t+12419ms|ThreadId(2)] [class_dump] efv → net.minecraft.world.level.block.PoweredRailBlock
[2146|t+12420ms|ThreadId(2)] [class_dump] efw → net.minecraft.world.level.block.PressurePlateBlock
[2147|t+12420ms|ThreadId(2)] [class_dump] efx → net.minecraft.world.level.block.PumpkinBlock
[2148|t+12420ms|ThreadId(2)] [class_dump] efy → net.minecraft.world.level.block.RailBlock
[2149|t+12420ms|ThreadId(2)] [class_dump] ega → net.minecraft.world.level.block.RedStoneOreBlock
[2150|t+12421ms|ThreadId(2)] [class_dump] egb → net.minecraft.world.level.block.RedStoneWireBlock
[2151|t+12421ms|ThreadId(2)] [class_dump] egc → net.minecraft.world.level.block.RedstoneLampBlock
[2152|t+12421ms|ThreadId(2)] [class_dump] egd → net.minecraft.world.level.block.RedstoneTorchBlock
[2153|t+12421ms|ThreadId(2)] [class_dump] ege → net.minecraft.world.level.block.RedstoneWallTorchBlock
[2154|t+12422ms|ThreadId(2)] [class_dump] egg → net.minecraft.world.level.block.RepeaterBlock
[2155|t+12422ms|ThreadId(2)] [class_dump] egh → net.minecraft.world.level.block.RespawnAnchorBlock
[2156|t+12422ms|ThreadId(2)] [class_dump] egi → net.minecraft.world.level.block.RodBlock
[2157|t+12422ms|ThreadId(2)] [class_dump] egj → net.minecraft.world.level.block.RootedDirtBlock
[2158|t+12423ms|ThreadId(2)] [class_dump] egk → net.minecraft.world.level.block.RootsBlock
[2159|t+12423ms|ThreadId(2)] [class_dump] egl → net.minecraft.world.level.block.RotatedPillarBlock
[2160|t+12423ms|ThreadId(2)] [class_dump] egm → net.minecraft.world.level.block.Rotation
[2161|t+12423ms|ThreadId(2)] [class_dump] egn → net.minecraft.world.level.block.SandBlock
[2162|t+12424ms|ThreadId(2)] [class_dump] ego → net.minecraft.world.level.block.SaplingBlock
[2163|t+12424ms|ThreadId(2)] [class_dump] egp → net.minecraft.world.level.block.ScaffoldingBlock
[2164|t+12424ms|ThreadId(2)] [class_dump] egq → net.minecraft.world.level.block.SculkBehaviour
[2165|t+12425ms|ThreadId(2)] [class_dump] egr → net.minecraft.world.level.block.SculkBlock
[2166|t+12425ms|ThreadId(2)] [class_dump] egs → net.minecraft.world.level.block.SculkCatalystBlock
[2167|t+12425ms|ThreadId(2)] [class_dump] egt → net.minecraft.world.level.block.SculkSensorBlock
[2168|t+12425ms|ThreadId(2)] [class_dump] egu → net.minecraft.world.level.block.SculkShriekerBlock
[2169|t+12426ms|ThreadId(2)] [class_dump] egw → net.minecraft.world.level.block.SculkVeinBlock
[2170|t+12426ms|ThreadId(2)] [class_dump] egx → net.minecraft.world.level.block.SeaPickleBlock
[2171|t+12426ms|ThreadId(2)] [class_dump] egy → net.minecraft.world.level.block.SeagrassBlock
[2172|t+12427ms|ThreadId(2)] [class_dump] egz → net.minecraft.world.level.block.SegmentableBlock
[2173|t+12427ms|ThreadId(2)] [class_dump] eha → net.minecraft.world.level.block.SelectableSlotContainer
[2174|t+12427ms|ThreadId(2)] [class_dump] ehb → net.minecraft.world.level.block.ShelfBlock
[2175|t+12428ms|ThreadId(2)] [class_dump] ehc → net.minecraft.world.level.block.ShortDryGrassBlock
[2176|t+12428ms|ThreadId(2)] [class_dump] ehd → net.minecraft.world.level.block.ShulkerBoxBlock
[2177|t+12428ms|ThreadId(2)] [class_dump] ehe → net.minecraft.world.level.block.SideChainPartBlock
[2178|t+12428ms|ThreadId(2)] [class_dump] ehf → net.minecraft.world.level.block.SignBlock
[2179|t+12429ms|ThreadId(2)] [class_dump] ehg → net.minecraft.world.level.block.SimpleWaterloggedBlock
[2180|t+12429ms|ThreadId(2)] [class_dump] ehh → net.minecraft.world.level.block.SkullBlock
[2181|t+12429ms|ThreadId(2)] [class_dump] ehi → net.minecraft.world.level.block.SlabBlock
[2182|t+12430ms|ThreadId(2)] [class_dump] ehj → net.minecraft.world.level.block.SlimeBlock
[2183|t+12430ms|ThreadId(2)] [class_dump] ehk → net.minecraft.world.level.block.SmallDripleafBlock
[2184|t+12430ms|ThreadId(2)] [class_dump] ehl → net.minecraft.world.level.block.SmithingTableBlock
[2185|t+12431ms|ThreadId(2)] [class_dump] ehm → net.minecraft.world.level.block.SmokerBlock
[2186|t+12431ms|ThreadId(2)] [class_dump] ehn → net.minecraft.world.level.block.SnifferEggBlock
[2187|t+12432ms|ThreadId(2)] [class_dump] eho → net.minecraft.world.level.block.SnowLayerBlock
[2188|t+12432ms|ThreadId(2)] [class_dump] ehp → net.minecraft.world.level.block.SnowyDirtBlock
[2189|t+12433ms|ThreadId(2)] [class_dump] ehq → net.minecraft.world.level.block.SoulFireBlock
[2190|t+12433ms|ThreadId(2)] [class_dump] ehr → net.minecraft.world.level.block.SoulSandBlock
[2191|t+12433ms|ThreadId(2)] [class_dump] ehs → net.minecraft.world.level.block.SoundType
[2192|t+12434ms|ThreadId(2)] [class_dump] eht → net.minecraft.world.level.block.SpawnerBlock
[2193|t+12434ms|ThreadId(2)] [class_dump] ehu → net.minecraft.world.level.block.SpongeBlock
[2194|t+12434ms|ThreadId(2)] [class_dump] ehv → net.minecraft.world.level.block.SporeBlossomBlock
[2195|t+12434ms|ThreadId(2)] [class_dump] ehw → net.minecraft.world.level.block.SpreadingSnowyDirtBlock
[2196|t+12435ms|ThreadId(2)] [class_dump] ehx → net.minecraft.world.level.block.StainedGlassBlock
[2197|t+12435ms|ThreadId(2)] [class_dump] ehy → net.minecraft.world.level.block.StainedGlassPaneBlock
[2198|t+12435ms|ThreadId(2)] [class_dump] ehz → net.minecraft.world.level.block.StairBlock
[2199|t+12436ms|ThreadId(2)] [class_dump] eia → net.minecraft.world.level.block.StandingSignBlock
[2200|t+12436ms|ThreadId(2)] [class_dump] eib → net.minecraft.world.level.block.StemBlock
[2201|t+12436ms|ThreadId(2)] [class_dump] eic → net.minecraft.world.level.block.StonecutterBlock
[2202|t+12437ms|ThreadId(2)] [class_dump] eid → net.minecraft.world.level.block.StructureBlock
[2203|t+12437ms|ThreadId(2)] [class_dump] eie → net.minecraft.world.level.block.StructureVoidBlock
[2204|t+12437ms|ThreadId(2)] [class_dump] eif → net.minecraft.world.level.block.SugarCaneBlock
[2205|t+12438ms|ThreadId(2)] [class_dump] eig → net.minecraft.world.level.block.SupportType
[2206|t+12438ms|ThreadId(2)] [class_dump] eih → net.minecraft.world.level.block.SuspiciousEffectHolder
[2207|t+12438ms|ThreadId(2)] [class_dump] eii → net.minecraft.world.level.block.SweetBerryBushBlock
[2208|t+12439ms|ThreadId(2)] [class_dump] eij → net.minecraft.world.level.block.TallDryGrassBlock
[2209|t+12439ms|ThreadId(2)] [class_dump] eik → net.minecraft.world.level.block.TallFlowerBlock
[2210|t+12439ms|ThreadId(2)] [class_dump] eil → net.minecraft.world.level.block.TallGrassBlock
[2211|t+12440ms|ThreadId(2)] [class_dump] eim → net.minecraft.world.level.block.TallSeagrassBlock
[2212|t+12440ms|ThreadId(2)] [class_dump] ein → net.minecraft.world.level.block.TargetBlock
[2213|t+12440ms|ThreadId(2)] [class_dump] eio → net.minecraft.world.level.block.TestBlock
[2214|t+12441ms|ThreadId(2)] [class_dump] eip → net.minecraft.world.level.block.TestInstanceBlock
[2215|t+12441ms|ThreadId(2)] [class_dump] eiq → net.minecraft.world.level.block.TintedGlassBlock
[2216|t+12441ms|ThreadId(2)] [class_dump] eir → net.minecraft.world.level.block.TintedParticleLeavesBlock
[2217|t+12442ms|ThreadId(2)] [class_dump] eis → net.minecraft.world.level.block.TntBlock
[2218|t+12442ms|ThreadId(2)] [class_dump] eit → net.minecraft.world.level.block.TorchBlock
[2219|t+12442ms|ThreadId(2)] [class_dump] eiu → net.minecraft.world.level.block.TorchflowerCropBlock
[2220|t+12443ms|ThreadId(2)] [class_dump] eiv → net.minecraft.world.level.block.TransparentBlock
[2221|t+12443ms|ThreadId(2)] [class_dump] eiw → net.minecraft.world.level.block.TrapDoorBlock
[2222|t+12443ms|ThreadId(2)] [class_dump] eix → net.minecraft.world.level.block.TrappedChestBlock
[2223|t+12443ms|ThreadId(2)] [class_dump] eiy → net.minecraft.world.level.block.TrialSpawnerBlock
[2224|t+12444ms|ThreadId(2)] [class_dump] eiz → net.minecraft.world.level.block.TripWireBlock
[2225|t+12444ms|ThreadId(2)] [class_dump] ej → net.minecraft.commands.arguments.AngleArgument
[2226|t+12444ms|ThreadId(2)] [class_dump] eja → net.minecraft.world.level.block.TripWireHookBlock
[2227|t+12444ms|ThreadId(2)] [class_dump] ejb → net.minecraft.world.level.block.TurtleEggBlock
[2228|t+12445ms|ThreadId(2)] [class_dump] ejc → net.minecraft.world.level.block.TwistingVinesBlock
[2229|t+12445ms|ThreadId(2)] [class_dump] ejd → net.minecraft.world.level.block.TwistingVinesPlantBlock
[2230|t+12445ms|ThreadId(2)] [class_dump] eje → net.minecraft.world.level.block.UntintedParticleLeavesBlock
[2231|t+12445ms|ThreadId(2)] [class_dump] ejf → net.minecraft.world.level.block.VaultBlock
[2232|t+12446ms|ThreadId(2)] [class_dump] ejg → net.minecraft.world.level.block.VegetationBlock
[2233|t+12446ms|ThreadId(2)] [class_dump] ejh → net.minecraft.world.level.block.VineBlock
[2234|t+12446ms|ThreadId(2)] [class_dump] eji → net.minecraft.world.level.block.WallBannerBlock
[2235|t+12446ms|ThreadId(2)] [class_dump] ejj → net.minecraft.world.level.block.WallBlock
[2236|t+12447ms|ThreadId(2)] [class_dump] ejk → net.minecraft.world.level.block.WallHangingSignBlock
[2237|t+12447ms|ThreadId(2)] [class_dump] ejl → net.minecraft.world.level.block.WallSignBlock
[2238|t+12447ms|ThreadId(2)] [class_dump] ejm → net.minecraft.world.level.block.WallSkullBlock
[2239|t+12448ms|ThreadId(2)] [class_dump] ejn → net.minecraft.world.level.block.WallTorchBlock
[2240|t+12448ms|ThreadId(2)] [class_dump] ejo → net.minecraft.world.level.block.WaterlilyBlock
[2241|t+12448ms|ThreadId(2)] [class_dump] ejp → net.minecraft.world.level.block.WaterloggedTransparentBlock
[2242|t+12448ms|ThreadId(2)] [class_dump] ejq → net.minecraft.world.level.block.WeatheringCopper
[2243|t+12449ms|ThreadId(2)] [class_dump] ejr → net.minecraft.world.level.block.WeatheringCopperBarsBlock
[2244|t+12449ms|ThreadId(2)] [class_dump] ejs → net.minecraft.world.level.block.WeatheringCopperBlocks
[2245|t+12449ms|ThreadId(2)] [class_dump] ejt → net.minecraft.world.level.block.WeatheringCopperBulbBlock
[2246|t+12449ms|ThreadId(2)] [class_dump] eju → net.minecraft.world.level.block.WeatheringCopperChainBlock
[2247|t+12450ms|ThreadId(2)] [class_dump] ejv → net.minecraft.world.level.block.WeatheringCopperChestBlock
[2248|t+12450ms|ThreadId(2)] [class_dump] ejw → net.minecraft.world.level.block.WeatheringCopperDoorBlock
[2249|t+12450ms|ThreadId(2)] [class_dump] ejx → net.minecraft.world.level.block.WeatheringCopperFullBlock
[2250|t+12451ms|ThreadId(2)] [class_dump] ejy → net.minecraft.world.level.block.WeatheringCopperGolemStatueBlock
[2251|t+12451ms|ThreadId(2)] [class_dump] ejz → net.minecraft.world.level.block.WeatheringCopperGrateBlock
[2252|t+12451ms|ThreadId(2)] [class_dump] eka → net.minecraft.world.level.block.WeatheringCopperSlabBlock
[2253|t+12451ms|ThreadId(2)] [class_dump] ekb → net.minecraft.world.level.block.WeatheringCopperStairBlock
[2254|t+12452ms|ThreadId(2)] [class_dump] ekc → net.minecraft.world.level.block.WeatheringCopperTrapDoorBlock
[2255|t+12452ms|ThreadId(2)] [class_dump] ekd → net.minecraft.world.level.block.WeatheringLanternBlock
[2256|t+12452ms|ThreadId(2)] [class_dump] eke → net.minecraft.world.level.block.WeatheringLightningRodBlock
[2257|t+12453ms|ThreadId(2)] [class_dump] ekf → net.minecraft.world.level.block.WebBlock
[2258|t+12453ms|ThreadId(2)] [class_dump] ekg → net.minecraft.world.level.block.WeepingVinesBlock
[2259|t+12453ms|ThreadId(2)] [class_dump] ekh → net.minecraft.world.level.block.WeepingVinesPlantBlock
[2260|t+12454ms|ThreadId(2)] [class_dump] eki → net.minecraft.world.level.block.WeightedPressurePlateBlock
[2261|t+12454ms|ThreadId(2)] [class_dump] ekj → net.minecraft.world.level.block.WetSpongeBlock
[2262|t+12454ms|ThreadId(2)] [class_dump] ekk → net.minecraft.world.level.block.WitherRoseBlock
[2263|t+12454ms|ThreadId(2)] [class_dump] ekl → net.minecraft.world.level.block.WitherSkullBlock
[2264|t+12455ms|ThreadId(2)] [class_dump] ekm → net.minecraft.world.level.block.WitherWallSkullBlock
[2265|t+12455ms|ThreadId(2)] [class_dump] ekn → net.minecraft.world.level.block.WoolCarpetBlock
[2266|t+12455ms|ThreadId(2)] [class_dump] eko → net.minecraft.world.level.block.entity.AbstractFurnaceBlockEntity
[2267|t+12456ms|ThreadId(2)] [class_dump] ekp → net.minecraft.world.level.block.entity.BannerBlockEntity
[2268|t+12456ms|ThreadId(2)] [class_dump] ekq → net.minecraft.world.level.block.entity.BannerPattern
[2269|t+12456ms|ThreadId(2)] [class_dump] ekr → net.minecraft.world.level.block.entity.BannerPatternLayers
[2270|t+12457ms|ThreadId(2)] [class_dump] ekt → net.minecraft.world.level.block.entity.BarrelBlockEntity
[2271|t+12457ms|ThreadId(2)] [class_dump] eku → net.minecraft.world.level.block.entity.BaseContainerBlockEntity
[2272|t+12458ms|ThreadId(2)] [class_dump] ekv → net.minecraft.world.level.block.entity.BeaconBeamOwner
[2273|t+12458ms|ThreadId(2)] [class_dump] ekw → net.minecraft.world.level.block.entity.BeaconBlockEntity
[2274|t+12458ms|ThreadId(2)] [class_dump] ekx → net.minecraft.world.level.block.entity.BedBlockEntity
[2275|t+12459ms|ThreadId(2)] [class_dump] eky → net.minecraft.world.level.block.entity.BeehiveBlockEntity
[2276|t+12459ms|ThreadId(2)] [class_dump] ekz → net.minecraft.world.level.block.entity.BellBlockEntity
[2277|t+12460ms|ThreadId(2)] [class_dump] el → net.minecraft.commands.arguments.ColorArgument
[2278|t+12460ms|ThreadId(2)] [class_dump] ela → net.minecraft.world.level.block.entity.BlastFurnaceBlockEntity
[2279|t+12460ms|ThreadId(2)] [class_dump] elb → net.minecraft.world.level.block.entity.BlockEntity
[2280|t+12461ms|ThreadId(2)] [class_dump] eld → net.minecraft.world.level.block.entity.BlockEntityType
[2281|t+12461ms|ThreadId(2)] [class_dump] ele → net.minecraft.world.level.block.entity.BoundingBoxRenderable
[2282|t+12461ms|ThreadId(2)] [class_dump] elf → net.minecraft.world.level.block.entity.BrewingStandBlockEntity
[2283|t+12462ms|ThreadId(2)] [class_dump] elg → net.minecraft.world.level.block.entity.BrushableBlockEntity
[2284|t+12462ms|ThreadId(2)] [class_dump] elh → net.minecraft.world.level.block.entity.CalibratedSculkSensorBlockEntity
[2285|t+12463ms|ThreadId(2)] [class_dump] eli → net.minecraft.world.level.block.entity.CampfireBlockEntity
[2286|t+12463ms|ThreadId(2)] [class_dump] elj → net.minecraft.world.level.block.entity.ChestBlockEntity
[2287|t+12464ms|ThreadId(2)] [class_dump] ell → net.minecraft.world.level.block.entity.ChiseledBookShelfBlockEntity
[2288|t+12464ms|ThreadId(2)] [class_dump] elm → net.minecraft.world.level.block.entity.CommandBlockEntity
[2289|t+12465ms|ThreadId(2)] [class_dump] eln → net.minecraft.world.level.block.entity.ComparatorBlockEntity
[2290|t+12465ms|ThreadId(2)] [class_dump] elo → net.minecraft.world.level.block.entity.ConduitBlockEntity
[2291|t+12465ms|ThreadId(2)] [class_dump] elp → net.minecraft.world.level.block.entity.ContainerOpenersCounter
[2292|t+12465ms|ThreadId(2)] [class_dump] elq → net.minecraft.world.level.block.entity.CopperGolemStatueBlockEntity
[2293|t+12466ms|ThreadId(2)] [class_dump] elr → net.minecraft.world.level.block.entity.CrafterBlockEntity
[2294|t+12466ms|ThreadId(2)] [class_dump] els → net.minecraft.world.level.block.entity.CreakingHeartBlockEntity
[2295|t+12467ms|ThreadId(2)] [class_dump] elt → net.minecraft.world.level.block.entity.DaylightDetectorBlockEntity
[2296|t+12467ms|ThreadId(2)] [class_dump] elu → net.minecraft.world.level.block.entity.DecoratedPotBlockEntity
[2297|t+12468ms|ThreadId(2)] [class_dump] elv → net.minecraft.world.level.block.entity.DecoratedPotPattern
[2298|t+12468ms|ThreadId(2)] [class_dump] elw → net.minecraft.world.level.block.entity.DecoratedPotPatterns
[2299|t+12468ms|ThreadId(2)] [class_dump] elx → net.minecraft.world.level.block.entity.DispenserBlockEntity
[2300|t+12469ms|ThreadId(2)] [class_dump] ely → net.minecraft.world.level.block.entity.DropperBlockEntity
[2301|t+12469ms|ThreadId(2)] [class_dump] elz → net.minecraft.world.level.block.entity.EnchantingTableBlockEntity
[2302|t+12469ms|ThreadId(2)] [class_dump] em → net.minecraft.commands.arguments.ComponentArgument
[2303|t+12470ms|ThreadId(2)] [class_dump] ema → net.minecraft.world.level.block.entity.EnderChestBlockEntity
[2304|t+12470ms|ThreadId(2)] [class_dump] emc → net.minecraft.world.level.block.entity.FurnaceBlockEntity
[2305|t+12470ms|ThreadId(2)] [class_dump] emd → net.minecraft.world.level.block.entity.HangingSignBlockEntity
[2306|t+12470ms|ThreadId(2)] [class_dump] eme → net.minecraft.world.level.block.entity.Hopper
[2307|t+12471ms|ThreadId(2)] [class_dump] emf → net.minecraft.world.level.block.entity.HopperBlockEntity
[2308|t+12471ms|ThreadId(2)] [class_dump] emg → net.minecraft.world.level.block.entity.JigsawBlockEntity
[2309|t+12471ms|ThreadId(2)] [class_dump] emh → net.minecraft.world.level.block.entity.JukeboxBlockEntity
[2310|t+12472ms|ThreadId(2)] [class_dump] emi → net.minecraft.world.level.block.entity.LecternBlockEntity
[2311|t+12472ms|ThreadId(2)] [class_dump] emj → net.minecraft.world.level.block.entity.LidBlockEntity
[2312|t+12472ms|ThreadId(2)] [class_dump] emk → net.minecraft.world.level.block.entity.ListBackedContainer
[2313|t+12473ms|ThreadId(2)] [class_dump] eml → net.minecraft.world.level.block.entity.PotDecorations
[2314|t+12473ms|ThreadId(2)] [class_dump] emm → net.minecraft.world.level.block.entity.RandomizableContainerBlockEntity
[2315|t+12473ms|ThreadId(2)] [class_dump] emn → net.minecraft.world.level.block.entity.SculkCatalystBlockEntity
[2316|t+12474ms|ThreadId(2)] [class_dump] emo → net.minecraft.world.level.block.entity.SculkSensorBlockEntity
[2317|t+12474ms|ThreadId(2)] [class_dump] emp → net.minecraft.world.level.block.entity.SculkShriekerBlockEntity
[2318|t+12474ms|ThreadId(2)] [class_dump] emq → net.minecraft.world.level.block.entity.ShelfBlockEntity
[2319|t+12474ms|ThreadId(2)] [class_dump] emr → net.minecraft.world.level.block.entity.ShulkerBoxBlockEntity
[2320|t+12475ms|ThreadId(2)] [class_dump] ems → net.minecraft.world.level.block.entity.SignBlockEntity
[2321|t+12475ms|ThreadId(2)] [class_dump] emu → net.minecraft.world.level.block.entity.SkullBlockEntity
[2322|t+12475ms|ThreadId(2)] [class_dump] emv → net.minecraft.world.level.block.entity.SmokerBlockEntity
[2323|t+12476ms|ThreadId(2)] [class_dump] emw → net.minecraft.world.level.block.entity.SpawnerBlockEntity
[2324|t+12476ms|ThreadId(2)] [class_dump] emx → net.minecraft.world.level.block.entity.StructureBlockEntity
[2325|t+12477ms|ThreadId(2)] [class_dump] emy → net.minecraft.world.level.block.entity.TestBlockEntity
[2326|t+12477ms|ThreadId(2)] [class_dump] emz → net.minecraft.world.level.block.entity.TestInstanceBlockEntity
[2327|t+12477ms|ThreadId(2)] [class_dump] en → net.minecraft.commands.arguments.CompoundTagArgument
[2328|t+12478ms|ThreadId(2)] [class_dump] ena → net.minecraft.world.level.block.entity.TheEndGatewayBlockEntity
[2329|t+12478ms|ThreadId(2)] [class_dump] enb → net.minecraft.world.level.block.entity.TheEndPortalBlockEntity
[2330|t+12478ms|ThreadId(2)] [class_dump] enc → net.minecraft.world.level.block.entity.TickingBlockEntity
[2331|t+12479ms|ThreadId(2)] [class_dump] end → net.minecraft.world.level.block.entity.TrappedChestBlockEntity
[2332|t+12479ms|ThreadId(2)] [class_dump] ene → net.minecraft.world.level.block.entity.TrialSpawnerBlockEntity
[2333|t+12479ms|ThreadId(2)] [class_dump] enk → net.minecraft.world.level.block.entity.trialspawner.TrialSpawnerState
[2334|t+12480ms|ThreadId(2)] [class_dump] enn → net.minecraft.world.level.block.entity.vault.VaultBlockEntity
[2335|t+12480ms|ThreadId(2)] [class_dump] enp → net.minecraft.world.level.block.entity.vault.VaultConfig
[2336|t+12480ms|ThreadId(2)] [class_dump] enq → net.minecraft.world.level.block.entity.vault.VaultServerData
[2337|t+12481ms|ThreadId(2)] [class_dump] enr → net.minecraft.world.level.block.entity.vault.VaultSharedData
[2338|t+12481ms|ThreadId(2)] [class_dump] ens → net.minecraft.world.level.block.entity.vault.VaultState
[2339|t+12481ms|ThreadId(2)] [class_dump] enu → net.minecraft.world.level.block.grower.TreeGrower
[2340|t+12481ms|ThreadId(2)] [class_dump] enx → net.minecraft.world.level.block.piston.MovingPistonBlock
[2341|t+12482ms|ThreadId(2)] [class_dump] eny → net.minecraft.world.level.block.piston.PistonBaseBlock
[2342|t+12482ms|ThreadId(2)] [class_dump] enz → net.minecraft.world.level.block.piston.PistonHeadBlock
[2343|t+12482ms|ThreadId(2)] [class_dump] eo → net.minecraft.commands.arguments.DimensionArgument
[2344|t+12483ms|ThreadId(2)] [class_dump] eob → net.minecraft.world.level.block.piston.PistonMovingBlockEntity
[2345|t+12483ms|ThreadId(2)] [class_dump] eog → net.minecraft.world.level.block.state.BlockBehaviour
[2346|t+12483ms|ThreadId(2)] [class_dump] eoh → net.minecraft.world.level.block.state.BlockState
[2347|t+12484ms|ThreadId(2)] [class_dump] eoi → net.minecraft.world.level.block.state.StateDefinition
[2348|t+12484ms|ThreadId(2)] [class_dump] eoj → net.minecraft.world.level.block.state.StateHolder
[2349|t+12484ms|ThreadId(2)] [class_dump] eoq → net.minecraft.world.level.block.state.predicate.BlockStatePredicate
[2350|t+12485ms|ThreadId(2)] [class_dump] eos → net.minecraft.world.level.block.state.properties.AttachFace
[2351|t+12485ms|ThreadId(2)] [class_dump] eot → net.minecraft.world.level.block.state.properties.BambooLeaves
[2352|t+12485ms|ThreadId(2)] [class_dump] eou → net.minecraft.world.level.block.state.properties.BedPart
[2353|t+12485ms|ThreadId(2)] [class_dump] eov → net.minecraft.world.level.block.state.properties.BellAttachType
[2354|t+12486ms|ThreadId(2)] [class_dump] eow → net.minecraft.world.level.block.state.properties.BlockSetType
[2355|t+12486ms|ThreadId(2)] [class_dump] eox → net.minecraft.world.level.block.state.properties.BlockStateProperties
[2356|t+12486ms|ThreadId(2)] [class_dump] eoy → net.minecraft.world.level.block.state.properties.BooleanProperty
[2357|t+12487ms|ThreadId(2)] [class_dump] eoz → net.minecraft.world.level.block.state.properties.ChestType
[2358|t+12487ms|ThreadId(2)] [class_dump] ep → net.minecraft.commands.arguments.EntityAnchorArgument
[2359|t+12488ms|ThreadId(2)] [class_dump] epa → net.minecraft.world.level.block.state.properties.ComparatorMode
[2360|t+12488ms|ThreadId(2)] [class_dump] epb → net.minecraft.world.level.block.state.properties.CreakingHeartState
[2361|t+12488ms|ThreadId(2)] [class_dump] epc → net.minecraft.world.level.block.state.properties.DoorHingeSide
[2362|t+12489ms|ThreadId(2)] [class_dump] epd → net.minecraft.world.level.block.state.properties.DoubleBlockHalf
[2363|t+12489ms|ThreadId(2)] [class_dump] epe → net.minecraft.world.level.block.state.properties.DripstoneThickness
[2364|t+12490ms|ThreadId(2)] [class_dump] epf → net.minecraft.world.level.block.state.properties.EnumProperty
[2365|t+12490ms|ThreadId(2)] [class_dump] epg → net.minecraft.world.level.block.state.properties.Half
[2366|t+12490ms|ThreadId(2)] [class_dump] eph → net.minecraft.world.level.block.state.properties.IntegerProperty
[2367|t+12491ms|ThreadId(2)] [class_dump] epi → net.minecraft.world.level.block.state.properties.NoteBlockInstrument
[2368|t+12491ms|ThreadId(2)] [class_dump] epj → net.minecraft.world.level.block.state.properties.PistonType
[2369|t+12492ms|ThreadId(2)] [class_dump] epk → net.minecraft.world.level.block.state.properties.Property
[2370|t+12492ms|ThreadId(2)] [class_dump] epl → net.minecraft.world.level.block.state.properties.RailShape
[2371|t+12492ms|ThreadId(2)] [class_dump] epm → net.minecraft.world.level.block.state.properties.RedstoneSide
[2372|t+12493ms|ThreadId(2)] [class_dump] epn → net.minecraft.world.level.block.state.properties.RotationSegment
[2373|t+12493ms|ThreadId(2)] [class_dump] epo → net.minecraft.world.level.block.state.properties.SculkSensorPhase
[2374|t+12493ms|ThreadId(2)] [class_dump] epp → net.minecraft.world.level.block.state.properties.SideChainPart
[2375|t+12494ms|ThreadId(2)] [class_dump] epq → net.minecraft.world.level.block.state.properties.SlabType
[2376|t+12494ms|ThreadId(2)] [class_dump] epr → net.minecraft.world.level.block.state.properties.StairsShape
[2377|t+12494ms|ThreadId(2)] [class_dump] eps → net.minecraft.world.level.block.state.properties.StructureMode
[2378|t+12495ms|ThreadId(2)] [class_dump] ept → net.minecraft.world.level.block.state.properties.TestBlockMode
[2379|t+12495ms|ThreadId(2)] [class_dump] epu → net.minecraft.world.level.block.state.properties.Tilt
[2380|t+12495ms|ThreadId(2)] [class_dump] epv → net.minecraft.world.level.block.state.properties.WallSide
[2381|t+12496ms|ThreadId(2)] [class_dump] epw → net.minecraft.world.level.block.state.properties.WoodType
[2382|t+12496ms|ThreadId(2)] [class_dump] eq → net.minecraft.commands.arguments.EntityArgument
[2383|t+12496ms|ThreadId(2)] [class_dump] eqf → net.minecraft.world.level.chunk.ChunkAccess
[2384|t+12497ms|ThreadId(2)] [class_dump] eqg → net.minecraft.world.level.chunk.ChunkGenerator
[2385|t+12497ms|ThreadId(2)] [class_dump] eqi → net.minecraft.world.level.chunk.ChunkGenerators
[2386|t+12497ms|ThreadId(2)] [class_dump] eqj → net.minecraft.world.level.chunk.ChunkSource
[2387|t+12497ms|ThreadId(2)] [class_dump] eqq → net.minecraft.world.level.chunk.LevelChunk
[2388|t+12498ms|ThreadId(2)] [class_dump] eqs → net.minecraft.world.level.chunk.LightChunk
[2389|t+12498ms|ThreadId(2)] [class_dump] eqt → net.minecraft.world.level.chunk.LightChunkGetter
[2390|t+12498ms|ThreadId(2)] [class_dump] er → net.minecraft.commands.arguments.GameModeArgument
[2391|t+12499ms|ThreadId(2)] [class_dump] ere → net.minecraft.world.level.chunk.StructureAccess
[2392|t+12499ms|ThreadId(2)] [class_dump] erh → net.minecraft.world.level.chunk.status.ChunkDependencies
[2393|t+12499ms|ThreadId(2)] [class_dump] eri → net.minecraft.world.level.chunk.status.ChunkPyramid
[2394|t+12499ms|ThreadId(2)] [class_dump] erj → net.minecraft.world.level.chunk.status.ChunkStatus
[2395|t+12500ms|ThreadId(2)] [class_dump] erk → net.minecraft.world.level.chunk.status.ChunkStatusTask
[2396|t+12500ms|ThreadId(2)] [class_dump] erl → net.minecraft.world.level.chunk.status.ChunkStatusTasks
[2397|t+12500ms|ThreadId(2)] [class_dump] erm → net.minecraft.world.level.chunk.status.ChunkStep
[2398|t+12501ms|ThreadId(2)] [class_dump] ern → net.minecraft.world.level.chunk.status.ChunkType
[2399|t+12501ms|ThreadId(2)] [class_dump] ero → net.minecraft.world.level.chunk.status.WorldGenContext
[2400|t+12501ms|ThreadId(2)] [class_dump] erq → net.minecraft.world.level.chunk.storage.ChunkIOErrorReporter
[2401|t+12502ms|ThreadId(2)] [class_dump] es → net.minecraft.commands.arguments.GameProfileArgument
[2402|t+12502ms|ThreadId(2)] [class_dump] esh → net.minecraft.world.level.dimension.DimensionType
[2403|t+12502ms|ThreadId(2)] [class_dump] esp → net.minecraft.world.level.entity.EntityAccess
[2404|t+12503ms|ThreadId(2)] [class_dump] ess → net.minecraft.world.level.entity.EntityPersistentStorage
[2405|t+12503ms|ThreadId(2)] [class_dump] esw → net.minecraft.world.level.entity.EntityTypeTest
[2406|t+12503ms|ThreadId(2)] [class_dump] esx → net.minecraft.world.level.entity.LevelCallback
[2407|t+12504ms|ThreadId(2)] [class_dump] et → net.minecraft.commands.arguments.HeightmapTypeArgument
[2408|t+12504ms|ThreadId(2)] [class_dump] etd → net.minecraft.world.level.entity.UniquelyIdentifyable
[2409|t+12504ms|ThreadId(2)] [class_dump] etk → net.minecraft.world.level.gameevent.GameEvent
[2410|t+12504ms|ThreadId(2)] [class_dump] etm → net.minecraft.world.level.gameevent.GameEventListener
[2411|t+12504ms|ThreadId(2)] [class_dump] etn → net.minecraft.world.level.gameevent.GameEventListenerRegistry
[2412|t+12505ms|ThreadId(2)] [class_dump] eto → net.minecraft.world.level.gameevent.PositionSource
[2413|t+12505ms|ThreadId(2)] [class_dump] etp → net.minecraft.world.level.gameevent.PositionSourceType
[2414|t+12505ms|ThreadId(2)] [class_dump] ett → net.minecraft.world.level.gameevent.vibrations.VibrationSystem
[2415|t+12506ms|ThreadId(2)] [class_dump] etv → net.minecraft.world.level.gamerules.GameRule
[2416|t+12506ms|ThreadId(2)] [class_dump] etw → net.minecraft.world.level.gamerules.GameRuleCategory
[2417|t+12506ms|ThreadId(2)] [class_dump] ety → net.minecraft.world.level.gamerules.GameRuleType
[2418|t+12506ms|ThreadId(2)] [class_dump] etz → net.minecraft.world.level.gamerules.GameRuleTypeVisitor
[2419|t+12507ms|ThreadId(2)] [class_dump] eu → net.minecraft.commands.arguments.HexColorArgument
[2420|t+12507ms|ThreadId(2)] [class_dump] eua → net.minecraft.world.level.gamerules.GameRules
[2421|t+12507ms|ThreadId(2)] [class_dump] euf → net.minecraft.world.level.levelgen.BitRandomSource
[2422|t+12508ms|ThreadId(2)] [class_dump] euh → net.minecraft.world.level.levelgen.DebugLevelSource
[2423|t+12508ms|ThreadId(2)] [class_dump] euj → net.minecraft.world.level.levelgen.DensityFunction
[2424|t+12508ms|ThreadId(2)] [class_dump] euk → net.minecraft.world.level.levelgen.DensityFunctions
[2425|t+12509ms|ThreadId(2)] [class_dump] eul → net.minecraft.world.level.levelgen.FlatLevelSource
[2426|t+12509ms|ThreadId(2)] [class_dump] eum → net.minecraft.world.level.levelgen.GenerationStep
[2427|t+12509ms|ThreadId(2)] [class_dump] eun → net.minecraft.world.level.levelgen.GeodeBlockSettings
[2428|t+12510ms|ThreadId(2)] [class_dump] euo → net.minecraft.world.level.levelgen.GeodeCrackSettings
[2429|t+12510ms|ThreadId(2)] [class_dump] eup → net.minecraft.world.level.levelgen.GeodeLayerSettings
[2430|t+12510ms|ThreadId(2)] [class_dump] euq → net.minecraft.world.level.levelgen.Heightmap
[2431|t+12511ms|ThreadId(2)] [class_dump] eur → net.minecraft.world.level.levelgen.LegacyRandomSource
[2432|t+12511ms|ThreadId(2)] [class_dump] eus → net.minecraft.world.level.levelgen.MarsagliaPolarGaussian
[2433|t+12511ms|ThreadId(2)] [class_dump] eut → net.minecraft.world.level.levelgen.NoiseBasedChunkGenerator
[2434|t+12511ms|ThreadId(2)] [class_dump] euv → net.minecraft.world.level.levelgen.NoiseGeneratorSettings
[2435|t+12512ms|ThreadId(2)] [class_dump] euw → net.minecraft.world.level.levelgen.NoiseRouter
[2436|t+12512ms|ThreadId(2)] [class_dump] euy → net.minecraft.world.level.levelgen.NoiseSettings
[2437|t+12512ms|ThreadId(2)] [class_dump] ev → net.minecraft.commands.arguments.IdentifierArgument
[2438|t+12513ms|ThreadId(2)] [class_dump] evd → net.minecraft.world.level.levelgen.PositionalRandomFactory
[2439|t+12513ms|ThreadId(2)] [class_dump] evf → net.minecraft.world.level.levelgen.RandomSupport
[2440|t+12513ms|ThreadId(2)] [class_dump] evh → net.minecraft.world.level.levelgen.SurfaceRules
[2441|t+12514ms|ThreadId(2)] [class_dump] evj → net.minecraft.world.level.levelgen.ThreadSafeLegacyRandomSource
[2442|t+12514ms|ThreadId(2)] [class_dump] evk → net.minecraft.world.level.levelgen.VerticalAnchor
[2443|t+12514ms|ThreadId(2)] [class_dump] evn → net.minecraft.world.level.levelgen.WorldGenerationContext
[2444|t+12514ms|ThreadId(2)] [class_dump] evp → net.minecraft.world.level.levelgen.WorldgenRandom
[2445|t+12515ms|ThreadId(2)] [class_dump] evv → net.minecraft.world.level.levelgen.blockpredicates.AllOfPredicate
[2446|t+12515ms|ThreadId(2)] [class_dump] evw → net.minecraft.world.level.levelgen.blockpredicates.AnyOfPredicate
[2447|t+12515ms|ThreadId(2)] [class_dump] evx → net.minecraft.world.level.levelgen.blockpredicates.BlockPredicate
[2448|t+12516ms|ThreadId(2)] [class_dump] evy → net.minecraft.world.level.levelgen.blockpredicates.BlockPredicateType
[2449|t+12516ms|ThreadId(2)] [class_dump] evz → net.minecraft.world.level.levelgen.blockpredicates.CombiningPredicate
[2450|t+12517ms|ThreadId(2)] [class_dump] ew → net.minecraft.commands.arguments.MessageArgument
[2451|t+12517ms|ThreadId(2)] [class_dump] ewa → net.minecraft.world.level.levelgen.blockpredicates.HasSturdyFacePredicate
[2452|t+12517ms|ThreadId(2)] [class_dump] ewb → net.minecraft.world.level.levelgen.blockpredicates.InsideWorldBoundsPredicate
[2453|t+12518ms|ThreadId(2)] [class_dump] ewc → net.minecraft.world.level.levelgen.blockpredicates.MatchingBlockTagPredicate
[2454|t+12519ms|ThreadId(2)] [class_dump] ewd → net.minecraft.world.level.levelgen.blockpredicates.MatchingBlocksPredicate
[2455|t+12519ms|ThreadId(2)] [class_dump] ewe → net.minecraft.world.level.levelgen.blockpredicates.MatchingFluidsPredicate
[2456|t+12520ms|ThreadId(2)] [class_dump] ewf → net.minecraft.world.level.levelgen.blockpredicates.NotPredicate
[2457|t+12520ms|ThreadId(2)] [class_dump] ewg → net.minecraft.world.level.levelgen.blockpredicates.ReplaceablePredicate
[2458|t+12520ms|ThreadId(2)] [class_dump] ewh → net.minecraft.world.level.levelgen.blockpredicates.SolidPredicate
[2459|t+12521ms|ThreadId(2)] [class_dump] ewi → net.minecraft.world.level.levelgen.blockpredicates.StateTestingPredicate
[2460|t+12521ms|ThreadId(2)] [class_dump] ewj → net.minecraft.world.level.levelgen.blockpredicates.TrueBlockPredicate
[2461|t+12521ms|ThreadId(2)] [class_dump] ewk → net.minecraft.world.level.levelgen.blockpredicates.UnobstructedPredicate
[2462|t+12522ms|ThreadId(2)] [class_dump] ewl → net.minecraft.world.level.levelgen.blockpredicates.WouldSurvivePredicate
[2463|t+12522ms|ThreadId(2)] [class_dump] ewn → net.minecraft.world.level.levelgen.carver.CanyonCarverConfiguration
[2464|t+12523ms|ThreadId(2)] [class_dump] ewo → net.minecraft.world.level.levelgen.carver.CanyonWorldCarver
[2465|t+12523ms|ThreadId(2)] [class_dump] ewp → net.minecraft.world.level.levelgen.carver.CarverConfiguration
[2466|t+12523ms|ThreadId(2)] [class_dump] ewq → net.minecraft.world.level.levelgen.carver.CarverDebugSettings
[2467|t+12524ms|ThreadId(2)] [class_dump] ewr → net.minecraft.world.level.levelgen.carver.CarvingContext
[2468|t+12524ms|ThreadId(2)] [class_dump] ews → net.minecraft.world.level.levelgen.carver.CaveCarverConfiguration
[2469|t+12524ms|ThreadId(2)] [class_dump] ewt → net.minecraft.world.level.levelgen.carver.CaveWorldCarver
[2470|t+12525ms|ThreadId(2)] [class_dump] ewu → net.minecraft.world.level.levelgen.carver.ConfiguredWorldCarver
[2471|t+12525ms|ThreadId(2)] [class_dump] ewv → net.minecraft.world.level.levelgen.carver.NetherWorldCarver
[2472|t+12525ms|ThreadId(2)] [class_dump] eww → net.minecraft.world.level.levelgen.carver.WorldCarver
[2473|t+12526ms|ThreadId(2)] [class_dump] ewy → net.minecraft.world.level.levelgen.feature.AbstractHugeMushroomFeature
[2474|t+12526ms|ThreadId(2)] [class_dump] ewz → net.minecraft.world.level.levelgen.feature.BambooFeature
[2475|t+12526ms|ThreadId(2)] [class_dump] ex → net.minecraft.commands.arguments.NbtPathArgument
[2476|t+12527ms|ThreadId(2)] [class_dump] exa → net.minecraft.world.level.levelgen.feature.BasaltColumnsFeature
[2477|t+12527ms|ThreadId(2)] [class_dump] exb → net.minecraft.world.level.levelgen.feature.BasaltPillarFeature
[2478|t+12527ms|ThreadId(2)] [class_dump] exc → net.minecraft.world.level.levelgen.feature.BlockBlobFeature
[2479|t+12528ms|ThreadId(2)] [class_dump] exd → net.minecraft.world.level.levelgen.feature.BlockColumnFeature
[2480|t+12528ms|ThreadId(2)] [class_dump] exe → net.minecraft.world.level.levelgen.feature.BlockPileFeature
[2481|t+12528ms|ThreadId(2)] [class_dump] exf → net.minecraft.world.level.levelgen.feature.BlueIceFeature
[2482|t+12529ms|ThreadId(2)] [class_dump] exg → net.minecraft.world.level.levelgen.feature.BonusChestFeature
[2483|t+12529ms|ThreadId(2)] [class_dump] exh → net.minecraft.world.level.levelgen.feature.ChorusPlantFeature
[2484|t+12529ms|ThreadId(2)] [class_dump] exi → net.minecraft.world.level.levelgen.feature.ConfiguredFeature
[2485|t+12530ms|ThreadId(2)] [class_dump] exj → net.minecraft.world.level.levelgen.feature.CoralClawFeature
[2486|t+12530ms|ThreadId(2)] [class_dump] exk → net.minecraft.world.level.levelgen.feature.CoralFeature
[2487|t+12530ms|ThreadId(2)] [class_dump] exl → net.minecraft.world.level.levelgen.feature.CoralMushroomFeature
[2488|t+12530ms|ThreadId(2)] [class_dump] exm → net.minecraft.world.level.levelgen.feature.CoralTreeFeature
[2489|t+12531ms|ThreadId(2)] [class_dump] exn → net.minecraft.world.level.levelgen.feature.DeltaFeature
[2490|t+12531ms|ThreadId(2)] [class_dump] exo → net.minecraft.world.level.levelgen.feature.DesertWellFeature
[2491|t+12531ms|ThreadId(2)] [class_dump] exp → net.minecraft.world.level.levelgen.feature.DiskFeature
[2492|t+12532ms|ThreadId(2)] [class_dump] exq → net.minecraft.world.level.levelgen.feature.DripstoneClusterFeature
[2493|t+12532ms|ThreadId(2)] [class_dump] exs → net.minecraft.world.level.levelgen.feature.EndGatewayFeature
[2494|t+12532ms|ThreadId(2)] [class_dump] ext → net.minecraft.world.level.levelgen.feature.EndIslandFeature
[2495|t+12533ms|ThreadId(2)] [class_dump] exu → net.minecraft.world.level.levelgen.feature.EndPlatformFeature
[2496|t+12533ms|ThreadId(2)] [class_dump] exw → net.minecraft.world.level.levelgen.feature.FallenTreeFeature
[2497|t+12533ms|ThreadId(2)] [class_dump] exx → net.minecraft.world.level.levelgen.feature.Feature
[2498|t+12539ms|ThreadId(2)] [class_dump] ey → net.minecraft.commands.arguments.NbtTagArgument
[2499|t+12539ms|ThreadId(2)] [class_dump] eya → net.minecraft.world.level.levelgen.feature.FillLayerFeature
[2500|t+12539ms|ThreadId(2)] [class_dump] eyb → net.minecraft.world.level.levelgen.feature.FossilFeature
[2501|t+12540ms|ThreadId(2)] [class_dump] eyc → net.minecraft.world.level.levelgen.feature.FossilFeatureConfiguration
[2502|t+12540ms|ThreadId(2)] [class_dump] eyd → net.minecraft.world.level.levelgen.feature.GeodeFeature
[2503|t+12540ms|ThreadId(2)] [class_dump] eye → net.minecraft.world.level.levelgen.feature.GlowstoneFeature
[2504|t+12540ms|ThreadId(2)] [class_dump] eyf → net.minecraft.world.level.levelgen.feature.HugeBrownMushroomFeature
[2505|t+12541ms|ThreadId(2)] [class_dump] eyg → net.minecraft.world.level.levelgen.feature.HugeFungusConfiguration
[2506|t+12541ms|ThreadId(2)] [class_dump] eyh → net.minecraft.world.level.levelgen.feature.HugeFungusFeature
[2507|t+12541ms|ThreadId(2)] [class_dump] eyi → net.minecraft.world.level.levelgen.feature.HugeRedMushroomFeature
[2508|t+12542ms|ThreadId(2)] [class_dump] eyj → net.minecraft.world.level.levelgen.feature.IceSpikeFeature
[2509|t+12542ms|ThreadId(2)] [class_dump] eyk → net.minecraft.world.level.levelgen.feature.IcebergFeature
[2510|t+12542ms|ThreadId(2)] [class_dump] eyl → net.minecraft.world.level.levelgen.feature.KelpFeature
[2511|t+12542ms|ThreadId(2)] [class_dump] eym → net.minecraft.world.level.levelgen.feature.LakeFeature
[2512|t+12543ms|ThreadId(2)] [class_dump] eyn → net.minecraft.world.level.levelgen.feature.LargeDripstoneFeature
[2513|t+12543ms|ThreadId(2)] [class_dump] eyo → net.minecraft.world.level.levelgen.feature.MonsterRoomFeature
[2514|t+12543ms|ThreadId(2)] [class_dump] eyp → net.minecraft.world.level.levelgen.feature.MultifaceGrowthFeature
[2515|t+12544ms|ThreadId(2)] [class_dump] eyq → net.minecraft.world.level.levelgen.feature.NetherForestVegetationFeature
[2516|t+12544ms|ThreadId(2)] [class_dump] eyr → net.minecraft.world.level.levelgen.feature.NoOpFeature
[2517|t+12544ms|ThreadId(2)] [class_dump] eys → net.minecraft.world.level.levelgen.feature.OreFeature
[2518|t+12545ms|ThreadId(2)] [class_dump] eyt → net.minecraft.world.level.levelgen.feature.PointedDripstoneFeature
[2519|t+12545ms|ThreadId(2)] [class_dump] eyu → net.minecraft.world.level.levelgen.feature.RandomBooleanSelectorFeature
[2520|t+12545ms|ThreadId(2)] [class_dump] eyv → net.minecraft.world.level.levelgen.feature.RandomPatchFeature
[2521|t+12545ms|ThreadId(2)] [class_dump] eyw → net.minecraft.world.level.levelgen.feature.RandomSelectorFeature
[2522|t+12546ms|ThreadId(2)] [class_dump] eyx → net.minecraft.world.level.levelgen.feature.ReplaceBlobsFeature
[2523|t+12546ms|ThreadId(2)] [class_dump] eyy → net.minecraft.world.level.levelgen.feature.ReplaceBlockFeature
[2524|t+12546ms|ThreadId(2)] [class_dump] eyz → net.minecraft.world.level.levelgen.feature.RootSystemFeature
[2525|t+12547ms|ThreadId(2)] [class_dump] ez → net.minecraft.commands.arguments.ObjectiveArgument
[2526|t+12547ms|ThreadId(2)] [class_dump] eza → net.minecraft.world.level.levelgen.feature.ScatteredOreFeature
[2527|t+12547ms|ThreadId(2)] [class_dump] ezb → net.minecraft.world.level.levelgen.feature.SculkPatchFeature
[2528|t+12547ms|ThreadId(2)] [class_dump] ezc → net.minecraft.world.level.levelgen.feature.SeaPickleFeature
[2529|t+12548ms|ThreadId(2)] [class_dump] ezd → net.minecraft.world.level.levelgen.feature.SeagrassFeature
[2530|t+12548ms|ThreadId(2)] [class_dump] eze → net.minecraft.world.level.levelgen.feature.SimpleBlockFeature
[2531|t+12549ms|ThreadId(2)] [class_dump] ezf → net.minecraft.world.level.levelgen.feature.SimpleRandomSelectorFeature
[2532|t+12549ms|ThreadId(2)] [class_dump] ezg → net.minecraft.world.level.levelgen.feature.SnowAndFreezeFeature
[2533|t+12549ms|ThreadId(2)] [class_dump] ezh → net.minecraft.world.level.levelgen.feature.SpikeFeature
[2534|t+12550ms|ThreadId(2)] [class_dump] ezi → net.minecraft.world.level.levelgen.feature.SpringFeature
[2535|t+12550ms|ThreadId(2)] [class_dump] ezj → net.minecraft.world.level.levelgen.feature.TreeFeature
[2536|t+12550ms|ThreadId(2)] [class_dump] ezk → net.minecraft.world.level.levelgen.feature.TwistingVinesFeature
[2537|t+12550ms|ThreadId(2)] [class_dump] ezl → net.minecraft.world.level.levelgen.feature.UnderwaterMagmaFeature
[2538|t+12551ms|ThreadId(2)] [class_dump] ezm → net.minecraft.world.level.levelgen.feature.VegetationPatchFeature
[2539|t+12551ms|ThreadId(2)] [class_dump] ezn → net.minecraft.world.level.levelgen.feature.VinesFeature
[2540|t+12551ms|ThreadId(2)] [class_dump] ezo → net.minecraft.world.level.levelgen.feature.VoidStartPlatformFeature
[2541|t+12552ms|ThreadId(2)] [class_dump] ezp → net.minecraft.world.level.levelgen.feature.WaterloggedVegetationPatchFeature
[2542|t+12552ms|ThreadId(2)] [class_dump] ezq → net.minecraft.world.level.levelgen.feature.WeepingVinesFeature
[2543|t+12552ms|ThreadId(2)] [class_dump] ezr → net.minecraft.world.level.levelgen.feature.WeightedPlacedFeature
[2544|t+12553ms|ThreadId(2)] [class_dump] ezs → net.minecraft.world.level.levelgen.feature.configurations.BlockColumnConfiguration
[2545|t+12553ms|ThreadId(2)] [class_dump] ezt → net.minecraft.world.level.levelgen.feature.configurations.BlockPileConfiguration
[2546|t+12553ms|ThreadId(2)] [class_dump] ezu → net.minecraft.world.level.levelgen.feature.configurations.BlockStateConfiguration
[2547|t+12553ms|ThreadId(2)] [class_dump] ezv → net.minecraft.world.level.levelgen.feature.configurations.ColumnFeatureConfiguration
[2548|t+12554ms|ThreadId(2)] [class_dump] ezw → net.minecraft.world.level.levelgen.feature.configurations.CountConfiguration
[2549|t+12554ms|ThreadId(2)] [class_dump] ezx → net.minecraft.world.level.levelgen.feature.configurations.DeltaFeatureConfiguration
[2550|t+12554ms|ThreadId(2)] [class_dump] ezy → net.minecraft.world.level.levelgen.feature.configurations.DiskConfiguration
[2551|t+12555ms|ThreadId(2)] [class_dump] ezz → net.minecraft.world.level.levelgen.feature.configurations.DripstoneClusterConfiguration
[2552|t+12555ms|ThreadId(2)] [class_dump] f → com.mojang.math.OctahedralGroup
[2553|t+12555ms|ThreadId(2)] [class_dump] fa → net.minecraft.commands.arguments.ObjectiveCriteriaArgument
[2554|t+12556ms|ThreadId(2)] [class_dump] faa → net.minecraft.world.level.levelgen.feature.configurations.EndGatewayConfiguration
[2555|t+12556ms|ThreadId(2)] [class_dump] fab → net.minecraft.world.level.levelgen.feature.configurations.FallenTreeConfiguration
[2556|t+12556ms|ThreadId(2)] [class_dump] fac → net.minecraft.world.level.levelgen.feature.configurations.FeatureConfiguration
[2557|t+12557ms|ThreadId(2)] [class_dump] fad → net.minecraft.world.level.levelgen.feature.configurations.GeodeConfiguration
[2558|t+12557ms|ThreadId(2)] [class_dump] fae → net.minecraft.world.level.levelgen.feature.configurations.HugeMushroomFeatureConfiguration
[2559|t+12557ms|ThreadId(2)] [class_dump] faf → net.minecraft.world.level.levelgen.feature.configurations.LargeDripstoneConfiguration
[2560|t+12558ms|ThreadId(2)] [class_dump] fag → net.minecraft.world.level.levelgen.feature.configurations.LayerConfiguration
[2561|t+12558ms|ThreadId(2)] [class_dump] fah → net.minecraft.world.level.levelgen.feature.configurations.MultifaceGrowthConfiguration
[2562|t+12558ms|ThreadId(2)] [class_dump] fai → net.minecraft.world.level.levelgen.feature.configurations.NetherForestVegetationConfig
[2563|t+12558ms|ThreadId(2)] [class_dump] faj → net.minecraft.world.level.levelgen.feature.configurations.NoneFeatureConfiguration
[2564|t+12559ms|ThreadId(2)] [class_dump] fak → net.minecraft.world.level.levelgen.feature.configurations.OreConfiguration
[2565|t+12559ms|ThreadId(2)] [class_dump] fal → net.minecraft.world.level.levelgen.feature.configurations.PointedDripstoneConfiguration
[2566|t+12559ms|ThreadId(2)] [class_dump] fam → net.minecraft.world.level.levelgen.feature.configurations.ProbabilityFeatureConfiguration
[2567|t+12559ms|ThreadId(2)] [class_dump] fan → net.minecraft.world.level.levelgen.feature.configurations.RandomBooleanFeatureConfiguration
[2568|t+12560ms|ThreadId(2)] [class_dump] fao → net.minecraft.world.level.levelgen.feature.configurations.RandomFeatureConfiguration
[2569|t+12560ms|ThreadId(2)] [class_dump] fap → net.minecraft.world.level.levelgen.feature.configurations.RandomPatchConfiguration
[2570|t+12560ms|ThreadId(2)] [class_dump] faq → net.minecraft.world.level.levelgen.feature.configurations.ReplaceBlockConfiguration
[2571|t+12560ms|ThreadId(2)] [class_dump] far → net.minecraft.world.level.levelgen.feature.configurations.ReplaceSphereConfiguration
[2572|t+12561ms|ThreadId(2)] [class_dump] fas → net.minecraft.world.level.levelgen.feature.configurations.RootSystemConfiguration
[2573|t+12561ms|ThreadId(2)] [class_dump] fat → net.minecraft.world.level.levelgen.feature.configurations.SculkPatchConfiguration
[2574|t+12561ms|ThreadId(2)] [class_dump] fau → net.minecraft.world.level.levelgen.feature.configurations.SimpleBlockConfiguration
[2575|t+12561ms|ThreadId(2)] [class_dump] fav → net.minecraft.world.level.levelgen.feature.configurations.SimpleRandomFeatureConfiguration
[2576|t+12561ms|ThreadId(2)] [class_dump] faw → net.minecraft.world.level.levelgen.feature.configurations.SpikeConfiguration
[2577|t+12562ms|ThreadId(2)] [class_dump] fax → net.minecraft.world.level.levelgen.feature.configurations.SpringConfiguration
[2578|t+12562ms|ThreadId(2)] [class_dump] fay → net.minecraft.world.level.levelgen.feature.configurations.TreeConfiguration
[2579|t+12562ms|ThreadId(2)] [class_dump] faz → net.minecraft.world.level.levelgen.feature.configurations.TwistingVinesConfig
[2580|t+12563ms|ThreadId(2)] [class_dump] fb → net.minecraft.commands.arguments.OperationArgument
[2581|t+12563ms|ThreadId(2)] [class_dump] fba → net.minecraft.world.level.levelgen.feature.configurations.UnderwaterMagmaConfiguration
[2582|t+12563ms|ThreadId(2)] [class_dump] fbb → net.minecraft.world.level.levelgen.feature.configurations.VegetationPatchConfiguration
[2583|t+12563ms|ThreadId(2)] [class_dump] fbd → net.minecraft.world.level.levelgen.feature.featuresize.FeatureSize
[2584|t+12564ms|ThreadId(2)] [class_dump] fbe → net.minecraft.world.level.levelgen.feature.featuresize.FeatureSizeType
[2585|t+12564ms|ThreadId(2)] [class_dump] fbf → net.minecraft.world.level.levelgen.feature.featuresize.ThreeLayersFeatureSize
[2586|t+12564ms|ThreadId(2)] [class_dump] fbg → net.minecraft.world.level.levelgen.feature.featuresize.TwoLayersFeatureSize
[2587|t+12564ms|ThreadId(2)] [class_dump] fbi → net.minecraft.world.level.levelgen.feature.foliageplacers.AcaciaFoliagePlacer
[2588|t+12565ms|ThreadId(2)] [class_dump] fbj → net.minecraft.world.level.levelgen.feature.foliageplacers.BlobFoliagePlacer
[2589|t+12565ms|ThreadId(2)] [class_dump] fbk → net.minecraft.world.level.levelgen.feature.foliageplacers.BushFoliagePlacer
[2590|t+12565ms|ThreadId(2)] [class_dump] fbl → net.minecraft.world.level.levelgen.feature.foliageplacers.CherryFoliagePlacer
[2591|t+12566ms|ThreadId(2)] [class_dump] fbm → net.minecraft.world.level.levelgen.feature.foliageplacers.DarkOakFoliagePlacer
[2592|t+12566ms|ThreadId(2)] [class_dump] fbn → net.minecraft.world.level.levelgen.feature.foliageplacers.FancyFoliagePlacer
[2593|t+12566ms|ThreadId(2)] [class_dump] fbo → net.minecraft.world.level.levelgen.feature.foliageplacers.FoliagePlacer
[2594|t+12567ms|ThreadId(2)] [class_dump] fbp → net.minecraft.world.level.levelgen.feature.foliageplacers.FoliagePlacerType
[2595|t+12567ms|ThreadId(2)] [class_dump] fbq → net.minecraft.world.level.levelgen.feature.foliageplacers.MegaJungleFoliagePlacer
[2596|t+12567ms|ThreadId(2)] [class_dump] fbr → net.minecraft.world.level.levelgen.feature.foliageplacers.MegaPineFoliagePlacer
[2597|t+12568ms|ThreadId(2)] [class_dump] fbs → net.minecraft.world.level.levelgen.feature.foliageplacers.PineFoliagePlacer
[2598|t+12568ms|ThreadId(2)] [class_dump] fbt → net.minecraft.world.level.levelgen.feature.foliageplacers.RandomSpreadFoliagePlacer
[2599|t+12568ms|ThreadId(2)] [class_dump] fbu → net.minecraft.world.level.levelgen.feature.foliageplacers.SpruceFoliagePlacer
[2600|t+12569ms|ThreadId(2)] [class_dump] fbx → net.minecraft.world.level.levelgen.feature.rootplacers.AboveRootPlacement
[2601|t+12569ms|ThreadId(2)] [class_dump] fby → net.minecraft.world.level.levelgen.feature.rootplacers.MangroveRootPlacement
[2602|t+12569ms|ThreadId(2)] [class_dump] fbz → net.minecraft.world.level.levelgen.feature.rootplacers.MangroveRootPlacer
[2603|t+12569ms|ThreadId(2)] [class_dump] fc → net.minecraft.commands.arguments.ParticleArgument
[2604|t+12570ms|ThreadId(2)] [class_dump] fca → net.minecraft.world.level.levelgen.feature.rootplacers.RootPlacer
[2605|t+12570ms|ThreadId(2)] [class_dump] fcb → net.minecraft.world.level.levelgen.feature.rootplacers.RootPlacerType
[2606|t+12570ms|ThreadId(2)] [class_dump] fcd → net.minecraft.world.level.levelgen.feature.stateproviders.BlockStateProvider
[2607|t+12570ms|ThreadId(2)] [class_dump] fce → net.minecraft.world.level.levelgen.feature.stateproviders.BlockStateProviderType
[2608|t+12571ms|ThreadId(2)] [class_dump] fcf → net.minecraft.world.level.levelgen.feature.stateproviders.DualNoiseProvider
[2609|t+12571ms|ThreadId(2)] [class_dump] fcg → net.minecraft.world.level.levelgen.feature.stateproviders.NoiseBasedStateProvider
[2610|t+12571ms|ThreadId(2)] [class_dump] fch → net.minecraft.world.level.levelgen.feature.stateproviders.NoiseProvider
[2611|t+12572ms|ThreadId(2)] [class_dump] fci → net.minecraft.world.level.levelgen.feature.stateproviders.NoiseThresholdProvider
[2612|t+12572ms|ThreadId(2)] [class_dump] fcj → net.minecraft.world.level.levelgen.feature.stateproviders.RandomizedIntStateProvider
[2613|t+12572ms|ThreadId(2)] [class_dump] fck → net.minecraft.world.level.levelgen.feature.stateproviders.RotatedBlockProvider
[2614|t+12572ms|ThreadId(2)] [class_dump] fcl → net.minecraft.world.level.levelgen.feature.stateproviders.RuleBasedBlockStateProvider
[2615|t+12573ms|ThreadId(2)] [class_dump] fcm → net.minecraft.world.level.levelgen.feature.stateproviders.SimpleStateProvider
[2616|t+12573ms|ThreadId(2)] [class_dump] fcn → net.minecraft.world.level.levelgen.feature.stateproviders.WeightedStateProvider
[2617|t+12573ms|ThreadId(2)] [class_dump] fcp → net.minecraft.world.level.levelgen.feature.treedecorators.AlterGroundDecorator
[2618|t+12574ms|ThreadId(2)] [class_dump] fcq → net.minecraft.world.level.levelgen.feature.treedecorators.AttachedToLeavesDecorator
[2619|t+12574ms|ThreadId(2)] [class_dump] fcr → net.minecraft.world.level.levelgen.feature.treedecorators.AttachedToLogsDecorator
[2620|t+12574ms|ThreadId(2)] [class_dump] fcs → net.minecraft.world.level.levelgen.feature.treedecorators.BeehiveDecorator
[2621|t+12574ms|ThreadId(2)] [class_dump] fct → net.minecraft.world.level.levelgen.feature.treedecorators.CocoaDecorator
[2622|t+12575ms|ThreadId(2)] [class_dump] fcu → net.minecraft.world.level.levelgen.feature.treedecorators.CreakingHeartDecorator
[2623|t+12575ms|ThreadId(2)] [class_dump] fcv → net.minecraft.world.level.levelgen.feature.treedecorators.LeaveVineDecorator
[2624|t+12575ms|ThreadId(2)] [class_dump] fcw → net.minecraft.world.level.levelgen.feature.treedecorators.PaleMossDecorator
[2625|t+12575ms|ThreadId(2)] [class_dump] fcx → net.minecraft.world.level.levelgen.feature.treedecorators.PlaceOnGroundDecorator
[2626|t+12576ms|ThreadId(2)] [class_dump] fcy → net.minecraft.world.level.levelgen.feature.treedecorators.TreeDecorator
[2627|t+12576ms|ThreadId(2)] [class_dump] fcz → net.minecraft.world.level.levelgen.feature.treedecorators.TreeDecoratorType
[2628|t+12576ms|ThreadId(2)] [class_dump] fd → net.minecraft.commands.arguments.RangeArgument
[2629|t+12577ms|ThreadId(2)] [class_dump] fda → net.minecraft.world.level.levelgen.feature.treedecorators.TrunkVineDecorator
[2630|t+12577ms|ThreadId(2)] [class_dump] fdc → net.minecraft.world.level.levelgen.feature.trunkplacers.BendingTrunkPlacer
[2631|t+12577ms|ThreadId(2)] [class_dump] fdd → net.minecraft.world.level.levelgen.feature.trunkplacers.CherryTrunkPlacer
[2632|t+12577ms|ThreadId(2)] [class_dump] fde → net.minecraft.world.level.levelgen.feature.trunkplacers.DarkOakTrunkPlacer
[2633|t+12578ms|ThreadId(2)] [class_dump] fdf → net.minecraft.world.level.levelgen.feature.trunkplacers.FancyTrunkPlacer
[2634|t+12578ms|ThreadId(2)] [class_dump] fdg → net.minecraft.world.level.levelgen.feature.trunkplacers.ForkingTrunkPlacer
[2635|t+12578ms|ThreadId(2)] [class_dump] fdh → net.minecraft.world.level.levelgen.feature.trunkplacers.GiantTrunkPlacer
[2636|t+12579ms|ThreadId(2)] [class_dump] fdi → net.minecraft.world.level.levelgen.feature.trunkplacers.MegaJungleTrunkPlacer
[2637|t+12579ms|ThreadId(2)] [class_dump] fdj → net.minecraft.world.level.levelgen.feature.trunkplacers.StraightTrunkPlacer
[2638|t+12579ms|ThreadId(2)] [class_dump] fdk → net.minecraft.world.level.levelgen.feature.trunkplacers.TrunkPlacer
[2639|t+12580ms|ThreadId(2)] [class_dump] fdl → net.minecraft.world.level.levelgen.feature.trunkplacers.TrunkPlacerType
[2640|t+12580ms|ThreadId(2)] [class_dump] fdm → net.minecraft.world.level.levelgen.feature.trunkplacers.UpwardsBranchingTrunkPlacer
[2641|t+12580ms|ThreadId(2)] [class_dump] fdo → net.minecraft.world.level.levelgen.flat.FlatLayerInfo
[2642|t+12581ms|ThreadId(2)] [class_dump] fdr → net.minecraft.world.level.levelgen.flat.FlatLevelGeneratorSettings
[2643|t+12581ms|ThreadId(2)] [class_dump] fdt → net.minecraft.world.level.levelgen.heightproviders.BiasedToBottomHeight
[2644|t+12581ms|ThreadId(2)] [class_dump] fdu → net.minecraft.world.level.levelgen.heightproviders.ConstantHeight
[2645|t+12581ms|ThreadId(2)] [class_dump] fdv → net.minecraft.world.level.levelgen.heightproviders.HeightProvider
[2646|t+12582ms|ThreadId(2)] [class_dump] fdw → net.minecraft.world.level.levelgen.heightproviders.HeightProviderType
[2647|t+12582ms|ThreadId(2)] [class_dump] fdx → net.minecraft.world.level.levelgen.heightproviders.TrapezoidHeight
[2648|t+12582ms|ThreadId(2)] [class_dump] fdy → net.minecraft.world.level.levelgen.heightproviders.UniformHeight
[2649|t+12583ms|ThreadId(2)] [class_dump] fdz → net.minecraft.world.level.levelgen.heightproviders.VeryBiasedToBottomHeight
[2650|t+12583ms|ThreadId(2)] [class_dump] fe → net.minecraft.commands.arguments.ResourceArgument
[2651|t+12583ms|ThreadId(2)] [class_dump] fea → net.minecraft.world.level.levelgen.heightproviders.WeightedListHeight
[2652|t+12584ms|ThreadId(2)] [class_dump] feg → net.minecraft.world.level.levelgen.placement.BiomeFilter
[2653|t+12584ms|ThreadId(2)] [class_dump] feh → net.minecraft.world.level.levelgen.placement.BlockPredicateFilter
[2654|t+12584ms|ThreadId(2)] [class_dump] fei → net.minecraft.world.level.levelgen.placement.CaveSurface
[2655|t+12584ms|ThreadId(2)] [class_dump] fej → net.minecraft.world.level.levelgen.placement.CountOnEveryLayerPlacement
[2656|t+12585ms|ThreadId(2)] [class_dump] fek → net.minecraft.world.level.levelgen.placement.CountPlacement
[2657|t+12585ms|ThreadId(2)] [class_dump] fel → net.minecraft.world.level.levelgen.placement.EnvironmentScanPlacement
[2658|t+12585ms|ThreadId(2)] [class_dump] fem → net.minecraft.world.level.levelgen.placement.FixedPlacement
[2659|t+12586ms|ThreadId(2)] [class_dump] fen → net.minecraft.world.level.levelgen.placement.HeightRangePlacement
[2660|t+12586ms|ThreadId(2)] [class_dump] feo → net.minecraft.world.level.levelgen.placement.HeightmapPlacement
[2661|t+12586ms|ThreadId(2)] [class_dump] fep → net.minecraft.world.level.levelgen.placement.InSquarePlacement
[2662|t+12587ms|ThreadId(2)] [class_dump] feq → net.minecraft.world.level.levelgen.placement.NoiseBasedCountPlacement
[2663|t+12587ms|ThreadId(2)] [class_dump] fer → net.minecraft.world.level.levelgen.placement.NoiseThresholdCountPlacement
[2664|t+12587ms|ThreadId(2)] [class_dump] fes → net.minecraft.world.level.levelgen.placement.PlacedFeature
[2665|t+12588ms|ThreadId(2)] [class_dump] fet → net.minecraft.world.level.levelgen.placement.PlacementContext
[2666|t+12588ms|ThreadId(2)] [class_dump] feu → net.minecraft.world.level.levelgen.placement.PlacementFilter
[2667|t+12588ms|ThreadId(2)] [class_dump] fev → net.minecraft.world.level.levelgen.placement.PlacementModifier
[2668|t+12589ms|ThreadId(2)] [class_dump] few → net.minecraft.world.level.levelgen.placement.PlacementModifierType
[2669|t+12589ms|ThreadId(2)] [class_dump] fex → net.minecraft.world.level.levelgen.placement.RandomOffsetPlacement
[2670|t+12589ms|ThreadId(2)] [class_dump] fey → net.minecraft.world.level.levelgen.placement.RarityFilter
[2671|t+12589ms|ThreadId(2)] [class_dump] fez → net.minecraft.world.level.levelgen.placement.RepeatingPlacement
[2672|t+12590ms|ThreadId(2)] [class_dump] ff → net.minecraft.commands.arguments.ResourceKeyArgument
[2673|t+12590ms|ThreadId(2)] [class_dump] ffa → net.minecraft.world.level.levelgen.placement.SurfaceRelativeThresholdFilter
[2674|t+12590ms|ThreadId(2)] [class_dump] ffb → net.minecraft.world.level.levelgen.placement.SurfaceWaterDepthFilter
[2675|t+12591ms|ThreadId(2)] [class_dump] ffg → net.minecraft.world.level.levelgen.structure.BoundingBox
[2676|t+12591ms|ThreadId(2)] [class_dump] ffk → net.minecraft.world.level.levelgen.structure.PoolElementStructurePiece
[2677|t+12591ms|ThreadId(2)] [class_dump] ffm → net.minecraft.world.level.levelgen.structure.ScatteredFeaturePiece
[2678|t+12591ms|ThreadId(2)] [class_dump] ffn → net.minecraft.world.level.levelgen.structure.SinglePieceStructure
[2679|t+12592ms|ThreadId(2)] [class_dump] ffo → net.minecraft.world.level.levelgen.structure.Structure
[2680|t+12592ms|ThreadId(2)] [class_dump] ffs → net.minecraft.world.level.levelgen.structure.StructurePiece
[2681|t+12592ms|ThreadId(2)] [class_dump] fft → net.minecraft.world.level.levelgen.structure.StructurePieceAccessor
[2682|t+12593ms|ThreadId(2)] [class_dump] ffu → net.minecraft.world.level.levelgen.structure.StructureSet
[2683|t+12593ms|ThreadId(2)] [class_dump] ffv → net.minecraft.world.level.levelgen.structure.StructureSpawnOverride
[2684|t+12593ms|ThreadId(2)] [class_dump] ffx → net.minecraft.world.level.levelgen.structure.StructureType
[2685|t+12593ms|ThreadId(2)] [class_dump] ffy → net.minecraft.world.level.levelgen.structure.TemplateStructurePiece
[2686|t+12594ms|ThreadId(2)] [class_dump] ffz → net.minecraft.world.level.levelgen.structure.TerrainAdjustment
[2687|t+12594ms|ThreadId(2)] [class_dump] fg → net.minecraft.commands.arguments.ResourceOrIdArgument
[2688|t+12594ms|ThreadId(2)] [class_dump] fge → net.minecraft.world.level.levelgen.structure.pieces.StructurePieceSerializationContext
[2689|t+12595ms|ThreadId(2)] [class_dump] fgf → net.minecraft.world.level.levelgen.structure.pieces.StructurePieceType
[2690|t+12595ms|ThreadId(2)] [class_dump] fgi → net.minecraft.world.level.levelgen.structure.placement.ConcentricRingsStructurePlacement
[2691|t+12595ms|ThreadId(2)] [class_dump] fgj → net.minecraft.world.level.levelgen.structure.placement.RandomSpreadStructurePlacement
[2692|t+12596ms|ThreadId(2)] [class_dump] fgk → net.minecraft.world.level.levelgen.structure.placement.RandomSpreadType
[2693|t+12596ms|ThreadId(2)] [class_dump] fgl → net.minecraft.world.level.levelgen.structure.placement.StructurePlacement
[2694|t+12596ms|ThreadId(2)] [class_dump] fgm → net.minecraft.world.level.levelgen.structure.placement.StructurePlacementType
[2695|t+12596ms|ThreadId(2)] [class_dump] fgo → net.minecraft.world.level.levelgen.structure.pools.DimensionPadding
[2696|t+12597ms|ThreadId(2)] [class_dump] fgp → net.minecraft.world.level.levelgen.structure.pools.EmptyPoolElement
[2697|t+12597ms|ThreadId(2)] [class_dump] fgq → net.minecraft.world.level.levelgen.structure.pools.FeaturePoolElement
[2698|t+12597ms|ThreadId(2)] [class_dump] fgt → net.minecraft.world.level.levelgen.structure.pools.LegacySinglePoolElement
[2699|t+12598ms|ThreadId(2)] [class_dump] fgu → net.minecraft.world.level.levelgen.structure.pools.ListPoolElement
[2700|t+12598ms|ThreadId(2)] [class_dump] fgv → net.minecraft.world.level.levelgen.structure.pools.SinglePoolElement
[2701|t+12598ms|ThreadId(2)] [class_dump] fgw → net.minecraft.world.level.levelgen.structure.pools.StructurePoolElement
[2702|t+12598ms|ThreadId(2)] [class_dump] fgx → net.minecraft.world.level.levelgen.structure.pools.StructurePoolElementType
[2703|t+12599ms|ThreadId(2)] [class_dump] fgy → net.minecraft.world.level.levelgen.structure.pools.StructureTemplatePool
[2704|t+12599ms|ThreadId(2)] [class_dump] fgz → net.minecraft.world.level.levelgen.structure.pools.alias.DirectPoolAlias
[2705|t+12599ms|ThreadId(2)] [class_dump] fh → net.minecraft.commands.arguments.ResourceOrTagArgument
[2706|t+12600ms|ThreadId(2)] [class_dump] fha → net.minecraft.world.level.levelgen.structure.pools.alias.PoolAliasBinding
[2707|t+12600ms|ThreadId(2)] [class_dump] fhb → net.minecraft.world.level.levelgen.structure.pools.alias.PoolAliasBindings
[2708|t+12600ms|ThreadId(2)] [class_dump] fhd → net.minecraft.world.level.levelgen.structure.pools.alias.RandomGroupPoolAlias
[2709|t+12600ms|ThreadId(2)] [class_dump] fhe → net.minecraft.world.level.levelgen.structure.pools.alias.RandomPoolAlias
[2710|t+12601ms|ThreadId(2)] [class_dump] fhi → net.minecraft.world.level.levelgen.structure.structures.BuriedTreasureStructure
[2711|t+12601ms|ThreadId(2)] [class_dump] fhj → net.minecraft.world.level.levelgen.structure.structures.DesertPyramidPiece
[2712|t+12601ms|ThreadId(2)] [class_dump] fhk → net.minecraft.world.level.levelgen.structure.structures.DesertPyramidStructure
[2713|t+12602ms|ThreadId(2)] [class_dump] fhm → net.minecraft.world.level.levelgen.structure.structures.EndCityStructure
[2714|t+12602ms|ThreadId(2)] [class_dump] fho → net.minecraft.world.level.levelgen.structure.structures.IglooStructure
[2715|t+12602ms|ThreadId(2)] [class_dump] fhp → net.minecraft.world.level.levelgen.structure.structures.JigsawStructure
[2716|t+12602ms|ThreadId(2)] [class_dump] fhq → net.minecraft.world.level.levelgen.structure.structures.JungleTemplePiece
[2717|t+12603ms|ThreadId(2)] [class_dump] fhr → net.minecraft.world.level.levelgen.structure.structures.JungleTempleStructure
[2718|t+12603ms|ThreadId(2)] [class_dump] fht → net.minecraft.world.level.levelgen.structure.structures.MineshaftStructure
[2719|t+12603ms|ThreadId(2)] [class_dump] fhv → net.minecraft.world.level.levelgen.structure.structures.NetherFortressStructure
[2720|t+12604ms|ThreadId(2)] [class_dump] fhx → net.minecraft.world.level.levelgen.structure.structures.NetherFossilStructure
[2721|t+12604ms|ThreadId(2)] [class_dump] fhz → net.minecraft.world.level.levelgen.structure.structures.OceanMonumentStructure
[2722|t+12604ms|ThreadId(2)] [class_dump] fi → net.minecraft.commands.arguments.ResourceOrTagKeyArgument
[2723|t+12604ms|ThreadId(2)] [class_dump] fib → net.minecraft.world.level.levelgen.structure.structures.OceanRuinStructure
[2724|t+12605ms|ThreadId(2)] [class_dump] fic → net.minecraft.world.level.levelgen.structure.structures.RuinedPortalPiece
[2725|t+12605ms|ThreadId(2)] [class_dump] fid → net.minecraft.world.level.levelgen.structure.structures.RuinedPortalStructure
[2726|t+12605ms|ThreadId(2)] [class_dump] fif → net.minecraft.world.level.levelgen.structure.structures.ShipwreckStructure
[2727|t+12605ms|ThreadId(2)] [class_dump] fih → net.minecraft.world.level.levelgen.structure.structures.StrongholdStructure
[2728|t+12606ms|ThreadId(2)] [class_dump] fii → net.minecraft.world.level.levelgen.structure.structures.SwampHutPiece
[2729|t+12606ms|ThreadId(2)] [class_dump] fij → net.minecraft.world.level.levelgen.structure.structures.SwampHutStructure
[2730|t+12606ms|ThreadId(2)] [class_dump] fil → net.minecraft.world.level.levelgen.structure.structures.WoodlandMansionStructure
[2731|t+12607ms|ThreadId(2)] [class_dump] fin → net.minecraft.world.level.levelgen.structure.templatesystem.AlwaysTrueTest
[2732|t+12607ms|ThreadId(2)] [class_dump] fio → net.minecraft.world.level.levelgen.structure.templatesystem.AxisAlignedLinearPosTest
[2733|t+12607ms|ThreadId(2)] [class_dump] fip → net.minecraft.world.level.levelgen.structure.templatesystem.BlackstoneReplaceProcessor
[2734|t+12607ms|ThreadId(2)] [class_dump] fiq → net.minecraft.world.level.levelgen.structure.templatesystem.BlockAgeProcessor
[2735|t+12608ms|ThreadId(2)] [class_dump] fir → net.minecraft.world.level.levelgen.structure.templatesystem.BlockIgnoreProcessor
[2736|t+12608ms|ThreadId(2)] [class_dump] fis → net.minecraft.world.level.levelgen.structure.templatesystem.BlockMatchTest
[2737|t+12608ms|ThreadId(2)] [class_dump] fit → net.minecraft.world.level.levelgen.structure.templatesystem.BlockRotProcessor
[2738|t+12608ms|ThreadId(2)] [class_dump] fiu → net.minecraft.world.level.levelgen.structure.templatesystem.BlockStateMatchTest
[2739|t+12609ms|ThreadId(2)] [class_dump] fiv → net.minecraft.world.level.levelgen.structure.templatesystem.CappedProcessor
[2740|t+12609ms|ThreadId(2)] [class_dump] fiw → net.minecraft.world.level.levelgen.structure.templatesystem.GravityProcessor
[2741|t+12609ms|ThreadId(2)] [class_dump] fix → net.minecraft.world.level.levelgen.structure.templatesystem.JigsawReplacementProcessor
[2742|t+12609ms|ThreadId(2)] [class_dump] fiy → net.minecraft.world.level.levelgen.structure.templatesystem.LavaSubmergedBlockProcessor
[2743|t+12610ms|ThreadId(2)] [class_dump] fiz → net.minecraft.world.level.levelgen.structure.templatesystem.LinearPosTest
[2744|t+12610ms|ThreadId(2)] [class_dump] fj → net.minecraft.commands.arguments.ResourceSelectorArgument
[2745|t+12610ms|ThreadId(2)] [class_dump] fja → net.minecraft.world.level.levelgen.structure.templatesystem.LiquidSettings
[2746|t+12611ms|ThreadId(2)] [class_dump] fjb → net.minecraft.world.level.levelgen.structure.templatesystem.NopProcessor
[2747|t+12611ms|ThreadId(2)] [class_dump] fjc → net.minecraft.world.level.levelgen.structure.templatesystem.PosAlwaysTrueTest
[2748|t+12611ms|ThreadId(2)] [class_dump] fjd → net.minecraft.world.level.levelgen.structure.templatesystem.PosRuleTest
[2749|t+12612ms|ThreadId(2)] [class_dump] fje → net.minecraft.world.level.levelgen.structure.templatesystem.PosRuleTestType
[2750|t+12612ms|ThreadId(2)] [class_dump] fjf → net.minecraft.world.level.levelgen.structure.templatesystem.ProcessorRule
[2751|t+12612ms|ThreadId(2)] [class_dump] fjg → net.minecraft.world.level.levelgen.structure.templatesystem.ProtectedBlockProcessor
[2752|t+12613ms|ThreadId(2)] [class_dump] fjh → net.minecraft.world.level.levelgen.structure.templatesystem.RandomBlockMatchTest
[2753|t+12613ms|ThreadId(2)] [class_dump] fji → net.minecraft.world.level.levelgen.structure.templatesystem.RandomBlockStateMatchTest
[2754|t+12613ms|ThreadId(2)] [class_dump] fjj → net.minecraft.world.level.levelgen.structure.templatesystem.RuleProcessor
[2755|t+12614ms|ThreadId(2)] [class_dump] fjk → net.minecraft.world.level.levelgen.structure.templatesystem.RuleTest
[2756|t+12614ms|ThreadId(2)] [class_dump] fjl → net.minecraft.world.level.levelgen.structure.templatesystem.RuleTestType
[2757|t+12614ms|ThreadId(2)] [class_dump] fjn → net.minecraft.world.level.levelgen.structure.templatesystem.StructureProcessor
[2758|t+12615ms|ThreadId(2)] [class_dump] fjo → net.minecraft.world.level.levelgen.structure.templatesystem.StructureProcessorList
[2759|t+12615ms|ThreadId(2)] [class_dump] fjp → net.minecraft.world.level.levelgen.structure.templatesystem.StructureProcessorType
[2760|t+12615ms|ThreadId(2)] [class_dump] fjr → net.minecraft.world.level.levelgen.structure.templatesystem.StructureTemplateManager
[2761|t+12616ms|ThreadId(2)] [class_dump] fjs → net.minecraft.world.level.levelgen.structure.templatesystem.TagMatchTest
[2762|t+12616ms|ThreadId(2)] [class_dump] fju → net.minecraft.world.level.levelgen.structure.templatesystem.rule.blockentity.AppendLoot
[2763|t+12616ms|ThreadId(2)] [class_dump] fjv → net.minecraft.world.level.levelgen.structure.templatesystem.rule.blockentity.AppendStatic
[2764|t+12617ms|ThreadId(2)] [class_dump] fjw → net.minecraft.world.level.levelgen.structure.templatesystem.rule.blockentity.Clear
[2765|t+12617ms|ThreadId(2)] [class_dump] fjx → net.minecraft.world.level.levelgen.structure.templatesystem.rule.blockentity.Passthrough
[2766|t+12618ms|ThreadId(2)] [class_dump] fjy → net.minecraft.world.level.levelgen.structure.templatesystem.rule.blockentity.RuleBlockEntityModifier
[2767|t+12618ms|ThreadId(2)] [class_dump] fjz → net.minecraft.world.level.levelgen.structure.templatesystem.rule.blockentity.RuleBlockEntityModifierType
[2768|t+12618ms|ThreadId(2)] [class_dump] fk → net.minecraft.commands.arguments.ScoreHolderArgument
[2769|t+12619ms|ThreadId(2)] [class_dump] fkb → net.minecraft.world.level.levelgen.synth.BlendedNoise
[2770|t+12619ms|ThreadId(2)] [class_dump] fke → net.minecraft.world.level.levelgen.synth.NormalNoise
[2771|t+12619ms|ThreadId(2)] [class_dump] fkg → net.minecraft.world.level.levelgen.synth.PerlinSimplexNoise
[2772|t+12619ms|ThreadId(2)] [class_dump] fkh → net.minecraft.world.level.levelgen.synth.SimplexNoise
[2773|t+12620ms|ThreadId(2)] [class_dump] fkq → net.minecraft.world.level.lighting.LevelLightEngine
[2774|t+12620ms|ThreadId(2)] [class_dump] fkt → net.minecraft.world.level.lighting.LightEventListener
[2775|t+12620ms|ThreadId(2)] [class_dump] fky → net.minecraft.world.level.material.EmptyFluid
[2776|t+12621ms|ThreadId(2)] [class_dump] fkz → net.minecraft.world.level.material.FlowingFluid
[2777|t+12621ms|ThreadId(2)] [class_dump] fl → net.minecraft.commands.arguments.ScoreboardSlotArgument
[2778|t+12621ms|ThreadId(2)] [class_dump] fla → net.minecraft.world.level.material.Fluid
[2779|t+12622ms|ThreadId(2)] [class_dump] flb → net.minecraft.world.level.material.FluidState
[2780|t+12622ms|ThreadId(2)] [class_dump] flc → net.minecraft.world.level.material.Fluids
[2781|t+12622ms|ThreadId(2)] [class_dump] fle → net.minecraft.world.level.material.LavaFluid
[2782|t+12623ms|ThreadId(2)] [class_dump] flf → net.minecraft.world.level.material.MapColor
[2783|t+12623ms|ThreadId(2)] [class_dump] flg → net.minecraft.world.level.material.PushReaction
[2784|t+12623ms|ThreadId(2)] [class_dump] flh → net.minecraft.world.level.material.WaterFluid
[2785|t+12624ms|ThreadId(2)] [class_dump] flp → net.minecraft.world.level.pathfinder.Path
[2786|t+12624ms|ThreadId(2)] [class_dump] flq → net.minecraft.world.level.pathfinder.PathComputationType
[2787|t+12624ms|ThreadId(2)] [class_dump] fm → net.minecraft.commands.arguments.SignedArgument
[2788|t+12624ms|ThreadId(2)] [class_dump] fme → net.minecraft.world.level.redstone.DefaultRedstoneWireEvaluator
[2789|t+12625ms|ThreadId(2)] [class_dump] fmj → net.minecraft.world.level.redstone.Orientation
[2790|t+12625ms|ThreadId(2)] [class_dump] fml → net.minecraft.world.level.redstone.RedstoneWireEvaluator
[2791|t+12625ms|ThreadId(2)] [class_dump] fmn → net.minecraft.world.level.saveddata.SavedData
[2792|t+12626ms|ThreadId(2)] [class_dump] fmr → net.minecraft.world.level.saveddata.maps.MapDecorationType
[2793|t+12626ms|ThreadId(2)] [class_dump] fms → net.minecraft.world.level.saveddata.maps.MapDecorationTypes
[2794|t+12626ms|ThreadId(2)] [class_dump] fmu → net.minecraft.world.level.saveddata.maps.MapId
[2795|t+12627ms|ThreadId(2)] [class_dump] fmw → net.minecraft.world.level.saveddata.maps.MapItemSavedData
[2796|t+12627ms|ThreadId(2)] [class_dump] fn → net.minecraft.commands.arguments.SlotArgument
[2797|t+12627ms|ThreadId(2)] [class_dump] fna → net.minecraft.world.level.storage.DataVersion
[2798|t+12627ms|ThreadId(2)] [class_dump] fne → net.minecraft.world.level.storage.LevelData
[2799|t+12628ms|ThreadId(2)] [class_dump] fns → net.minecraft.world.level.storage.ValueOutput
[2800|t+12628ms|ThreadId(2)] [class_dump] fnu → net.minecraft.world.level.storage.WritableLevelData
[2801|t+12628ms|ThreadId(2)] [class_dump] fnw → net.minecraft.world.level.storage.loot.ContainerComponentManipulator
[2802|t+12629ms|ThreadId(2)] [class_dump] fnx → net.minecraft.world.level.storage.loot.ContainerComponentManipulators
[2803|t+12629ms|ThreadId(2)] [class_dump] fny → net.minecraft.world.level.storage.loot.IntRange
[2804|t+12629ms|ThreadId(2)] [class_dump] fnz → net.minecraft.world.level.storage.loot.LootContext
[2805|t+12629ms|ThreadId(2)] [class_dump] fo → net.minecraft.commands.arguments.SlotsArgument
[2806|t+12630ms|ThreadId(2)] [class_dump] foa → net.minecraft.world.level.storage.loot.LootContextArg
[2807|t+12630ms|ThreadId(2)] [class_dump] fob → net.minecraft.world.level.storage.loot.LootContextUser
[2808|t+12630ms|ThreadId(2)] [class_dump] fof → net.minecraft.world.level.storage.loot.LootTable
[2809|t+12631ms|ThreadId(2)] [class_dump] foh → net.minecraft.world.level.storage.loot.entries.AlternativesEntry
[2810|t+12631ms|ThreadId(2)] [class_dump] foi → net.minecraft.world.level.storage.loot.entries.ComposableEntryContainer
[2811|t+12631ms|ThreadId(2)] [class_dump] foj → net.minecraft.world.level.storage.loot.entries.CompositeEntryBase
[2812|t+12631ms|ThreadId(2)] [class_dump] fok → net.minecraft.world.level.storage.loot.entries.DynamicLoot
[2813|t+12632ms|ThreadId(2)] [class_dump] fol → net.minecraft.world.level.storage.loot.entries.EmptyLootItem
[2814|t+12632ms|ThreadId(2)] [class_dump] fom → net.minecraft.world.level.storage.loot.entries.EntryGroup
[2815|t+12632ms|ThreadId(2)] [class_dump] fon → net.minecraft.world.level.storage.loot.entries.LootItem
[2816|t+12632ms|ThreadId(2)] [class_dump] foo → net.minecraft.world.level.storage.loot.entries.LootPoolEntries
[2817|t+12633ms|ThreadId(2)] [class_dump] fop → net.minecraft.world.level.storage.loot.entries.LootPoolEntry
[2818|t+12633ms|ThreadId(2)] [class_dump] foq → net.minecraft.world.level.storage.loot.entries.LootPoolEntryContainer
[2819|t+12633ms|ThreadId(2)] [class_dump] fos → net.minecraft.world.level.storage.loot.entries.LootPoolEntryType
[2820|t+12634ms|ThreadId(2)] [class_dump] fot → net.minecraft.world.level.storage.loot.entries.LootPoolSingletonContainer
[2821|t+12634ms|ThreadId(2)] [class_dump] fou → net.minecraft.world.level.storage.loot.entries.NestedLootTable
[2822|t+12634ms|ThreadId(2)] [class_dump] fov → net.minecraft.world.level.storage.loot.entries.SequentialEntry
[2823|t+12634ms|ThreadId(2)] [class_dump] fow → net.minecraft.world.level.storage.loot.entries.SlotLoot
[2824|t+12635ms|ThreadId(2)] [class_dump] fox → net.minecraft.world.level.storage.loot.entries.TagEntry
[2825|t+12635ms|ThreadId(2)] [class_dump] foz → net.minecraft.world.level.storage.loot.functions.ApplyBonusCount
[2826|t+12635ms|ThreadId(2)] [class_dump] fp → net.minecraft.commands.arguments.StringRepresentableArgument
[2827|t+12636ms|ThreadId(2)] [class_dump] fpa → net.minecraft.world.level.storage.loot.functions.ApplyExplosionDecay
[2828|t+12636ms|ThreadId(2)] [class_dump] fpb → net.minecraft.world.level.storage.loot.functions.CopyBlockState
[2829|t+12636ms|ThreadId(2)] [class_dump] fpc → net.minecraft.world.level.storage.loot.functions.CopyComponentsFunction
[2830|t+12637ms|ThreadId(2)] [class_dump] fpd → net.minecraft.world.level.storage.loot.functions.CopyCustomDataFunction
[2831|t+12637ms|ThreadId(2)] [class_dump] fpe → net.minecraft.world.level.storage.loot.functions.CopyNameFunction
[2832|t+12637ms|ThreadId(2)] [class_dump] fpf → net.minecraft.world.level.storage.loot.functions.DiscardItem
[2833|t+12637ms|ThreadId(2)] [class_dump] fpg → net.minecraft.world.level.storage.loot.functions.EnchantRandomlyFunction
[2834|t+12638ms|ThreadId(2)] [class_dump] fph → net.minecraft.world.level.storage.loot.functions.EnchantWithLevelsFunction
[2835|t+12638ms|ThreadId(2)] [class_dump] fpi → net.minecraft.world.level.storage.loot.functions.EnchantedCountIncreaseFunction
[2836|t+12638ms|ThreadId(2)] [class_dump] fpj → net.minecraft.world.level.storage.loot.functions.ExplorationMapFunction
[2837|t+12639ms|ThreadId(2)] [class_dump] fpk → net.minecraft.world.level.storage.loot.functions.FillPlayerHead
[2838|t+12639ms|ThreadId(2)] [class_dump] fpl → net.minecraft.world.level.storage.loot.functions.FilteredFunction
[2839|t+12639ms|ThreadId(2)] [class_dump] fpm → net.minecraft.world.level.storage.loot.functions.FunctionReference
[2840|t+12639ms|ThreadId(2)] [class_dump] fpn → net.minecraft.world.level.storage.loot.functions.FunctionUserBuilder
[2841|t+12640ms|ThreadId(2)] [class_dump] fpo → net.minecraft.world.level.storage.loot.functions.LimitCount
[2842|t+12640ms|ThreadId(2)] [class_dump] fpp → net.minecraft.world.level.storage.loot.functions.ListOperation
[2843|t+12640ms|ThreadId(2)] [class_dump] fpq → net.minecraft.world.level.storage.loot.functions.LootItemConditionalFunction
[2844|t+12641ms|ThreadId(2)] [class_dump] fpr → net.minecraft.world.level.storage.loot.functions.LootItemFunction
[2845|t+12641ms|ThreadId(2)] [class_dump] fps → net.minecraft.world.level.storage.loot.functions.LootItemFunctionType
[2846|t+12642ms|ThreadId(2)] [class_dump] fpt → net.minecraft.world.level.storage.loot.functions.LootItemFunctions
[2847|t+12642ms|ThreadId(2)] [class_dump] fpu → net.minecraft.world.level.storage.loot.functions.ModifyContainerContents
[2848|t+12643ms|ThreadId(2)] [class_dump] fpv → net.minecraft.world.level.storage.loot.functions.SequenceFunction
[2849|t+12643ms|ThreadId(2)] [class_dump] fpw → net.minecraft.world.level.storage.loot.functions.SetAttributesFunction
[2850|t+12643ms|ThreadId(2)] [class_dump] fpx → net.minecraft.world.level.storage.loot.functions.SetBannerPatternFunction
[2851|t+12644ms|ThreadId(2)] [class_dump] fpy → net.minecraft.world.level.storage.loot.functions.SetBookCoverFunction
[2852|t+12644ms|ThreadId(2)] [class_dump] fpz → net.minecraft.world.level.storage.loot.functions.SetComponentsFunction
[2853|t+12644ms|ThreadId(2)] [class_dump] fq → net.minecraft.commands.arguments.StyleArgument
[2854|t+12645ms|ThreadId(2)] [class_dump] fqa → net.minecraft.world.level.storage.loot.functions.SetContainerContents
[2855|t+12645ms|ThreadId(2)] [class_dump] fqb → net.minecraft.world.level.storage.loot.functions.SetContainerLootTable
[2856|t+12645ms|ThreadId(2)] [class_dump] fqc → net.minecraft.world.level.storage.loot.functions.SetCustomDataFunction
[2857|t+12646ms|ThreadId(2)] [class_dump] fqd → net.minecraft.world.level.storage.loot.functions.SetCustomModelDataFunction
[2858|t+12646ms|ThreadId(2)] [class_dump] fqe → net.minecraft.world.level.storage.loot.functions.SetEnchantmentsFunction
[2859|t+12647ms|ThreadId(2)] [class_dump] fqf → net.minecraft.world.level.storage.loot.functions.SetFireworkExplosionFunction
[2860|t+12647ms|ThreadId(2)] [class_dump] fqg → net.minecraft.world.level.storage.loot.functions.SetFireworksFunction
[2861|t+12647ms|ThreadId(2)] [class_dump] fqh → net.minecraft.world.level.storage.loot.functions.SetInstrumentFunction
[2862|t+12648ms|ThreadId(2)] [class_dump] fqi → net.minecraft.world.level.storage.loot.functions.SetItemCountFunction
[2863|t+12648ms|ThreadId(2)] [class_dump] fqj → net.minecraft.world.level.storage.loot.functions.SetItemDamageFunction
[2864|t+12649ms|ThreadId(2)] [class_dump] fqk → net.minecraft.world.level.storage.loot.functions.SetItemFunction
[2865|t+12649ms|ThreadId(2)] [class_dump] fql → net.minecraft.world.level.storage.loot.functions.SetLoreFunction
[2866|t+12649ms|ThreadId(2)] [class_dump] fqm → net.minecraft.world.level.storage.loot.functions.SetNameFunction
[2867|t+12650ms|ThreadId(2)] [class_dump] fqn → net.minecraft.world.level.storage.loot.functions.SetOminousBottleAmplifierFunction
[2868|t+12650ms|ThreadId(2)] [class_dump] fqo → net.minecraft.world.level.storage.loot.functions.SetPotionFunction
[2869|t+12650ms|ThreadId(2)] [class_dump] fqp → net.minecraft.world.level.storage.loot.functions.SetStewEffectFunction
[2870|t+12650ms|ThreadId(2)] [class_dump] fqq → net.minecraft.world.level.storage.loot.functions.SetWritableBookPagesFunction
[2871|t+12651ms|ThreadId(2)] [class_dump] fqr → net.minecraft.world.level.storage.loot.functions.SetWrittenBookPagesFunction
[2872|t+12651ms|ThreadId(2)] [class_dump] fqs → net.minecraft.world.level.storage.loot.functions.SmeltItemFunction
[2873|t+12651ms|ThreadId(2)] [class_dump] fqt → net.minecraft.world.level.storage.loot.functions.ToggleTooltips
[2874|t+12652ms|ThreadId(2)] [class_dump] fqw → net.minecraft.world.level.storage.loot.parameters.LootContextParamSets
[2875|t+12652ms|ThreadId(2)] [class_dump] fqx → net.minecraft.world.level.storage.loot.parameters.LootContextParams
[2876|t+12652ms|ThreadId(2)] [class_dump] fqz → net.minecraft.world.level.storage.loot.predicates.AllOfCondition
[2877|t+12653ms|ThreadId(2)] [class_dump] fr → net.minecraft.commands.arguments.TeamArgument
[2878|t+12653ms|ThreadId(2)] [class_dump] fra → net.minecraft.world.level.storage.loot.predicates.AnyOfCondition
[2879|t+12653ms|ThreadId(2)] [class_dump] frb → net.minecraft.world.level.storage.loot.predicates.BonusLevelTableCondition
[2880|t+12654ms|ThreadId(2)] [class_dump] frc → net.minecraft.world.level.storage.loot.predicates.CompositeLootItemCondition
[2881|t+12654ms|ThreadId(2)] [class_dump] frd → net.minecraft.world.level.storage.loot.predicates.ConditionReference
[2882|t+12654ms|ThreadId(2)] [class_dump] fre → net.minecraft.world.level.storage.loot.predicates.ConditionUserBuilder
[2883|t+12655ms|ThreadId(2)] [class_dump] frf → net.minecraft.world.level.storage.loot.predicates.DamageSourceCondition
[2884|t+12655ms|ThreadId(2)] [class_dump] frg → net.minecraft.world.level.storage.loot.predicates.EnchantmentActiveCheck
[2885|t+12655ms|ThreadId(2)] [class_dump] frh → net.minecraft.world.level.storage.loot.predicates.EntityHasScoreCondition
[2886|t+12656ms|ThreadId(2)] [class_dump] fri → net.minecraft.world.level.storage.loot.predicates.ExplosionCondition
[2887|t+12656ms|ThreadId(2)] [class_dump] frj → net.minecraft.world.level.storage.loot.predicates.InvertedLootItemCondition
[2888|t+12656ms|ThreadId(2)] [class_dump] frk → net.minecraft.world.level.storage.loot.predicates.LocationCheck
[2889|t+12657ms|ThreadId(2)] [class_dump] frl → net.minecraft.world.level.storage.loot.predicates.LootItemBlockStatePropertyCondition
[2890|t+12657ms|ThreadId(2)] [class_dump] frm → net.minecraft.world.level.storage.loot.predicates.LootItemCondition
[2891|t+12657ms|ThreadId(2)] [class_dump] frn → net.minecraft.world.level.storage.loot.predicates.LootItemConditionType
[2892|t+12658ms|ThreadId(2)] [class_dump] fro → net.minecraft.world.level.storage.loot.predicates.LootItemConditions
[2893|t+12658ms|ThreadId(2)] [class_dump] frp → net.minecraft.world.level.storage.loot.predicates.LootItemEntityPropertyCondition
[2894|t+12658ms|ThreadId(2)] [class_dump] frq → net.minecraft.world.level.storage.loot.predicates.LootItemKilledByPlayerCondition
[2895|t+12659ms|ThreadId(2)] [class_dump] frr → net.minecraft.world.level.storage.loot.predicates.LootItemRandomChanceCondition
[2896|t+12659ms|ThreadId(2)] [class_dump] frs → net.minecraft.world.level.storage.loot.predicates.LootItemRandomChanceWithEnchantedBonusCondition
[2897|t+12659ms|ThreadId(2)] [class_dump] frt → net.minecraft.world.level.storage.loot.predicates.MatchTool
[2898|t+12659ms|ThreadId(2)] [class_dump] fru → net.minecraft.world.level.storage.loot.predicates.TimeCheck
[2899|t+12660ms|ThreadId(2)] [class_dump] frv → net.minecraft.world.level.storage.loot.predicates.ValueCheckCondition
[2900|t+12660ms|ThreadId(2)] [class_dump] frw → net.minecraft.world.level.storage.loot.predicates.WeatherCheck
[2901|t+12660ms|ThreadId(2)] [class_dump] fry → net.minecraft.world.level.storage.loot.providers.nbt.ContextNbtProvider
[2902|t+12661ms|ThreadId(2)] [class_dump] frz → net.minecraft.world.level.storage.loot.providers.nbt.LootNbtProviderType
[2903|t+12661ms|ThreadId(2)] [class_dump] fs → net.minecraft.commands.arguments.TemplateMirrorArgument
[2904|t+12661ms|ThreadId(2)] [class_dump] fsa → net.minecraft.world.level.storage.loot.providers.nbt.NbtProvider
[2905|t+12662ms|ThreadId(2)] [class_dump] fsb → net.minecraft.world.level.storage.loot.providers.nbt.NbtProviders
[2906|t+12662ms|ThreadId(2)] [class_dump] fsc → net.minecraft.world.level.storage.loot.providers.nbt.StorageNbtProvider
[2907|t+12662ms|ThreadId(2)] [class_dump] fse → net.minecraft.world.level.storage.loot.providers.number.BinomialDistributionGenerator
[2908|t+12663ms|ThreadId(2)] [class_dump] fsf → net.minecraft.world.level.storage.loot.providers.number.ConstantValue
[2909|t+12663ms|ThreadId(2)] [class_dump] fsg → net.minecraft.world.level.storage.loot.providers.number.EnchantmentLevelProvider
[2910|t+12663ms|ThreadId(2)] [class_dump] fsh → net.minecraft.world.level.storage.loot.providers.number.LootNumberProviderType
[2911|t+12663ms|ThreadId(2)] [class_dump] fsi → net.minecraft.world.level.storage.loot.providers.number.NumberProvider
[2912|t+12664ms|ThreadId(2)] [class_dump] fsj → net.minecraft.world.level.storage.loot.providers.number.NumberProviders
[2913|t+12664ms|ThreadId(2)] [class_dump] fsk → net.minecraft.world.level.storage.loot.providers.number.ScoreboardValue
[2914|t+12664ms|ThreadId(2)] [class_dump] fsl → net.minecraft.world.level.storage.loot.providers.number.StorageValue
[2915|t+12664ms|ThreadId(2)] [class_dump] fsm → net.minecraft.world.level.storage.loot.providers.number.UniformGenerator
[2916|t+12665ms|ThreadId(2)] [class_dump] fso → net.minecraft.world.level.storage.loot.providers.score.ContextScoreboardNameProvider
[2917|t+12665ms|ThreadId(2)] [class_dump] fsp → net.minecraft.world.level.storage.loot.providers.score.FixedScoreboardNameProvider
[2918|t+12665ms|ThreadId(2)] [class_dump] fsq → net.minecraft.world.level.storage.loot.providers.score.LootScoreProviderType
[2919|t+12666ms|ThreadId(2)] [class_dump] fsr → net.minecraft.world.level.storage.loot.providers.score.ScoreboardNameProvider
[2920|t+12666ms|ThreadId(2)] [class_dump] fss → net.minecraft.world.level.storage.loot.providers.score.ScoreboardNameProviders
[2921|t+12666ms|ThreadId(2)] [class_dump] ft → net.minecraft.commands.arguments.TemplateRotationArgument
[2922|t+12666ms|ThreadId(2)] [class_dump] fth → net.minecraft.world.phys.AABB
[2923|t+12667ms|ThreadId(2)] [class_dump] fti → net.minecraft.world.phys.BlockHitResult
[2924|t+12667ms|ThreadId(2)] [class_dump] ftj → net.minecraft.world.phys.EntityHitResult
[2925|t+12667ms|ThreadId(2)] [class_dump] ftk → net.minecraft.world.phys.HitResult
[2926|t+12668ms|ThreadId(2)] [class_dump] ftm → net.minecraft.world.phys.Vec3
[2927|t+12668ms|ThreadId(2)] [class_dump] fto → net.minecraft.world.phys.shapes.ArrayVoxelShape
[2928|t+12668ms|ThreadId(2)] [class_dump] ftp → net.minecraft.world.phys.shapes.BitSetDiscreteVoxelShape
[2929|t+12669ms|ThreadId(2)] [class_dump] ftq → net.minecraft.world.phys.shapes.BooleanOp
[2930|t+12669ms|ThreadId(2)] [class_dump] ftr → net.minecraft.world.phys.shapes.CollisionContext
[2931|t+12670ms|ThreadId(2)] [class_dump] fts → net.minecraft.world.phys.shapes.CubePointRange
[2932|t+12670ms|ThreadId(2)] [class_dump] ftt → net.minecraft.world.phys.shapes.CubeVoxelShape
[2933|t+12670ms|ThreadId(2)] [class_dump] ftu → net.minecraft.world.phys.shapes.DiscreteCubeMerger
[2934|t+12670ms|ThreadId(2)] [class_dump] ftv → net.minecraft.world.phys.shapes.DiscreteVoxelShape
[2935|t+12671ms|ThreadId(2)] [class_dump] ftw → net.minecraft.world.phys.shapes.EntityCollisionContext
[2936|t+12671ms|ThreadId(2)] [class_dump] ftx → net.minecraft.world.phys.shapes.IdenticalMerger
[2937|t+12671ms|ThreadId(2)] [class_dump] fty → net.minecraft.world.phys.shapes.IndexMerger
[2938|t+12672ms|ThreadId(2)] [class_dump] ftz → net.minecraft.world.phys.shapes.IndirectMerger
[2939|t+12672ms|ThreadId(2)] [class_dump] fu → net.minecraft.commands.arguments.TimeArgument
[2940|t+12672ms|ThreadId(2)] [class_dump] fua → net.minecraft.world.phys.shapes.MinecartCollisionContext
[2941|t+12672ms|ThreadId(2)] [class_dump] fub → net.minecraft.world.phys.shapes.NonOverlappingMerger
[2942|t+12673ms|ThreadId(2)] [class_dump] fuc → net.minecraft.world.phys.shapes.OffsetDoubleList
[2943|t+12673ms|ThreadId(2)] [class_dump] fud → net.minecraft.world.phys.shapes.Shapes
[2944|t+12673ms|ThreadId(2)] [class_dump] fue → net.minecraft.world.phys.shapes.SliceShape
[2945|t+12674ms|ThreadId(2)] [class_dump] fuf → net.minecraft.world.phys.shapes.SubShape
[2946|t+12674ms|ThreadId(2)] [class_dump] fug → net.minecraft.world.phys.shapes.VoxelShape
[2947|t+12674ms|ThreadId(2)] [class_dump] fum → net.minecraft.world.scores.PlayerTeam
[2948|t+12675ms|ThreadId(2)] [class_dump] fuq → net.minecraft.world.scores.ScoreHolder
[2949|t+12675ms|ThreadId(2)] [class_dump] fur → net.minecraft.world.scores.Scoreboard
[2950|t+12675ms|ThreadId(2)] [class_dump] fut → net.minecraft.world.scores.Team
[2951|t+12676ms|ThreadId(2)] [class_dump] fuu → net.minecraft.world.scores.criteria.ObjectiveCriteria
[2952|t+12676ms|ThreadId(2)] [class_dump] fuy → net.minecraft.world.ticks.ContainerSingleItem
[2953|t+12676ms|ThreadId(2)] [class_dump] fv → net.minecraft.commands.arguments.UuidArgument
[2954|t+12677ms|ThreadId(2)] [class_dump] fva → net.minecraft.world.ticks.LevelTickAccess
[2955|t+12677ms|ThreadId(2)] [class_dump] fvg → net.minecraft.world.ticks.TickAccess
[2956|t+12677ms|ThreadId(2)] [class_dump] fvh → net.minecraft.world.ticks.TickContainerAccess
[2957|t+12678ms|ThreadId(2)] [class_dump] fvt → net.minecraft.world.waypoints.Waypoint
[2958|t+12678ms|ThreadId(2)] [class_dump] fvx → net.minecraft.world.waypoints.WaypointTransmitter
[2959|t+12678ms|ThreadId(2)] [class_dump] fxs → com.mojang.blaze3d.pipeline.MainTarget
[2960|t+12679ms|ThreadId(2)] [class_dump] fxt → com.mojang.blaze3d.pipeline.RenderTarget
[2961|t+12679ms|ThreadId(2)] [class_dump] fy → net.minecraft.commands.arguments.blocks.BlockPredicateArgument
[2962|t+12679ms|ThreadId(2)] [class_dump] fyl → com.mojang.blaze3d.platform.WindowEventHandler
[2963|t+12679ms|ThreadId(2)] [class_dump] fz → net.minecraft.commands.arguments.blocks.BlockStateArgument
[2964|t+12680ms|ThreadId(2)] [class_dump] fzu → com.mojang.realmsclient.RealmsMainScreen
[2965|t+12680ms|ThreadId(2)] [class_dump] gc → net.minecraft.commands.arguments.coordinates.BlockPosArgument
[2966|t+12680ms|ThreadId(2)] [class_dump] gd → net.minecraft.commands.arguments.coordinates.ColumnPosArgument
[2967|t+12681ms|ThreadId(2)] [class_dump] ge → net.minecraft.commands.arguments.coordinates.Coordinates
[2968|t+12681ms|ThreadId(2)] [class_dump] ger → net.minecraft.client.Camera
[2969|t+12681ms|ThreadId(2)] [class_dump] gez → net.minecraft.client.DeltaTracker
[2970|t+12682ms|ThreadId(2)] [class_dump] gfj → net.minecraft.client.Minecraft
[2971|t+12682ms|ThreadId(2)] [class_dump] gg → net.minecraft.commands.arguments.coordinates.RotationArgument
[2972|t+12682ms|ThreadId(2)] [class_dump] gh → net.minecraft.commands.arguments.coordinates.SwizzleArgument
[2973|t+12682ms|ThreadId(2)] [class_dump] gi → net.minecraft.commands.arguments.coordinates.Vec2Argument
[2974|t+12683ms|ThreadId(2)] [class_dump] gih → net.minecraft.client.entity.ClientAvatarEntity
[2975|t+12683ms|ThreadId(2)] [class_dump] gir → net.minecraft.client.gui.GuiGraphics
[2976|t+12684ms|ThreadId(2)] [class_dump] gj → net.minecraft.commands.arguments.coordinates.Vec3Argument
[2977|t+12684ms|ThreadId(2)] [class_dump] gjm → net.minecraft.client.gui.components.DebugScreenOverlay
[2978|t+12684ms|ThreadId(2)] [class_dump] gki → net.minecraft.client.gui.components.Renderable
[2979|t+12684ms|ThreadId(2)] [class_dump] gkr → net.minecraft.client.gui.components.TabOrderedElement
[2980|t+12685ms|ThreadId(2)] [class_dump] glw → net.minecraft.client.gui.components.debug.DebugScreenDisplayer
[2981|t+12685ms|ThreadId(2)] [class_dump] gmh → net.minecraft.client.gui.components.debugchart.ProfilerPieChart
[2982|t+12685ms|ThreadId(2)] [class_dump] gmk → net.minecraft.client.gui.components.events.AbstractContainerEventHandler
[2983|t+12686ms|ThreadId(2)] [class_dump] gml → net.minecraft.client.gui.components.events.ContainerEventHandler
[2984|t+12686ms|ThreadId(2)] [class_dump] gmm → net.minecraft.client.gui.components.events.GuiEventListener
[2985|t+12686ms|ThreadId(2)] [class_dump] gnb → net.minecraft.client.gui.components.toasts.Toast
[2986|t+12687ms|ThreadId(2)] [class_dump] go → net.minecraft.commands.arguments.item.FunctionArgument
[2987|t+12687ms|ThreadId(2)] [class_dump] gp → net.minecraft.commands.arguments.item.ItemArgument
[2988|t+12687ms|ThreadId(2)] [class_dump] gpi → net.minecraft.client.gui.navigation.FocusNavigationEvent
[2989|t+12688ms|ThreadId(2)] [class_dump] gqu → net.minecraft.client.gui.screens.AccessibilityOnboardingScreen
[2990|t+12688ms|ThreadId(2)] [class_dump] gqy → net.minecraft.client.gui.screens.ChatScreen
[2991|t+12688ms|ThreadId(2)] [class_dump] gqz → net.minecraft.client.gui.screens.ConfirmLinkScreen
[2992|t+12689ms|ThreadId(2)] [class_dump] gra → net.minecraft.client.gui.screens.ConfirmScreen
[2993|t+12689ms|ThreadId(2)] [class_dump] grg → net.minecraft.client.gui.screens.DeathScreen
[2994|t+12689ms|ThreadId(2)] [class_dump] grm → net.minecraft.client.gui.screens.GenericMessageScreen
[2995|t+12689ms|ThreadId(2)] [class_dump] grp → net.minecraft.client.gui.screens.LevelLoadingScreen
[2996|t+12690ms|ThreadId(2)] [class_dump] grr → net.minecraft.client.gui.screens.LoadingOverlay
[2997|t+12690ms|ThreadId(2)] [class_dump] grv → net.minecraft.client.gui.screens.OutOfMemoryScreen
[2998|t+12690ms|ThreadId(2)] [class_dump] grw → net.minecraft.client.gui.screens.Overlay
[2999|t+12691ms|ThreadId(2)] [class_dump] grx → net.minecraft.client.gui.screens.PauseScreen
[3000|t+12691ms|ThreadId(2)] [class_dump] grz → net.minecraft.client.gui.screens.ProgressScreen
[3001|t+12691ms|ThreadId(2)] [class_dump] gs → net.minecraft.commands.arguments.item.ItemPredicateArgument
[3002|t+12691ms|ThreadId(2)] [class_dump] gsb → net.minecraft.client.gui.screens.Screen
[3003|t+12692ms|ThreadId(2)] [class_dump] gsd → net.minecraft.client.gui.screens.TitleScreen
[3004|t+12692ms|ThreadId(2)] [class_dump] gsl → net.minecraft.client.gui.screens.advancements.AdvancementsScreen
[3005|t+12692ms|ThreadId(2)] [class_dump] gti → net.minecraft.client.gui.screens.inventory.AbstractContainerScreen
[3006|t+12692ms|ThreadId(2)] [class_dump] gtl → net.minecraft.client.gui.screens.inventory.AbstractRecipeBookScreen
[3007|t+12693ms|ThreadId(2)] [class_dump] gul → net.minecraft.client.gui.screens.inventory.InventoryScreen
[3008|t+12693ms|ThreadId(2)] [class_dump] guq → net.minecraft.client.gui.screens.inventory.MenuAccess
[3009|t+12693ms|ThreadId(2)] [class_dump] gvp → net.minecraft.client.gui.screens.multiplayer.JoinMultiplayerScreen
[3010|t+12694ms|ThreadId(2)] [class_dump] gw → net.minecraft.commands.arguments.selector.EntitySelectorParser
[3011|t+12694ms|ThreadId(2)] [class_dump] gxa → net.minecraft.client.gui.screens.recipebook.RecipeUpdateListener
[3012|t+12694ms|ThreadId(2)] [class_dump] gxq → net.minecraft.client.gui.screens.social.SocialInteractionsScreen
[3013|t+12695ms|ThreadId(2)] [class_dump] gy → net.minecraft.commands.arguments.selector.options.EntitySelectorOptions
[3014|t+12695ms|ThreadId(2)] [class_dump] gzg → net.minecraft.client.main.SilentInitException
[3015|t+12695ms|ThreadId(2)] [class_dump] h → com.mojang.math.SymmetricGroup3
[3016|t+12695ms|ThreadId(2)] [class_dump] hif → net.minecraft.client.multiplayer.ClientLevel
[3017|t+12696ms|ThreadId(2)] [class_dump] hne → net.minecraft.client.player.AbstractClientPlayer
[3018|t+12696ms|ThreadId(2)] [class_dump] hnh → net.minecraft.client.player.LocalPlayer
[3019|t+12697ms|ThreadId(2)] [class_dump] ib → net.minecraft.commands.synchronization.ArgumentTypeInfo
[3020|t+12697ms|ThreadId(2)] [class_dump] ic → net.minecraft.commands.synchronization.ArgumentTypeInfos
[3021|t+12697ms|ThreadId(2)] [class_dump] ie → net.minecraft.commands.synchronization.SingletonArgumentInfo
[3022|t+12698ms|ThreadId(2)] [class_dump] ih → net.minecraft.commands.synchronization.brigadier.DoubleArgumentInfo
[3023|t+12698ms|ThreadId(2)] [class_dump] ii → net.minecraft.commands.synchronization.brigadier.FloatArgumentInfo
[3024|t+12698ms|ThreadId(2)] [class_dump] ij → net.minecraft.commands.synchronization.brigadier.IntegerArgumentInfo
[3025|t+12698ms|ThreadId(2)] [class_dump] ik → net.minecraft.commands.synchronization.brigadier.LongArgumentInfo
[3026|t+12699ms|ThreadId(2)] [class_dump] il → net.minecraft.commands.synchronization.brigadier.StringArgumentSerializer
[3027|t+12699ms|ThreadId(2)] [class_dump] inu → net.minecraft.client.resources.model.MaterialSet
[3028|t+12699ms|ThreadId(2)] [class_dump] ip → net.minecraft.core.AxisCycle
[3029|t+12700ms|ThreadId(2)] [class_dump] iqa → net.minecraft.client.server.IntegratedServer
[3030|t+12700ms|ThreadId(2)] [class_dump] ird → net.minecraft.client.telemetry.TelemetryProperty
[3031|t+12700ms|ThreadId(2)] [class_dump] irh → net.minecraft.client.telemetry.events.GameLoadTimesEvent
[3032|t+12701ms|ThreadId(2)] [class_dump] is → net.minecraft.core.BlockPos
[3033|t+12701ms|ThreadId(2)] [class_dump] isc → net.minecraft.realms.RealmsScreen
[3034|t+12701ms|ThreadId(2)] [class_dump] iu → net.minecraft.core.ClientAsset
[3035|t+12702ms|ThreadId(2)] [class_dump] ix → net.minecraft.core.DefaultedMappedRegistry
[3036|t+12702ms|ThreadId(2)] [class_dump] iy → net.minecraft.core.DefaultedRegistry
[3037|t+12702ms|ThreadId(2)] [class_dump] iz → net.minecraft.core.Direction
[3038|t+12703ms|ThreadId(2)] [class_dump] jb → net.minecraft.core.FrontAndTop
[3039|t+12703ms|ThreadId(2)] [class_dump] jc → net.minecraft.core.GlobalPos
[3040|t+12703ms|ThreadId(2)] [class_dump] jd → net.minecraft.core.Holder
[3041|t+12704ms|ThreadId(2)] [class_dump] je → net.minecraft.core.HolderGetter
[3042|t+12704ms|ThreadId(2)] [class_dump] jf → net.minecraft.core.HolderLookup
[3043|t+12704ms|ThreadId(2)] [class_dump] jg → net.minecraft.core.HolderOwner
[3044|t+12704ms|ThreadId(2)] [class_dump] jh → net.minecraft.core.HolderSet
[3045|t+12705ms|ThreadId(2)] [class_dump] ji → net.minecraft.core.IdMap
[3046|t+12705ms|ThreadId(2)] [class_dump] jj → net.minecraft.core.IdMapper
[3047|t+12705ms|ThreadId(2)] [class_dump] jl → net.minecraft.core.MappedRegistry
[3048|t+12705ms|ThreadId(2)] [class_dump] jm → net.minecraft.core.NonNullList
[3049|t+12706ms|ThreadId(2)] [class_dump] jn → net.minecraft.core.Position
[3050|t+12706ms|ThreadId(2)] [class_dump] jp → net.minecraft.core.RegistrationInfo
[3051|t+12706ms|ThreadId(2)] [class_dump] jq → net.minecraft.core.Registry
[3052|t+12707ms|ThreadId(2)] [class_dump] jr → net.minecraft.core.RegistryAccess
[3053|t+12707ms|ThreadId(2)] [class_dump] js → net.minecraft.core.RegistryCodecs
[3054|t+12707ms|ThreadId(2)] [class_dump] jv → net.minecraft.core.Rotations
[3055|t+12707ms|ThreadId(2)] [class_dump] jw → net.minecraft.core.SectionPos
[3056|t+12708ms|ThreadId(2)] [class_dump] jx → net.minecraft.core.UUIDUtil
[3057|t+12708ms|ThreadId(2)] [class_dump] jy → net.minecraft.core.Vec3i
[3058|t+12708ms|ThreadId(2)] [class_dump] jz → net.minecraft.core.WritableRegistry
[3059|t+12709ms|ThreadId(2)] [class_dump] ka → net.minecraft.core.cauldron.CauldronInteraction
[3060|t+12709ms|ThreadId(2)] [class_dump] kc → net.minecraft.core.component.DataComponentExactPredicate
[3061|t+12709ms|ThreadId(2)] [class_dump] kd → net.minecraft.core.component.DataComponentGetter
[3062|t+12710ms|ThreadId(2)] [class_dump] ke → net.minecraft.core.component.DataComponentHolder
[3063|t+12710ms|ThreadId(2)] [class_dump] kf → net.minecraft.core.component.DataComponentMap
[3064|t+12710ms|ThreadId(2)] [class_dump] kg → net.minecraft.core.component.DataComponentPatch
[3065|t+12711ms|ThreadId(2)] [class_dump] kh → net.minecraft.core.component.DataComponentType
[3066|t+12711ms|ThreadId(2)] [class_dump] ki → net.minecraft.core.component.DataComponents
[3067|t+12711ms|ThreadId(2)] [class_dump] kj → net.minecraft.core.component.PatchedDataComponentMap
[3068|t+12711ms|ThreadId(2)] [class_dump] kk → net.minecraft.core.component.TypedDataComponent
[3069|t+12712ms|ThreadId(2)] [class_dump] ko → net.minecraft.core.component.predicates.BundlePredicate
[3070|t+12712ms|ThreadId(2)] [class_dump] kp → net.minecraft.core.component.predicates.ContainerPredicate
[3071|t+12712ms|ThreadId(2)] [class_dump] kq → net.minecraft.core.component.predicates.CustomDataPredicate
[3072|t+12713ms|ThreadId(2)] [class_dump] kr → net.minecraft.core.component.predicates.DamagePredicate
[3073|t+12713ms|ThreadId(2)] [class_dump] ks → net.minecraft.core.component.predicates.DataComponentPredicate
[3074|t+12713ms|ThreadId(2)] [class_dump] kt → net.minecraft.core.component.predicates.DataComponentPredicates
[3075|t+12714ms|ThreadId(2)] [class_dump] ku → net.minecraft.core.component.predicates.EnchantmentsPredicate
[3076|t+12714ms|ThreadId(2)] [class_dump] ky → net.minecraft.core.component.predicates.PotionsPredicate
[3077|t+12714ms|ThreadId(2)] [class_dump] l → net.minecraft.ChatFormatting
[3078|t+12714ms|ThreadId(2)] [class_dump] ld → net.minecraft.core.dispenser.BlockSource
[3079|t+12715ms|ThreadId(2)] [class_dump] le → net.minecraft.core.dispenser.BoatDispenseItemBehavior
[3080|t+12715ms|ThreadId(2)] [class_dump] lf → net.minecraft.core.dispenser.DefaultDispenseItemBehavior
[3081|t+12715ms|ThreadId(2)] [class_dump] lg → net.minecraft.core.dispenser.DispenseItemBehavior
[3082|t+12715ms|ThreadId(2)] [class_dump] li → net.minecraft.core.dispenser.MinecartDispenseItemBehavior
[3083|t+12716ms|ThreadId(2)] [class_dump] lj → net.minecraft.core.dispenser.OptionalDispenseItemBehavior
[3084|t+12716ms|ThreadId(2)] [class_dump] lk → net.minecraft.core.dispenser.ProjectileDispenseBehavior
[3085|t+12716ms|ThreadId(2)] [class_dump] ll → net.minecraft.core.dispenser.ShearsDispenseItemBehavior
[3086|t+12717ms|ThreadId(2)] [class_dump] lm → net.minecraft.core.dispenser.ShulkerBoxDispenseBehavior
[3087|t+12717ms|ThreadId(2)] [class_dump] lp → net.minecraft.core.particles.BlockParticleOption
[3088|t+12717ms|ThreadId(2)] [class_dump] lq → net.minecraft.core.particles.ColorParticleOption
[3089|t+12718ms|ThreadId(2)] [class_dump] lt → net.minecraft.core.particles.ExplosionParticleInfo
[3090|t+12718ms|ThreadId(2)] [class_dump] lu → net.minecraft.core.particles.ItemParticleOption
[3091|t+12719ms|ThreadId(2)] [class_dump] lw → net.minecraft.core.particles.ParticleOptions
[3092|t+12719ms|ThreadId(2)] [class_dump] lx → net.minecraft.core.particles.ParticleType
[3093|t+12719ms|ThreadId(2)] [class_dump] ly → net.minecraft.core.particles.ParticleTypes
[3094|t+12720ms|ThreadId(2)] [class_dump] lz → net.minecraft.core.particles.PowerParticleOption
[3095|t+12720ms|ThreadId(2)] [class_dump] m → net.minecraft.CrashReport
[3096|t+12720ms|ThreadId(2)] [class_dump] md → net.minecraft.core.particles.SimpleParticleType
[3097|t+12720ms|ThreadId(2)] [class_dump] me → net.minecraft.core.particles.SpellParticleOption
[3098|t+12721ms|ThreadId(2)] [class_dump] mi → net.minecraft.core.registries.BuiltInRegistries
[3099|t+12721ms|ThreadId(2)] [class_dump] mj → net.minecraft.core.registries.Registries
[3100|t+12721ms|ThreadId(2)] [class_dump] net.minecraft.client.main.Main → net.minecraft.client.main.Main
[3101|t+12721ms|ThreadId(2)] [class_dump] net.minecraft.client.main.Main$1 → net.minecraft.client.main.Main$1
[3102|t+12721ms|ThreadId(2)] [class_dump] net.minecraft.client.main.Main$2 → net.minecraft.client.main.Main$2
[3103|t+12722ms|ThreadId(2)] [class_dump] net.minecraft.server.MinecraftServer → net.minecraft.server.MinecraftServer
[3104|t+12722ms|ThreadId(2)] [class_dump] ol → net.minecraft.data.recipes.RecipeCategory
[3105|t+12722ms|ThreadId(2)] [class_dump] r → net.minecraft.DetectedVersion
[3106|t+12723ms|ThreadId(2)] [class_dump] rq → net.minecraft.data.worldgen.features.CaveFeatures
[3107|t+12723ms|ThreadId(2)] [class_dump] rs → net.minecraft.data.worldgen.features.FeatureUtils
[3108|t+12723ms|ThreadId(2)] [class_dump] rx → net.minecraft.data.worldgen.features.TreeFeatures
[3109|t+12724ms|ThreadId(2)] [class_dump] ry → net.minecraft.data.worldgen.features.VegetationFeatures
[3110|t+12724ms|ThreadId(2)] [class_dump] s → net.minecraft.IdentifierException
[3111|t+12724ms|ThreadId(2)] [class_dump] se → net.minecraft.data.worldgen.placement.MiscOverworldPlacements
[3112|t+12725ms|ThreadId(2)] [class_dump] sh → net.minecraft.data.worldgen.placement.PlacementUtils
[3113|t+12725ms|ThreadId(2)] [class_dump] sn → net.minecraft.gametest.framework.BuiltinTestFunctions
[3114|t+12725ms|ThreadId(2)] [class_dump] tb → net.minecraft.gametest.framework.GameTestInstance
[3115|t+12725ms|ThreadId(2)] [class_dump] tv → net.minecraft.gametest.framework.TestEnvironmentDefinition
[3116|t+12726ms|ThreadId(2)] [class_dump] tx → net.minecraft.gametest.framework.TestFunctionLoader
[3117|t+12726ms|ThreadId(2)] [class_dump] u → net.minecraft.ReportType
[3118|t+12726ms|ThreadId(2)] [class_dump] ui → net.minecraft.gizmos.GizmoCollector
[3119|t+12727ms|ThreadId(2)] [class_dump] ux → net.minecraft.nbt.ByteTag
[3120|t+12727ms|ThreadId(2)] [class_dump] uy → net.minecraft.nbt.CollectionTag
[3121|t+12727ms|ThreadId(2)] [class_dump] uz → net.minecraft.nbt.CompoundTag
[3122|t+12728ms|ThreadId(2)] [class_dump] v → net.minecraft.ReportedException
[3123|t+12728ms|ThreadId(2)] [class_dump] vf → net.minecraft.nbt.ListTag
[3124|t+12728ms|ThreadId(2)] [class_dump] vi → net.minecraft.nbt.NbtAccounter
[3125|t+12728ms|ThreadId(2)] [class_dump] vj → net.minecraft.nbt.NbtAccounterException
[3126|t+12729ms|ThreadId(2)] [class_dump] vk → net.minecraft.nbt.NbtException
[3127|t+12729ms|ThreadId(2)] [class_dump] vl → net.minecraft.nbt.NbtFormatException
[3128|t+12729ms|ThreadId(2)] [class_dump] vn → net.minecraft.nbt.NbtOps
[3129|t+12730ms|ThreadId(2)] [class_dump] vp → net.minecraft.nbt.NumericTag
[3130|t+12730ms|ThreadId(2)] [class_dump] vq → net.minecraft.nbt.PrimitiveTag
[3131|t+12730ms|ThreadId(2)] [class_dump] vr → net.minecraft.nbt.ReportedNbtException
[3132|t+12730ms|ThreadId(2)] [class_dump] vt → net.minecraft.nbt.SnbtGrammar
[3133|t+12731ms|ThreadId(2)] [class_dump] vz → net.minecraft.nbt.Tag
[3134|t+12731ms|ThreadId(2)] [class_dump] w → net.minecraft.SharedConstants
[3135|t+12731ms|ThreadId(2)] [class_dump] wa → net.minecraft.nbt.TagParser
[3136|t+12732ms|ThreadId(2)] [class_dump] wb → net.minecraft.nbt.TagType
[3137|t+12732ms|ThreadId(2)] [class_dump] wr → net.minecraft.network.ClientboundPacketListener
[3138|t+12733ms|ThreadId(2)] [class_dump] wu → net.minecraft.network.Connection
[3139|t+12733ms|ThreadId(2)] [class_dump] wx → net.minecraft.network.FriendlyByteBuf
[3140|t+12733ms|ThreadId(2)] [class_dump] xd → net.minecraft.network.LocalFrameEncoder
[3141|t+12734ms|ThreadId(2)] [class_dump] xi → net.minecraft.network.PacketDecoder
[3142|t+12734ms|ThreadId(2)] [class_dump] xj → net.minecraft.network.PacketEncoder
[3143|t+12734ms|ThreadId(2)] [class_dump] xk → net.minecraft.network.PacketListener
[3144|t+12734ms|ThreadId(2)] [class_dump] xo → net.minecraft.network.ProtocolSwapHandler
[3145|t+12735ms|ThreadId(2)] [class_dump] xq → net.minecraft.network.RegistryFriendlyByteBuf
[3146|t+12735ms|ThreadId(2)] [class_dump] y → net.minecraft.SystemReport
[3147|t+12735ms|ThreadId(2)] [class_dump] yb → net.minecraft.network.Varint21LengthFieldPrepender
[3148|t+12736ms|ThreadId(2)] [class_dump] yf → net.minecraft.network.chat.ClickEvent
[3149|t+12736ms|ThreadId(2)] [class_dump] yh → net.minecraft.network.chat.Component
[3150|t+12736ms|ThreadId(2)] [class_dump] yi → net.minecraft.network.chat.ComponentContents
[3151|t+12737ms|ThreadId(2)] [class_dump] yj → net.minecraft.network.chat.ComponentSerialization
[3152|t+12737ms|ThreadId(2)] [class_dump] ym → net.minecraft.network.chat.FontDescription
[3153|t+12737ms|ThreadId(2)] [class_dump] yn → net.minecraft.network.chat.FormattedText
[3154|t+12738ms|ThreadId(2)] [class_dump] yo → net.minecraft.network.chat.HoverEvent
[3155|t+12738ms|ThreadId(2)] [class_dump] yw → net.minecraft.network.chat.MutableComponent
[3156|t+12738ms|ThreadId(2)] [class_dump] z → net.minecraft.TracingExecutor
[3157|t+12739ms|ThreadId(2)] [class_dump] zf → net.minecraft.network.chat.Style
[3158|t+12739ms|ThreadId(2)] [class_dump] zh → net.minecraft.network.chat.TextColor
[3159|t+12739ms|ThreadId(2)] [class_dump] zn → net.minecraft.network.chat.contents.PlainTextContents
[3160|t+12739ms|ThreadId(2)] [class_dump] zq → net.minecraft.network.chat.contents.TranslatableContents
[3161|t+12740ms|ThreadId(2)] [class_dump] zr → net.minecraft.network.chat.contents.TranslatableFormatException
[3162|t+12741ms|ThreadId(2)] [step] title_marker — skipped this attempt (tick=0): Minecraft instance is null (client not ready)
[3163|t+12742ms|ThreadId(2)] [step] deferred_init — entering render/tick loop
[3164|t+13033ms|ThreadId(2)] [RsiftRuntimeHooks] install failed: gfj.getConnection()
[3165|t+13035ms|ThreadId(2)] [RsiftPlatformBridge] installed
[3166|t+13035ms|ThreadId(2)] [Platform] ready
[3167|t+13037ms|ThreadId(2)] [RsiftPlatformBridge] apply error: ClassNotFoundException: net.minecraft.core.registries.BuiltInRegistries
[3168|t+13039ms|ThreadId(2)] [RsiftPlatformBridge] apply error: ClassNotFoundException: net.minecraft.core.registries.BuiltInRegistries
[3169|t+13225ms|ThreadId(2)] [VTable] vtable installed
[3170|t+13225ms|ThreadId(2)] [Rsift] RsiftChunkBridge natives ready
[3171|t+13226ms|ThreadId(2)] [ChunkBridge] sync: minecraft=true loader=true
[3172|t+13236ms|ThreadId(2)] [JVMTI] wanted class captured at ClassLoad (loader-independent): glz
[3173|t+13251ms|ThreadId(2)] [step] tick_loop — alive tick=0
[3174|t+13557ms|ThreadId(2)] [RsiftPlatformBridge] apply error: ClassNotFoundException: net.minecraft.core.registries.BuiltInRegistries
[3175|t+13558ms|ThreadId(2)] [RsiftPlatformBridge] apply error: ClassNotFoundException: net.minecraft.core.registries.BuiltInRegistries
[3176|t+15130ms|ThreadId(1)] [hook] client_run fired (count=1)
[3177|t+15132ms|ThreadId(1)] [RsiftKeys] WARN vanilla KeyMapping リフレクション失敗 (キー入力は未接続): IdCategoryTypeCode: getEnumConstants net/minecraft/client/KeyMapping$Category: Java exception was thrown | IdTypeCodeCategory: getEnumConstants com/mojang/blaze3d/platform/InputConstants$Type: Java exception was thrown | IdCodeCategory: Java exception was thrown | IdCategoryCode: Java exception was thrown
[3178|t+15136ms|ThreadId(1)] [hook] client_tick fired (count=1)
[3179|t+15228ms|ThreadId(1)] [hook] render_flip fired (count=1)
[3180|t+16937ms|ThreadId(1)] [GlfwHook] glfw.dll!glfwSwapBuffers hooked — DXGI exclusive present
[3181|t+16941ms|ThreadId(2)] [step] title_marker — window title set: Minecraft* 1.21.11 - Rsift (RsGraphics Render)
[3182|t+16942ms|ThreadId(2)] [RsiftPlatformBridge] apply error: ClassNotFoundException: net.minecraft.core.registries.BuiltInRegistries
[3183|t+16944ms|ThreadId(2)] [RsiftPlatformBridge] apply error: ClassNotFoundException: net.minecraft.core.registries.BuiltInRegistries
[3184|t+17250ms|ThreadId(2)] [RsiftPlatformBridge] apply error: ClassNotFoundException: net.minecraft.core.registries.BuiltInRegistries
[3185|t+17251ms|ThreadId(2)] [RsiftPlatformBridge] apply error: ClassNotFoundException: net.minecraft.core.registries.BuiltInRegistries
[3186|t+17558ms|ThreadId(2)] [RsiftPlatformBridge] apply error: ClassNotFoundException: net.minecraft.core.registries.BuiltInRegistries
[3187|t+17559ms|ThreadId(2)] [RsiftPlatformBridge] apply error: ClassNotFoundException: net.minecraft.core.registries.BuiltInRegistries
[3188|t+17864ms|ThreadId(2)] [RsiftPlatformBridge] apply error: ClassNotFoundException: net.minecraft.core.registries.BuiltInRegistries
[3189|t+17866ms|ThreadId(2)] [RsiftPlatformBridge] apply error: ClassNotFoundException: net.minecraft.core.registries.BuiltInRegistries
[3190|t+18173ms|ThreadId(2)] [RsiftPlatformBridge] apply error: ClassNotFoundException: net.minecraft.core.registries.BuiltInRegistries
[3191|t+18174ms|ThreadId(2)] [RsiftPlatformBridge] apply error: ClassNotFoundException: net.minecraft.core.registries.BuiltInRegistries
[3192|t+18480ms|ThreadId(2)] [RsiftPlatformBridge] apply error: ClassNotFoundException: net.minecraft.core.registries.BuiltInRegistries
[3193|t+18481ms|ThreadId(2)] [RsiftPlatformBridge] apply error: ClassNotFoundException: net.minecraft.core.registries.BuiltInRegistries
[3194|t+18786ms|ThreadId(2)] [RsiftPlatformBridge] apply error: ClassNotFoundException: net.minecraft.core.registries.BuiltInRegistries
[3195|t+18787ms|ThreadId(2)] [RsiftPlatformBridge] apply error: ClassNotFoundException: net.minecraft.core.registries.BuiltInRegistries
[3196|t+19091ms|ThreadId(2)] [RsiftPlatformBridge] apply error: ClassNotFoundException: net.minecraft.core.registries.BuiltInRegistries
[3197|t+19092ms|ThreadId(2)] [RsiftPlatformBridge] apply error: ClassNotFoundException: net.minecraft.core.registries.BuiltInRegistries
[3198|t+19397ms|ThreadId(2)] [RsiftPlatformBridge] apply error: ClassNotFoundException: net.minecraft.core.registries.BuiltInRegistries
[3199|t+19398ms|ThreadId(2)] [RsiftPlatformBridge] apply error: ClassNotFoundException: net.minecraft.core.registries.BuiltInRegistries
[3200|t+19702ms|ThreadId(2)] [RsiftPlatformBridge] apply error: ClassNotFoundException: net.minecraft.core.registries.BuiltInRegistries
[3201|t+19703ms|ThreadId(2)] [RsiftPlatformBridge] apply error: ClassNotFoundException: net.minecraft.core.registries.BuiltInRegistries
[3202|t+20009ms|ThreadId(2)] [RsiftPlatformBridge] apply error: ClassNotFoundException: net.minecraft.core.registries.BuiltInRegistries
[3203|t+20010ms|ThreadId(2)] [RsiftPlatformBridge] apply error: ClassNotFoundException: net.minecraft.core.registries.BuiltInRegistries
[3204|t+20315ms|ThreadId(2)] [RsiftPlatformBridge] apply error: ClassNotFoundException: net.minecraft.core.registries.BuiltInRegistries
[3205|t+20316ms|ThreadId(2)] [RsiftPlatformBridge] apply error: ClassNotFoundException: net.minecraft.core.registries.BuiltInRegistries
[3206|t+20622ms|ThreadId(2)] [RsiftPlatformBridge] apply error: ClassNotFoundException: net.minecraft.core.registries.BuiltInRegistries
[3207|t+20623ms|ThreadId(2)] [RsiftPlatformBridge] apply error: ClassNotFoundException: net.minecraft.core.registries.BuiltInRegistries
[3208|t+20928ms|ThreadId(2)] [RsiftPlatformBridge] apply error: ClassNotFoundException: net.minecraft.core.registries.BuiltInRegistries
[3209|t+20929ms|ThreadId(2)] [RsiftPlatformBridge] apply error: ClassNotFoundException: net.minecraft.core.registries.BuiltInRegistries
[3210|t+21234ms|ThreadId(2)] [RsiftPlatformBridge] apply error: ClassNotFoundException: net.minecraft.core.registries.BuiltInRegistries
[3211|t+21235ms|ThreadId(2)] [RsiftPlatformBridge] apply error: ClassNotFoundException: net.minecraft.core.registries.BuiltInRegistries
[3212|t+21541ms|ThreadId(2)] [RsiftPlatformBridge] apply error: ClassNotFoundException: net.minecraft.core.registries.BuiltInRegistries
[3213|t+21543ms|ThreadId(2)] [RsiftPlatformBridge] apply error: ClassNotFoundException: net.minecraft.core.registries.BuiltInRegistries
[3214|t+21865ms|ThreadId(2)] [RsiftPlatformBridge] apply error: ClassNotFoundException: net.minecraft.core.registries.BuiltInRegistries
[3215|t+21866ms|ThreadId(2)] [RsiftPlatformBridge] apply error: ClassNotFoundException: net.minecraft.core.registries.BuiltInRegistries
[3216|t+22171ms|ThreadId(2)] [RsiftPlatformBridge] apply error: ClassNotFoundException: net.minecraft.core.registries.BuiltInRegistries
[3217|t+22172ms|ThreadId(2)] [RsiftPlatformBridge] apply error: ClassNotFoundException: net.minecraft.core.registries.BuiltInRegistries
[3218|t+22478ms|ThreadId(2)] [RsiftPlatformBridge] apply error: ClassNotFoundException: net.minecraft.core.registries.BuiltInRegistries
[3219|t+22479ms|ThreadId(2)] [RsiftPlatformBridge] apply error: ClassNotFoundException: net.minecraft.core.registries.BuiltInRegistries
[3220|t+22784ms|ThreadId(2)] [RsiftPlatformBridge] apply error: ClassNotFoundException: net.minecraft.core.registries.BuiltInRegistries
[3221|t+22785ms|ThreadId(2)] [RsiftPlatformBridge] apply error: ClassNotFoundException: net.minecraft.core.registries.BuiltInRegistries
[3222|t+23090ms|ThreadId(2)] [RsiftPlatformBridge] apply error: ClassNotFoundException: net.minecraft.core.registries.BuiltInRegistries
[3223|t+23091ms|ThreadId(2)] [RsiftPlatformBridge] apply error: ClassNotFoundException: net.minecraft.core.registries.BuiltInRegistries
[3224|t+23397ms|ThreadId(2)] [RsiftPlatformBridge] apply error: ClassNotFoundException: net.minecraft.core.registries.BuiltInRegistries
[3225|t+23397ms|ThreadId(2)] [RsiftPlatformBridge] apply error: ClassNotFoundException: net.minecraft.core.registries.BuiltInRegistries
[3226|t+23701ms|ThreadId(2)] [RsiftPlatformBridge] apply error: ClassNotFoundException: net.minecraft.core.registries.BuiltInRegistries
[3227|t+23702ms|ThreadId(2)] [RsiftPlatformBridge] apply error: ClassNotFoundException: net.minecraft.core.registries.BuiltInRegistries
[3228|t+24008ms|ThreadId(2)] [RsiftPlatformBridge] apply error: ClassNotFoundException: net.minecraft.core.registries.BuiltInRegistries
[3229|t+24008ms|ThreadId(2)] [RsiftPlatformBridge] apply error: ClassNotFoundException: net.minecraft.core.registries.BuiltInRegistries
[3230|t+24315ms|ThreadId(2)] [RsiftPlatformBridge] apply error: ClassNotFoundException: net.minecraft.core.registries.BuiltInRegistries
[3231|t+24316ms|ThreadId(2)] [RsiftPlatformBridge] apply error: ClassNotFoundException: net.minecraft.core.registries.BuiltInRegistries
[3232|t+24621ms|ThreadId(2)] [RsiftPlatformBridge] apply error: ClassNotFoundException: net.minecraft.core.registries.BuiltInRegistries
[3233|t+24621ms|ThreadId(2)] [RsiftPlatformBridge] apply error: ClassNotFoundException: net.minecraft.core.registries.BuiltInRegistries
[3234|t+24926ms|ThreadId(2)] [RsiftPlatformBridge] apply error: ClassNotFoundException: net.minecraft.core.registries.BuiltInRegistries
[3235|t+24927ms|ThreadId(2)] [RsiftPlatformBridge] apply error: ClassNotFoundException: net.minecraft.core.registries.BuiltInRegistries
[3236|t+25233ms|ThreadId(2)] [RsiftPlatformBridge] apply error: ClassNotFoundException: net.minecraft.core.registries.BuiltInRegistries
[3237|t+25234ms|ThreadId(2)] [RsiftPlatformBridge] apply error: ClassNotFoundException: net.minecraft.core.registries.BuiltInRegistries
[3238|t+25540ms|ThreadId(2)] [RsiftPlatformBridge] apply error: ClassNotFoundException: net.minecraft.core.registries.BuiltInRegistries
[3239|t+25541ms|ThreadId(2)] [RsiftPlatformBridge] apply error: ClassNotFoundException: net.minecraft.core.registries.BuiltInRegistries
[3240|t+25544ms|ThreadId(2)] [step] tick_loop — alive tick=120
[3241|t+25850ms|ThreadId(2)] [RsiftPlatformBridge] apply error: ClassNotFoundException: net.minecraft.core.registries.BuiltInRegistries
[3242|t+25851ms|ThreadId(2)] [RsiftPlatformBridge] apply error: ClassNotFoundException: net.minecraft.core.registries.BuiltInRegistries
[3243|t+26158ms|ThreadId(2)] [RsiftPlatformBridge] apply error: ClassNotFoundException: net.minecraft.core.registries.BuiltInRegistries
[3244|t+26159ms|ThreadId(2)] [RsiftPlatformBridge] apply error: ClassNotFoundException: net.minecraft.core.registries.BuiltInRegistries
[3245|t+26464ms|ThreadId(2)] [RsiftPlatformBridge] apply error: ClassNotFoundException: net.minecraft.core.registries.BuiltInRegistries
[3246|t+26466ms|ThreadId(2)] [RsiftPlatformBridge] apply error: ClassNotFoundException: net.minecraft.core.registries.BuiltInRegistries
[3247|t+26772ms|ThreadId(2)] [RsiftPlatformBridge] apply error: ClassNotFoundException: net.minecraft.core.registries.BuiltInRegistries
[3248|t+26773ms|ThreadId(2)] [RsiftPlatformBridge] apply error: ClassNotFoundException: net.minecraft.core.registries.BuiltInRegistries
[3249|t+27078ms|ThreadId(2)] [RsiftPlatformBridge] apply error: ClassNotFoundException: net.minecraft.core.registries.BuiltInRegistries
[3250|t+27080ms|ThreadId(2)] [RsiftPlatformBridge] apply error: ClassNotFoundException: net.minecraft.core.registries.BuiltInRegistries
[3251|t+27386ms|ThreadId(2)] [RsiftPlatformBridge] apply error: ClassNotFoundException: net.minecraft.core.registries.BuiltInRegistries
[3252|t+27387ms|ThreadId(2)] [RsiftPlatformBridge] apply error: ClassNotFoundException: net.minecraft.core.registries.BuiltInRegistries
[3253|t+27692ms|ThreadId(2)] [RsiftPlatformBridge] apply error: ClassNotFoundException: net.minecraft.core.registries.BuiltInRegistries
[3254|t+27693ms|ThreadId(2)] [RsiftPlatformBridge] apply error: ClassNotFoundException: net.minecraft.core.registries.BuiltInRegistries
[3255|t+27998ms|ThreadId(2)] [RsiftPlatformBridge] apply error: ClassNotFoundException: net.minecraft.core.registries.BuiltInRegistries
[3256|t+27999ms|ThreadId(2)] [RsiftPlatformBridge] apply error: ClassNotFoundException: net.minecraft.core.registries.BuiltInRegistries
[3257|t+28304ms|ThreadId(2)] [RsiftPlatformBridge] apply error: ClassNotFoundException: net.minecraft.core.registries.BuiltInRegistries
[3258|t+28305ms|ThreadId(2)] [RsiftPlatformBridge] apply error: ClassNotFoundException: net.minecraft.core.registries.BuiltInRegistries
[3259|t+28610ms|ThreadId(2)] [RsiftPlatformBridge] apply error: ClassNotFoundException: net.minecraft.core.registries.BuiltInRegistries
[3260|t+28610ms|ThreadId(2)] [RsiftPlatformBridge] apply error: ClassNotFoundException: net.minecraft.core.registries.BuiltInRegistries
[3261|t+28914ms|ThreadId(2)] [step] screen_check — obf=gsd mojmap=net.minecraft.client.gui.screens.TitleScreen → injecting
[3262|t+28916ms|ThreadId(2)] [RsiftPlatformBridge] apply error: ClassNotFoundException: net.minecraft.core.registries.BuiltInRegistries
[3263|t+28917ms|ThreadId(2)] [RsiftPlatformBridge] apply error: ClassNotFoundException: net.minecraft.core.registries.BuiltInRegistries
[3264|t+28930ms|ThreadId(1)] [RsiftScreenHooks] injectCurrentScreen failed: gfj.screen()
[3265|t+28935ms|ThreadId(2)] [step] screen_check — obf=gsd mojmap=net.minecraft.client.gui.screens.TitleScreen → injecting
[3266|t+28954ms|ThreadId(2)] [step] screen_check — obf=gsd mojmap=net.minecraft.client.gui.screens.TitleScreen → injecting
[3267|t+28958ms|ThreadId(1)] [RsiftScreenHooks] injectCurrentScreen failed: gfj.screen()
[3268|t+28959ms|ThreadId(1)] [RsiftScreenHooks] injectCurrentScreen failed: gfj.screen()
[3269|t+28972ms|ThreadId(2)] [step] screen_check — obf=gsd mojmap=net.minecraft.client.gui.screens.TitleScreen → injecting
[3270|t+28975ms|ThreadId(1)] [RsiftScreenHooks] injectCurrentScreen failed: gfj.screen()
[3271|t+29225ms|ThreadId(2)] [step] screen_check — obf=gsd mojmap=net.minecraft.client.gui.screens.TitleScreen → injecting
[3272|t+29226ms|ThreadId(2)] [RsiftPlatformBridge] apply error: ClassNotFoundException: net.minecraft.core.registries.BuiltInRegistries
[3273|t+29226ms|ThreadId(2)] [RsiftPlatformBridge] apply error: ClassNotFoundException: net.minecraft.core.registries.BuiltInRegistries
[3274|t+29244ms|ThreadId(2)] [step] screen_check — obf=gsd mojmap=net.minecraft.client.gui.screens.TitleScreen → injecting
[3275|t+29263ms|ThreadId(2)] [step] screen_check — obf=gsd mojmap=net.minecraft.client.gui.screens.TitleScreen → injecting
[3276|t+29281ms|ThreadId(2)] [step] screen_check — obf=gsd mojmap=net.minecraft.client.gui.screens.TitleScreen → injecting
[3277|t+29489ms|ThreadId(1)] [RsiftScreenHooks] injectCurrentScreen failed: gfj.screen()
[3278|t+29489ms|ThreadId(1)] [RsiftScreenHooks] injectCurrentScreen failed: gfj.screen()
[3279|t+29490ms|ThreadId(1)] [RsiftScreenHooks] injectCurrentScreen failed: gfj.screen()
[3280|t+29490ms|ThreadId(1)] [RsiftScreenHooks] injectCurrentScreen failed: gfj.screen()
[3281|t+29533ms|ThreadId(2)] [step] screen_check — obf=gsd mojmap=net.minecraft.client.gui.screens.TitleScreen → injecting
[3282|t+29534ms|ThreadId(2)] [RsiftPlatformBridge] apply error: ClassNotFoundException: net.minecraft.core.registries.BuiltInRegistries[3283|t+29534ms|ThreadId(1)] [RsiftScreenHooks] injectCurrentScreen failed: gfj.screen()

[3284|t+29535ms|ThreadId(2)] [RsiftPlatformBridge] apply error: ClassNotFoundException: net.minecraft.core.registries.BuiltInRegistries
[3285|t+29553ms|ThreadId(2)] [step] screen_check — obf=gsd mojmap=net.minecraft.client.gui.screens.TitleScreen → injecting
[3286|t+29568ms|ThreadId(1)] [RsiftScreenHooks] injectCurrentScreen failed: gfj.screen()
[3287|t+29571ms|ThreadId(2)] [step] screen_check — obf=gsd mojmap=net.minecraft.client.gui.screens.TitleScreen → injecting
[3288|t+29585ms|ThreadId(1)] [RsiftScreenHooks] injectCurrentScreen failed: gfj.screen()
[3289|t+29589ms|ThreadId(2)] [step] screen_check — obf=gsd mojmap=net.minecraft.client.gui.screens.TitleScreen → injecting
[3290|t+29613ms|ThreadId(1)] [RsiftScreenHooks] injectCurrentScreen failed: gfj.screen()
[3291|t+29841ms|ThreadId(2)] [step] screen_check — obf=gsd mojmap=net.minecraft.client.gui.screens.TitleScreen → injecting
[3292|t+29841ms|ThreadId(2)] [RsiftPlatformBridge] apply error: ClassNotFoundException: net.minecraft.core.registries.BuiltInRegistries
[3293|t+29842ms|ThreadId(2)] [RsiftPlatformBridge] apply error: ClassNotFoundException: net.minecraft.core.registries.BuiltInRegistries
[3294|t+29860ms|ThreadId(2)] [step] screen_check — obf=gsd mojmap=net.minecraft.client.gui.screens.TitleScreen → injecting
[3295|t+29868ms|ThreadId(1)] [RsiftScreenHooks] injectCurrentScreen failed: gfj.screen()
[3296|t+29869ms|ThreadId(1)] [RsiftScreenHooks] injectCurrentScreen failed: gfj.screen()
[3297|t+29878ms|ThreadId(2)] [step] screen_check — obf=gsd mojmap=net.minecraft.client.gui.screens.TitleScreen → injecting
[3298|t+29889ms|ThreadId(1)] [RsiftScreenHooks] injectCurrentScreen failed: gfj.screen()
[3299|t+29896ms|ThreadId(2)] [step] screen_check — obf=gsd mojmap=net.minecraft.client.gui.screens.TitleScreen → injecting
[3300|t+29905ms|ThreadId(1)] [RsiftScreenHooks] injectCurrentScreen failed: gfj.screen()
[3301|t+30148ms|ThreadId(2)] [step] screen_check — obf=gsd mojmap=net.minecraft.client.gui.screens.TitleScreen → injecting
[3302|t+30149ms|ThreadId(2)] [RsiftPlatformBridge] apply error: ClassNotFoundException: net.minecraft.core.registries.BuiltInRegistries
[3303|t+30149ms|ThreadId(2)] [RsiftPlatformBridge] apply error: ClassNotFoundException: net.minecraft.core.registries.BuiltInRegistries
[3304|t+30155ms|ThreadId(1)] [RsiftScreenHooks] injectCurrentScreen failed: gfj.screen()
[3305|t+30167ms|ThreadId(2)] [step] screen_check — obf=gsd mojmap=net.minecraft.client.gui.screens.TitleScreen → injecting
[3306|t+30172ms|ThreadId(1)] [RsiftScreenHooks] injectCurrentScreen failed: gfj.screen()
[3307|t+30185ms|ThreadId(2)] [step] screen_check — obf=gsd mojmap=net.minecraft.client.gui.screens.TitleScreen → injecting
[3308|t+30203ms|ThreadId(1)] [RsiftScreenHooks] injectCurrentScreen failed: gfj.screen()
[3309|t+30203ms|ThreadId(2)] [step] screen_check — obf=gsd mojmap=net.minecraft.client.gui.screens.TitleScreen → injecting
[3310|t+30223ms|ThreadId(1)] [RsiftScreenHooks] injectCurrentScreen failed: gfj.screen()
[3311|t+30455ms|ThreadId(2)] [step] screen_check — obf=gsd mojmap=net.minecraft.client.gui.screens.TitleScreen → injecting
[3312|t+30456ms|ThreadId(2)] [RsiftPlatformBridge] apply error: ClassNotFoundException: net.minecraft.core.registries.BuiltInRegistries
[3313|t+30457ms|ThreadId(2)] [RsiftPlatformBridge] apply error: ClassNotFoundException: net.minecraft.core.registries.BuiltInRegistries
[3314|t+30472ms|ThreadId(1)] [RsiftScreenHooks] injectCurrentScreen failed: gfj.screen()
[3315|t+30475ms|ThreadId(2)] [step] screen_check — obf=gsd mojmap=net.minecraft.client.gui.screens.TitleScreen → injecting
[3316|t+30489ms|ThreadId(1)] [RsiftScreenHooks] injectCurrentScreen failed: gfj.screen()
[3317|t+30493ms|ThreadId(2)] [step] screen_check — obf=gsd mojmap=net.minecraft.client.gui.screens.TitleScreen → injecting
[3318|t+30506ms|ThreadId(1)] [RsiftScreenHooks] injectCurrentScreen failed: gfj.screen()
[3319|t+30511ms|ThreadId(2)] [step] screen_check — obf=gsd mojmap=net.minecraft.client.gui.screens.TitleScreen → injecting
[3320|t+30543ms|ThreadId(1)] [RsiftScreenHooks] injectCurrentScreen failed: gfj.screen()
[3321|t+30763ms|ThreadId(2)] [step] screen_check — obf=gsd mojmap=net.minecraft.client.gui.screens.TitleScreen → injecting
[3322|t+30763ms|ThreadId(2)] [RsiftPlatformBridge] apply error: ClassNotFoundException: net.minecraft.core.registries.BuiltInRegistries
[3323|t+30764ms|ThreadId(2)] [RsiftPlatformBridge] apply error: ClassNotFoundException: net.minecraft.core.registries.BuiltInRegistries
[3324|t+30782ms|ThreadId(2)] [step] screen_check — obf=gsd mojmap=net.minecraft.client.gui.screens.TitleScreen → injecting
[3325|t+30788ms|ThreadId(1)] [RsiftScreenHooks] injectCurrentScreen failed: gfj.screen()
[3326|t+30789ms|ThreadId(1)] [RsiftScreenHooks] injectCurrentScreen failed: gfj.screen()
[3327|t+30800ms|ThreadId(2)] [step] screen_check — obf=gsd mojmap=net.minecraft.client.gui.screens.TitleScreen → injecting
[3328|t+30805ms|ThreadId(1)] [RsiftScreenHooks] injectCurrentScreen failed: gfj.screen()
[3329|t+30818ms|ThreadId(2)] [step] screen_check — obf=gsd mojmap=net.minecraft.client.gui.screens.TitleScreen → injecting
[3330|t+30822ms|ThreadId(1)] [RsiftScreenHooks] injectCurrentScreen failed: gfj.screen()
[3331|t+31071ms|ThreadId(2)] [step] screen_check — obf=gsd mojmap=net.minecraft.client.gui.screens.TitleScreen → injecting
[3332|t+31072ms|ThreadId(2)] [RsiftPlatformBridge] apply error: ClassNotFoundException: net.minecraft.core.registries.BuiltInRegistries
[3333|t+31072ms|ThreadId(2)] [RsiftPlatformBridge] apply error: ClassNotFoundException: net.minecraft.core.registries.BuiltInRegistries
[3334|t+31075ms|ThreadId(1)] [RsiftScreenHooks] injectCurrentScreen failed: gfj.screen()
[3335|t+31090ms|ThreadId(2)] [step] screen_check — obf=gsd mojmap=net.minecraft.client.gui.screens.TitleScreen → injecting
[3336|t+31104ms|ThreadId(1)] [RsiftScreenHooks] injectCurrentScreen failed: gfj.screen()
[3337|t+31107ms|ThreadId(2)] [step] screen_check — obf=gsd mojmap=net.minecraft.client.gui.screens.TitleScreen → injecting
[3338|t+31121ms|ThreadId(1)] [RsiftScreenHooks] injectCurrentScreen failed: gfj.screen()
[3339|t+31125ms|ThreadId(2)] [step] screen_check — obf=gsd mojmap=net.minecraft.client.gui.screens.TitleScreen → injecting
[3340|t+31137ms|ThreadId(1)] [RsiftScreenHooks] injectCurrentScreen failed: gfj.screen()
[3341|t+31377ms|ThreadId(2)] [step] screen_check — obf=gsd mojmap=net.minecraft.client.gui.screens.TitleScreen → injecting
[3342|t+31378ms|ThreadId(2)] [RsiftPlatformBridge] apply error: ClassNotFoundException: net.minecraft.core.registries.BuiltInRegistries
[3343|t+31378ms|ThreadId(2)] [RsiftPlatformBridge] apply error: ClassNotFoundException: net.minecraft.core.registries.BuiltInRegistries
[3344|t+31389ms|ThreadId(1)] [RsiftScreenHooks] injectCurrentScreen failed: gfj.screen()
[3345|t+31397ms|ThreadId(2)] [step] screen_check — obf=gsd mojmap=net.minecraft.client.gui.screens.TitleScreen → injecting
[3346|t+31406ms|ThreadId(1)] [RsiftScreenHooks] injectCurrentScreen failed: gfj.screen()
[3347|t+31415ms|ThreadId(2)] [step] screen_check — obf=gsd mojmap=net.minecraft.client.gui.screens.TitleScreen → injecting
[3348|t+31445ms|ThreadId(2)] [step] title_marker — window title set: Minecraft* 1.21.11 - Rsift (RsGraphics Render)
[3349|t+31446ms|ThreadId(2)] [step] screen_check — obf=gsd mojmap=net.minecraft.client.gui.screens.TitleScreen → injecting
[3350|t+31446ms|ThreadId(1)] [RsiftScreenHooks] injectCurrentScreen failed: gfj.screen()
[3351|t+31447ms|ThreadId(1)] [RsiftScreenHooks] injectCurrentScreen failed: gfj.screen()
[3352|t+31698ms|ThreadId(2)] [step] screen_check — obf=gsd mojmap=net.minecraft.client.gui.screens.TitleScreen → injecting
[3353|t+31698ms|ThreadId(2)] [RsiftPlatformBridge] apply error: ClassNotFoundException: net.minecraft.core.registries.BuiltInRegistries
[3354|t+31699ms|ThreadId(2)] [RsiftPlatformBridge] apply error: ClassNotFoundException: net.minecraft.core.registries.BuiltInRegistries
[3355|t+31704ms|ThreadId(1)] [RsiftScreenHooks] injectCurrentScreen failed: gfj.screen()
[3356|t+31718ms|ThreadId(2)] [step] screen_check — obf=gsd mojmap=net.minecraft.client.gui.screens.TitleScreen → injecting
[3357|t+31722ms|ThreadId(1)] [RsiftScreenHooks] injectCurrentScreen failed: gfj.screen()
[3358|t+31736ms|ThreadId(2)] [step] screen_check — obf=gsd mojmap=net.minecraft.client.gui.screens.TitleScreen → injecting
[3359|t+31740ms|ThreadId(1)] [RsiftScreenHooks] injectCurrentScreen failed: gfj.screen()
[3360|t+31755ms|ThreadId(2)] [step] screen_check — obf=gsd mojmap=net.minecraft.client.gui.screens.TitleScreen → injecting
[3361|t+31757ms|ThreadId(1)] [RsiftScreenHooks] injectCurrentScreen failed: gfj.screen()
[3362|t+32007ms|ThreadId(2)] [step] screen_check — obf=gsd mojmap=net.minecraft.client.gui.screens.TitleScreen → injecting
[3363|t+32008ms|ThreadId(2)] [RsiftPlatformBridge] apply error: ClassNotFoundException: net.minecraft.core.registries.BuiltInRegistries
[3365|t+32008ms|ThreadId(2)] [RsiftPlatformBridge] apply error: ClassNotFoundException: net.minecraft.core.registries.BuiltInRegistries
[3364|t+32008ms|ThreadId(1)] [RsiftScreenHooks] injectCurrentScreen failed: gfj.screen()
[3366|t+32026ms|ThreadId(2)] [step] screen_check — obf=gsd mojmap=net.minecraft.client.gui.screens.TitleScreen → injecting
[3367|t+32039ms|ThreadId(1)] [RsiftScreenHooks] injectCurrentScreen failed: gfj.screen()
[3368|t+32044ms|ThreadId(2)] [step] screen_check — obf=gsd mojmap=net.minecraft.client.gui.screens.TitleScreen → injecting
[3369|t+32056ms|ThreadId(1)] [RsiftScreenHooks] injectCurrentScreen failed: gfj.screen()
[3370|t+32062ms|ThreadId(2)] [step] screen_check — obf=gsd mojmap=net.minecraft.client.gui.screens.TitleScreen → injecting
[3371|t+32073ms|ThreadId(1)] [RsiftScreenHooks] injectCurrentScreen failed: gfj.screen()
[3372|t+32315ms|ThreadId(2)] [step] screen_check — obf=gsd mojmap=net.minecraft.client.gui.screens.TitleScreen → injecting
[3373|t+32316ms|ThreadId(2)] [RsiftPlatformBridge] apply error: ClassNotFoundException: net.minecraft.core.registries.BuiltInRegistries
[3374|t+32316ms|ThreadId(2)] [RsiftPlatformBridge] apply error: ClassNotFoundException: net.minecraft.core.registries.BuiltInRegistries
[3375|t+32324ms|ThreadId(1)] [RsiftScreenHooks] injectCurrentScreen failed: gfj.screen()
[3376|t+32334ms|ThreadId(2)] [step] screen_check — obf=gsd mojmap=net.minecraft.client.gui.screens.TitleScreen → injecting
[3377|t+32341ms|ThreadId(1)] [RsiftScreenHooks] injectCurrentScreen failed: gfj.screen()
[3378|t+32352ms|ThreadId(2)] [step] screen_check — obf=gsd mojmap=net.minecraft.client.gui.screens.TitleScreen → injecting
[3379|t+32370ms|ThreadId(2)] [step] screen_check — obf=gsd mojmap=net.minecraft.client.gui.screens.TitleScreen → injecting
[3380|t+32372ms|ThreadId(1)] [RsiftScreenHooks] injectCurrentScreen failed: gfj.screen()
[3381|t+32373ms|ThreadId(1)] [RsiftScreenHooks] injectCurrentScreen failed: gfj.screen()
[3382|t+32623ms|ThreadId(2)] [step] screen_check — obf=gsd mojmap=net.minecraft.client.gui.screens.TitleScreen → injecting
[3383|t+32624ms|ThreadId(2)] [RsiftPlatformBridge] apply error: ClassNotFoundException: net.minecraft.core.registries.BuiltInRegistries
[3384|t+32625ms|ThreadId(2)] [RsiftPlatformBridge] apply error: ClassNotFoundException: net.minecraft.core.registries.BuiltInRegistries
[3385|t+32632ms|ThreadId(1)] [RsiftScreenHooks] injectCurrentScreen failed: gfj.screen()
[3386|t+32642ms|ThreadId(2)] [step] screen_check — obf=gsd mojmap=net.minecraft.client.gui.screens.TitleScreen → injecting
[3387|t+32649ms|ThreadId(1)] [RsiftScreenHooks] injectCurrentScreen failed: gfj.screen()
[3388|t+32660ms|ThreadId(2)] [step] screen_check — obf=gsd mojmap=net.minecraft.client.gui.screens.TitleScreen → injecting
[3389|t+32677ms|ThreadId(1)] [RsiftScreenHooks] injectCurrentScreen failed: gfj.screen()
[3390|t+32678ms|ThreadId(2)] [step] screen_check — obf=gsd mojmap=net.minecraft.client.gui.screens.TitleScreen → injecting
[3391|t+32693ms|ThreadId(1)] [RsiftScreenHooks] injectCurrentScreen failed: gfj.screen()
[3392|t+32930ms|ThreadId(2)] [step] screen_check — obf=gsd mojmap=net.minecraft.client.gui.screens.TitleScreen → injecting
[3393|t+32931ms|ThreadId(2)] [RsiftPlatformBridge] apply error: ClassNotFoundException: net.minecraft.core.registries.BuiltInRegistries
[3394|t+32932ms|ThreadId(2)] [RsiftPlatformBridge] apply error: ClassNotFoundException: net.minecraft.core.registries.BuiltInRegistries
[3395|t+32940ms|ThreadId(1)] [RsiftScreenHooks] injectCurrentScreen failed: gfj.screen()
[3396|t+32950ms|ThreadId(2)] [step] screen_check — obf=gsd mojmap=net.minecraft.client.gui.screens.TitleScreen → injecting
[3397|t+32957ms|ThreadId(1)] [RsiftScreenHooks] injectCurrentScreen failed: gfj.screen()
[3398|t+32968ms|ThreadId(2)] [step] screen_check — obf=gsd mojmap=net.minecraft.client.gui.screens.TitleScreen → injecting
[3399|t+32974ms|ThreadId(1)] [RsiftScreenHooks] injectCurrentScreen failed: gfj.screen()
[3400|t+32986ms|ThreadId(2)] [step] screen_check — obf=gsd mojmap=net.minecraft.client.gui.screens.TitleScreen → injecting
[3401|t+33006ms|ThreadId(1)] [RsiftScreenHooks] injectCurrentScreen failed: gfj.screen()
[3402|t+33239ms|ThreadId(2)] [step] screen_check — obf=gsd mojmap=net.minecraft.client.gui.screens.TitleScreen → injecting
[3403|t+33240ms|ThreadId(2)] [RsiftPlatformBridge] apply error: ClassNotFoundException: net.minecraft.core.registries.BuiltInRegistries
[3404|t+33241ms|ThreadId(2)] [RsiftPlatformBridge] apply error: ClassNotFoundException: net.minecraft.core.registries.BuiltInRegistries
[3405|t+33243ms|ThreadId(1)] [RsiftScreenHooks] injectCurrentScreen failed: gfj.screen()
[3406|t+33258ms|ThreadId(2)] [step] screen_check — obf=gsd mojmap=net.minecraft.client.gui.screens.TitleScreen → injecting
[3407|t+33260ms|ThreadId(1)] [RsiftScreenHooks] injectCurrentScreen failed: gfj.screen()
[3408|t+33276ms|ThreadId(2)] [step] screen_check — obf=gsd mojmap=net.minecraft.client.gui.screens.TitleScreen → injecting
[3409|t+33294ms|ThreadId(1)] [RsiftScreenHooks] injectCurrentScreen failed: gfj.screen()
[3410|t+33295ms|ThreadId(2)] [step] screen_check — obf=gsd mojmap=net.minecraft.client.gui.screens.TitleScreen → injecting
[3411|t+33321ms|ThreadId(1)] [RsiftScreenHooks] injectCurrentScreen failed: gfj.screen()
[3412|t+33547ms|ThreadId(2)] [step] screen_check — obf=gsd mojmap=net.minecraft.client.gui.screens.TitleScreen → injecting
[3413|t+33547ms|ThreadId(2)] [RsiftPlatformBridge] apply error: ClassNotFoundException: net.minecraft.core.registries.BuiltInRegistries
[3414|t+33548ms|ThreadId(2)] [RsiftPlatformBridge] apply error: ClassNotFoundException: net.minecraft.core.registries.BuiltInRegistries
[3415|t+33555ms|ThreadId(1)] [RsiftScreenHooks] injectCurrentScreen failed: gfj.screen()
[3416|t+33566ms|ThreadId(2)] [step] screen_check — obf=gsd mojmap=net.minecraft.client.gui.screens.TitleScreen → injecting
[3417|t+33577ms|ThreadId(1)] [RsiftScreenHooks] injectCurrentScreen failed: gfj.screen()
[3418|t+33585ms|ThreadId(2)] [step] screen_check — obf=gsd mojmap=net.minecraft.client.gui.screens.TitleScreen → injecting
[3419|t+33594ms|ThreadId(1)] [RsiftScreenHooks] injectCurrentScreen failed: gfj.screen()
[3420|t+33603ms|ThreadId(2)] [step] screen_check — obf=gsd mojmap=net.minecraft.client.gui.screens.TitleScreen → injecting
[3421|t+33610ms|ThreadId(1)] [RsiftScreenHooks] injectCurrentScreen failed: gfj.screen()
[3422|t+33854ms|ThreadId(2)] [step] screen_check — obf=gsd mojmap=net.minecraft.client.gui.screens.TitleScreen → injecting
[3423|t+33855ms|ThreadId(2)] [RsiftPlatformBridge] apply error: ClassNotFoundException: net.minecraft.core.registries.BuiltInRegistries
[3424|t+33856ms|ThreadId(2)] [RsiftPlatformBridge] apply error: ClassNotFoundException: net.minecraft.core.registries.BuiltInRegistries
[3425|t+33874ms|ThreadId(2)] [step] screen_check — obf=gsd mojmap=net.minecraft.client.gui.screens.TitleScreen → injecting
[3426|t+33881ms|ThreadId(1)] [RsiftScreenHooks] injectCurrentScreen failed: gfj.screen()
[3427|t+33881ms|ThreadId(1)] [RsiftScreenHooks] injectCurrentScreen failed: gfj.screen()
[3428|t+33892ms|ThreadId(2)] [step] screen_check — obf=gsd mojmap=net.minecraft.client.gui.screens.TitleScreen → injecting
[3429|t+33897ms|ThreadId(1)] [RsiftScreenHooks] injectCurrentScreen failed: gfj.screen()
[3430|t+33910ms|ThreadId(2)] [step] screen_check — obf=gsd mojmap=net.minecraft.client.gui.screens.TitleScreen → injecting
[3431|t+33914ms|ThreadId(1)] [RsiftScreenHooks] injectCurrentScreen failed: gfj.screen()
[3432|t+34162ms|ThreadId(2)] [step] screen_check — obf=gsd mojmap=net.minecraft.client.gui.screens.TitleScreen → injecting
[3433|t+34163ms|ThreadId(2)] [RsiftPlatformBridge] apply error: ClassNotFoundException: net.minecraft.core.registries.BuiltInRegistries
[3434|t+34163ms|ThreadId(2)] [RsiftPlatformBridge] apply error: ClassNotFoundException: net.minecraft.core.registries.BuiltInRegistries
[3435|t+34181ms|ThreadId(2)] [step] screen_check — obf=gsd mojmap=net.minecraft.client.gui.screens.TitleScreen → injecting
[3436|t+34192ms|ThreadId(1)] [RsiftScreenHooks] injectCurrentScreen failed: gfj.screen()
[3437|t+34193ms|ThreadId(1)] [RsiftScreenHooks] injectCurrentScreen failed: gfj.screen()
[3438|t+34199ms|ThreadId(2)] [step] screen_check — obf=gsd mojmap=net.minecraft.client.gui.screens.TitleScreen → injecting
[3439|t+34209ms|ThreadId(1)] [RsiftScreenHooks] injectCurrentScreen failed: gfj.screen()
[3440|t+34217ms|ThreadId(2)] [step] screen_check — obf=gsd mojmap=net.minecraft.client.gui.screens.TitleScreen → injecting
[3441|t+34226ms|ThreadId(1)] [RsiftScreenHooks] injectCurrentScreen failed: gfj.screen()
[3442|t+34470ms|ThreadId(2)] [step] screen_check — obf=gsd mojmap=net.minecraft.client.gui.screens.TitleScreen → injecting
[3443|t+34471ms|ThreadId(2)] [RsiftPlatformBridge] apply error: ClassNotFoundException: net.minecraft.core.registries.BuiltInRegistries
[3444|t+34472ms|ThreadId(2)] [RsiftPlatformBridge] apply error: ClassNotFoundException: net.minecraft.core.registries.BuiltInRegistries
[3445|t+34478ms|ThreadId(1)] [RsiftScreenHooks] injectCurrentScreen failed: gfj.screen()
[3446|t+34489ms|ThreadId(2)] [step] screen_check — obf=gsd mojmap=net.minecraft.client.gui.screens.TitleScreen → injecting
[3448|t+34507ms|ThreadId(2)] [step] screen_check — obf=gsd mojmap=net.minecraft.client.gui.screens.TitleScreen → injecting
[3447|t+34507ms|ThreadId(1)] [RsiftScreenHooks] injectCurrentScreen failed: gfj.screen()
[3449|t+34508ms|ThreadId(1)] [RsiftScreenHooks] injectCurrentScreen failed: gfj.screen()
[3450|t+34525ms|ThreadId(2)] [step] screen_check — obf=gsd mojmap=net.minecraft.client.gui.screens.TitleScreen → injecting
[3451|t+34542ms|ThreadId(1)] [RsiftScreenHooks] injectCurrentScreen failed: gfj.screen()
[3452|t+34778ms|ThreadId(2)] [step] screen_check — obf=gsd mojmap=net.minecraft.client.gui.screens.TitleScreen → injecting
[3453|t+34778ms|ThreadId(2)] [RsiftPlatformBridge] apply error: ClassNotFoundException: net.minecraft.core.registries.BuiltInRegistries
[3454|t+34779ms|ThreadId(2)] [RsiftPlatformBridge] apply error: ClassNotFoundException: net.minecraft.core.registries.BuiltInRegistries
[3455|t+34780ms|ThreadId(2)] [step] tick_loop — alive tick=240
[3456|t+34782ms|ThreadId(1)] [RsiftScreenHooks] injectCurrentScreen failed: gfj.screen()
[3457|t+34798ms|ThreadId(2)] [step] screen_check — obf=gsd mojmap=net.minecraft.client.gui.screens.TitleScreen → injecting
[3458|t+34799ms|ThreadId(1)] [RsiftScreenHooks] injectCurrentScreen failed: gfj.screen()
[3459|t+34816ms|ThreadId(2)] [step] screen_check — obf=gsd mojmap=net.minecraft.client.gui.screens.TitleScreen → injecting
[3460|t+34828ms|ThreadId(1)] [RsiftScreenHooks] injectCurrentScreen failed: gfj.screen()
[3461|t+34834ms|ThreadId(2)] [step] screen_check — obf=gsd mojmap=net.minecraft.client.gui.screens.TitleScreen → injecting
[3462|t+34845ms|ThreadId(1)] [RsiftScreenHooks] injectCurrentScreen failed: gfj.screen()
[3463|t+35023ms|ThreadId(1)] [hook] render_flip fired (count=600)
[3464|t+35086ms|ThreadId(2)] [step] screen_check — obf=gsd mojmap=net.minecraft.client.gui.screens.TitleScreen → injecting
[3465|t+35087ms|ThreadId(2)] [RsiftPlatformBridge] apply error: ClassNotFoundException: net.minecraft.core.registries.BuiltInRegistries
[3466|t+35087ms|ThreadId(2)] [RsiftPlatformBridge] apply error: ClassNotFoundException: net.minecraft.core.registries.BuiltInRegistries
[3467|t+35098ms|ThreadId(1)] [RsiftScreenHooks] injectCurrentScreen failed: gfj.screen()
[3468|t+35105ms|ThreadId(2)] [step] screen_check — obf=gsd mojmap=net.minecraft.client.gui.screens.TitleScreen → injecting
[3469|t+35115ms|ThreadId(1)] [RsiftScreenHooks] injectCurrentScreen failed: gfj.screen()
[3470|t+35124ms|ThreadId(2)] [step] screen_check — obf=gsd mojmap=net.minecraft.client.gui.screens.TitleScreen → injecting
[3471|t+35142ms|ThreadId(2)] [step] screen_check — obf=gsd mojmap=net.minecraft.client.gui.screens.TitleScreen → injecting
[3472|t+35146ms|ThreadId(1)] [RsiftScreenHooks] injectCurrentScreen failed: gfj.screen()
[3473|t+35146ms|ThreadId(1)] [RsiftScreenHooks] injectCurrentScreen failed: gfj.screen()
[3474|t+35395ms|ThreadId(2)] [step] screen_check — obf=gsd mojmap=net.minecraft.client.gui.screens.TitleScreen → injecting
[3475|t+35395ms|ThreadId(2)] [RsiftPlatformBridge] apply error: ClassNotFoundException: net.minecraft.core.registries.BuiltInRegistries
[3476|t+35396ms|ThreadId(2)] [RsiftPlatformBridge] apply error: ClassNotFoundException: net.minecraft.core.registries.BuiltInRegistries
[3477|t+35410ms|ThreadId(1)] [RsiftScreenHooks] injectCurrentScreen failed: gfj.screen()
[3478|t+35414ms|ThreadId(2)] [step] screen_check — obf=gsd mojmap=net.minecraft.client.gui.screens.TitleScreen → injecting
[3479|t+35427ms|ThreadId(1)] [RsiftScreenHooks] injectCurrentScreen failed: gfj.screen()
[3480|t+35432ms|ThreadId(2)] [step] screen_check — obf=gsd mojmap=net.minecraft.client.gui.screens.TitleScreen → injecting
[3481|t+35445ms|ThreadId(1)] [RsiftScreenHooks] injectCurrentScreen failed: gfj.screen()
[3482|t+35451ms|ThreadId(2)] [step] screen_check — obf=gsd mojmap=net.minecraft.client.gui.screens.TitleScreen → injecting
[3483|t+35477ms|ThreadId(1)] [RsiftScreenHooks] injectCurrentScreen failed: gfj.screen()
[3484|t+35703ms|ThreadId(2)] [RsiftPlatformBridge] apply error: ClassNotFoundException: net.minecraft.core.registries.BuiltInRegistries
[3485|t+35703ms|ThreadId(2)] [RsiftPlatformBridge] apply error: ClassNotFoundException: net.minecraft.core.registries.BuiltInRegistries
[3486|t+36007ms|ThreadId(2)] [RsiftPlatformBridge] apply error: ClassNotFoundException: net.minecraft.core.registries.BuiltInRegistries
[3487|t+36008ms|ThreadId(2)] [RsiftPlatformBridge] apply error: ClassNotFoundException: net.minecraft.core.registries.BuiltInRegistries
[3488|t+36314ms|ThreadId(2)] [RsiftPlatformBridge] apply error: ClassNotFoundException: net.minecraft.core.registries.BuiltInRegistries
[3489|t+36316ms|ThreadId(2)] [RsiftPlatformBridge] apply error: ClassNotFoundException: net.minecraft.core.registries.BuiltInRegistries
[3490|t+36621ms|ThreadId(2)] [RsiftPlatformBridge] apply error: ClassNotFoundException: net.minecraft.core.registries.BuiltInRegistries
[3491|t+36622ms|ThreadId(2)] [RsiftPlatformBridge] apply error: ClassNotFoundException: net.minecraft.core.registries.BuiltInRegistries
[3492|t+36926ms|ThreadId(2)] [RsiftPlatformBridge] apply error: ClassNotFoundException: net.minecraft.core.registries.BuiltInRegistries
[3493|t+36927ms|ThreadId(2)] [RsiftPlatformBridge] apply error: ClassNotFoundException: net.minecraft.core.registries.BuiltInRegistries
[3494|t+37232ms|ThreadId(2)] [RsiftPlatformBridge] apply error: ClassNotFoundException: net.minecraft.core.registries.BuiltInRegistries
[3495|t+37233ms|ThreadId(2)] [RsiftPlatformBridge] apply error: ClassNotFoundException: net.minecraft.core.registries.BuiltInRegistries
[3496|t+37536ms|ThreadId(2)] [RsiftPlatformBridge] apply error: ClassNotFoundException: net.minecraft.core.registries.BuiltInRegistries
[3497|t+37537ms|ThreadId(2)] [RsiftPlatformBridge] apply error: ClassNotFoundException: net.minecraft.core.registries.BuiltInRegistries
[3498|t+37842ms|ThreadId(2)] [RsiftPlatformBridge] apply error: ClassNotFoundException: net.minecraft.core.registries.BuiltInRegistries
[3499|t+37843ms|ThreadId(2)] [RsiftPlatformBridge] apply error: ClassNotFoundException: net.minecraft.core.registries.BuiltInRegistries
[3500|t+38147ms|ThreadId(2)] [RsiftPlatformBridge] apply error: ClassNotFoundException: net.minecraft.core.registries.BuiltInRegistries
[3501|t+38148ms|ThreadId(2)] [RsiftPlatformBridge] apply error: ClassNotFoundException: net.minecraft.core.registries.BuiltInRegistries
[3502|t+38453ms|ThreadId(2)] [RsiftPlatformBridge] apply error: ClassNotFoundException: net.minecraft.core.registries.BuiltInRegistries
[3503|t+38453ms|ThreadId(2)] [RsiftPlatformBridge] apply error: ClassNotFoundException: net.minecraft.core.registries.BuiltInRegistries
[3504|t+38757ms|ThreadId(2)] [RsiftPlatformBridge] apply error: ClassNotFoundException: net.minecraft.core.registries.BuiltInRegistries
[3505|t+38758ms|ThreadId(2)] [RsiftPlatformBridge] apply error: ClassNotFoundException: net.minecraft.core.registries.BuiltInRegistries
[3506|t+39062ms|ThreadId(2)] [RsiftPlatformBridge] apply error: ClassNotFoundException: net.minecraft.core.registries.BuiltInRegistries
[3507|t+39063ms|ThreadId(2)] [RsiftPlatformBridge] apply error: ClassNotFoundException: net.minecraft.core.registries.BuiltInRegistries
[3508|t+39369ms|ThreadId(2)] [RsiftPlatformBridge] apply error: ClassNotFoundException: net.minecraft.core.registries.BuiltInRegistries
[3509|t+39370ms|ThreadId(2)] [RsiftPlatformBridge] apply error: ClassNotFoundException: net.minecraft.core.registries.BuiltInRegistries
[3510|t+39675ms|ThreadId(2)] [RsiftPlatformBridge] apply error: ClassNotFoundException: net.minecraft.core.registries.BuiltInRegistries
[3511|t+39676ms|ThreadId(2)] [RsiftPlatformBridge] apply error: ClassNotFoundException: net.minecraft.core.registries.BuiltInRegistries
[3512|t+39981ms|ThreadId(2)] [RsiftPlatformBridge] apply error: ClassNotFoundException: net.minecraft.core.registries.BuiltInRegistries
[3513|t+39982ms|ThreadId(2)] [RsiftPlatformBridge] apply error: ClassNotFoundException: net.minecraft.core.registries.BuiltInRegistries
[3514|t+40288ms|ThreadId(2)] [RsiftPlatformBridge] apply error: ClassNotFoundException: net.minecraft.core.registries.BuiltInRegistries
[3515|t+40289ms|ThreadId(2)] [RsiftPlatformBridge] apply error: ClassNotFoundException: net.minecraft.core.registries.BuiltInRegistries
[3516|t+40593ms|ThreadId(2)] [RsiftPlatformBridge] apply error: ClassNotFoundException: net.minecraft.core.registries.BuiltInRegistries
[3517|t+40594ms|ThreadId(2)] [RsiftPlatformBridge] apply error: ClassNotFoundException: net.minecraft.core.registries.BuiltInRegistries
[3518|t+40899ms|ThreadId(2)] [RsiftPlatformBridge] apply error: ClassNotFoundException: net.minecraft.core.registries.BuiltInRegistries
[3519|t+40900ms|ThreadId(2)] [RsiftPlatformBridge] apply error: ClassNotFoundException: net.minecraft.core.registries.BuiltInRegistries
[3520|t+41065ms|ThreadId(15)] [hook] network_packet fired (count=1)
[3521|t+41206ms|ThreadId(2)] [RsiftPlatformBridge] apply error: ClassNotFoundException: net.minecraft.core.registries.BuiltInRegistries
[3522|t+41207ms|ThreadId(2)] [RsiftPlatformBridge] apply error: ClassNotFoundException: net.minecraft.core.registries.BuiltInRegistries
[3523|t+41511ms|ThreadId(2)] [RsiftPlatformBridge] apply error: ClassNotFoundException: net.minecraft.core.registries.BuiltInRegistries
[3524|t+41512ms|ThreadId(2)] [RsiftPlatformBridge] apply error: ClassNotFoundException: net.minecraft.core.registries.BuiltInRegistries
[3525|t+41815ms|ThreadId(2)] [RsiftPlatformBridge] apply error: ClassNotFoundException: net.minecraft.core.registries.BuiltInRegistries
[3526|t+41816ms|ThreadId(2)] [RsiftPlatformBridge] apply error: ClassNotFoundException: net.minecraft.core.registries.BuiltInRegistries
[3527|t+42121ms|ThreadId(2)] [RsiftPlatformBridge] apply error: ClassNotFoundException: net.minecraft.core.registries.BuiltInRegistries
[3528|t+42122ms|ThreadId(2)] [RsiftPlatformBridge] apply error: ClassNotFoundException: net.minecraft.core.registries.BuiltInRegistries
[3529|t+42427ms|ThreadId(2)] [RsiftPlatformBridge] apply error: ClassNotFoundException: net.minecraft.core.registries.BuiltInRegistries
[3530|t+42428ms|ThreadId(2)] [RsiftPlatformBridge] apply error: ClassNotFoundException: net.minecraft.core.registries.BuiltInRegistries
[3531|t+42733ms|ThreadId(2)] [RsiftPlatformBridge] apply error: ClassNotFoundException: net.minecraft.core.registries.BuiltInRegistries
[3532|t+42734ms|ThreadId(2)] [RsiftPlatformBridge] apply error: ClassNotFoundException: net.minecraft.core.registries.BuiltInRegistries
[3533|t+43039ms|ThreadId(2)] [RsiftPlatformBridge] apply error: ClassNotFoundException: net.minecraft.core.registries.BuiltInRegistries
[3534|t+43040ms|ThreadId(2)] [RsiftPlatformBridge] apply error: ClassNotFoundException: net.minecraft.core.registries.BuiltInRegistries
[3535|t+43345ms|ThreadId(2)] [RsiftPlatformBridge] apply error: ClassNotFoundException: net.minecraft.core.registries.BuiltInRegistries
[3536|t+43346ms|ThreadId(2)] [RsiftPlatformBridge] apply error: ClassNotFoundException: net.minecraft.core.registries.BuiltInRegistries
[3537|t+43658ms|ThreadId(2)] [RsiftPlatformBridge] apply error: ClassNotFoundException: net.minecraft.core.registries.BuiltInRegistries
[3538|t+43659ms|ThreadId(2)] [RsiftPlatformBridge] apply error: ClassNotFoundException: net.minecraft.core.registries.BuiltInRegistries
[3539|t+43964ms|ThreadId(2)] [RsiftPlatformBridge] apply error: ClassNotFoundException: net.minecraft.core.registries.BuiltInRegistries
[3540|t+43964ms|ThreadId(2)] [RsiftPlatformBridge] apply error: ClassNotFoundException: net.minecraft.core.registries.BuiltInRegistries
[3541|t+43965ms|ThreadId(2)] [step] tick_loop — alive tick=360
[3542|t+44139ms|ThreadId(1)] [hook] mob_ai_step fired (count=1)
[3543|t+44275ms|ThreadId(2)] [RsiftPlatformBridge] apply error: ClassNotFoundException: net.minecraft.core.registries.BuiltInRegistries
[3544|t+44276ms|ThreadId(2)] [RsiftPlatformBridge] apply error: ClassNotFoundException: net.minecraft.core.registries.BuiltInRegistries
[3545|t+44299ms|ThreadId(15)] [hook] network_packet fired (count=600)
[3546|t+44602ms|ThreadId(2)] [RsiftPlatformBridge] apply error: ClassNotFoundException: net.minecraft.core.registries.BuiltInRegistries
[3547|t+44603ms|ThreadId(2)] [RsiftPlatformBridge] apply error: ClassNotFoundException: net.minecraft.core.registries.BuiltInRegistries
[3548|t+44908ms|ThreadId(2)] [RsiftPlatformBridge] apply error: ClassNotFoundException: net.minecraft.core.registries.BuiltInRegistries
[3549|t+44909ms|ThreadId(2)] [RsiftPlatformBridge] apply error: ClassNotFoundException: net.minecraft.core.registries.BuiltInRegistries
[3550|t+44985ms|ThreadId(15)] [hook] network_packet fired (count=1200)
[3551|t+45172ms|ThreadId(1)] [hook] mob_ai_step fired (count=600)
[3552|t+45219ms|ThreadId(2)] [RsiftPlatformBridge] apply error: ClassNotFoundException: net.minecraft.core.registries.BuiltInRegistries
[3553|t+45220ms|ThreadId(2)] [RsiftPlatformBridge] apply error: ClassNotFoundException: net.minecraft.core.registries.BuiltInRegistries
[3554|t+45529ms|ThreadId(15)] [hook] network_packet fired (count=1800)
[3555|t+45585ms|ThreadId(2)] [RsiftPlatformBridge] apply error: ClassNotFoundException: net.minecraft.core.registries.BuiltInRegistries
[3556|t+45586ms|ThreadId(2)] [RsiftPlatformBridge] apply error: ClassNotFoundException: net.minecraft.core.registries.BuiltInRegistries
[3557|t+45649ms|ThreadId(1)] [hook] mob_ai_step fired (count=1200)
[3558|t+45894ms|ThreadId(2)] [RsiftPlatformBridge] apply error: ClassNotFoundException: net.minecraft.core.registries.BuiltInRegistries
[3559|t+45895ms|ThreadId(2)] [RsiftPlatformBridge] apply error: ClassNotFoundException: net.minecraft.core.registries.BuiltInRegistries
[3560|t+45905ms|ThreadId(15)] [hook] network_packet fired (count=2400)
[3561|t+46178ms|ThreadId(1)] [hook] mob_ai_step fired (count=1800)
[3562|t+46253ms|ThreadId(2)] [RsiftPlatformBridge] apply error: ClassNotFoundException: net.minecraft.core.registries.BuiltInRegistries
[3563|t+46254ms|ThreadId(2)] [RsiftPlatformBridge] apply error: ClassNotFoundException: net.minecraft.core.registries.BuiltInRegistries
[3564|t+46282ms|ThreadId(15)] [hook] network_packet fired (count=3000)
[3565|t+46553ms|ThreadId(15)] [hook] network_packet fired (count=3600)
[3566|t+46563ms|ThreadId(2)] [RsiftPlatformBridge] apply error: ClassNotFoundException: net.minecraft.core.registries.BuiltInRegistries
[3567|t+46565ms|ThreadId(2)] [RsiftPlatformBridge] apply error: ClassNotFoundException: net.minecraft.core.registries.BuiltInRegistries
[3568|t+46687ms|ThreadId(1)] [hook] mob_ai_step fired (count=2400)
[3569|t+46797ms|ThreadId(15)] [hook] network_packet fired (count=4200)
[3570|t+46876ms|ThreadId(2)] [RsiftPlatformBridge] apply error: ClassNotFoundException: net.minecraft.core.registries.BuiltInRegistries
[3571|t+46877ms|ThreadId(2)] [RsiftPlatformBridge] apply error: ClassNotFoundException: net.minecraft.core.registries.BuiltInRegistries
[3572|t+47005ms|ThreadId(2)] [step] title_marker — window title set: Minecraft* 1.21.11 - Rsift (RsGraphics Render)
[3573|t+47111ms|ThreadId(1)] [hook] mob_ai_step fired (count=3000)
[3574|t+47258ms|ThreadId(2)] [RsiftPlatformBridge] apply error: ClassNotFoundException: net.minecraft.core.registries.BuiltInRegistries
[3575|t+47260ms|ThreadId(2)] [RsiftPlatformBridge] apply error: ClassNotFoundException: net.minecraft.core.registries.BuiltInRegistries
[3576|t+47263ms|ThreadId(15)] [hook] network_packet fired (count=4800)
[3577|t+47474ms|ThreadId(15)] [hook] network_packet fired (count=5400)
[3578|t+47635ms|ThreadId(1)] [hook] mob_ai_step fired (count=3600)
[3579|t+47727ms|ThreadId(2)] [RsiftPlatformBridge] apply error: ClassNotFoundException: net.minecraft.core.registries.BuiltInRegistries
[3580|t+47728ms|ThreadId(2)] [RsiftPlatformBridge] apply error: ClassNotFoundException: net.minecraft.core.registries.BuiltInRegistries
[3581|t+47854ms|ThreadId(15)] [hook] network_packet fired (count=6000)
[3582|t+47962ms|ThreadId(1)] [hook] mob_ai_step fired (count=4200)
[3583|t+48043ms|ThreadId(2)] [RsiftPlatformBridge] apply error: ClassNotFoundException: net.minecraft.core.registries.BuiltInRegistries
[3584|t+48045ms|ThreadId(2)] [RsiftPlatformBridge] apply error: ClassNotFoundException: net.minecraft.core.registries.BuiltInRegistries
[3585|t+48116ms|ThreadId(15)] [hook] network_packet fired (count=6600)
[3586|t+48370ms|ThreadId(1)] [hook] mob_ai_step fired (count=4800)
[3587|t+48372ms|ThreadId(2)] [RsiftPlatformBridge] apply error: ClassNotFoundException: net.minecraft.core.registries.BuiltInRegistries
[3588|t+48373ms|ThreadId(2)] [RsiftPlatformBridge] apply error: ClassNotFoundException: net.minecraft.core.registries.BuiltInRegistries
[3589|t+48601ms|ThreadId(15)] [hook] network_packet fired (count=7200)
[3590|t+48708ms|ThreadId(2)] [RsiftPlatformBridge] apply error: ClassNotFoundException: net.minecraft.core.registries.BuiltInRegistries
[3591|t+48709ms|ThreadId(2)] [RsiftPlatformBridge] apply error: ClassNotFoundException: net.minecraft.core.registries.BuiltInRegistries
[3592|t+48719ms|ThreadId(15)] [hook] network_packet fired (count=7800)
[3593|t+48735ms|ThreadId(1)] [hook] mob_ai_step fired (count=5400)
[3594|t+48996ms|ThreadId(15)] [hook] network_packet fired (count=8400)
[3595|t+49026ms|ThreadId(1)] [hook] mob_ai_step fired (count=6000)
[3596|t+49039ms|ThreadId(2)] [RsiftPlatformBridge] apply error: ClassNotFoundException: net.minecraft.core.registries.BuiltInRegistries
[3597|t+49041ms|ThreadId(2)] [RsiftPlatformBridge] apply error: ClassNotFoundException: net.minecraft.core.registries.BuiltInRegistries
[3598|t+49297ms|ThreadId(15)] [hook] network_packet fired (count=9000)
[3599|t+49349ms|ThreadId(2)] [RsiftPlatformBridge] apply error: ClassNotFoundException: net.minecraft.core.registries.BuiltInRegistries
[3600|t+49355ms|ThreadId(2)] [RsiftPlatformBridge] apply error: ClassNotFoundException: net.minecraft.core.registries.BuiltInRegistries
[3601|t+49446ms|ThreadId(1)] [hook] mob_ai_step fired (count=6600)
[3602|t+49555ms|ThreadId(15)] [hook] network_packet fired (count=9600)
[3603|t+49669ms|ThreadId(2)] [RsiftPlatformBridge] apply error: ClassNotFoundException: net.minecraft.core.registries.BuiltInRegistries
[3604|t+49670ms|ThreadId(2)] [RsiftPlatformBridge] apply error: ClassNotFoundException: net.minecraft.core.registries.BuiltInRegistries
[3605|t+49674ms|ThreadId(1)] [hook] mob_ai_step fired (count=7200)
[3606|t+49791ms|ThreadId(15)] [hook] network_packet fired (count=10200)
[3607|t+49988ms|ThreadId(2)] [RsiftPlatformBridge] apply error: ClassNotFoundException: net.minecraft.core.registries.BuiltInRegistries
[3608|t+49989ms|ThreadId(2)] [RsiftPlatformBridge] apply error: ClassNotFoundException: net.minecraft.core.registries.BuiltInRegistries
[3609|t+50011ms|ThreadId(1)] [hook] mob_ai_step fired (count=7800)
[3610|t+50057ms|ThreadId(15)] [hook] network_packet fired (count=10800)
[3611|t+50289ms|ThreadId(15)] [hook] network_packet fired (count=11400)
[3612|t+50308ms|ThreadId(2)] [RsiftPlatformBridge] apply error: ClassNotFoundException: net.minecraft.core.registries.BuiltInRegistries
[3613|t+50309ms|ThreadId(2)] [RsiftPlatformBridge] apply error: ClassNotFoundException: net.minecraft.core.registries.BuiltInRegistries
[3614|t+50377ms|ThreadId(1)] [hook] mob_ai_step fired (count=8400)
[3615|t+50381ms|ThreadId(1)] [hook] client_tick fired (count=600)
[3616|t+50625ms|ThreadId(2)] [RsiftPlatformBridge] apply error: ClassNotFoundException: net.minecraft.core.registries.BuiltInRegistries
[3617|t+50626ms|ThreadId(2)] [RsiftPlatformBridge] apply error: ClassNotFoundException: net.minecraft.core.registries.BuiltInRegistries
[3618|t+50646ms|ThreadId(15)] [hook] network_packet fired (count=12000)
[3619|t+50696ms|ThreadId(1)] [hook] mob_ai_step fired (count=9000)
[3620|t+50878ms|ThreadId(15)] [hook] network_packet fired (count=12600)
[3621|t+50941ms|ThreadId(2)] [RsiftPlatformBridge] apply error: ClassNotFoundException: net.minecraft.core.registries.BuiltInRegistries
[3622|t+50942ms|ThreadId(2)] [RsiftPlatformBridge] apply error: ClassNotFoundException: net.minecraft.core.registries.BuiltInRegistries
[3623|t+50985ms|ThreadId(1)] [hook] mob_ai_step fired (count=9600)
[3624|t+51180ms|ThreadId(15)] [hook] network_packet fired (count=13200)
[3625|t+51247ms|ThreadId(2)] [RsiftPlatformBridge] apply error: ClassNotFoundException: net.minecraft.core.registries.BuiltInRegistries
[3626|t+51248ms|ThreadId(2)] [RsiftPlatformBridge] apply error: ClassNotFoundException: net.minecraft.core.registries.BuiltInRegistries
[3627|t+51272ms|ThreadId(1)] [hook] mob_ai_step fired (count=10200)
[3628|t+51525ms|ThreadId(15)] [hook] network_packet fired (count=13800)
[3629|t+51554ms|ThreadId(2)] [RsiftPlatformBridge] apply error: ClassNotFoundException: net.minecraft.core.registries.BuiltInRegistries
[3630|t+51556ms|ThreadId(2)] [RsiftPlatformBridge] apply error: ClassNotFoundException: net.minecraft.core.registries.BuiltInRegistries
[3631|t+51640ms|ThreadId(1)] [hook] mob_ai_step fired (count=10800)
[3632|t+51861ms|ThreadId(2)] [RsiftPlatformBridge] apply error: ClassNotFoundException: net.minecraft.core.registries.BuiltInRegistries
[3633|t+51863ms|ThreadId(2)] [RsiftPlatformBridge] apply error: ClassNotFoundException: net.minecraft.core.registries.BuiltInRegistries
[3634|t+51873ms|ThreadId(15)] [hook] network_packet fired (count=14400)
[3635|t+51945ms|ThreadId(1)] [hook] mob_ai_step fired (count=11400)
[3636|t+52169ms|ThreadId(2)] [RsiftPlatformBridge] apply error: ClassNotFoundException: net.minecraft.core.registries.BuiltInRegistries
[3637|t+52170ms|ThreadId(2)] [RsiftPlatformBridge] apply error: ClassNotFoundException: net.minecraft.core.registries.BuiltInRegistries
[3638|t+52174ms|ThreadId(15)] [hook] network_packet fired (count=15000)
[3639|t+52271ms|ThreadId(1)] [hook] mob_ai_step fired (count=12000)
[3640|t+52473ms|ThreadId(15)] [hook] network_packet fired (count=15600)
[3641|t+52475ms|ThreadId(2)] [RsiftPlatformBridge] apply error: ClassNotFoundException: net.minecraft.core.registries.BuiltInRegistries
[3642|t+52476ms|ThreadId(2)] [RsiftPlatformBridge] apply error: ClassNotFoundException: net.minecraft.core.registries.BuiltInRegistries
[3643|t+52571ms|ThreadId(1)] [hook] mob_ai_step fired (count=12600)
[3644|t+52779ms|ThreadId(2)] [RsiftPlatformBridge] apply error: ClassNotFoundException: net.minecraft.core.registries.BuiltInRegistries
[3645|t+52780ms|ThreadId(2)] [RsiftPlatformBridge] apply error: ClassNotFoundException: net.minecraft.core.registries.BuiltInRegistries
[3646|t+52823ms|ThreadId(15)] [hook] network_packet fired (count=16200)
[3647|t+52922ms|ThreadId(1)] [hook] mob_ai_step fired (count=13200)
[3648|t+53086ms|ThreadId(2)] [RsiftPlatformBridge] apply error: ClassNotFoundException: net.minecraft.core.registries.BuiltInRegistries
[3649|t+53087ms|ThreadId(2)] [RsiftPlatformBridge] apply error: ClassNotFoundException: net.minecraft.core.registries.BuiltInRegistries
[3650|t+53207ms|ThreadId(1)] [hook] mob_ai_step fired (count=13800)
[3651|t+53225ms|ThreadId(15)] [hook] network_packet fired (count=16800)
[3652|t+53392ms|ThreadId(2)] [RsiftPlatformBridge] apply error: ClassNotFoundException: net.minecraft.core.registries.BuiltInRegistries
[3653|t+53393ms|ThreadId(2)] [RsiftPlatformBridge] apply error: ClassNotFoundException: net.minecraft.core.registries.BuiltInRegistries
[3654|t+53506ms|ThreadId(1)] [hook] mob_ai_step fired (count=14400)
[3655|t+53578ms|ThreadId(15)] [hook] network_packet fired (count=17400)
[3656|t+53698ms|ThreadId(2)] [RsiftPlatformBridge] apply error: ClassNotFoundException: net.minecraft.core.registries.BuiltInRegistries
[3657|t+53699ms|ThreadId(2)] [RsiftPlatformBridge] apply error: ClassNotFoundException: net.minecraft.core.registries.BuiltInRegistries
[3658|t+53700ms|ThreadId(2)] [step] tick_loop — alive tick=480
[3659|t+53858ms|ThreadId(1)] [hook] mob_ai_step fired (count=15000)
[3660|t+53915ms|ThreadId(1)] [hook] render_flip fired (count=1200)
[3661|t+53972ms|ThreadId(15)] [hook] network_packet fired (count=18000)
[3662|t+54004ms|ThreadId(2)] [RsiftPlatformBridge] apply error: ClassNotFoundException: net.minecraft.core.registries.BuiltInRegistries
[3663|t+54006ms|ThreadId(2)] [RsiftPlatformBridge] apply error: ClassNotFoundException: net.minecraft.core.registries.BuiltInRegistries
[3664|t+54164ms|ThreadId(1)] [hook] mob_ai_step fired (count=15600)
[3665|t+54310ms|ThreadId(2)] [RsiftPlatformBridge] apply error: ClassNotFoundException: net.minecraft.core.registries.BuiltInRegistries
[3666|t+54311ms|ThreadId(2)] [RsiftPlatformBridge] apply error: ClassNotFoundException: net.minecraft.core.registries.BuiltInRegistries
[3667|t+54376ms|ThreadId(15)] [hook] network_packet fired (count=18600)
[3668|t+54457ms|ThreadId(1)] [hook] mob_ai_step fired (count=16200)
[3669|t+54615ms|ThreadId(2)] [RsiftPlatformBridge] apply error: ClassNotFoundException: net.minecraft.core.registries.BuiltInRegistries
[3670|t+54616ms|ThreadId(2)] [RsiftPlatformBridge] apply error: ClassNotFoundException: net.minecraft.core.registries.BuiltInRegistries
[3671|t+54820ms|ThreadId(15)] [hook] network_packet fired (count=19200)
[3672|t+54828ms|ThreadId(1)] [hook] mob_ai_step fired (count=16800)
[3673|t+54921ms|ThreadId(2)] [RsiftPlatformBridge] apply error: ClassNotFoundException: net.minecraft.core.registries.BuiltInRegistries
[3674|t+54921ms|ThreadId(2)] [RsiftPlatformBridge] apply error: ClassNotFoundException: net.minecraft.core.registries.BuiltInRegistries
[3675|t+55145ms|ThreadId(1)] [hook] mob_ai_step fired (count=17400)
[3676|t+55229ms|ThreadId(2)] [RsiftPlatformBridge] apply error: ClassNotFoundException: net.minecraft.core.registries.BuiltInRegistries
[3677|t+55230ms|ThreadId(2)] [RsiftPlatformBridge] apply error: ClassNotFoundException: net.minecraft.core.registries.BuiltInRegistries
[3678|t+55324ms|ThreadId(15)] [hook] network_packet fired (count=19800)
[3679|t+55409ms|ThreadId(1)] [hook] mob_ai_step fired (count=18000)
[3680|t+55541ms|ThreadId(2)] [RsiftPlatformBridge] apply error: ClassNotFoundException: net.minecraft.core.registries.BuiltInRegistries
[3681|t+55542ms|ThreadId(2)] [RsiftPlatformBridge] apply error: ClassNotFoundException: net.minecraft.core.registries.BuiltInRegistries
[3682|t+55738ms|ThreadId(1)] [hook] mob_ai_step fired (count=18600)
[3683|t+55836ms|ThreadId(15)] [hook] network_packet fired (count=20400)
[3684|t+55847ms|ThreadId(2)] [RsiftPlatformBridge] apply error: ClassNotFoundException: net.minecraft.core.registries.BuiltInRegistries
[3685|t+55848ms|ThreadId(2)] [RsiftPlatformBridge] apply error: ClassNotFoundException: net.minecraft.core.registries.BuiltInRegistries
[3686|t+56012ms|ThreadId(1)] [hook] mob_ai_step fired (count=19200)
[3687|t+56157ms|ThreadId(2)] [RsiftPlatformBridge] apply error: ClassNotFoundException: net.minecraft.core.registries.BuiltInRegistries
[3688|t+56158ms|ThreadId(2)] [RsiftPlatformBridge] apply error: ClassNotFoundException: net.minecraft.core.registries.BuiltInRegistries
[3689|t+56344ms|ThreadId(15)] [hook] network_packet fired (count=21000)
[3690|t+56360ms|ThreadId(1)] [hook] mob_ai_step fired (count=19800)
[3691|t+56484ms|ThreadId(2)] [RsiftPlatformBridge] apply error: ClassNotFoundException: net.minecraft.core.registries.BuiltInRegistries
[3692|t+56485ms|ThreadId(2)] [RsiftPlatformBridge] apply error: ClassNotFoundException: net.minecraft.core.registries.BuiltInRegistries
[3693|t+56659ms|ThreadId(1)] [hook] mob_ai_step fired (count=20400)
[3694|t+56789ms|ThreadId(2)] [RsiftPlatformBridge] apply error: ClassNotFoundException: net.minecraft.core.registries.BuiltInRegistries
[3695|t+56791ms|ThreadId(2)] [RsiftPlatformBridge] apply error: ClassNotFoundException: net.minecraft.core.registries.BuiltInRegistries
[3696|t+56874ms|ThreadId(15)] [hook] network_packet fired (count=21600)
[3697|t+56960ms|ThreadId(1)] [hook] mob_ai_step fired (count=21000)
[3698|t+57103ms|ThreadId(2)] [RsiftPlatformBridge] apply error: ClassNotFoundException: net.minecraft.core.registries.BuiltInRegistries
[3699|t+57104ms|ThreadId(2)] [RsiftPlatformBridge] apply error: ClassNotFoundException: net.minecraft.core.registries.BuiltInRegistries
[3700|t+57281ms|ThreadId(1)] [hook] mob_ai_step fired (count=21600)
[3701|t+57410ms|ThreadId(15)] [hook] network_packet fired (count=22200)
[3702|t+57421ms|ThreadId(2)] [RsiftPlatformBridge] apply error: ClassNotFoundException: net.minecraft.core.registries.BuiltInRegistries
[3703|t+57422ms|ThreadId(2)] [RsiftPlatformBridge] apply error: ClassNotFoundException: net.minecraft.core.registries.BuiltInRegistries
[3704|t+57584ms|ThreadId(1)] [hook] mob_ai_step fired (count=22200)
[3705|t+57731ms|ThreadId(2)] [RsiftPlatformBridge] apply error: ClassNotFoundException: net.minecraft.core.registries.BuiltInRegistries
[3706|t+57733ms|ThreadId(2)] [RsiftPlatformBridge] apply error: ClassNotFoundException: net.minecraft.core.registries.BuiltInRegistries
[3707|t+57892ms|ThreadId(1)] [hook] mob_ai_step fired (count=22800)
[3708|t+57922ms|ThreadId(15)] [hook] network_packet fired (count=22800)
[3709|t+58036ms|ThreadId(2)] [RsiftPlatformBridge] apply error: ClassNotFoundException: net.minecraft.core.registries.BuiltInRegistries
[3710|t+58037ms|ThreadId(2)] [RsiftPlatformBridge] apply error: ClassNotFoundException: net.minecraft.core.registries.BuiltInRegistries
[3711|t+58172ms|ThreadId(1)] [hook] mob_ai_step fired (count=23400)
[3712|t+58351ms|ThreadId(2)] [RsiftPlatformBridge] apply error: ClassNotFoundException: net.minecraft.core.registries.BuiltInRegistries
[3713|t+58352ms|ThreadId(2)] [RsiftPlatformBridge] apply error: ClassNotFoundException: net.minecraft.core.registries.BuiltInRegistries
[3714|t+58422ms|ThreadId(15)] [hook] network_packet fired (count=23400)
[3715|t+58512ms|ThreadId(1)] [hook] mob_ai_step fired (count=24000)
[3716|t+58655ms|ThreadId(2)] [RsiftPlatformBridge] apply error: ClassNotFoundException: net.minecraft.core.registries.BuiltInRegistries
[3717|t+58656ms|ThreadId(2)] [RsiftPlatformBridge] apply error: ClassNotFoundException: net.minecraft.core.registries.BuiltInRegistries
[3718|t+58833ms|ThreadId(1)] [hook] mob_ai_step fired (count=24600)
[3719|t+58960ms|ThreadId(2)] [RsiftPlatformBridge] apply error: ClassNotFoundException: net.minecraft.core.registries.BuiltInRegistries
[3720|t+58962ms|ThreadId(2)] [RsiftPlatformBridge] apply error: ClassNotFoundException: net.minecraft.core.registries.BuiltInRegistries
[3721|t+58974ms|ThreadId(15)] [hook] network_packet fired (count=24000)
[3722|t+59129ms|ThreadId(1)] [hook] mob_ai_step fired (count=25200)
[3723|t+59267ms|ThreadId(2)] [RsiftPlatformBridge] apply error: ClassNotFoundException: net.minecraft.core.registries.BuiltInRegistries
[3724|t+59268ms|ThreadId(2)] [RsiftPlatformBridge] apply error: ClassNotFoundException: net.minecraft.core.registries.BuiltInRegistries
[3725|t+59414ms|ThreadId(1)] [hook] mob_ai_step fired (count=25800)
[3726|t+59520ms|ThreadId(15)] [hook] network_packet fired (count=24600)
[3727|t+59580ms|ThreadId(2)] [RsiftPlatformBridge] apply error: ClassNotFoundException: net.minecraft.core.registries.BuiltInRegistries
[3728|t+59581ms|ThreadId(2)] [RsiftPlatformBridge] apply error: ClassNotFoundException: net.minecraft.core.registries.BuiltInRegistries
[3729|t+59714ms|ThreadId(1)] [hook] mob_ai_step fired (count=26400)
[3730|t+59885ms|ThreadId(2)] [RsiftPlatformBridge] apply error: ClassNotFoundException: net.minecraft.core.registries.BuiltInRegistries
[3731|t+59886ms|ThreadId(2)] [RsiftPlatformBridge] apply error: ClassNotFoundException: net.minecraft.core.registries.BuiltInRegistries
[3732|t+60015ms|ThreadId(1)] [hook] mob_ai_step fired (count=27000)
[3733|t+60074ms|ThreadId(15)] [hook] network_packet fired (count=25200)
[3734|t+60194ms|ThreadId(2)] [RsiftPlatformBridge] apply error: ClassNotFoundException: net.minecraft.core.registries.BuiltInRegistries
[3735|t+60195ms|ThreadId(2)] [RsiftPlatformBridge] apply error: ClassNotFoundException: net.minecraft.core.registries.BuiltInRegistries
[3736|t+60315ms|ThreadId(1)] [hook] mob_ai_step fired (count=27600)
[3737|t+60499ms|ThreadId(2)] [RsiftPlatformBridge] apply error: ClassNotFoundException: net.minecraft.core.registries.BuiltInRegistries
[3738|t+60500ms|ThreadId(2)] [RsiftPlatformBridge] apply error: ClassNotFoundException: net.minecraft.core.registries.BuiltInRegistries
[3739|t+60622ms|ThreadId(15)] [hook] network_packet fired (count=25800)
[3740|t+60623ms|ThreadId(1)] [hook] mob_ai_step fired (count=28200)
[3741|t+60804ms|ThreadId(2)] [RsiftPlatformBridge] apply error: ClassNotFoundException: net.minecraft.core.registries.BuiltInRegistries
[3742|t+60805ms|ThreadId(2)] [RsiftPlatformBridge] apply error: ClassNotFoundException: net.minecraft.core.registries.BuiltInRegistries
[3743|t+60916ms|ThreadId(1)] [hook] mob_ai_step fired (count=28800)
[3744|t+61111ms|ThreadId(2)] [RsiftPlatformBridge] apply error: ClassNotFoundException: net.minecraft.core.registries.BuiltInRegistries
[3745|t+61112ms|ThreadId(2)] [RsiftPlatformBridge] apply error: ClassNotFoundException: net.minecraft.core.registries.BuiltInRegistries
[3746|t+61173ms|ThreadId(15)] [hook] network_packet fired (count=26400)
[3747|t+61207ms|ThreadId(1)] [hook] mob_ai_step fired (count=29400)
[3748|t+61416ms|ThreadId(2)] [step] screen_check — obf=grx mojmap=net.minecraft.client.gui.screens.PauseScreen → injecting
[3749|t+61417ms|ThreadId(2)] [RsiftPlatformBridge] apply error: ClassNotFoundException: net.minecraft.core.registries.BuiltInRegistries
[3750|t+61417ms|ThreadId(2)] [RsiftPlatformBridge] apply error: ClassNotFoundException: net.minecraft.core.registries.BuiltInRegistries
[3751|t+61435ms|ThreadId(2)] [step] screen_check — obf=grx mojmap=net.minecraft.client.gui.screens.PauseScreen → injecting
[3752|t+61436ms|ThreadId(1)] [RsiftScreenHooks] injectCurrentScreen failed: gfj.screen()
[3753|t+61437ms|ThreadId(1)] [RsiftScreenHooks] injectCurrentScreen failed: gfj.screen()
[3754|t+61453ms|ThreadId(2)] [step] screen_check — obf=grx mojmap=net.minecraft.client.gui.screens.PauseScreen → injecting
[3755|t+61454ms|ThreadId(1)] [RsiftScreenHooks] injectCurrentScreen failed: gfj.screen()
[3756|t+61470ms|ThreadId(2)] [step] screen_check — obf=grx mojmap=net.minecraft.client.gui.screens.PauseScreen → injecting
[3757|t+61481ms|ThreadId(1)] [RsiftScreenHooks] injectCurrentScreen failed: gfj.screen()
[3758|t+61545ms|ThreadId(1)] [hook] mob_ai_step fired (count=30000)
[3759|t+61723ms|ThreadId(2)] [RsiftPlatformBridge] apply error: ClassNotFoundException: net.minecraft.core.registries.BuiltInRegistries
[3760|t+61724ms|ThreadId(2)] [RsiftPlatformBridge] apply error: ClassNotFoundException: net.minecraft.core.registries.BuiltInRegistries
[3761|t+61771ms|ThreadId(15)] [hook] network_packet fired (count=27000)
[3762|t+61836ms|ThreadId(1)] [hook] mob_ai_step fired (count=30600)
[3763|t+62027ms|ThreadId(2)] [RsiftPlatformBridge] apply error: ClassNotFoundException: net.minecraft.core.registries.BuiltInRegistries
[3764|t+62028ms|ThreadId(2)] [RsiftPlatformBridge] apply error: ClassNotFoundException: net.minecraft.core.registries.BuiltInRegistries
[3765|t+62119ms|ThreadId(1)] [hook] mob_ai_step fired (count=31200)
[3766|t+62272ms|ThreadId(15)] [hook] network_packet fired (count=27600)
[3767|t+62333ms|ThreadId(2)] [RsiftPlatformBridge] apply error: ClassNotFoundException: net.minecraft.core.registries.BuiltInRegistries
[3768|t+62334ms|ThreadId(2)] [RsiftPlatformBridge] apply error: ClassNotFoundException: net.minecraft.core.registries.BuiltInRegistries
[3769|t+62419ms|ThreadId(1)] [hook] mob_ai_step fired (count=31800)
[3770|t+62638ms|ThreadId(2)] [RsiftPlatformBridge] apply error: ClassNotFoundException: net.minecraft.core.registries.BuiltInRegistries
[3771|t+62639ms|ThreadId(2)] [RsiftPlatformBridge] apply error: ClassNotFoundException: net.minecraft.core.registries.BuiltInRegistries
[3772|t+62700ms|ThreadId(2)] [step] title_marker — window title set: Minecraft* 1.21.11 - Rsift (RsGraphics Render)
[3773|t+62720ms|ThreadId(1)] [hook] mob_ai_step fired (count=32400)
[3774|t+62820ms|ThreadId(15)] [hook] network_packet fired (count=28200)
[3775|t+62953ms|ThreadId(2)] [RsiftPlatformBridge] apply error: ClassNotFoundException: net.minecraft.core.registries.BuiltInRegistries
[3776|t+62953ms|ThreadId(2)] [RsiftPlatformBridge] apply error: ClassNotFoundException: net.minecraft.core.registries.BuiltInRegistries
[3777|t+62954ms|ThreadId(2)] [step] tick_loop — alive tick=600
[3778|t+63020ms|ThreadId(1)] [hook] mob_ai_step fired (count=33000)
[3779|t+63259ms|ThreadId(2)] [RsiftPlatformBridge] apply error: ClassNotFoundException: net.minecraft.core.registries.BuiltInRegistries
[3780|t+63260ms|ThreadId(2)] [RsiftPlatformBridge] apply error: ClassNotFoundException: net.minecraft.core.registries.BuiltInRegistries
[3781|t+63271ms|ThreadId(15)] [hook] network_packet fired (count=28800)
[3782|t+63320ms|ThreadId(1)] [hook] mob_ai_step fired (count=33600)
[3783|t+63565ms|ThreadId(2)] [RsiftPlatformBridge] apply error: ClassNotFoundException: net.minecraft.core.registries.BuiltInRegistries
[3784|t+63566ms|ThreadId(2)] [RsiftPlatformBridge] apply error: ClassNotFoundException: net.minecraft.core.registries.BuiltInRegistries
[3785|t+63658ms|ThreadId(1)] [hook] mob_ai_step fired (count=34200)
[3786|t+63771ms|ThreadId(15)] [hook] network_packet fired (count=29400)
[3787|t+63871ms|ThreadId(2)] [RsiftPlatformBridge] apply error: ClassNotFoundException: net.minecraft.core.registries.BuiltInRegistries
[3788|t+63872ms|ThreadId(2)] [RsiftPlatformBridge] apply error: ClassNotFoundException: net.minecraft.core.registries.BuiltInRegistries
[3789|t+63964ms|ThreadId(1)] [hook] mob_ai_step fired (count=34800)
[3790|t+64176ms|ThreadId(2)] [RsiftPlatformBridge] apply error: ClassNotFoundException: net.minecraft.core.registries.BuiltInRegistries
[3791|t+64178ms|ThreadId(2)] [RsiftPlatformBridge] apply error: ClassNotFoundException: net.minecraft.core.registries.BuiltInRegistries
[3792|t+64275ms|ThreadId(1)] [hook] mob_ai_step fired (count=35400)
[3793|t+64320ms|ThreadId(15)] [hook] network_packet fired (count=30000)
[3794|t+64481ms|ThreadId(2)] [RsiftPlatformBridge] apply error: ClassNotFoundException: net.minecraft.core.registries.BuiltInRegistries
[3795|t+64481ms|ThreadId(2)] [RsiftPlatformBridge] apply error: ClassNotFoundException: net.minecraft.core.registries.BuiltInRegistries
[3796|t+64555ms|ThreadId(1)] [hook] mob_ai_step fired (count=36000)
[3797|t+64786ms|ThreadId(2)] [RsiftPlatformBridge] apply error: ClassNotFoundException: net.minecraft.core.registries.BuiltInRegistries
[3798|t+64787ms|ThreadId(2)] [RsiftPlatformBridge] apply error: ClassNotFoundException: net.minecraft.core.registries.BuiltInRegistries
[3799|t+64871ms|ThreadId(15)] [hook] network_packet fired (count=30600)
[3800|t+64874ms|ThreadId(1)] [hook] mob_ai_step fired (count=36600)
[3801|t+65091ms|ThreadId(2)] [RsiftPlatformBridge] apply error: ClassNotFoundException: net.minecraft.core.registries.BuiltInRegistries
[3802|t+65092ms|ThreadId(2)] [RsiftPlatformBridge] apply error: ClassNotFoundException: net.minecraft.core.registries.BuiltInRegistries
[3803|t+65174ms|ThreadId(1)] [hook] mob_ai_step fired (count=37200)
[3804|t+65369ms|ThreadId(15)] [hook] network_packet fired (count=31200)
[3805|t+65395ms|ThreadId(2)] [RsiftPlatformBridge] apply error: ClassNotFoundException: net.minecraft.core.registries.BuiltInRegistries
[3806|t+65396ms|ThreadId(2)] [RsiftPlatformBridge] apply error: ClassNotFoundException: net.minecraft.core.registries.BuiltInRegistries
[3807|t+65456ms|ThreadId(1)] [hook] mob_ai_step fired (count=37800)
[3808|t+65700ms|ThreadId(2)] [RsiftPlatformBridge] apply error: ClassNotFoundException: net.minecraft.core.registries.BuiltInRegistries
[3809|t+65701ms|ThreadId(2)] [RsiftPlatformBridge] apply error: ClassNotFoundException: net.minecraft.core.registries.BuiltInRegistries
[3810|t+65755ms|ThreadId(1)] [hook] mob_ai_step fired (count=38400)
[3811|t+65974ms|ThreadId(15)] [hook] network_packet fired (count=31800)
[3812|t+66006ms|ThreadId(2)] [RsiftPlatformBridge] apply error: ClassNotFoundException: net.minecraft.core.registries.BuiltInRegistries
[3813|t+66007ms|ThreadId(2)] [RsiftPlatformBridge] apply error: ClassNotFoundException: net.minecraft.core.registries.BuiltInRegistries
[3814|t+66070ms|ThreadId(1)] [hook] mob_ai_step fired (count=39000)
[3815|t+66310ms|ThreadId(2)] [RsiftPlatformBridge] apply error: ClassNotFoundException: net.minecraft.core.registries.BuiltInRegistries
[3816|t+66311ms|ThreadId(2)] [RsiftPlatformBridge] apply error: ClassNotFoundException: net.minecraft.core.registries.BuiltInRegistries
[3817|t+66357ms|ThreadId(1)] [hook] mob_ai_step fired (count=39600)
[3818|t+66571ms|ThreadId(15)] [hook] network_packet fired (count=32400)
[3819|t+66615ms|ThreadId(2)] [RsiftPlatformBridge] apply error: ClassNotFoundException: net.minecraft.core.registries.BuiltInRegistries
[3820|t+66615ms|ThreadId(2)] [RsiftPlatformBridge] apply error: ClassNotFoundException: net.minecraft.core.registries.BuiltInRegistries
[3821|t+66708ms|ThreadId(1)] [hook] mob_ai_step fired (count=40200)
[3822|t+66919ms|ThreadId(2)] [RsiftPlatformBridge] apply error: ClassNotFoundException: net.minecraft.core.registries.BuiltInRegistries
[3823|t+66920ms|ThreadId(2)] [RsiftPlatformBridge] apply error: ClassNotFoundException: net.minecraft.core.registries.BuiltInRegistries
[3824|t+67009ms|ThreadId(1)] [hook] mob_ai_step fired (count=40800)
[3825|t+67170ms|ThreadId(15)] [hook] network_packet fired (count=33000)
[3826|t+67235ms|ThreadId(2)] [RsiftPlatformBridge] apply error: ClassNotFoundException: net.minecraft.core.registries.BuiltInRegistries
[3827|t+67236ms|ThreadId(2)] [RsiftPlatformBridge] apply error: ClassNotFoundException: net.minecraft.core.registries.BuiltInRegistries
[3828|t+67308ms|ThreadId(1)] [hook] mob_ai_step fired (count=41400)
[3829|t+67539ms|ThreadId(2)] [RsiftPlatformBridge] apply error: ClassNotFoundException: net.minecraft.core.registries.BuiltInRegistries
[3830|t+67540ms|ThreadId(2)] [RsiftPlatformBridge] apply error: ClassNotFoundException: net.minecraft.core.registries.BuiltInRegistries
[3831|t+67610ms|ThreadId(1)] [hook] mob_ai_step fired (count=42000)
[3832|t+67768ms|ThreadId(15)] [hook] network_packet fired (count=33600)
[3833|t+67845ms|ThreadId(2)] [RsiftPlatformBridge] apply error: ClassNotFoundException: net.minecraft.core.registries.BuiltInRegistries
[3834|t+67846ms|ThreadId(2)] [RsiftPlatformBridge] apply error: ClassNotFoundException: net.minecraft.core.registries.BuiltInRegistries
[3835|t+67927ms|ThreadId(1)] [hook] mob_ai_step fired (count=42600)
[3836|t+68149ms|ThreadId(2)] [RsiftPlatformBridge] apply error: ClassNotFoundException: net.minecraft.core.registries.BuiltInRegistries
[3837|t+68150ms|ThreadId(2)] [RsiftPlatformBridge] apply error: ClassNotFoundException: net.minecraft.core.registries.BuiltInRegistries
[3838|t+68211ms|ThreadId(1)] [hook] mob_ai_step fired (count=43200)
[3839|t+68371ms|ThreadId(15)] [hook] network_packet fired (count=34200)
[3840|t+68454ms|ThreadId(2)] [RsiftPlatformBridge] apply error: ClassNotFoundException: net.minecraft.core.registries.BuiltInRegistries
[3841|t+68455ms|ThreadId(2)] [RsiftPlatformBridge] apply error: ClassNotFoundException: net.minecraft.core.registries.BuiltInRegistries
[3842|t+68513ms|ThreadId(1)] [hook] mob_ai_step fired (count=43800)
[3843|t+68759ms|ThreadId(2)] [RsiftPlatformBridge] apply error: ClassNotFoundException: net.minecraft.core.registries.BuiltInRegistries
[3844|t+68760ms|ThreadId(2)] [RsiftPlatformBridge] apply error: ClassNotFoundException: net.minecraft.core.registries.BuiltInRegistries
[3845|t+68828ms|ThreadId(1)] [hook] mob_ai_step fired (count=44400)
[3846|t+69021ms|ThreadId(15)] [hook] network_packet fired (count=34800)
[3847|t+69064ms|ThreadId(2)] [RsiftPlatformBridge] apply error: ClassNotFoundException: net.minecraft.core.registries.BuiltInRegistries
[3848|t+69065ms|ThreadId(2)] [RsiftPlatformBridge] apply error: ClassNotFoundException: net.minecraft.core.registries.BuiltInRegistries
[3849|t+69111ms|ThreadId(1)] [hook] mob_ai_step fired (count=45000)
[3850|t+69137ms|ThreadId(1)] [hook] render_flip fired (count=1800)
[3851|t+69371ms|ThreadId(2)] [RsiftPlatformBridge] apply error: ClassNotFoundException: net.minecraft.core.registries.BuiltInRegistries
[3852|t+69372ms|ThreadId(2)] [RsiftPlatformBridge] apply error: ClassNotFoundException: net.minecraft.core.registries.BuiltInRegistries
[3853|t+69412ms|ThreadId(1)] [hook] mob_ai_step fired (count=45600)
[3854|t+69671ms|ThreadId(15)] [hook] network_packet fired (count=35400)
[3855|t+69677ms|ThreadId(2)] [RsiftPlatformBridge] apply error: ClassNotFoundException: net.minecraft.core.registries.BuiltInRegistries
[3856|t+69678ms|ThreadId(2)] [RsiftPlatformBridge] apply error: ClassNotFoundException: net.minecraft.core.registries.BuiltInRegistries
[3857|t+69713ms|ThreadId(1)] [hook] mob_ai_step fired (count=46200)
[3858|t+69982ms|ThreadId(2)] [RsiftPlatformBridge] apply error: ClassNotFoundException: net.minecraft.core.registries.BuiltInRegistries
[3859|t+69983ms|ThreadId(2)] [RsiftPlatformBridge] apply error: ClassNotFoundException: net.minecraft.core.registries.BuiltInRegistries
[3860|t+70011ms|ThreadId(1)] [hook] mob_ai_step fired (count=46800)
[3861|t+70270ms|ThreadId(15)] [hook] network_packet fired (count=36000)
[3862|t+70287ms|ThreadId(2)] [RsiftPlatformBridge] apply error: ClassNotFoundException: net.minecraft.core.registries.BuiltInRegistries
[3863|t+70288ms|ThreadId(2)] [RsiftPlatformBridge] apply error: ClassNotFoundException: net.minecraft.core.registries.BuiltInRegistries
[3864|t+70313ms|ThreadId(1)] [hook] mob_ai_step fired (count=47400)
[3865|t+70591ms|ThreadId(2)] [RsiftPlatformBridge] apply error: ClassNotFoundException: net.minecraft.core.registries.BuiltInRegistries
[3866|t+70592ms|ThreadId(2)] [RsiftPlatformBridge] apply error: ClassNotFoundException: net.minecraft.core.registries.BuiltInRegistries
[3867|t+70614ms|ThreadId(1)] [hook] mob_ai_step fired (count=48000)
[3868|t+70870ms|ThreadId(15)] [hook] network_packet fired (count=36600)
[3869|t+70896ms|ThreadId(2)] [RsiftPlatformBridge] apply error: ClassNotFoundException: net.minecraft.core.registries.BuiltInRegistries
[3870|t+70897ms|ThreadId(2)] [RsiftPlatformBridge] apply error: ClassNotFoundException: net.minecraft.core.registries.BuiltInRegistries
[3871|t+70915ms|ThreadId(1)] [hook] mob_ai_step fired (count=48600)
[3872|t+71202ms|ThreadId(2)] [RsiftPlatformBridge] apply error: ClassNotFoundException: net.minecraft.core.registries.BuiltInRegistries
[3873|t+71203ms|ThreadId(2)] [RsiftPlatformBridge] apply error: ClassNotFoundException: net.minecraft.core.registries.BuiltInRegistries
[3874|t+71217ms|ThreadId(1)] [hook] mob_ai_step fired (count=49200)
[3875|t+71473ms|ThreadId(15)] [hook] network_packet fired (count=37200)
[3876|t+71507ms|ThreadId(2)] [RsiftPlatformBridge] apply error: ClassNotFoundException: net.minecraft.core.registries.BuiltInRegistries
[3877|t+71508ms|ThreadId(2)] [RsiftPlatformBridge] apply error: ClassNotFoundException: net.minecraft.core.registries.BuiltInRegistries
[3878|t+71520ms|ThreadId(1)] [hook] mob_ai_step fired (count=49800)
[3879|t+71811ms|ThreadId(2)] [RsiftPlatformBridge] apply error: ClassNotFoundException: net.minecraft.core.registries.BuiltInRegistries
[3880|t+71811ms|ThreadId(2)] [RsiftPlatformBridge] apply error: ClassNotFoundException: net.minecraft.core.registries.BuiltInRegistries
[3881|t+71820ms|ThreadId(1)] [hook] mob_ai_step fired (count=50400)
[3882|t+72117ms|ThreadId(2)] [RsiftPlatformBridge] apply error: ClassNotFoundException: net.minecraft.core.registries.BuiltInRegistries
[3883|t+72117ms|ThreadId(2)] [RsiftPlatformBridge] apply error: ClassNotFoundException: net.minecraft.core.registries.BuiltInRegistries
[3884|t+72118ms|ThreadId(2)] [step] tick_loop — alive tick=720
[3885|t+72120ms|ThreadId(15)] [hook] network_packet fired (count=37800)
[3886|t+72134ms|ThreadId(1)] [hook] mob_ai_step fired (count=51000)
[3887|t+72417ms|ThreadId(1)] [hook] mob_ai_step fired (count=51600)
[3888|t+72422ms|ThreadId(2)] [RsiftPlatformBridge] apply error: ClassNotFoundException: net.minecraft.core.registries.BuiltInRegistries
[3889|t+72423ms|ThreadId(2)] [RsiftPlatformBridge] apply error: ClassNotFoundException: net.minecraft.core.registries.BuiltInRegistries
[3890|t+72717ms|ThreadId(1)] [hook] mob_ai_step fired (count=52200)
[3891|t+72723ms|ThreadId(15)] [hook] network_packet fired (count=38400)
[3892|t+72727ms|ThreadId(2)] [RsiftPlatformBridge] apply error: ClassNotFoundException: net.minecraft.core.registries.BuiltInRegistries
[3893|t+72728ms|ThreadId(2)] [RsiftPlatformBridge] apply error: ClassNotFoundException: net.minecraft.core.registries.BuiltInRegistries
[3894|t+73016ms|ThreadId(1)] [hook] mob_ai_step fired (count=52800)
[3895|t+73032ms|ThreadId(2)] [RsiftPlatformBridge] apply error: ClassNotFoundException: net.minecraft.core.registries.BuiltInRegistries
[3896|t+73033ms|ThreadId(2)] [RsiftPlatformBridge] apply error: ClassNotFoundException: net.minecraft.core.registries.BuiltInRegistries
[3897|t+73319ms|ThreadId(1)] [hook] mob_ai_step fired (count=53400)
[3898|t+73337ms|ThreadId(2)] [RsiftPlatformBridge] apply error: ClassNotFoundException: net.minecraft.core.registries.BuiltInRegistries
[3899|t+73338ms|ThreadId(2)] [RsiftPlatformBridge] apply error: ClassNotFoundException: net.minecraft.core.registries.BuiltInRegistries
[3900|t+73422ms|ThreadId(15)] [hook] network_packet fired (count=39000)
[3901|t+73621ms|ThreadId(1)] [hook] mob_ai_step fired (count=54000)
[3902|t+73641ms|ThreadId(2)] [RsiftPlatformBridge] apply error: ClassNotFoundException: net.minecraft.core.registries.BuiltInRegistries
[3903|t+73642ms|ThreadId(2)] [RsiftPlatformBridge] apply error: ClassNotFoundException: net.minecraft.core.registries.BuiltInRegistries
[3904|t+73920ms|ThreadId(1)] [hook] mob_ai_step fired (count=54600)
[3905|t+73945ms|ThreadId(2)] [RsiftPlatformBridge] apply error: ClassNotFoundException: net.minecraft.core.registries.BuiltInRegistries
[3906|t+73946ms|ThreadId(2)] [RsiftPlatformBridge] apply error: ClassNotFoundException: net.minecraft.core.registries.BuiltInRegistries
[3907|t+73974ms|ThreadId(15)] [hook] network_packet fired (count=39600)
[3908|t+74223ms|ThreadId(1)] [hook] mob_ai_step fired (count=55200)
[3909|t+74251ms|ThreadId(2)] [RsiftPlatformBridge] apply error: ClassNotFoundException: net.minecraft.core.registries.BuiltInRegistries
[3910|t+74251ms|ThreadId(2)] [RsiftPlatformBridge] apply error: ClassNotFoundException: net.minecraft.core.registries.BuiltInRegistries
[3911|t+74520ms|ThreadId(1)] [hook] mob_ai_step fired (count=55800)
[3912|t+74524ms|ThreadId(15)] [hook] network_packet fired (count=40200)
[3913|t+74555ms|ThreadId(2)] [RsiftPlatformBridge] apply error: ClassNotFoundException: net.minecraft.core.registries.BuiltInRegistries
[3914|t+74556ms|ThreadId(2)] [RsiftPlatformBridge] apply error: ClassNotFoundException: net.minecraft.core.registries.BuiltInRegistries
[3915|t+74820ms|ThreadId(1)] [hook] mob_ai_step fired (count=56400)
[3916|t+74861ms|ThreadId(2)] [RsiftPlatformBridge] apply error: ClassNotFoundException: net.minecraft.core.registries.BuiltInRegistries
[3917|t+74862ms|ThreadId(2)] [RsiftPlatformBridge] apply error: ClassNotFoundException: net.minecraft.core.registries.BuiltInRegistries
[3918|t+74972ms|ThreadId(15)] [hook] network_packet fired (count=40800)
[3919|t+75121ms|ThreadId(1)] [hook] mob_ai_step fired (count=57000)
[3920|t+75166ms|ThreadId(2)] [RsiftPlatformBridge] apply error: ClassNotFoundException: net.minecraft.core.registries.BuiltInRegistries
[3921|t+75167ms|ThreadId(2)] [RsiftPlatformBridge] apply error: ClassNotFoundException: net.minecraft.core.registries.BuiltInRegistries
[3922|t+75457ms|ThreadId(1)] [hook] mob_ai_step fired (count=57600)
[3923|t+75472ms|ThreadId(2)] [RsiftPlatformBridge] apply error: ClassNotFoundException: net.minecraft.core.registries.BuiltInRegistries
[3924|t+75473ms|ThreadId(2)] [RsiftPlatformBridge] apply error: ClassNotFoundException: net.minecraft.core.registries.BuiltInRegistries
[3925|t+75573ms|ThreadId(15)] [hook] network_packet fired (count=41400)
[3926|t+75723ms|ThreadId(1)] [hook] mob_ai_step fired (count=58200)
[3927|t+75779ms|ThreadId(2)] [RsiftPlatformBridge] apply error: ClassNotFoundException: net.minecraft.core.registries.BuiltInRegistries
[3928|t+75780ms|ThreadId(2)] [RsiftPlatformBridge] apply error: ClassNotFoundException: net.minecraft.core.registries.BuiltInRegistries
[3929|t+76023ms|ThreadId(1)] [hook] mob_ai_step fired (count=58800)
[3930|t+76084ms|ThreadId(2)] [RsiftPlatformBridge] apply error: ClassNotFoundException: net.minecraft.core.registries.BuiltInRegistries
[3931|t+76085ms|ThreadId(2)] [RsiftPlatformBridge] apply error: ClassNotFoundException: net.minecraft.core.registries.BuiltInRegistries
[3932|t+76178ms|ThreadId(15)] [hook] network_packet fired (count=42000)
[3933|t+76390ms|ThreadId(2)] [RsiftPlatformBridge] apply error: ClassNotFoundException: net.minecraft.core.registries.BuiltInRegistries
[3934|t+76391ms|ThreadId(2)] [RsiftPlatformBridge] apply error: ClassNotFoundException: net.minecraft.core.registries.BuiltInRegistries
[3935|t+76399ms|ThreadId(1)] [hook] mob_ai_step fired (count=59400)
[3936|t+76636ms|ThreadId(15)] [hook] network_packet fired (count=42600)
[3937|t+76675ms|ThreadId(1)] [hook] mob_ai_step fired (count=60000)
[3938|t+76695ms|ThreadId(2)] [RsiftPlatformBridge] apply error: ClassNotFoundException: net.minecraft.core.registries.BuiltInRegistries
[3939|t+76697ms|ThreadId(2)] [RsiftPlatformBridge] apply error: ClassNotFoundException: net.minecraft.core.registries.BuiltInRegistries
[3940|t+76975ms|ThreadId(1)] [hook] mob_ai_step fired (count=60600)
[3941|t+77002ms|ThreadId(2)] [RsiftPlatformBridge] apply error: ClassNotFoundException: net.minecraft.core.registries.BuiltInRegistries
[3942|t+77004ms|ThreadId(2)] [RsiftPlatformBridge] apply error: ClassNotFoundException: net.minecraft.core.registries.BuiltInRegistries
[3943|t+77120ms|ThreadId(15)] [hook] network_packet fired (count=43200)
[3944|t+77257ms|ThreadId(1)] [hook] mob_ai_step fired (count=61200)
[3945|t+77307ms|ThreadId(2)] [RsiftPlatformBridge] apply error: ClassNotFoundException: net.minecraft.core.registries.BuiltInRegistries
[3946|t+77308ms|ThreadId(2)] [RsiftPlatformBridge] apply error: ClassNotFoundException: net.minecraft.core.registries.BuiltInRegistries
[3947|t+77525ms|ThreadId(15)] [hook] network_packet fired (count=43800)
[3948|t+77560ms|ThreadId(1)] [hook] mob_ai_step fired (count=61800)
[3949|t+77612ms|ThreadId(2)] [RsiftPlatformBridge] apply error: ClassNotFoundException: net.minecraft.core.registries.BuiltInRegistries
[3950|t+77613ms|ThreadId(2)] [RsiftPlatformBridge] apply error: ClassNotFoundException: net.minecraft.core.registries.BuiltInRegistries
[3951|t+77918ms|ThreadId(2)] [RsiftPlatformBridge] apply error: ClassNotFoundException: net.minecraft.core.registries.BuiltInRegistries
[3952|t+77919ms|ThreadId(2)] [RsiftPlatformBridge] apply error: ClassNotFoundException: net.minecraft.core.registries.BuiltInRegistries
[3953|t+77923ms|ThreadId(1)] [hook] mob_ai_step fired (count=62400)
[3954|t+77973ms|ThreadId(15)] [hook] network_packet fired (count=44400)
[3955|t+77979ms|ThreadId(2)] [step] title_marker — window title set: Minecraft* 1.21.11 - Rsift (RsGraphics Render)
[3956|t+78208ms|ThreadId(1)] [hook] mob_ai_step fired (count=63000)
[3957|t+78236ms|ThreadId(2)] [RsiftRuntimeHooks] install failed: gfj.getConnection()
[3958|t+78236ms|ThreadId(2)] [RsiftPlatformBridge] apply error: ClassNotFoundException: net.minecraft.core.registries.BuiltInRegistries
[3959|t+78237ms|ThreadId(2)] [RsiftPlatformBridge] apply error: ClassNotFoundException: net.minecraft.core.registries.BuiltInRegistries
[3960|t+78420ms|ThreadId(15)] [hook] network_packet fired (count=45000)
[3961|t+78524ms|ThreadId(1)] [hook] mob_ai_step fired (count=63600)
[3962|t+78541ms|ThreadId(2)] [RsiftPlatformBridge] apply error: ClassNotFoundException: net.minecraft.core.registries.BuiltInRegistries
[3963|t+78542ms|ThreadId(2)] [RsiftPlatformBridge] apply error: ClassNotFoundException: net.minecraft.core.registries.BuiltInRegistries
[3964|t+78809ms|ThreadId(1)] [hook] mob_ai_step fired (count=64200)
[3965|t+78846ms|ThreadId(2)] [RsiftPlatformBridge] apply error: ClassNotFoundException: net.minecraft.core.registries.BuiltInRegistries
[3966|t+78847ms|ThreadId(2)] [RsiftPlatformBridge] apply error: ClassNotFoundException: net.minecraft.core.registries.BuiltInRegistries
[3967|t+78873ms|ThreadId(15)] [hook] network_packet fired (count=45600)
[3968|t+79110ms|ThreadId(1)] [hook] mob_ai_step fired (count=64800)
[3969|t+79173ms|ThreadId(2)] [RsiftPlatformBridge] apply error: ClassNotFoundException: net.minecraft.core.registries.BuiltInRegistries
[3970|t+79174ms|ThreadId(2)] [RsiftPlatformBridge] apply error: ClassNotFoundException: net.minecraft.core.registries.BuiltInRegistries
[3971|t+79305ms|ThreadId(15)] [hook] network_packet fired (count=46200)
[3972|t+79429ms|ThreadId(1)] [hook] mob_ai_step fired (count=65400)
[3973|t+79479ms|ThreadId(2)] [RsiftPlatformBridge] apply error: ClassNotFoundException: net.minecraft.core.registries.BuiltInRegistries
[3974|t+79479ms|ThreadId(2)] [RsiftPlatformBridge] apply error: ClassNotFoundException: net.minecraft.core.registries.BuiltInRegistries
[3975|t+79673ms|ThreadId(15)] [hook] network_packet fired (count=46800)
[3976|t+79717ms|ThreadId(1)] [hook] mob_ai_step fired (count=66000)
[3977|t+79785ms|ThreadId(2)] [RsiftPlatformBridge] apply error: ClassNotFoundException: net.minecraft.core.registries.BuiltInRegistries
[3978|t+79786ms|ThreadId(2)] [RsiftPlatformBridge] apply error: ClassNotFoundException: net.minecraft.core.registries.BuiltInRegistries
[3979|t+80012ms|ThreadId(1)] [hook] mob_ai_step fired (count=66600)
[3980|t+80092ms|ThreadId(2)] [RsiftPlatformBridge] apply error: ClassNotFoundException: net.minecraft.core.registries.BuiltInRegistries
[3981|t+80092ms|ThreadId(2)] [RsiftPlatformBridge] apply error: ClassNotFoundException: net.minecraft.core.registries.BuiltInRegistries
[3982|t+80121ms|ThreadId(15)] [hook] network_packet fired (count=47400)
[3983|t+80306ms|ThreadId(1)] [hook] mob_ai_step fired (count=67200)
[3984|t+80360ms|ThreadId(1)] [hook] client_tick fired (count=1200)
[3985|t+80397ms|ThreadId(2)] [RsiftPlatformBridge] apply error: ClassNotFoundException: net.minecraft.core.registries.BuiltInRegistries
[3986|t+80398ms|ThreadId(2)] [RsiftPlatformBridge] apply error: ClassNotFoundException: net.minecraft.core.registries.BuiltInRegistries
[3987|t+80522ms|ThreadId(15)] [hook] network_packet fired (count=48000)
[3988|t+80611ms|ThreadId(1)] [hook] mob_ai_step fired (count=67800)
[3989|t+80702ms|ThreadId(2)] [RsiftPlatformBridge] apply error: ClassNotFoundException: net.minecraft.core.registries.BuiltInRegistries
[3990|t+80702ms|ThreadId(2)] [RsiftPlatformBridge] apply error: ClassNotFoundException: net.minecraft.core.registries.BuiltInRegistries
[3991|t+80919ms|ThreadId(15)] [hook] network_packet fired (count=48600)
[3992|t+80933ms|ThreadId(1)] [hook] mob_ai_step fired (count=68400)
[3993|t+81006ms|ThreadId(2)] [RsiftPlatformBridge] apply error: ClassNotFoundException: net.minecraft.core.registries.BuiltInRegistries
[3994|t+81007ms|ThreadId(2)] [RsiftPlatformBridge] apply error: ClassNotFoundException: net.minecraft.core.registries.BuiltInRegistries
[3995|t+81219ms|ThreadId(1)] [hook] mob_ai_step fired (count=69000)
[3996|t+81311ms|ThreadId(2)] [RsiftPlatformBridge] apply error: ClassNotFoundException: net.minecraft.core.registries.BuiltInRegistries
[3997|t+81313ms|ThreadId(2)] [RsiftPlatformBridge] apply error: ClassNotFoundException: net.minecraft.core.registries.BuiltInRegistries
[3998|t+81314ms|ThreadId(2)] [step] tick_loop — alive tick=840
[3999|t+81361ms|ThreadId(15)] [hook] network_packet fired (count=49200)
[4000|t+81517ms|ThreadId(1)] [hook] mob_ai_step fired (count=69600)
[4001|t+81619ms|ThreadId(2)] [RsiftPlatformBridge] apply error: ClassNotFoundException: net.minecraft.core.registries.BuiltInRegistries
[4002|t+81620ms|ThreadId(2)] [RsiftPlatformBridge] apply error: ClassNotFoundException: net.minecraft.core.registries.BuiltInRegistries
[4003|t+81720ms|ThreadId(15)] [hook] network_packet fired (count=49800)
[4004|t+81763ms|ThreadId(1)] [hook] mob_ai_step fired (count=70200)
[4005|t+81925ms|ThreadId(2)] [RsiftPlatformBridge] apply error: ClassNotFoundException: net.minecraft.core.registries.BuiltInRegistries
[4006|t+81926ms|ThreadId(2)] [RsiftPlatformBridge] apply error: ClassNotFoundException: net.minecraft.core.registries.BuiltInRegistries
[4007|t+82058ms|ThreadId(1)] [hook] mob_ai_step fired (count=70800)
[4008|t+82171ms|ThreadId(15)] [hook] network_packet fired (count=50400)
[4009|t+82230ms|ThreadId(2)] [RsiftPlatformBridge] apply error: ClassNotFoundException: net.minecraft.core.registries.BuiltInRegistries
[4010|t+82231ms|ThreadId(2)] [RsiftPlatformBridge] apply error: ClassNotFoundException: net.minecraft.core.registries.BuiltInRegistries
[4011|t+82366ms|ThreadId(1)] [hook] mob_ai_step fired (count=71400)
[4012|t+82535ms|ThreadId(2)] [RsiftPlatformBridge] apply error: ClassNotFoundException: net.minecraft.core.registries.BuiltInRegistries
[4013|t+82536ms|ThreadId(2)] [RsiftPlatformBridge] apply error: ClassNotFoundException: net.minecraft.core.registries.BuiltInRegistries
[4014|t+82571ms|ThreadId(15)] [hook] network_packet fired (count=51000)
[4015|t+82685ms|ThreadId(1)] [hook] mob_ai_step fired (count=72000)
[4016|t+82840ms|ThreadId(2)] [RsiftPlatformBridge] apply error: ClassNotFoundException: net.minecraft.core.registries.BuiltInRegistries
[4017|t+82841ms|ThreadId(2)] [RsiftPlatformBridge] apply error: ClassNotFoundException: net.minecraft.core.registries.BuiltInRegistries
[4018|t+82922ms|ThreadId(15)] [hook] network_packet fired (count=51600)
[4019|t+82965ms|ThreadId(1)] [hook] mob_ai_step fired (count=72600)
[4020|t+83144ms|ThreadId(2)] [RsiftPlatformBridge] apply error: ClassNotFoundException: net.minecraft.core.registries.BuiltInRegistries
[4021|t+83145ms|ThreadId(2)] [RsiftPlatformBridge] apply error: ClassNotFoundException: net.minecraft.core.registries.BuiltInRegistries
[4022|t+83266ms|ThreadId(1)] [hook] mob_ai_step fired (count=73200)
[4023|t+83322ms|ThreadId(15)] [hook] network_packet fired (count=52200)
[4024|t+83449ms|ThreadId(2)] [RsiftPlatformBridge] apply error: ClassNotFoundException: net.minecraft.core.registries.BuiltInRegistries
[4025|t+83450ms|ThreadId(2)] [RsiftPlatformBridge] apply error: ClassNotFoundException: net.minecraft.core.registries.BuiltInRegistries
[4026|t+83566ms|ThreadId(1)] [hook] mob_ai_step fired (count=73800)
[4027|t+83673ms|ThreadId(15)] [hook] network_packet fired (count=52800)
[4028|t+83688ms|ThreadId(1)] [hook] render_flip fired (count=2400)
[4029|t+83754ms|ThreadId(2)] [RsiftPlatformBridge] apply error: ClassNotFoundException: net.minecraft.core.registries.BuiltInRegistries
[4030|t+83754ms|ThreadId(2)] [RsiftPlatformBridge] apply error: ClassNotFoundException: net.minecraft.core.registries.BuiltInRegistries
[4031|t+83867ms|ThreadId(1)] [hook] mob_ai_step fired (count=74400)
[4032|t+84058ms|ThreadId(2)] [RsiftPlatformBridge] apply error: ClassNotFoundException: net.minecraft.core.registries.BuiltInRegistries
[4033|t+84060ms|ThreadId(2)] [RsiftPlatformBridge] apply error: ClassNotFoundException: net.minecraft.core.registries.BuiltInRegistries
[4034|t+84125ms|ThreadId(15)] [hook] network_packet fired (count=53400)
[4035|t+84169ms|ThreadId(1)] [hook] mob_ai_step fired (count=75000)
[4036|t+84364ms|ThreadId(2)] [RsiftPlatformBridge] apply error: ClassNotFoundException: net.minecraft.core.registries.BuiltInRegistries
[4037|t+84365ms|ThreadId(2)] [RsiftPlatformBridge] apply error: ClassNotFoundException: net.minecraft.core.registries.BuiltInRegistries
[4038|t+84471ms|ThreadId(15)] [hook] network_packet fired (count=54000)
[4039|t+84484ms|ThreadId(1)] [hook] mob_ai_step fired (count=75600)
[4040|t+84669ms|ThreadId(2)] [RsiftPlatformBridge] apply error: ClassNotFoundException: net.minecraft.core.registries.BuiltInRegistries
[4041|t+84670ms|ThreadId(2)] [RsiftPlatformBridge] apply error: ClassNotFoundException: net.minecraft.core.registries.BuiltInRegistries
[4042|t+84774ms|ThreadId(1)] [hook] mob_ai_step fired (count=76200)
[4043|t+84924ms|ThreadId(15)] [hook] network_packet fired (count=54600)
[4044|t+84975ms|ThreadId(2)] [RsiftPlatformBridge] apply error: ClassNotFoundException: net.minecraft.core.registries.BuiltInRegistries
[4045|t+84975ms|ThreadId(2)] [RsiftPlatformBridge] apply error: ClassNotFoundException: net.minecraft.core.registries.BuiltInRegistries
[4046|t+85059ms|ThreadId(1)] [hook] mob_ai_step fired (count=76800)
[4047|t+85279ms|ThreadId(2)] [RsiftPlatformBridge] apply error: ClassNotFoundException: net.minecraft.core.registries.BuiltInRegistries
[4048|t+85280ms|ThreadId(2)] [RsiftPlatformBridge] apply error: ClassNotFoundException: net.minecraft.core.registries.BuiltInRegistries
[4049|t+85369ms|ThreadId(1)] [hook] mob_ai_step fired (count=77400)
[4050|t+85373ms|ThreadId(15)] [hook] network_packet fired (count=55200)
[4051|t+85583ms|ThreadId(2)] [RsiftPlatformBridge] apply error: ClassNotFoundException: net.minecraft.core.registries.BuiltInRegistries
[4052|t+85585ms|ThreadId(2)] [RsiftPlatformBridge] apply error: ClassNotFoundException: net.minecraft.core.registries.BuiltInRegistries
[4053|t+85671ms|ThreadId(1)] [hook] mob_ai_step fired (count=78000)
[4054|t+85724ms|ThreadId(15)] [hook] network_packet fired (count=55800)
[4055|t+85889ms|ThreadId(2)] [RsiftPlatformBridge] apply error: ClassNotFoundException: net.minecraft.core.registries.BuiltInRegistries
[4056|t+85889ms|ThreadId(2)] [RsiftPlatformBridge] apply error: ClassNotFoundException: net.minecraft.core.registries.BuiltInRegistries
[4057|t+85971ms|ThreadId(1)] [hook] mob_ai_step fired (count=78600)
[4058|t+86074ms|ThreadId(15)] [hook] network_packet fired (count=56400)
[4059|t+86192ms|ThreadId(2)] [RsiftPlatformBridge] apply error: ClassNotFoundException: net.minecraft.core.registries.BuiltInRegistries
[4060|t+86194ms|ThreadId(2)] [RsiftPlatformBridge] apply error: ClassNotFoundException: net.minecraft.core.registries.BuiltInRegistries
[4061|t+86233ms|ThreadId(1)] [hook] mob_ai_step fired (count=79200)
[4062|t+86499ms|ThreadId(2)] [RsiftPlatformBridge] apply error: ClassNotFoundException: net.minecraft.core.registries.BuiltInRegistries
[4063|t+86500ms|ThreadId(2)] [RsiftPlatformBridge] apply error: ClassNotFoundException: net.minecraft.core.registries.BuiltInRegistries
[4064|t+86514ms|ThreadId(1)] [hook] mob_ai_step fired (count=79800)
[4065|t+86523ms|ThreadId(15)] [hook] network_packet fired (count=57000)
[4066|t+86805ms|ThreadId(2)] [RsiftPlatformBridge] apply error: ClassNotFoundException: net.minecraft.core.registries.BuiltInRegistries
[4067|t+86805ms|ThreadId(1)] [hook] mob_ai_step fired (count=80400)
[4068|t+86806ms|ThreadId(2)] [RsiftPlatformBridge] apply error: ClassNotFoundException: net.minecraft.core.registries.BuiltInRegistries
[4069|t+86872ms|ThreadId(15)] [hook] network_packet fired (count=57600)
[4070|t+87109ms|ThreadId(2)] [RsiftPlatformBridge] apply error: ClassNotFoundException: net.minecraft.core.registries.BuiltInRegistries
[4071|t+87110ms|ThreadId(2)] [RsiftPlatformBridge] apply error: ClassNotFoundException: net.minecraft.core.registries.BuiltInRegistries
[4072|t+87115ms|ThreadId(1)] [hook] mob_ai_step fired (count=81000)
[4073|t+87224ms|ThreadId(15)] [hook] network_packet fired (count=58200)
[4074|t+87414ms|ThreadId(2)] [RsiftPlatformBridge] apply error: ClassNotFoundException: net.minecraft.core.registries.BuiltInRegistries
[4075|t+87414ms|ThreadId(1)] [hook] mob_ai_step fired (count=81600)
[4076|t+87415ms|ThreadId(2)] [RsiftPlatformBridge] apply error: ClassNotFoundException: net.minecraft.core.registries.BuiltInRegistries
[4077|t+87592ms|ThreadId(15)] [hook] network_packet fired (count=58800)
[4078|t+87708ms|ThreadId(1)] [hook] mob_ai_step fired (count=82200)
[4079|t+87720ms|ThreadId(2)] [RsiftPlatformBridge] apply error: ClassNotFoundException: net.minecraft.core.registries.BuiltInRegistries
[4080|t+87721ms|ThreadId(2)] [RsiftPlatformBridge] apply error: ClassNotFoundException: net.minecraft.core.registries.BuiltInRegistries
[4081|t+87973ms|ThreadId(15)] [hook] network_packet fired (count=59400)
[4082|t+88007ms|ThreadId(1)] [hook] mob_ai_step fired (count=82800)
[4083|t+88024ms|ThreadId(2)] [RsiftPlatformBridge] apply error: ClassNotFoundException: net.minecraft.core.registries.BuiltInRegistries
[4084|t+88024ms|ThreadId(2)] [RsiftPlatformBridge] apply error: ClassNotFoundException: net.minecraft.core.registries.BuiltInRegistries
[4085|t+88310ms|ThreadId(1)] [hook] mob_ai_step fired (count=83400)
[4086|t+88327ms|ThreadId(2)] [RsiftPlatformBridge] apply error: ClassNotFoundException: net.minecraft.core.registries.BuiltInRegistries
[4087|t+88327ms|ThreadId(2)] [RsiftPlatformBridge] apply error: ClassNotFoundException: net.minecraft.core.registries.BuiltInRegistries
[4088|t+88372ms|ThreadId(15)] [hook] network_packet fired (count=60000)
[4089|t+88606ms|ThreadId(1)] [hook] mob_ai_step fired (count=84000)
[4090|t+88632ms|ThreadId(2)] [RsiftPlatformBridge] apply error: ClassNotFoundException: net.minecraft.core.registries.BuiltInRegistries
[4091|t+88633ms|ThreadId(2)] [RsiftPlatformBridge] apply error: ClassNotFoundException: net.minecraft.core.registries.BuiltInRegistries
[4092|t+88771ms|ThreadId(15)] [hook] network_packet fired (count=60600)
[4093|t+88907ms|ThreadId(1)] [hook] mob_ai_step fired (count=84600)
[4094|t+88936ms|ThreadId(2)] [RsiftPlatformBridge] apply error: ClassNotFoundException: net.minecraft.core.registries.BuiltInRegistries
[4095|t+88937ms|ThreadId(2)] [RsiftPlatformBridge] apply error: ClassNotFoundException: net.minecraft.core.registries.BuiltInRegistries
[4096|t+88972ms|ThreadId(2)] [step] screen_check — obf=grx mojmap=net.minecraft.client.gui.screens.PauseScreen → injecting
[4097|t+88975ms|ThreadId(1)] [RsiftScreenHooks] injectCurrentScreen failed: gfj.screen()
[4098|t+88990ms|ThreadId(2)] [step] screen_check — obf=grx mojmap=net.minecraft.client.gui.screens.PauseScreen → injecting
[4099|t+89023ms|ThreadId(1)] [RsiftScreenHooks] injectCurrentScreen failed: gfj.screen()
[4100|t+89120ms|ThreadId(15)] [hook] network_packet fired (count=61200)
[4101|t+89210ms|ThreadId(1)] [hook] mob_ai_step fired (count=85200)
[4102|t+89242ms|ThreadId(2)] [step] screen_check — obf=grx mojmap=net.minecraft.client.gui.screens.PauseScreen → injecting
[4103|t+89242ms|ThreadId(2)] [RsiftPlatformBridge] apply error: ClassNotFoundException: net.minecraft.core.registries.BuiltInRegistries
[4104|t+89243ms|ThreadId(2)] [RsiftPlatformBridge] apply error: ClassNotFoundException: net.minecraft.core.registries.BuiltInRegistries
[4105|t+89252ms|ThreadId(1)] [RsiftScreenHooks] injectCurrentScreen failed: gfj.screen()
[4106|t+89261ms|ThreadId(2)] [step] screen_check — obf=grx mojmap=net.minecraft.client.gui.screens.PauseScreen → injecting
[4107|t+89274ms|ThreadId(1)] [RsiftScreenHooks] injectCurrentScreen failed: gfj.screen()
[4108|t+89278ms|ThreadId(2)] [step] screen_check — obf=grx mojmap=net.minecraft.client.gui.screens.PauseScreen → injecting
[4109|t+89297ms|ThreadId(2)] [step] screen_check — obf=grx mojmap=net.minecraft.client.gui.screens.PauseScreen → injecting
[4110|t+89306ms|ThreadId(1)] [RsiftScreenHooks] injectCurrentScreen failed: gfj.screen()
[4111|t+89307ms|ThreadId(1)] [RsiftScreenHooks] injectCurrentScreen failed: gfj.screen()
[4112|t+89508ms|ThreadId(1)] [hook] mob_ai_step fired (count=85800)
[4113|t+89548ms|ThreadId(2)] [step] screen_check — obf=grx mojmap=net.minecraft.client.gui.screens.PauseScreen → injecting
[4114|t+89549ms|ThreadId(1)] [RsiftScreenHooks] injectCurrentScreen failed: gfj.screen()[4115|t+89549ms|ThreadId(2)] [RsiftPlatformBridge] apply error: ClassNotFoundException: net.minecraft.core.registries.BuiltInRegistries

[4116|t+89549ms|ThreadId(2)] [RsiftPlatformBridge] apply error: ClassNotFoundException: net.minecraft.core.registries.BuiltInRegistries
[4117|t+89853ms|ThreadId(2)] [RsiftPlatformBridge] apply error: ClassNotFoundException: net.minecraft.core.registries.BuiltInRegistries
[4118|t+89854ms|ThreadId(2)] [RsiftPlatformBridge] apply error: ClassNotFoundException: net.minecraft.core.registries.BuiltInRegistries
[4119|t+90158ms|ThreadId(2)] [RsiftPlatformBridge] apply error: ClassNotFoundException: net.minecraft.core.registries.BuiltInRegistries
[4120|t+90159ms|ThreadId(2)] [RsiftPlatformBridge] apply error: ClassNotFoundException: net.minecraft.core.registries.BuiltInRegistries
[4121|t+90462ms|ThreadId(2)] [step] screen_check — obf=gsd mojmap=net.minecraft.client.gui.screens.TitleScreen → injecting
[4122|t+90463ms|ThreadId(2)] [RsiftPlatformBridge] apply error: ClassNotFoundException: net.minecraft.core.registries.BuiltInRegistries
[4123|t+90464ms|ThreadId(2)] [RsiftPlatformBridge] apply error: ClassNotFoundException: net.minecraft.core.registries.BuiltInRegistries
[4124|t+90464ms|ThreadId(2)] [step] tick_loop — alive tick=960
[4125|t+90473ms|ThreadId(1)] [RsiftScreenHooks] injectCurrentScreen failed: gfj.screen()
[4126|t+90482ms|ThreadId(2)] [step] screen_check — obf=gsd mojmap=net.minecraft.client.gui.screens.TitleScreen → injecting
[4127|t+90500ms|ThreadId(2)] [step] screen_check — obf=gsd mojmap=net.minecraft.client.gui.screens.TitleScreen → injecting
[4128|t+90503ms|ThreadId(1)] [RsiftScreenHooks] injectCurrentScreen failed: gfj.screen()
[4129|t+90503ms|ThreadId(1)] [RsiftScreenHooks] injectCurrentScreen failed: gfj.screen()
[4130|t+90518ms|ThreadId(2)] [step] screen_check — obf=gsd mojmap=net.minecraft.client.gui.screens.TitleScreen → injecting
[4131|t+90522ms|ThreadId(1)] [RsiftScreenHooks] injectCurrentScreen failed: gfj.screen()
[4132|t+90770ms|ThreadId(2)] [step] screen_check — obf=gsd mojmap=net.minecraft.client.gui.screens.TitleScreen → injecting
[4133|t+90771ms|ThreadId(2)] [RsiftPlatformBridge] apply error: ClassNotFoundException: net.minecraft.core.registries.BuiltInRegistries
[4134|t+90772ms|ThreadId(2)] [RsiftPlatformBridge] apply error: ClassNotFoundException: net.minecraft.core.registries.BuiltInRegistries
[4135|t+90778ms|ThreadId(1)] [RsiftScreenHooks] injectCurrentScreen failed: gfj.screen()
[4136|t+90790ms|ThreadId(2)] [step] screen_check — obf=gsd mojmap=net.minecraft.client.gui.screens.TitleScreen → injecting
[4137|t+90795ms|ThreadId(1)] [RsiftScreenHooks] injectCurrentScreen failed: gfj.screen()
[4138|t+90808ms|ThreadId(2)] [step] screen_check — obf=gsd mojmap=net.minecraft.client.gui.screens.TitleScreen → injecting
[4139|t+90812ms|ThreadId(1)] [RsiftScreenHooks] injectCurrentScreen failed: gfj.screen()
[4140|t+90826ms|ThreadId(2)] [step] screen_check — obf=gsd mojmap=net.minecraft.client.gui.screens.TitleScreen → injecting
[4141|t+90850ms|ThreadId(1)] [RsiftScreenHooks] injectCurrentScreen failed: gfj.screen()
[4142|t+91078ms|ThreadId(2)] [RsiftPlatformBridge] apply error: ClassNotFoundException: net.minecraft.core.registries.BuiltInRegistries
[4143|t+91079ms|ThreadId(2)] [RsiftPlatformBridge] apply error: ClassNotFoundException: net.minecraft.core.registries.BuiltInRegistries
