[0001|t+0ms|ThreadId(1)] ==========================================================================
[0002|t+0ms|ThreadId(1)] [Rsift] session start: agentpath opts=
[0003|t+1ms|ThreadId(1)] [Rsift] log file: "C:\\Users\\Junji\\AppData\\Roaming\\PrismLauncher\\instances\\rsift\\rsift-natives\\rsift-bootstrap.log"
[0004|t+1ms|ThreadId(1)] [Rsift] dll directory: "C:\\Users\\Junji\\AppData\\Roaming\\PrismLauncher\\instances\\rsift\\rsift-natives"
[0005|t+2ms|ThreadId(1)] [Rsift] bootstrap jar: exists=true size=Some(43992)
[0006|t+2ms|ThreadId(1)] [Rsift] rsift_jvm.dll: exists=true size=Some(11702784)
[0007|t+3ms|ThreadId(1)] ==========================================================================
[0008|t+3ms|ThreadId(1)] [step] Agent_OnLoad — entered
[0009|t+3ms|ThreadId(1)] [step] Agent_OnLoad — options=""
[0010|t+7ms|ThreadId(1)] [step] jvmti — Agent_OnLoad: AddToBootstrapClassLoaderSearch rc=0 — RsiftHooks 可視化 (bootstrap CL): C:\Users\Junji\AppData\Roaming\PrismLauncher\instances\rsift\rsift-natives\rsift-bootstrap.jar
[0011|t+7ms|ThreadId(1)] [step] Agent_OnLoad — bootstrap classpath ensure rc=0
[0012|t+7ms|ThreadId(1)] [step] Agent_OnLoad — scheduling deferred init thread (mods load in background thread)
[0013|t+8ms|ThreadId(1)] [step] schedule_deferred_init — from_agentpath=true opts_len=0 agentpath_active=false
[0014|t+8ms|ThreadId(1)] [step] agentpath — marker written "C:\\Users\\Junji\\AppData\\Roaming\\PrismLauncher\\instances\\rsift\\rsift-natives\\.rsift-agentpath-active"
[0015|t+9ms|ThreadId(1)] [step] schedule_deferred_init — thread spawn OK
[0016|t+9ms|ThreadId(2)] [step] deferred_init — thread entered
[0017|t+9ms|ThreadId(1)] [step] Agent_OnLoad — complete — returning 0 to JVM
[0018|t+9ms|ThreadId(2)] [step] deferred_init — brief wait before JNI (agentpath-only, no javaagent)
[0019|t+1010ms|ThreadId(2)] [step] deferred_init — pre-JNI wait complete
[0020|t+1011ms|ThreadId(2)] [step] boot_markers — agentpath=true javaagent=false
[0021|t+1011ms|ThreadId(2)] [step] deferred_init — loading mods
[0022|t+1012ms|ThreadId(2)] [step] agent_premain — loading mods args=
[0023|t+1012ms|ThreadId(2)] [Rsift] mod_dir from game cwd: "C:\\Users\\Junji\\AppData\\Roaming\\PrismLauncher\\instances\\rsift\\.minecraft\\mods"
[0024|t+1013ms|ThreadId(2)] [step] agent_premain — mod_dir="C:\\Users\\Junji\\AppData\\Roaming\\PrismLauncher\\instances\\rsift\\.minecraft\\mods"
[0025|t+1013ms|ThreadId(2)] [step] agent_premain — mod candidates (3): ["rsgraphics.dll", "rsreplay.dll", "rszoom.dll"]
[0026|t+1015ms|ThreadId(2)] [step] agent_premain — official mod restore: all official mods already present
[0027|t+1015ms|ThreadId(2)] [step] agent_premain — abi table installed v1.21.11
[0028|t+1016ms|ThreadId(2)] [step] agent_premain — sim runtime ready backend=std_seek cores=8
[0029|t+6576ms|ThreadId(2)] [step] agent_premain — mods loaded OK: ["rsgraphics", "rsreplay", "rszoom"]
[0030|t+6577ms|ThreadId(2)] [step] deferred_init — JavaVM::from_raw addr=0x7ffa120537b0
[0031|t+6901ms|ThreadId(2)] [Rsift] [obf_map] client.txt loaded → Obfuscated mode (classes=10291 methods=89557 fields=45679)
[0032|t+6902ms|ThreadId(2)] [step] deferred_init — obf_map mode = Obfuscated
[0033|t+6902ms|ThreadId(2)] [step] obf_method_aliases — registered 5 / 11 runtime method aliases [net/minecraft/client/Minecraft#tick=x, net/minecraft/client/Minecraft#run=j, net/minecraft/client/gui/screens/Screen#init=<FAIL: ambiguous(2+ overloads) or not in client.txt>, net/minecraft/network/Connection#channelRead0=<FAIL: ambiguous(2+ overloads) or not in client.txt>, net/minecraft/world/entity/Mob#aiStep=d_, net/minecraft/world/entity/Entity#travel=<FAIL: ambiguous(2+ overloads) or not in client.txt>, net/minecraft/world/level/redstone/RedstoneWireBlock#calculateTargetStrength=<FAIL: ambiguous(2+ overloads) or not in client.txt>, net/minecraft/world/level/chunk/LevelChunk#tick=<FAIL: ambiguous(2+ overloads) or not in client.txt>, net/minecraft/world/level/block/entity/HopperBlockEntity#tick=<FAIL: ambiguous(2+ overloads) or not in client.txt>, net/minecraft/server/level/ServerLevel#tick=a, net/minecraft/world/level/material/FlowingFluid#tick=b]
[0034|t+6903ms|ThreadId(2)] [step] classloader_probe — attempt 0 attach OK
[0035|t+6904ms|ThreadId(2)] [step] jvmti — AddCapabilities request all_hook=true early_hook=false redefine=true retransform=true retransform_any=true (potential ∩ desired)
[0036|t+6904ms|ThreadId(2)] [step] jvmti — AddCapabilities rc=0 (全請求受理)
[0037|t+6905ms|ThreadId(2)] [step] jvmti — GetCapabilities rc=0 all_hook=true early_hook=false redefine=true retransform=true retransform_any=true
[0038|t+6906ms|ThreadId(2)] [JVMTI] ClassFileLoadHook + ClassLoad enabled (exact-spec indices)
[0039|t+6906ms|ThreadId(2)] [step] f3_marker — static spec pre-registered (load-free, reflection-independent): glz#getLines ()Ljava/util/List; (mojmap DebugScreenEntryList#getLines)
[0040|t+6906ms|ThreadId(2)] [step] deferred_init — JVMTI CFLH install (attached thread, attempt 0) = true
[0041|t+6907ms|ThreadId(2)] [step] classloader — attempt 0 — game still booting, deferring JNI probes
[0042|t+6907ms|ThreadId(2)] [step] classloader_probe — attempt 0 — not ready yet
[0043|t+7090ms|ThreadId(1)] [CFLH] net/minecraft/world/level/block/entity/HopperBlockEntity (runtime=emf) matched target but NOT modified (method name/desc not found or refused) — 12215 bytes
[0044|t+8994ms|ThreadId(1)] [CFLH] net/minecraft/world/level/chunk/LevelChunk (runtime=eqq) matched target but NOT modified (method name/desc not found or refused) — 23059 bytes
[0045|t+11724ms|ThreadId(1)] [CFLH] net/minecraft/client/gui/screens/Screen (runtime=gsb) matched target but NOT modified (method name/desc not found or refused) — 19699 bytes
[0046|t+11733ms|ThreadId(1)] [JVMTI] wanted class captured at ClassLoad (loader-independent): gsb
[0047|t+11819ms|ThreadId(1)] [CFLH] PATCHED com/mojang/blaze3d/systems/RenderSystem (runtime=com/mojang/blaze3d/systems/RenderSystem) 11688 → 11742 bytes
[0048|t+11841ms|ThreadId(1)] [CFLH] PATCHED net/minecraft/client/Minecraft (runtime=gfj) 88505 → 88593 bytes
[0049|t+11849ms|ThreadId(1)] [JVMTI] wanted class captured at ClassLoad (loader-independent): gfj
[0050|t+11911ms|ThreadId(2)] [step] classloader_probe — attempt 5 attach OK
[0051|t+11914ms|ThreadId(2)] [Rsift] game ClassLoader cached
[0052|t+11914ms|ThreadId(2)] [step] classloader — FOUND via named thread context ClassLoader
[0053|t+11914ms|ThreadId(2)] [step] classloader_probe — FOUND on attempt 5
[0054|t+11917ms|ThreadId(2)] [Rsift] RsiftScreenHooks ready (minimal bootstrap)
[0055|t+11920ms|ThreadId(2)] [Rsift] RsiftPacketTap は同梱 bootstrap jar に未収録のためパケットタップは無効 (継続)
[0056|t+11920ms|ThreadId(2)] [Rsift] RsiftModBridge loaded
[0057|t+11922ms|ThreadId(2)] [Rsift] RsiftPlatformBridge loaded
[0058|t+11924ms|ThreadId(2)] [step] bridge_load — UiBridge=true ModBridge=true
[0059|t+11926ms|ThreadId(2)] [JVMTI] wanted class captured at ClassLoad (loader-independent): gjm
[0060|t+11932ms|ThreadId(2)] [JVMTI] game ClassLoader captured via CFLH (first class: net/minecraft/server/MinecraftServer)
[0061|t+11944ms|ThreadId(2)] [warn] jni_exc — loadClass(net.minecraft.client.gui.components.debug.DebugScreenOverlay [from mojmap net.minecraft.client.gui.components.debug.DebugScreenOverlay]) via game loader — returning None to caller: java.lang.ClassNotFoundException: net.minecraft.client.gui.components.debug.DebugScreenOverlay
[0062|t+11945ms|ThreadId(2)] [step] f3_marker — no F3-lines method (0-arg, List<String|Component>) found via reflection — F3 marker skipped honestly (window title marker remains)
[0063|t+11947ms|ThreadId(2)] [CFLH] PATCHED net/minecraft/network/Connection (runtime=wu) 22766 → 22839 bytes
[0064|t+11950ms|ThreadId(2)] [JVMTI] wanted class captured at ClassLoad (loader-independent): wu
[0065|t+11951ms|ThreadId(2)] [warn] jni_exc — loadClass(net.minecraft.world.level.redstone.RedstoneWireBlock [from mojmap net.minecraft.world.level.redstone.RedstoneWireBlock]) via game loader — returning None to caller: java.lang.ClassNotFoundException: net.minecraft.world.level.redstone.RedstoneWireBlock
[0066|t+11952ms|ThreadId(2)] [warn] jni_exc — retransform sweep: could not obtain jclass for net.minecraft.world.level.redstone.RedstoneWireBlock: java.lang.ClassNotFoundException: net.minecraft.world.level.redstone.RedstoneWireBlock
[0067|t+11983ms|ThreadId(2)] [CFLH] PATCHED net/minecraft/server/level/ServerLevel (runtime=axf) 58671 → 58730 bytes
[0068|t+11998ms|ThreadId(2)] [CFLH] net/minecraft/world/entity/Entity (runtime=cgk) matched target but NOT modified (method name/desc not found or refused) — 106514 bytes
[0069|t+12008ms|ThreadId(2)] [CFLH] PATCHED net/minecraft/world/entity/Mob (runtime=chn) 38510 → 38563 bytes
[0070|t+12022ms|ThreadId(2)] [CFLH] PATCHED net/minecraft/world/level/material/FlowingFluid (runtime=fkz) 14050 → 14103 bytes
[0071|t+12066ms|ThreadId(2)] [step] retransform — RetransformClasses rc=0 (10 of 11 target classes already loaded)
[0072|t+12186ms|ThreadId(2)] [step] class_dump — 3492 interesting classes loaded (of 18405 total)
[0073|t+12187ms|ThreadId(2)] [class_dump] [B
[0074|t+12187ms|ThreadId(2)] [class_dump] [C
[0075|t+12187ms|ThreadId(2)] [class_dump] [D
[0076|t+12188ms|ThreadId(2)] [class_dump] [F
[0077|t+12188ms|ThreadId(2)] [class_dump] [I
[0078|t+12188ms|ThreadId(2)] [class_dump] [J
[0079|t+12189ms|ThreadId(2)] [class_dump] [Lamo;
[0080|t+12189ms|ThreadId(2)] [class_dump] [Lask;
[0081|t+12189ms|ThreadId(2)] [class_dump] [Lazn;
[0082|t+12189ms|ThreadId(2)] [class_dump] [Lbbl;
[0083|t+12190ms|ThreadId(2)] [class_dump] [Lbhh;
[0084|t+12190ms|ThreadId(2)] [class_dump] [Lbhp;
[0085|t+12190ms|ThreadId(2)] [class_dump] [Lbhr;
[0086|t+12191ms|ThreadId(2)] [class_dump] [Lbhz;
[0087|t+12191ms|ThreadId(2)] [class_dump] [Lbww;
[0088|t+12191ms|ThreadId(2)] [class_dump] [Lbyo;
[0089|t+12192ms|ThreadId(2)] [class_dump] [Lccz;
[0090|t+12192ms|ThreadId(2)] [class_dump] [Lcel;
[0091|t+12192ms|ThreadId(2)] [class_dump] [Lcem;
[0092|t+12193ms|ThreadId(2)] [class_dump] [Lcev;
[0093|t+12193ms|ThreadId(2)] [class_dump] [Lcew;
[0094|t+12194ms|ThreadId(2)] [class_dump] [Lcfb;
[0095|t+12194ms|ThreadId(2)] [class_dump] [Lcfl;
[0096|t+12194ms|ThreadId(2)] [class_dump] [Lcfm;
[0097|t+12195ms|ThreadId(2)] [class_dump] [Lcgl;
[0098|t+12195ms|ThreadId(2)] [class_dump] [Lcgu;
[0099|t+12195ms|ThreadId(2)] [class_dump] [Lcgv;
[0100|t+12196ms|ThreadId(2)] [class_dump] [Lcgw;
[0101|t+12196ms|ThreadId(2)] [class_dump] [Lchb;
[0102|t+12197ms|ThreadId(2)] [class_dump] [Lcho;
[0103|t+12197ms|ThreadId(2)] [class_dump] [Lchx;
[0104|t+12198ms|ThreadId(2)] [class_dump] [Lcqw;
[0105|t+12198ms|ThreadId(2)] [class_dump] [Lcuy;
[0106|t+12198ms|ThreadId(2)] [class_dump] [Lcwg;
[0107|t+12199ms|ThreadId(2)] [class_dump] [Lddp;
[0108|t+12199ms|ThreadId(2)] [class_dump] [Ldgw;
[0109|t+12200ms|ThreadId(2)] [class_dump] [Ldjj;
[0110|t+12200ms|ThreadId(2)] [class_dump] [Ldkr;
[0111|t+12201ms|ThreadId(2)] [class_dump] [Ldlr;
[0112|t+12201ms|ThreadId(2)] [class_dump] [Ldlv;
[0113|t+12202ms|ThreadId(2)] [class_dump] [Ldmp;
[0114|t+12202ms|ThreadId(2)] [class_dump] [Ldnf;
[0115|t+12203ms|ThreadId(2)] [class_dump] [Ldou;
[0116|t+12203ms|ThreadId(2)] [class_dump] [Ldpe;
[0117|t+12204ms|ThreadId(2)] [class_dump] [Ldqe;
[0118|t+12204ms|ThreadId(2)] [class_dump] [Ldqf;
[0119|t+12205ms|ThreadId(2)] [class_dump] [Ldss;
[0120|t+12205ms|ThreadId(2)] [class_dump] [Lduk;
[0121|t+12205ms|ThreadId(2)] [class_dump] [Ldvt;
[0122|t+12205ms|ThreadId(2)] [class_dump] [Ldwf;
[0123|t+12206ms|ThreadId(2)] [class_dump] [Ldwl;
[0124|t+12206ms|ThreadId(2)] [class_dump] [Ldwn;
[0125|t+12206ms|ThreadId(2)] [class_dump] [Ldwq;
[0126|t+12207ms|ThreadId(2)] [class_dump] [Ldwy;
[0127|t+12207ms|ThreadId(2)] [class_dump] [Ldzq;
[0128|t+12207ms|ThreadId(2)] [class_dump] [Leev;
[0129|t+12208ms|ThreadId(2)] [class_dump] [Legm;
[0130|t+12208ms|ThreadId(2)] [class_dump] [Leig;
[0131|t+12208ms|ThreadId(2)] [class_dump] [Lenk;
[0132|t+12209ms|ThreadId(2)] [class_dump] [Lens;
[0133|t+12209ms|ThreadId(2)] [class_dump] [Leog;
[0134|t+12209ms|ThreadId(2)] [class_dump] [Leoh;
[0135|t+12210ms|ThreadId(2)] [class_dump] [Leoj;
[0136|t+12210ms|ThreadId(2)] [class_dump] [Leos;
[0137|t+12210ms|ThreadId(2)] [class_dump] [Leot;
[0138|t+12211ms|ThreadId(2)] [class_dump] [Leou;
[0139|t+12211ms|ThreadId(2)] [class_dump] [Leov;
[0140|t+12211ms|ThreadId(2)] [class_dump] [Leoy;
[0141|t+12211ms|ThreadId(2)] [class_dump] [Leoz;
[0142|t+12212ms|ThreadId(2)] [class_dump] [Lepa;
[0143|t+12212ms|ThreadId(2)] [class_dump] [Lepb;
[0144|t+12212ms|ThreadId(2)] [class_dump] [Lepc;
[0145|t+12213ms|ThreadId(2)] [class_dump] [Lepd;
[0146|t+12213ms|ThreadId(2)] [class_dump] [Lepe;
[0147|t+12213ms|ThreadId(2)] [class_dump] [Lepg;
[0148|t+12214ms|ThreadId(2)] [class_dump] [Lepi;
[0149|t+12214ms|ThreadId(2)] [class_dump] [Lepj;
[0150|t+12214ms|ThreadId(2)] [class_dump] [Lepk;
[0151|t+12215ms|ThreadId(2)] [class_dump] [Lepl;
[0152|t+12215ms|ThreadId(2)] [class_dump] [Lepm;
[0153|t+12215ms|ThreadId(2)] [class_dump] [Lepo;
[0154|t+12216ms|ThreadId(2)] [class_dump] [Lepp;
[0155|t+12216ms|ThreadId(2)] [class_dump] [Lepq;
[0156|t+12216ms|ThreadId(2)] [class_dump] [Lepr;
[0157|t+12216ms|ThreadId(2)] [class_dump] [Leps;
[0158|t+12217ms|ThreadId(2)] [class_dump] [Lept;
[0159|t+12217ms|ThreadId(2)] [class_dump] [Lepu;
[0160|t+12217ms|ThreadId(2)] [class_dump] [Lepv;
[0161|t+12217ms|ThreadId(2)] [class_dump] [Lerj;
[0162|t+12218ms|ThreadId(2)] [class_dump] [Lern;
[0163|t+12218ms|ThreadId(2)] [class_dump] [Lesw;
[0164|t+12218ms|ThreadId(2)] [class_dump] [Lety;
[0165|t+12219ms|ThreadId(2)] [class_dump] [Leuj;
[0166|t+12219ms|ThreadId(2)] [class_dump] [Lf;
[0167|t+12219ms|ThreadId(2)] [class_dump] [Lfei;
[0168|t+12220ms|ThreadId(2)] [class_dump] [Lffz;
[0169|t+12220ms|ThreadId(2)] [class_dump] [Lfgk;
[0170|t+12220ms|ThreadId(2)] [class_dump] [Lfja;
[0171|t+12220ms|ThreadId(2)] [class_dump] [Lfkh;
[0172|t+12221ms|ThreadId(2)] [class_dump] [Lflf;
[0173|t+12221ms|ThreadId(2)] [class_dump] [Lflg;
[0174|t+12221ms|ThreadId(2)] [class_dump] [Lflq;
[0175|t+12222ms|ThreadId(2)] [class_dump] [Lfmj;
[0176|t+12222ms|ThreadId(2)] [class_dump] [Lfnw;
[0177|t+12222ms|ThreadId(2)] [class_dump] [Lfoa;
[0178|t+12222ms|ThreadId(2)] [class_dump] [Lftm;
[0179|t+12223ms|ThreadId(2)] [class_dump] [Lfug;
[0180|t+12223ms|ThreadId(2)] [class_dump] [Lfuu;
[0181|t+12223ms|ThreadId(2)] [class_dump] [Lfwd;
[0182|t+12224ms|ThreadId(2)] [class_dump] [Lfyz;
[0183|t+12224ms|ThreadId(2)] [class_dump] [Lfzf;
[0184|t+12224ms|ThreadId(2)] [class_dump] [Lgfg;
[0185|t+12224ms|ThreadId(2)] [class_dump] [Lh;
[0186|t+12225ms|ThreadId(2)] [class_dump] [Lins;
[0187|t+12225ms|ThreadId(2)] [class_dump] [Lip;
[0188|t+12225ms|ThreadId(2)] [class_dump] [Liz;
[0189|t+12226ms|ThreadId(2)] [class_dump] [Ljb;
[0190|t+12226ms|ThreadId(2)] [class_dump] [Ljd;
[0191|t+12226ms|ThreadId(2)] [class_dump] [Ljn;
[0192|t+12226ms|ThreadId(2)] [class_dump] [Ll;
[0193|t+12227ms|ThreadId(2)] [class_dump] [Lol;
[0194|t+12227ms|ThreadId(2)] [class_dump] [Lux;
[0195|t+12227ms|ThreadId(2)] [class_dump] [Lvp;
[0196|t+12228ms|ThreadId(2)] [class_dump] [Lvq;
[0197|t+12228ms|ThreadId(2)] [class_dump] [Lvz;
[0198|t+12228ms|ThreadId(2)] [class_dump] [S
[0199|t+12229ms|ThreadId(2)] [class_dump] [Z
[0200|t+12229ms|ThreadId(2)] [class_dump] [[B
[0201|t+12229ms|ThreadId(2)] [class_dump] [[C
[0202|t+12230ms|ThreadId(2)] [class_dump] [[I
[0203|t+12230ms|ThreadId(2)] [class_dump] [[J
[0204|t+12230ms|ThreadId(2)] [class_dump] [[Lbhh;
[0205|t+12230ms|ThreadId(2)] [class_dump] [[Lf;
[0206|t+12231ms|ThreadId(2)] [class_dump] [[Lh;
[0207|t+12231ms|ThreadId(2)] [class_dump] [[S
[0208|t+12232ms|ThreadId(2)] [class_dump] [[[C
[0209|t+12232ms|ThreadId(2)] [class_dump] aa → net.minecraft.WorldVersion
[0210|t+12232ms|ThreadId(2)] [class_dump] aae → net.minecraft.network.chat.numbers.BlankFormat
[0211|t+12233ms|ThreadId(2)] [class_dump] aaf → net.minecraft.network.chat.numbers.FixedFormat
[0212|t+12233ms|ThreadId(2)] [class_dump] aag → net.minecraft.network.chat.numbers.NumberFormat
[0213|t+12234ms|ThreadId(2)] [class_dump] aah → net.minecraft.network.chat.numbers.NumberFormatType
[0214|t+12234ms|ThreadId(2)] [class_dump] aai → net.minecraft.network.chat.numbers.NumberFormatTypes
[0215|t+12234ms|ThreadId(2)] [class_dump] aaj → net.minecraft.network.chat.numbers.StyledFormat
[0216|t+12235ms|ThreadId(2)] [class_dump] aam → net.minecraft.network.codec.ByteBufCodecs
[0217|t+12235ms|ThreadId(2)] [class_dump] aao → net.minecraft.network.codec.StreamCodec
[0218|t+12235ms|ThreadId(2)] [class_dump] aap → net.minecraft.network.codec.StreamDecoder
[0219|t+12236ms|ThreadId(2)] [class_dump] aaq → net.minecraft.network.codec.StreamEncoder
[0220|t+12236ms|ThreadId(2)] [class_dump] aay → net.minecraft.network.protocol.Packet
[0221|t+12236ms|ThreadId(2)] [class_dump] abk → net.minecraft.network.protocol.common.ClientboundDisconnectPacket
[0222|t+12236ms|ThreadId(2)] [class_dump] acv → net.minecraft.network.protocol.cookie.ClientCookiePacketListener
[0223|t+12237ms|ThreadId(2)] [class_dump] aj → net.minecraft.advancements.CriteriaTriggers
[0224|t+12237ms|ThreadId(2)] [class_dump] ako → net.minecraft.network.protocol.login.ClientLoginPacketListener
[0225|t+12237ms|ThreadId(2)] [class_dump] aks → net.minecraft.network.protocol.login.ClientboundLoginDisconnectPacket
[0226|t+12238ms|ThreadId(2)] [class_dump] alq → net.minecraft.network.protocol.status.ServerStatus
[0227|t+12238ms|ThreadId(2)] [class_dump] alw → net.minecraft.network.syncher.EntityDataAccessor
[0228|t+12238ms|ThreadId(2)] [class_dump] alx → net.minecraft.network.syncher.EntityDataSerializer
[0229|t+12238ms|ThreadId(2)] [class_dump] aly → net.minecraft.network.syncher.EntityDataSerializers
[0230|t+12239ms|ThreadId(2)] [class_dump] alz → net.minecraft.network.syncher.SyncedDataHolder
[0231|t+12239ms|ThreadId(2)] [class_dump] am → net.minecraft.advancements.CriterionTrigger
[0232|t+12239ms|ThreadId(2)] [class_dump] ama → net.minecraft.network.syncher.SynchedEntityData
[0233|t+12240ms|ThreadId(2)] [class_dump] amh → net.minecraft.references.Blocks
[0234|t+12240ms|ThreadId(2)] [class_dump] ami → net.minecraft.references.Items
[0235|t+12240ms|ThreadId(2)] [class_dump] amk → net.minecraft.resources.DelegatingOps
[0236|t+12241ms|ThreadId(2)] [class_dump] aml → net.minecraft.resources.DependantName
[0237|t+12241ms|ThreadId(2)] [class_dump] amn → net.minecraft.resources.HolderSetCodec
[0238|t+12242ms|ThreadId(2)] [class_dump] amo → net.minecraft.resources.Identifier
[0239|t+12242ms|ThreadId(2)] [class_dump] amq → net.minecraft.resources.RegistryFileCodec
[0240|t+12243ms|ThreadId(2)] [class_dump] amr → net.minecraft.resources.RegistryFixedCodec
[0241|t+12243ms|ThreadId(2)] [class_dump] ams → net.minecraft.resources.RegistryOps
[0242|t+12243ms|ThreadId(2)] [class_dump] amt → net.minecraft.resources.ResourceKey
[0243|t+12244ms|ThreadId(2)] [class_dump] amv → net.minecraft.server.Bootstrap
[0244|t+12244ms|ThreadId(2)] [class_dump] amy → net.minecraft.server.DebugLoggedPrintStream
[0245|t+12244ms|ThreadId(2)] [class_dump] an → net.minecraft.advancements.CriterionTriggerInstance
[0246|t+12245ms|ThreadId(2)] [class_dump] ana → net.minecraft.server.LoggedPrintStream
[0247|t+12245ms|ThreadId(2)] [class_dump] anf → net.minecraft.server.RunningOnDifferentThreadException
[0248|t+12245ms|ThreadId(2)] [class_dump] anj → net.minecraft.server.ServerInfo
[0249|t+12246ms|ThreadId(2)] [class_dump] anm → net.minecraft.server.ServerScoreboard
[0250|t+12246ms|ThreadId(2)] [class_dump] ann → net.minecraft.server.ServerTickRateManager
[0251|t+12246ms|ThreadId(2)] [class_dump] aq → net.minecraft.advancements.criterion.AnyBlockInteractionTrigger
[0252|t+12246ms|ThreadId(2)] [class_dump] ar → net.minecraft.advancements.criterion.BeeNestDestroyedTrigger
[0253|t+12247ms|ThreadId(2)] [class_dump] as → net.minecraft.advancements.criterion.BlockPredicate
[0254|t+12247ms|ThreadId(2)] [class_dump] ase → net.minecraft.server.dialog.ActionButton
[0255|t+12247ms|ThreadId(2)] [class_dump] asf → net.minecraft.server.dialog.ButtonListDialog
[0256|t+12248ms|ThreadId(2)] [class_dump] asg → net.minecraft.server.dialog.CommonButtonData
[0257|t+12248ms|ThreadId(2)] [class_dump] ash → net.minecraft.server.dialog.CommonDialogData
[0258|t+12248ms|ThreadId(2)] [class_dump] asi → net.minecraft.server.dialog.ConfirmationDialog
[0259|t+12249ms|ThreadId(2)] [class_dump] asj → net.minecraft.server.dialog.Dialog
[0260|t+12249ms|ThreadId(2)] [class_dump] ask → net.minecraft.server.dialog.DialogAction
[0261|t+12249ms|ThreadId(2)] [class_dump] asl → net.minecraft.server.dialog.DialogListDialog
[0262|t+12250ms|ThreadId(2)] [class_dump] asm → net.minecraft.server.dialog.DialogTypes
[0263|t+12250ms|ThreadId(2)] [class_dump] aso → net.minecraft.server.dialog.Input
[0264|t+12250ms|ThreadId(2)] [class_dump] asp → net.minecraft.server.dialog.MultiActionDialog
[0265|t+12250ms|ThreadId(2)] [class_dump] asq → net.minecraft.server.dialog.NoticeDialog
[0266|t+12251ms|ThreadId(2)] [class_dump] asr → net.minecraft.server.dialog.ServerLinksDialog
[0267|t+12251ms|ThreadId(2)] [class_dump] ass → net.minecraft.server.dialog.SimpleDialog
[0268|t+12251ms|ThreadId(2)] [class_dump] ast → net.minecraft.server.dialog.action.Action
[0269|t+12252ms|ThreadId(2)] [class_dump] asu → net.minecraft.server.dialog.action.ActionTypes
[0270|t+12252ms|ThreadId(2)] [class_dump] asv → net.minecraft.server.dialog.action.CommandTemplate
[0271|t+12252ms|ThreadId(2)] [class_dump] asw → net.minecraft.server.dialog.action.CustomAll
[0272|t+12252ms|ThreadId(2)] [class_dump] asx → net.minecraft.server.dialog.action.ParsedTemplate
[0273|t+12253ms|ThreadId(2)] [class_dump] asy → net.minecraft.server.dialog.action.StaticAction
[0274|t+12253ms|ThreadId(2)] [class_dump] at → net.minecraft.advancements.criterion.BredAnimalsTrigger
[0275|t+12253ms|ThreadId(2)] [class_dump] ata → net.minecraft.server.dialog.body.DialogBody
[0276|t+12254ms|ThreadId(2)] [class_dump] atb → net.minecraft.server.dialog.body.DialogBodyTypes
[0277|t+12254ms|ThreadId(2)] [class_dump] atc → net.minecraft.server.dialog.body.ItemBody
[0278|t+12254ms|ThreadId(2)] [class_dump] atd → net.minecraft.server.dialog.body.PlainMessage
[0279|t+12255ms|ThreadId(2)] [class_dump] atf → net.minecraft.server.dialog.input.BooleanInput
[0280|t+12255ms|ThreadId(2)] [class_dump] atg → net.minecraft.server.dialog.input.InputControl
[0281|t+12255ms|ThreadId(2)] [class_dump] ath → net.minecraft.server.dialog.input.InputControlTypes
[0282|t+12256ms|ThreadId(2)] [class_dump] ati → net.minecraft.server.dialog.input.NumberRangeInput
[0283|t+12256ms|ThreadId(2)] [class_dump] atj → net.minecraft.server.dialog.input.SingleOptionInput
[0284|t+12256ms|ThreadId(2)] [class_dump] atk → net.minecraft.server.dialog.input.TextInput
[0285|t+12256ms|ThreadId(2)] [class_dump] ats → net.minecraft.server.jsonrpc.IncomingRpcMethod
[0286|t+12257ms|ThreadId(2)] [class_dump] att → net.minecraft.server.jsonrpc.IncomingRpcMethods
[0287|t+12257ms|ThreadId(2)] [class_dump] atz → net.minecraft.server.jsonrpc.OutgoingRpcMethod
[0288|t+12257ms|ThreadId(2)] [class_dump] au → net.minecraft.advancements.criterion.BrewedPotionTrigger
[0289|t+12258ms|ThreadId(2)] [class_dump] aua → net.minecraft.server.jsonrpc.OutgoingRpcMethods
[0290|t+12258ms|ThreadId(2)] [class_dump] auc → net.minecraft.server.jsonrpc.api.MethodInfo
[0291|t+12258ms|ThreadId(2)] [class_dump] aud → net.minecraft.server.jsonrpc.api.ParamInfo
[0292|t+12259ms|ThreadId(2)] [class_dump] aue → net.minecraft.server.jsonrpc.api.PlayerDto
[0293|t+12259ms|ThreadId(2)] [class_dump] auf → net.minecraft.server.jsonrpc.api.ReferenceUtil
[0294|t+12259ms|ThreadId(2)] [class_dump] aug → net.minecraft.server.jsonrpc.api.ResultInfo
[0295|t+12260ms|ThreadId(2)] [class_dump] auh → net.minecraft.server.jsonrpc.api.Schema
[0296|t+12260ms|ThreadId(2)] [class_dump] aui → net.minecraft.server.jsonrpc.api.SchemaComponent
[0297|t+12260ms|ThreadId(2)] [class_dump] auo → net.minecraft.server.jsonrpc.internalapi.MinecraftApi
[0298|t+12261ms|ThreadId(2)] [class_dump] av → net.minecraft.advancements.criterion.ChangeDimensionTrigger
[0299|t+12261ms|ThreadId(2)] [class_dump] avf → net.minecraft.server.jsonrpc.methods.AllowlistService
[0300|t+12262ms|ThreadId(2)] [class_dump] avg → net.minecraft.server.jsonrpc.methods.BanlistService
[0301|t+12262ms|ThreadId(2)] [class_dump] avh → net.minecraft.server.jsonrpc.methods.ClientInfo
[0302|t+12262ms|ThreadId(2)] [class_dump] avi → net.minecraft.server.jsonrpc.methods.DiscoveryService
[0303|t+12263ms|ThreadId(2)] [class_dump] avk → net.minecraft.server.jsonrpc.methods.GameRulesService
[0304|t+12263ms|ThreadId(2)] [class_dump] avl → net.minecraft.server.jsonrpc.methods.InvalidParameterJsonRpcException
[0305|t+12264ms|ThreadId(2)] [class_dump] avn → net.minecraft.server.jsonrpc.methods.IpBanlistService
[0306|t+12264ms|ThreadId(2)] [class_dump] avo → net.minecraft.server.jsonrpc.methods.Message
[0307|t+12264ms|ThreadId(2)] [class_dump] avq → net.minecraft.server.jsonrpc.methods.OperatorService
[0308|t+12265ms|ThreadId(2)] [class_dump] avr → net.minecraft.server.jsonrpc.methods.PlayerService
[0309|t+12265ms|ThreadId(2)] [class_dump] avt → net.minecraft.server.jsonrpc.methods.ServerSettingsService
[0310|t+12265ms|ThreadId(2)] [class_dump] avu → net.minecraft.server.jsonrpc.methods.ServerStateService
[0311|t+12266ms|ThreadId(2)] [class_dump] aw → net.minecraft.advancements.criterion.ChanneledLightningTrigger
[0312|t+12266ms|ThreadId(2)] [class_dump] awk → net.minecraft.server.level.ChunkResult
[0313|t+12266ms|ThreadId(2)] [class_dump] ax → net.minecraft.advancements.criterion.CollectionContentsPredicate
[0314|t+12267ms|ThreadId(2)] [class_dump] axc → net.minecraft.server.level.ServerChunkCache
[0315|t+12267ms|ThreadId(2)] [class_dump] axe → net.minecraft.server.level.ServerEntityGetter
[0316|t+12267ms|ThreadId(2)] [class_dump] axf → net.minecraft.server.level.ServerLevel
[0317|t+12268ms|ThreadId(2)] [class_dump] axg → net.minecraft.server.level.ServerPlayer
[0318|t+12268ms|ThreadId(2)] [class_dump] axj → net.minecraft.server.level.ThreadedLevelLightEngine
[0319|t+12268ms|ThreadId(2)] [class_dump] axm → net.minecraft.server.level.TicketType
[0320|t+12269ms|ThreadId(2)] [class_dump] axq → net.minecraft.server.level.progress.LevelLoadListener
[0321|t+12269ms|ThreadId(2)] [class_dump] axx → net.minecraft.server.network.Filterable
[0322|t+12269ms|ThreadId(2)] [class_dump] ay → net.minecraft.advancements.criterion.CollectionCountsPredicate
[0323|t+12269ms|ThreadId(2)] [class_dump] az → net.minecraft.advancements.criterion.CollectionPredicate
[0324|t+12270ms|ThreadId(2)] [class_dump] azd → net.minecraft.server.packs.BuiltInMetadata
[0325|t+12270ms|ThreadId(2)] [class_dump] azk → net.minecraft.server.packs.PackLocationInfo
[0326|t+12270ms|ThreadId(2)] [class_dump] azl → net.minecraft.server.packs.PackResources
[0327|t+12271ms|ThreadId(2)] [class_dump] azm → net.minecraft.server.packs.PackSelectionConfig
[0328|t+12271ms|ThreadId(2)] [class_dump] azn → net.minecraft.server.packs.PackType
[0329|t+12271ms|ThreadId(2)] [class_dump] azr → net.minecraft.server.packs.linkfs.DummyFileAttributes
[0330|t+12272ms|ThreadId(2)] [class_dump] azs → net.minecraft.server.packs.linkfs.LinkFSFileStore
[0331|t+12272ms|ThreadId(2)] [class_dump] azt → net.minecraft.server.packs.linkfs.LinkFSPath
[0332|t+12272ms|ThreadId(2)] [class_dump] azu → net.minecraft.server.packs.linkfs.LinkFSProvider
[0333|t+12273ms|ThreadId(2)] [class_dump] azv → net.minecraft.server.packs.linkfs.LinkFileSystem
[0334|t+12273ms|ThreadId(2)] [class_dump] azw → net.minecraft.server.packs.linkfs.PathContents
[0335|t+12273ms|ThreadId(2)] [class_dump] azy → net.minecraft.server.packs.metadata.MetadataSectionType
[0336|t+12273ms|ThreadId(2)] [class_dump] azz → net.minecraft.server.packs.metadata.pack.PackFormat
[0337|t+12274ms|ThreadId(2)] [class_dump] ba → net.minecraft.advancements.criterion.ConstructBeaconTrigger
[0338|t+12274ms|ThreadId(2)] [class_dump] baa → net.minecraft.server.packs.metadata.pack.PackMetadataSection
[0339|t+12275ms|ThreadId(2)] [class_dump] bae → net.minecraft.server.packs.repository.BuiltInPackSource
[0340|t+12275ms|ThreadId(2)] [class_dump] bag → net.minecraft.server.packs.repository.KnownPack
[0341|t+12275ms|ThreadId(2)] [class_dump] bal → net.minecraft.server.packs.repository.PackSource
[0342|t+12276ms|ThreadId(2)] [class_dump] bam → net.minecraft.server.packs.repository.RepositorySource
[0343|t+12276ms|ThreadId(2)] [class_dump] bat → net.minecraft.server.packs.resources.PreparableReloadListener
[0344|t+12276ms|ThreadId(2)] [class_dump] baz → net.minecraft.server.packs.resources.ResourceManager
[0345|t+12277ms|ThreadId(2)] [class_dump] bb → net.minecraft.advancements.criterion.ConsumeItemTrigger
[0346|t+12277ms|ThreadId(2)] [class_dump] bbc → net.minecraft.server.packs.resources.ResourceProvider
[0347|t+12278ms|ThreadId(2)] [class_dump] bbe → net.minecraft.server.packs.resources.SimplePreparableReloadListener
[0348|t+12278ms|ThreadId(2)] [class_dump] bbi → net.minecraft.server.permissions.Permission
[0349|t+12278ms|ThreadId(2)] [class_dump] bbj → net.minecraft.server.permissions.PermissionCheck
[0350|t+12279ms|ThreadId(2)] [class_dump] bbk → net.minecraft.server.permissions.PermissionCheckTypes
[0351|t+12279ms|ThreadId(2)] [class_dump] bbl → net.minecraft.server.permissions.PermissionLevel
[0352|t+12279ms|ThreadId(2)] [class_dump] bbn → net.minecraft.server.permissions.PermissionSet
[0353|t+12280ms|ThreadId(2)] [class_dump] bbq → net.minecraft.server.permissions.PermissionTypes
[0354|t+12280ms|ThreadId(2)] [class_dump] bc → net.minecraft.advancements.criterion.ContextAwarePredicate
[0355|t+12280ms|ThreadId(2)] [class_dump] bca → net.minecraft.server.players.ProfileResolver
[0356|t+12281ms|ThreadId(2)] [class_dump] bcx → net.minecraft.sounds.Music
[0357|t+12281ms|ThreadId(2)] [class_dump] bcy → net.minecraft.sounds.Musics
[0358|t+12281ms|ThreadId(2)] [class_dump] bcz → net.minecraft.sounds.SoundEvent
[0359|t+12282ms|ThreadId(2)] [class_dump] bda → net.minecraft.sounds.SoundEvents
[0360|t+12282ms|ThreadId(2)] [class_dump] bdg → net.minecraft.stats.ServerStatsCounter
[0361|t+12282ms|ThreadId(2)] [class_dump] bdh → net.minecraft.stats.Stat
[0362|t+12283ms|ThreadId(2)] [class_dump] bdi → net.minecraft.stats.StatFormatter
[0363|t+12283ms|ThreadId(2)] [class_dump] bdj → net.minecraft.stats.StatType
[0364|t+12283ms|ThreadId(2)] [class_dump] bdk → net.minecraft.stats.Stats
[0365|t+12284ms|ThreadId(2)] [class_dump] bdl → net.minecraft.stats.StatsCounter
[0366|t+12284ms|ThreadId(2)] [class_dump] bdn → net.minecraft.tags.BannerPatternTags
[0367|t+12284ms|ThreadId(2)] [class_dump] bdp → net.minecraft.tags.BlockTags
[0368|t+12285ms|ThreadId(2)] [class_dump] bdq → net.minecraft.tags.DamageTypeTags
[0369|t+12285ms|ThreadId(2)] [class_dump] bdt → net.minecraft.tags.EntityTypeTags
[0370|t+12285ms|ThreadId(2)] [class_dump] bdy → net.minecraft.tags.ItemTags
[0371|t+12286ms|ThreadId(2)] [class_dump] be → net.minecraft.advancements.criterion.CuredZombieVillagerTrigger
[0372|t+12286ms|ThreadId(2)] [class_dump] beb → net.minecraft.tags.StructureTags
[0373|t+12286ms|ThreadId(2)] [class_dump] bef → net.minecraft.tags.TagKey
[0374|t+12287ms|ThreadId(2)] [class_dump] bel → net.minecraft.util.ARGB
[0375|t+12287ms|ThreadId(2)] [class_dump] beo → net.minecraft.util.ArrayListDeque
[0376|t+12288ms|ThreadId(2)] [class_dump] beq → net.minecraft.util.BitStorage
[0377|t+12288ms|ThreadId(2)] [class_dump] bes → net.minecraft.util.BoundedFloatFunction
[0378|t+12289ms|ThreadId(2)] [class_dump] beu → net.minecraft.util.ByIdMap
[0379|t+12289ms|ThreadId(2)] [class_dump] bew → net.minecraft.util.ClassTreeIdRegistry
[0380|t+12289ms|ThreadId(2)] [class_dump] bex → net.minecraft.util.ColorRGBA
[0381|t+12290ms|ThreadId(2)] [class_dump] bfa → net.minecraft.util.CrudeIncrementalIntIdentityHashBiMap
[0382|t+12290ms|ThreadId(2)] [class_dump] bfe → net.minecraft.util.CubicSpline
[0383|t+12290ms|ThreadId(2)] [class_dump] bfk → net.minecraft.util.EncoderCache
[0384|t+12291ms|ThreadId(2)] [class_dump] bfm → net.minecraft.util.ExtraCodecs
[0385|t+12291ms|ThreadId(2)] [class_dump] bfr → net.minecraft.util.FormattedCharSequence
[0386|t+12292ms|ThreadId(2)] [class_dump] bfs → net.minecraft.util.FormattedCharSink
[0387|t+12292ms|ThreadId(2)] [class_dump] bfv → net.minecraft.util.GsonHelper
[0388|t+12293ms|ThreadId(2)] [class_dump] bfy → net.minecraft.util.IdentifierPattern
[0389|t+12293ms|ThreadId(2)] [class_dump] bfz → net.minecraft.util.InclusiveRange
[0390|t+12294ms|ThreadId(2)] [class_dump] bg → net.minecraft.advancements.criterion.DamageSourcePredicate
[0391|t+12294ms|ThreadId(2)] [class_dump] bga → net.minecraft.util.KeyDispatchDataCodec
[0392|t+12295ms|ThreadId(2)] [class_dump] bgg → net.minecraft.util.ListAndDeque
[0393|t+12295ms|ThreadId(2)] [class_dump] bgh → net.minecraft.util.MemoryReserve
[0394|t+12295ms|ThreadId(2)] [class_dump] bgj → net.minecraft.util.Mth
[0395|t+12296ms|ThreadId(2)] [class_dump] bgp → net.minecraft.util.ProblemReporter
[0396|t+12296ms|ThreadId(2)] [class_dump] bgq → net.minecraft.util.ProgressListener
[0397|t+12297ms|ThreadId(2)] [class_dump] bgr → net.minecraft.util.RandomSource
[0398|t+12297ms|ThreadId(2)] [class_dump] bgt → net.minecraft.util.SegmentedAnglePrecision
[0399|t+12297ms|ThreadId(2)] [class_dump] bh → net.minecraft.advancements.criterion.DataComponentMatchers
[0400|t+12298ms|ThreadId(2)] [class_dump] bhe → net.minecraft.util.StaticCache2D
[0401|t+12298ms|ThreadId(2)] [class_dump] bhf → net.minecraft.util.StrictJsonParser
[0402|t+12298ms|ThreadId(2)] [class_dump] bhh → net.minecraft.util.StringRepresentable
[0403|t+12299ms|ThreadId(2)] [class_dump] bhm → net.minecraft.util.TimeSource
[0404|t+12299ms|ThreadId(2)] [class_dump] bhn → net.minecraft.util.TimeUtil
[0405|t+12300ms|ThreadId(2)] [class_dump] bhp → net.minecraft.util.TriState
[0406|t+12300ms|ThreadId(2)] [class_dump] bhr → net.minecraft.util.Unit
[0407|t+12300ms|ThreadId(2)] [class_dump] bhs → net.minecraft.util.Util
[0408|t+12301ms|ThreadId(2)] [class_dump] bhv → net.minecraft.util.context.ContextKey
[0409|t+12301ms|ThreadId(2)] [class_dump] bhw → net.minecraft.util.context.ContextKeySet
[0410|t+12301ms|ThreadId(2)] [class_dump] bhz → net.minecraft.util.datafix.DataFixTypes
[0411|t+12302ms|ThreadId(2)] [class_dump] bi → net.minecraft.advancements.criterion.DefaultBlockInteractionTrigger
[0412|t+12302ms|ThreadId(2)] [class_dump] bia → net.minecraft.util.datafix.DataFixers
[0413|t+12303ms|ThreadId(2)] [class_dump] bib → net.minecraft.util.datafix.ExtraDataFixUtils
[0414|t+12303ms|ThreadId(2)] [class_dump] bie → net.minecraft.util.datafix.fixes.AbstractArrowPickupFix
[0415|t+12304ms|ThreadId(2)] [class_dump] bif → net.minecraft.util.datafix.fixes.AbstractBlockPropertyFix
[0416|t+12304ms|ThreadId(2)] [class_dump] big → net.minecraft.util.datafix.fixes.AbstractPoiSectionFix
[0417|t+12304ms|ThreadId(2)] [class_dump] bih → net.minecraft.util.datafix.fixes.AbstractUUIDFix
[0418|t+12305ms|ThreadId(2)] [class_dump] bii → net.minecraft.util.datafix.fixes.AddFieldFix
[0419|t+12305ms|ThreadId(2)] [class_dump] bij → net.minecraft.util.datafix.fixes.AddFlagIfNotPresentFix
[0420|t+12305ms|ThreadId(2)] [class_dump] bik → net.minecraft.util.datafix.fixes.AddNewChoices
[0421|t+12306ms|ThreadId(2)] [class_dump] bil → net.minecraft.util.datafix.fixes.AdvancementsFix
[0422|t+12306ms|ThreadId(2)] [class_dump] bim → net.minecraft.util.datafix.fixes.AdvancementsRenameFix
[0423|t+12306ms|ThreadId(2)] [class_dump] bin → net.minecraft.util.datafix.fixes.AreaEffectCloudDurationScaleFix
[0424|t+12307ms|ThreadId(2)] [class_dump] bio → net.minecraft.util.datafix.fixes.AreaEffectCloudPotionFix
[0425|t+12307ms|ThreadId(2)] [class_dump] bip → net.minecraft.util.datafix.fixes.AttributeIdPrefixFix
[0426|t+12307ms|ThreadId(2)] [class_dump] biq → net.minecraft.util.datafix.fixes.AttributeModifierIdFix
[0427|t+12308ms|ThreadId(2)] [class_dump] bir → net.minecraft.util.datafix.fixes.AttributesRenameFix
[0428|t+12308ms|ThreadId(2)] [class_dump] bis → net.minecraft.util.datafix.fixes.AttributesRenameLegacy
[0429|t+12308ms|ThreadId(2)] [class_dump] bit → net.minecraft.util.datafix.fixes.BannerEntityCustomNameToOverrideComponentFix
[0430|t+12309ms|ThreadId(2)] [class_dump] biu → net.minecraft.util.datafix.fixes.BannerPatternFormatFix
[0431|t+12309ms|ThreadId(2)] [class_dump] biv → net.minecraft.util.datafix.fixes.BedItemColorFix
[0432|t+12309ms|ThreadId(2)] [class_dump] biw → net.minecraft.util.datafix.fixes.BeehiveFieldRenameFix
[0433|t+12310ms|ThreadId(2)] [class_dump] bix → net.minecraft.util.datafix.fixes.BiomeFix
[0434|t+12310ms|ThreadId(2)] [class_dump] biy → net.minecraft.util.datafix.fixes.BitStorageAlignFix
[0435|t+12310ms|ThreadId(2)] [class_dump] biz → net.minecraft.util.datafix.fixes.BlendingDataFix
[0436|t+12311ms|ThreadId(2)] [class_dump] bja → net.minecraft.util.datafix.fixes.BlendingDataRemoveFromNetherEndFix
[0437|t+12311ms|ThreadId(2)] [class_dump] bjb → net.minecraft.util.datafix.fixes.BlockEntityBannerColorFix
[0438|t+12311ms|ThreadId(2)] [class_dump] bjc → net.minecraft.util.datafix.fixes.BlockEntityBlockStateFix
[0439|t+12311ms|ThreadId(2)] [class_dump] bjd → net.minecraft.util.datafix.fixes.BlockEntityCustomNameToComponentFix
[0440|t+12312ms|ThreadId(2)] [class_dump] bje → net.minecraft.util.datafix.fixes.BlockEntityFurnaceBurnTimeFix
[0441|t+12312ms|ThreadId(2)] [class_dump] bjf → net.minecraft.util.datafix.fixes.BlockEntityIdFix
[0442|t+12312ms|ThreadId(2)] [class_dump] bjg → net.minecraft.util.datafix.fixes.BlockEntityJukeboxFix
[0443|t+12313ms|ThreadId(2)] [class_dump] bjh → net.minecraft.util.datafix.fixes.BlockEntityKeepPacked
[0444|t+12313ms|ThreadId(2)] [class_dump] bji → net.minecraft.util.datafix.fixes.BlockEntityRenameFix
[0445|t+12314ms|ThreadId(2)] [class_dump] bjj → net.minecraft.util.datafix.fixes.BlockEntityShulkerBoxColorFix
[0446|t+12314ms|ThreadId(2)] [class_dump] bjk → net.minecraft.util.datafix.fixes.BlockEntitySignDoubleSidedEditableTextFix
[0447|t+12314ms|ThreadId(2)] [class_dump] bjl → net.minecraft.util.datafix.fixes.BlockEntityUUIDFix
[0448|t+12315ms|ThreadId(2)] [class_dump] bjm → net.minecraft.util.datafix.fixes.BlockNameFlatteningFix
[0449|t+12315ms|ThreadId(2)] [class_dump] bjn → net.minecraft.util.datafix.fixes.BlockPosFormatAndRenamesFix
[0450|t+12315ms|ThreadId(2)] [class_dump] bjo → net.minecraft.util.datafix.fixes.BlockPropertyRenameAndFix
[0451|t+12316ms|ThreadId(2)] [class_dump] bjp → net.minecraft.util.datafix.fixes.BlockRenameFix
[0452|t+12316ms|ThreadId(2)] [class_dump] bjr → net.minecraft.util.datafix.fixes.BlockStateStructureTemplateFix
[0453|t+12317ms|ThreadId(2)] [class_dump] bjs → net.minecraft.util.datafix.fixes.BoatSplitFix
[0454|t+12317ms|ThreadId(2)] [class_dump] bjt → net.minecraft.util.datafix.fixes.CarvingStepRemoveFix
[0455|t+12317ms|ThreadId(2)] [class_dump] bju → net.minecraft.util.datafix.fixes.CatTypeFix
[0456|t+12318ms|ThreadId(2)] [class_dump] bjv → net.minecraft.util.datafix.fixes.CauldronRenameFix
[0457|t+12318ms|ThreadId(2)] [class_dump] bjw → net.minecraft.util.datafix.fixes.CavesAndCliffsRenames
[0458|t+12318ms|ThreadId(2)] [class_dump] bjx → net.minecraft.util.datafix.fixes.ChestedHorsesInventoryZeroIndexingFix
[0459|t+12318ms|ThreadId(2)] [class_dump] bjy → net.minecraft.util.datafix.fixes.ChunkBedBlockEntityInjecterFix
[0460|t+12319ms|ThreadId(2)] [class_dump] bjz → net.minecraft.util.datafix.fixes.ChunkBiomeFix
[0461|t+12319ms|ThreadId(2)] [class_dump] bk → net.minecraft.advancements.criterion.DistanceTrigger
[0462|t+12320ms|ThreadId(2)] [class_dump] bka → net.minecraft.util.datafix.fixes.ChunkDeleteIgnoredLightDataFix
[0463|t+12320ms|ThreadId(2)] [class_dump] bkb → net.minecraft.util.datafix.fixes.ChunkDeleteLightFix
[0464|t+12320ms|ThreadId(2)] [class_dump] bkc → net.minecraft.util.datafix.fixes.ChunkHeightAndBiomeFix
[0465|t+12320ms|ThreadId(2)] [class_dump] bkd → net.minecraft.util.datafix.fixes.ChunkLightRemoveFix
[0466|t+12321ms|ThreadId(2)] [class_dump] bke → net.minecraft.util.datafix.fixes.ChunkPalettedStorageFix
[0467|t+12321ms|ThreadId(2)] [class_dump] bkf → net.minecraft.util.datafix.fixes.ChunkProtoTickListFix
[0468|t+12321ms|ThreadId(2)] [class_dump] bkg → net.minecraft.util.datafix.fixes.ChunkRenamesFix
[0469|t+12322ms|ThreadId(2)] [class_dump] bkh → net.minecraft.util.datafix.fixes.ChunkStatusFix
[0470|t+12322ms|ThreadId(2)] [class_dump] bki → net.minecraft.util.datafix.fixes.ChunkStatusFix2
[0471|t+12322ms|ThreadId(2)] [class_dump] bkj → net.minecraft.util.datafix.fixes.ChunkStructuresTemplateRenameFix
[0472|t+12323ms|ThreadId(2)] [class_dump] bkk → net.minecraft.util.datafix.fixes.ChunkTicketUnpackPosFix
[0473|t+12323ms|ThreadId(2)] [class_dump] bkl → net.minecraft.util.datafix.fixes.ChunkToProtochunkFix
[0474|t+12323ms|ThreadId(2)] [class_dump] bkm → net.minecraft.util.datafix.fixes.ColorlessShulkerEntityFix
[0475|t+12324ms|ThreadId(2)] [class_dump] bkn → net.minecraft.util.datafix.fixes.ContainerBlockEntityLockPredicateFix
[0476|t+12324ms|ThreadId(2)] [class_dump] bko → net.minecraft.util.datafix.fixes.CopperGolemWeatherStateFix
[0477|t+12324ms|ThreadId(2)] [class_dump] bkp → net.minecraft.util.datafix.fixes.CriteriaRenameFix
[0478|t+12325ms|ThreadId(2)] [class_dump] bkq → net.minecraft.util.datafix.fixes.CustomModelDataExpandFix
[0479|t+12325ms|ThreadId(2)] [class_dump] bkr → net.minecraft.util.datafix.fixes.DataComponentRemainderFix
[0480|t+12325ms|ThreadId(2)] [class_dump] bks → net.minecraft.util.datafix.fixes.DebugProfileOverlayReferenceFix
[0481|t+12326ms|ThreadId(2)] [class_dump] bkt → net.minecraft.util.datafix.fixes.DecoratedPotFieldRenameFix
[0482|t+12326ms|ThreadId(2)] [class_dump] bku → net.minecraft.util.datafix.fixes.DropChancesFormatFix
[0483|t+12326ms|ThreadId(2)] [class_dump] bkv → net.minecraft.util.datafix.fixes.DropInvalidSignDataFix
[0484|t+12327ms|ThreadId(2)] [class_dump] bkw → net.minecraft.util.datafix.fixes.DyeItemRenameFix
[0485|t+12327ms|ThreadId(2)] [class_dump] bkx → net.minecraft.util.datafix.fixes.EffectDurationFix
[0486|t+12327ms|ThreadId(2)] [class_dump] bky → net.minecraft.util.datafix.fixes.EmptyItemInHotbarFix
[0487|t+12328ms|ThreadId(2)] [class_dump] bkz → net.minecraft.util.datafix.fixes.EmptyItemInVillagerTradeFix
[0488|t+12328ms|ThreadId(2)] [class_dump] bl → net.minecraft.advancements.criterion.EffectsChangedTrigger
[0489|t+12328ms|ThreadId(2)] [class_dump] bla → net.minecraft.util.datafix.fixes.EntityArmorStandSilentFix
[0490|t+12329ms|ThreadId(2)] [class_dump] blb → net.minecraft.util.datafix.fixes.EntityAttributeBaseValueFix
[0491|t+12329ms|ThreadId(2)] [class_dump] blc → net.minecraft.util.datafix.fixes.EntityBlockStateFix
[0492|t+12330ms|ThreadId(2)] [class_dump] bld → net.minecraft.util.datafix.fixes.EntityBrushableBlockFieldsRenameFix
[0493|t+12330ms|ThreadId(2)] [class_dump] ble → net.minecraft.util.datafix.fixes.EntityCatSplitFix
[0494|t+12330ms|ThreadId(2)] [class_dump] blf → net.minecraft.util.datafix.fixes.EntityCodSalmonFix
[0495|t+12331ms|ThreadId(2)] [class_dump] blg → net.minecraft.util.datafix.fixes.EntityCustomNameToComponentFix
[0496|t+12331ms|ThreadId(2)] [class_dump] blh → net.minecraft.util.datafix.fixes.EntityElderGuardianSplitFix
[0497|t+12331ms|ThreadId(2)] [class_dump] bli → net.minecraft.util.datafix.fixes.EntityEquipmentToArmorAndHandFix
[0498|t+12332ms|ThreadId(2)] [class_dump] blj → net.minecraft.util.datafix.fixes.EntityFallDistanceFloatToDoubleFix
[0499|t+12332ms|ThreadId(2)] [class_dump] blk → net.minecraft.util.datafix.fixes.EntityFieldsRenameFix
[0500|t+12332ms|ThreadId(2)] [class_dump] bll → net.minecraft.util.datafix.fixes.EntityGoatMissingStateFix
[0501|t+12333ms|ThreadId(2)] [class_dump] blm → net.minecraft.util.datafix.fixes.EntityHealthFix
[0502|t+12333ms|ThreadId(2)] [class_dump] bln → net.minecraft.util.datafix.fixes.EntityHorseSaddleFix
[0503|t+12333ms|ThreadId(2)] [class_dump] blo → net.minecraft.util.datafix.fixes.EntityHorseSplitFix
[0504|t+12334ms|ThreadId(2)] [class_dump] blp → net.minecraft.util.datafix.fixes.EntityIdFix
[0505|t+12334ms|ThreadId(2)] [class_dump] blq → net.minecraft.util.datafix.fixes.EntityItemFrameDirectionFix
[0506|t+12335ms|ThreadId(2)] [class_dump] blr → net.minecraft.util.datafix.fixes.EntityMinecartIdentifiersFix
[0507|t+12335ms|ThreadId(2)] [class_dump] bls → net.minecraft.util.datafix.fixes.EntityPaintingItemFrameDirectionFix
[0508|t+12335ms|ThreadId(2)] [class_dump] blt → net.minecraft.util.datafix.fixes.EntityPaintingMotiveFix
[0509|t+12336ms|ThreadId(2)] [class_dump] blu → net.minecraft.util.datafix.fixes.EntityProjectileOwnerFix
[0510|t+12336ms|ThreadId(2)] [class_dump] blv → net.minecraft.util.datafix.fixes.EntityPufferfishRenameFix
[0511|t+12337ms|ThreadId(2)] [class_dump] blw → net.minecraft.util.datafix.fixes.EntityRavagerRenameFix
[0512|t+12337ms|ThreadId(2)] [class_dump] blx → net.minecraft.util.datafix.fixes.EntityRedundantChanceTagsFix
[0513|t+12337ms|ThreadId(2)] [class_dump] bly → net.minecraft.util.datafix.fixes.EntityRenameFix
[0514|t+12338ms|ThreadId(2)] [class_dump] blz → net.minecraft.util.datafix.fixes.EntityRidingToPassengersFix
[0515|t+12338ms|ThreadId(2)] [class_dump] bm → net.minecraft.advancements.criterion.EnchantedItemTrigger
[0516|t+12338ms|ThreadId(2)] [class_dump] bma → net.minecraft.util.datafix.fixes.EntitySalmonSizeFix
[0517|t+12339ms|ThreadId(2)] [class_dump] bmb → net.minecraft.util.datafix.fixes.EntityShulkerColorFix
[0518|t+12339ms|ThreadId(2)] [class_dump] bmc → net.minecraft.util.datafix.fixes.EntityShulkerRotationFix
[0519|t+12339ms|ThreadId(2)] [class_dump] bmd → net.minecraft.util.datafix.fixes.EntitySkeletonSplitFix
[0520|t+12340ms|ThreadId(2)] [class_dump] bme → net.minecraft.util.datafix.fixes.EntitySpawnerItemVariantComponentFix
[0521|t+12340ms|ThreadId(2)] [class_dump] bmf → net.minecraft.util.datafix.fixes.EntityStringUuidFix
[0522|t+12340ms|ThreadId(2)] [class_dump] bmg → net.minecraft.util.datafix.fixes.EntityTheRenameningFix
[0523|t+12341ms|ThreadId(2)] [class_dump] bmh → net.minecraft.util.datafix.fixes.EntityTippedArrowFix
[0524|t+12341ms|ThreadId(2)] [class_dump] bmi → net.minecraft.util.datafix.fixes.EntityUUIDFix
[0525|t+12341ms|ThreadId(2)] [class_dump] bmj → net.minecraft.util.datafix.fixes.EntityVariantFix
[0526|t+12342ms|ThreadId(2)] [class_dump] bmk → net.minecraft.util.datafix.fixes.EntityWolfColorFix
[0527|t+12342ms|ThreadId(2)] [class_dump] bml → net.minecraft.util.datafix.fixes.EntityZombieSplitFix
[0528|t+12342ms|ThreadId(2)] [class_dump] bmm → net.minecraft.util.datafix.fixes.EntityZombieVillagerTypeFix
[0529|t+12343ms|ThreadId(2)] [class_dump] bmn → net.minecraft.util.datafix.fixes.EntityZombifiedPiglinRenameFix
[0530|t+12343ms|ThreadId(2)] [class_dump] bmo → net.minecraft.util.datafix.fixes.EquipmentFormatFix
[0531|t+12343ms|ThreadId(2)] [class_dump] bmp → net.minecraft.util.datafix.fixes.EquippableAssetRenameFix
[0532|t+12344ms|ThreadId(2)] [class_dump] bmq → net.minecraft.util.datafix.fixes.FeatureFlagRemoveFix
[0533|t+12344ms|ThreadId(2)] [class_dump] bmr → net.minecraft.util.datafix.fixes.FilteredBooksFix
[0534|t+12344ms|ThreadId(2)] [class_dump] bms → net.minecraft.util.datafix.fixes.FilteredSignsFix
[0535|t+12345ms|ThreadId(2)] [class_dump] bmt → net.minecraft.util.datafix.fixes.FireResistantToDamageResistantComponentFix
[0536|t+12345ms|ThreadId(2)] [class_dump] bmu → net.minecraft.util.datafix.fixes.FixProjectileStoredItem
[0537|t+12345ms|ThreadId(2)] [class_dump] bmv → net.minecraft.util.datafix.fixes.FixWolfHealth
[0538|t+12345ms|ThreadId(2)] [class_dump] bmw → net.minecraft.util.datafix.fixes.FoodToConsumableFix
[0539|t+12346ms|ThreadId(2)] [class_dump] bmx → net.minecraft.util.datafix.fixes.ForcePoiRebuild
[0540|t+12346ms|ThreadId(2)] [class_dump] bmy → net.minecraft.util.datafix.fixes.ForcedChunkToTicketFix
[0541|t+12346ms|ThreadId(2)] [class_dump] bmz → net.minecraft.util.datafix.fixes.FurnaceRecipeFix
[0542|t+12347ms|ThreadId(2)] [class_dump] bn → net.minecraft.advancements.criterion.EnchantmentPredicate
[0543|t+12347ms|ThreadId(2)] [class_dump] bna → net.minecraft.util.datafix.fixes.GameRuleRegistryFix
[0544|t+12347ms|ThreadId(2)] [class_dump] bnb → net.minecraft.util.datafix.fixes.GoatHornIdFix
[0545|t+12348ms|ThreadId(2)] [class_dump] bnc → net.minecraft.util.datafix.fixes.GossipUUIDFix
[0546|t+12348ms|ThreadId(2)] [class_dump] bnd → net.minecraft.util.datafix.fixes.HeightmapRenamingFix
[0547|t+12348ms|ThreadId(2)] [class_dump] bne → net.minecraft.util.datafix.fixes.HorseBodyArmorItemFix
[0548|t+12349ms|ThreadId(2)] [class_dump] bnf → net.minecraft.util.datafix.fixes.IglooMetadataRemovalFix
[0549|t+12349ms|ThreadId(2)] [class_dump] bng → net.minecraft.util.datafix.fixes.InlineBlockPosFormatFix
[0550|t+12349ms|ThreadId(2)] [class_dump] bnh → net.minecraft.util.datafix.fixes.InvalidBlockEntityLockFix
[0551|t+12350ms|ThreadId(2)] [class_dump] bni → net.minecraft.util.datafix.fixes.InvalidLockComponentFix
[0552|t+12350ms|ThreadId(2)] [class_dump] bnj → net.minecraft.util.datafix.fixes.ItemBannerColorFix
[0553|t+12350ms|ThreadId(2)] [class_dump] bnk → net.minecraft.util.datafix.fixes.ItemCustomNameToComponentFix
[0554|t+12351ms|ThreadId(2)] [class_dump] bnl → net.minecraft.util.datafix.fixes.ItemIdFix
[0555|t+12351ms|ThreadId(2)] [class_dump] bnm → net.minecraft.util.datafix.fixes.ItemLoreFix
[0556|t+12351ms|ThreadId(2)] [class_dump] bnn → net.minecraft.util.datafix.fixes.ItemPotionFix
[0557|t+12352ms|ThreadId(2)] [class_dump] bno → net.minecraft.util.datafix.fixes.ItemRenameFix
[0558|t+12352ms|ThreadId(2)] [class_dump] bnp → net.minecraft.util.datafix.fixes.ItemShulkerBoxColorFix
[0559|t+12352ms|ThreadId(2)] [class_dump] bnq → net.minecraft.util.datafix.fixes.ItemSpawnEggFix
[0560|t+12352ms|ThreadId(2)] [class_dump] bnr → net.minecraft.util.datafix.fixes.ItemStackComponentizationFix
[0561|t+12353ms|ThreadId(2)] [class_dump] bns → net.minecraft.util.datafix.fixes.ItemStackCustomNameToOverrideComponentFix
[0562|t+12354ms|ThreadId(2)] [class_dump] bnt → net.minecraft.util.datafix.fixes.ItemStackEnchantmentNamesFix
[0563|t+12355ms|ThreadId(2)] [class_dump] bnu → net.minecraft.util.datafix.fixes.ItemStackMapIdFix
[0564|t+12355ms|ThreadId(2)] [class_dump] bnv → net.minecraft.util.datafix.fixes.ItemStackSpawnEggFix
[0565|t+12355ms|ThreadId(2)] [class_dump] bnw → net.minecraft.util.datafix.fixes.ItemStackTagFix
[0566|t+12356ms|ThreadId(2)] [class_dump] bnx → net.minecraft.util.datafix.fixes.ItemStackTagRemainderFix
[0567|t+12356ms|ThreadId(2)] [class_dump] bny → net.minecraft.util.datafix.fixes.ItemStackTheFlatteningFix
[0568|t+12356ms|ThreadId(2)] [class_dump] bnz → net.minecraft.util.datafix.fixes.ItemStackUUIDFix
[0569|t+12357ms|ThreadId(2)] [class_dump] bo → net.minecraft.advancements.criterion.EnterBlockTrigger
[0570|t+12357ms|ThreadId(2)] [class_dump] boa → net.minecraft.util.datafix.fixes.ItemWaterPotionFix
[0571|t+12358ms|ThreadId(2)] [class_dump] bob → net.minecraft.util.datafix.fixes.JigsawPropertiesFix
[0572|t+12358ms|ThreadId(2)] [class_dump] boc → net.minecraft.util.datafix.fixes.JigsawRotationFix
[0573|t+12358ms|ThreadId(2)] [class_dump] bod → net.minecraft.util.datafix.fixes.JukeboxTicksSinceSongStartedFix
[0574|t+12359ms|ThreadId(2)] [class_dump] boe → net.minecraft.util.datafix.fixes.LeavesFix
[0575|t+12359ms|ThreadId(2)] [class_dump] bof → net.minecraft.util.datafix.fixes.LegacyDimensionIdFix
[0576|t+12359ms|ThreadId(2)] [class_dump] bog → net.minecraft.util.datafix.fixes.LegacyDragonFightFix
[0577|t+12360ms|ThreadId(2)] [class_dump] boh → net.minecraft.util.datafix.fixes.LegacyHoverEventFix
[0578|t+12360ms|ThreadId(2)] [class_dump] boi → net.minecraft.util.datafix.fixes.LegacyWorldBorderFix
[0579|t+12360ms|ThreadId(2)] [class_dump] boj → net.minecraft.util.datafix.fixes.LevelDataGeneratorOptionsFix
[0580|t+12361ms|ThreadId(2)] [class_dump] bok → net.minecraft.util.datafix.fixes.LevelFlatGeneratorInfoFix
[0581|t+12361ms|ThreadId(2)] [class_dump] bol → net.minecraft.util.datafix.fixes.LevelLegacyWorldGenSettingsFix
[0582|t+12362ms|ThreadId(2)] [class_dump] bom → net.minecraft.util.datafix.fixes.LevelUUIDFix
[0583|t+12362ms|ThreadId(2)] [class_dump] bon → net.minecraft.util.datafix.fixes.LockComponentPredicateFix
[0584|t+12362ms|ThreadId(2)] [class_dump] boo → net.minecraft.util.datafix.fixes.LodestoneCompassComponentFix
[0585|t+12363ms|ThreadId(2)] [class_dump] bop → net.minecraft.util.datafix.fixes.MapBannerBlockPosFormatFix
[0586|t+12363ms|ThreadId(2)] [class_dump] boq → net.minecraft.util.datafix.fixes.MapIdFix
[0587|t+12363ms|ThreadId(2)] [class_dump] bor → net.minecraft.util.datafix.fixes.MemoryExpiryDataFix
[0588|t+12364ms|ThreadId(2)] [class_dump] bos → net.minecraft.util.datafix.fixes.MissingDimensionFix
[0589|t+12364ms|ThreadId(2)] [class_dump] bot → net.minecraft.util.datafix.fixes.MobEffectIdFix
[0590|t+12364ms|ThreadId(2)] [class_dump] bou → net.minecraft.util.datafix.fixes.MobSpawnerEntityIdentifiersFix
[0591|t+12365ms|ThreadId(2)] [class_dump] bov → net.minecraft.util.datafix.fixes.NamedEntityConvertUncheckedFix
[0592|t+12365ms|ThreadId(2)] [class_dump] bow → net.minecraft.util.datafix.fixes.NamedEntityFix
[0593|t+12365ms|ThreadId(2)] [class_dump] box → net.minecraft.util.datafix.fixes.NamedEntityWriteReadFix
[0594|t+12366ms|ThreadId(2)] [class_dump] boy → net.minecraft.util.datafix.fixes.NamespacedTypeRenameFix
[0595|t+12366ms|ThreadId(2)] [class_dump] boz → net.minecraft.util.datafix.fixes.NewVillageFix
[0596|t+12366ms|ThreadId(2)] [class_dump] bpa → net.minecraft.util.datafix.fixes.ObjectiveRenderTypeFix
[0597|t+12367ms|ThreadId(2)] [class_dump] bpb → net.minecraft.util.datafix.fixes.OminousBannerBlockEntityRenameFix
[0598|t+12367ms|ThreadId(2)] [class_dump] bpc → net.minecraft.util.datafix.fixes.OminousBannerRarityFix
[0599|t+12367ms|ThreadId(2)] [class_dump] bpd → net.minecraft.util.datafix.fixes.OminousBannerRenameFix
[0600|t+12368ms|ThreadId(2)] [class_dump] bpe → net.minecraft.util.datafix.fixes.OptionsAccessibilityOnboardFix
[0601|t+12368ms|ThreadId(2)] [class_dump] bpf → net.minecraft.util.datafix.fixes.OptionsAddTextBackgroundFix
[0602|t+12369ms|ThreadId(2)] [class_dump] bpg → net.minecraft.util.datafix.fixes.OptionsAmbientOcclusionFix
[0603|t+12369ms|ThreadId(2)] [class_dump] bph → net.minecraft.util.datafix.fixes.OptionsFancyGraphicsToGraphicsModeFix
[0604|t+12370ms|ThreadId(2)] [class_dump] bpi → net.minecraft.util.datafix.fixes.OptionsForceVBOFix
[0605|t+12370ms|ThreadId(2)] [class_dump] bpj → net.minecraft.util.datafix.fixes.OptionsGraphicsModeSplitFix
[0606|t+12370ms|ThreadId(2)] [class_dump] bpk → net.minecraft.util.datafix.fixes.OptionsKeyLwjgl3Fix
[0607|t+12371ms|ThreadId(2)] [class_dump] bpl → net.minecraft.util.datafix.fixes.OptionsKeyTranslationFix
[0608|t+12371ms|ThreadId(2)] [class_dump] bpm → net.minecraft.util.datafix.fixes.OptionsLowerCaseLanguageFix
[0609|t+12371ms|ThreadId(2)] [class_dump] bpn → net.minecraft.util.datafix.fixes.OptionsMenuBlurrinessFix
[0610|t+12372ms|ThreadId(2)] [class_dump] bpo → net.minecraft.util.datafix.fixes.OptionsMusicToastFix
[0611|t+12372ms|ThreadId(2)] [class_dump] bpp → net.minecraft.util.datafix.fixes.OptionsProgrammerArtFix
[0612|t+12373ms|ThreadId(2)] [class_dump] bpq → net.minecraft.util.datafix.fixes.OptionsRenameFieldFix
[0613|t+12373ms|ThreadId(2)] [class_dump] bpr → net.minecraft.util.datafix.fixes.OptionsSetGraphicsPresetToCustomFix
[0614|t+12373ms|ThreadId(2)] [class_dump] bps → net.minecraft.util.datafix.fixes.OverreachingTickFix
[0615|t+12374ms|ThreadId(2)] [class_dump] bpt → net.minecraft.util.datafix.fixes.ParticleUnflatteningFix
[0616|t+12374ms|ThreadId(2)] [class_dump] bpu → net.minecraft.util.datafix.fixes.PlayerEquipmentFix
[0617|t+12374ms|ThreadId(2)] [class_dump] bpv → net.minecraft.util.datafix.fixes.PlayerHeadBlockProfileFix
[0618|t+12375ms|ThreadId(2)] [class_dump] bpw → net.minecraft.util.datafix.fixes.PlayerRespawnDataFix
[0619|t+12375ms|ThreadId(2)] [class_dump] bpx → net.minecraft.util.datafix.fixes.PlayerUUIDFix
[0620|t+12375ms|ThreadId(2)] [class_dump] bpy → net.minecraft.util.datafix.fixes.PoiTypeRemoveFix
[0621|t+12376ms|ThreadId(2)] [class_dump] bpz → net.minecraft.util.datafix.fixes.PoiTypeRenameFix
[0622|t+12376ms|ThreadId(2)] [class_dump] bqa → net.minecraft.util.datafix.fixes.PrimedTntBlockStateFixer
[0623|t+12376ms|ThreadId(2)] [class_dump] bqb → net.minecraft.util.datafix.fixes.ProjectileStoredWeaponFix
[0624|t+12377ms|ThreadId(2)] [class_dump] bqc → net.minecraft.util.datafix.fixes.RaidRenamesDataFix
[0625|t+12377ms|ThreadId(2)] [class_dump] bqd → net.minecraft.util.datafix.fixes.RandomSequenceSettingsFix
[0626|t+12378ms|ThreadId(2)] [class_dump] bqe → net.minecraft.util.datafix.fixes.RecipesFix
[0627|t+12379ms|ThreadId(2)] [class_dump] bqf → net.minecraft.util.datafix.fixes.RecipesRenameningFix
[0628|t+12379ms|ThreadId(2)] [class_dump] bqg → net.minecraft.util.datafix.fixes.RedstoneWireConnectionsFix
[0629|t+12379ms|ThreadId(2)] [class_dump] bqh → net.minecraft.util.datafix.fixes.References
[0630|t+12380ms|ThreadId(2)] [class_dump] bqi → net.minecraft.util.datafix.fixes.RemapChunkStatusFix
[0631|t+12380ms|ThreadId(2)] [class_dump] bqj → net.minecraft.util.datafix.fixes.RemoveBlockEntityTagFix
[0632|t+12380ms|ThreadId(2)] [class_dump] bqk → net.minecraft.util.datafix.fixes.RemoveEmptyItemInBrushableBlockFix
[0633|t+12381ms|ThreadId(2)] [class_dump] bql → net.minecraft.util.datafix.fixes.RemoveGolemGossipFix
[0634|t+12381ms|ThreadId(2)] [class_dump] bqm → net.minecraft.util.datafix.fixes.RenameEnchantmentsFix
[0635|t+12382ms|ThreadId(2)] [class_dump] bqn → net.minecraft.util.datafix.fixes.RenamedCoralFansFix
[0636|t+12382ms|ThreadId(2)] [class_dump] bqo → net.minecraft.util.datafix.fixes.RenamedCoralFix
[0637|t+12383ms|ThreadId(2)] [class_dump] bqp → net.minecraft.util.datafix.fixes.ReorganizePoi
[0638|t+12383ms|ThreadId(2)] [class_dump] bqq → net.minecraft.util.datafix.fixes.SaddleEquipmentSlotFix
[0639|t+12383ms|ThreadId(2)] [class_dump] bqr → net.minecraft.util.datafix.fixes.SavedDataFeaturePoolElementFix
[0640|t+12384ms|ThreadId(2)] [class_dump] bqs → net.minecraft.util.datafix.fixes.SavedDataUUIDFix
[0641|t+12384ms|ThreadId(2)] [class_dump] bqt → net.minecraft.util.datafix.fixes.ScoreboardDisplayNameFix
[0642|t+12385ms|ThreadId(2)] [class_dump] bqu → net.minecraft.util.datafix.fixes.ScoreboardDisplaySlotFix
[0643|t+12385ms|ThreadId(2)] [class_dump] bqv → net.minecraft.util.datafix.fixes.SignTextStrictJsonFix
[0644|t+12386ms|ThreadId(2)] [class_dump] bqw → net.minecraft.util.datafix.fixes.SimpleEntityRenameFix
[0645|t+12387ms|ThreadId(2)] [class_dump] bqx → net.minecraft.util.datafix.fixes.SimplestEntityRenameFix
[0646|t+12387ms|ThreadId(2)] [class_dump] bqy → net.minecraft.util.datafix.fixes.SpawnerDataFix
[0647|t+12388ms|ThreadId(2)] [class_dump] bqz → net.minecraft.util.datafix.fixes.StatsCounterFix
[0648|t+12388ms|ThreadId(2)] [class_dump] br → net.minecraft.advancements.criterion.EntityHurtPlayerTrigger
[0649|t+12389ms|ThreadId(2)] [class_dump] bra → net.minecraft.util.datafix.fixes.StatsRenameFix
[0650|t+12389ms|ThreadId(2)] [class_dump] brb → net.minecraft.util.datafix.fixes.StriderGravityFix
[0651|t+12389ms|ThreadId(2)] [class_dump] brc → net.minecraft.util.datafix.fixes.StructureReferenceCountFix
[0652|t+12390ms|ThreadId(2)] [class_dump] brd → net.minecraft.util.datafix.fixes.StructureSettingsFlattenFix
[0653|t+12390ms|ThreadId(2)] [class_dump] bre → net.minecraft.util.datafix.fixes.StructuresBecomeConfiguredFix
[0654|t+12390ms|ThreadId(2)] [class_dump] brf → net.minecraft.util.datafix.fixes.TextComponentHoverAndClickEventFix
[0655|t+12391ms|ThreadId(2)] [class_dump] brg → net.minecraft.util.datafix.fixes.TextComponentStringifiedFlagsFix
[0656|t+12391ms|ThreadId(2)] [class_dump] brh → net.minecraft.util.datafix.fixes.ThrownPotionSplitFix
[0657|t+12391ms|ThreadId(2)] [class_dump] bri → net.minecraft.util.datafix.fixes.TippedArrowPotionToItemFix
[0658|t+12392ms|ThreadId(2)] [class_dump] brj → net.minecraft.util.datafix.fixes.TooltipDisplayComponentFix
[0659|t+12392ms|ThreadId(2)] [class_dump] brk → net.minecraft.util.datafix.fixes.TrappedChestBlockEntityFix
[0660|t+12392ms|ThreadId(2)] [class_dump] brl → net.minecraft.util.datafix.fixes.TrialSpawnerConfigFix
[0661|t+12393ms|ThreadId(2)] [class_dump] brm → net.minecraft.util.datafix.fixes.TrialSpawnerConfigInRegistryFix
[0662|t+12393ms|ThreadId(2)] [class_dump] brn → net.minecraft.util.datafix.fixes.TridentAnimationFix
[0663|t+12393ms|ThreadId(2)] [class_dump] bro → net.minecraft.util.datafix.fixes.UnflattenTextComponentFix
[0664|t+12394ms|ThreadId(2)] [class_dump] brp → net.minecraft.util.datafix.fixes.VariantRenameFix
[0665|t+12394ms|ThreadId(2)] [class_dump] brq → net.minecraft.util.datafix.fixes.VillagerDataFix
[0666|t+12395ms|ThreadId(2)] [class_dump] brr → net.minecraft.util.datafix.fixes.VillagerFollowRangeFix
[0667|t+12395ms|ThreadId(2)] [class_dump] brs → net.minecraft.util.datafix.fixes.VillagerRebuildLevelAndXpFix
[0668|t+12395ms|ThreadId(2)] [class_dump] brt → net.minecraft.util.datafix.fixes.VillagerSetCanPickUpLootFix
[0669|t+12396ms|ThreadId(2)] [class_dump] bru → net.minecraft.util.datafix.fixes.VillagerTradeFix
[0670|t+12396ms|ThreadId(2)] [class_dump] brv → net.minecraft.util.datafix.fixes.WallPropertyFix
[0671|t+12396ms|ThreadId(2)] [class_dump] brw → net.minecraft.util.datafix.fixes.WeaponSmithChestLootTableFix
[0672|t+12397ms|ThreadId(2)] [class_dump] brx → net.minecraft.util.datafix.fixes.WorldBorderWarningTimeFix
[0673|t+12397ms|ThreadId(2)] [class_dump] bry → net.minecraft.util.datafix.fixes.WorldGenSettingsDisallowOldCustomWorldsFix
[0674|t+12397ms|ThreadId(2)] [class_dump] brz → net.minecraft.util.datafix.fixes.WorldGenSettingsFix
[0675|t+12397ms|ThreadId(2)] [class_dump] bs → net.minecraft.advancements.criterion.EntityPredicate
[0676|t+12398ms|ThreadId(2)] [class_dump] bsa → net.minecraft.util.datafix.fixes.WorldGenSettingsHeightAndBiomeFix
[0677|t+12398ms|ThreadId(2)] [class_dump] bsb → net.minecraft.util.datafix.fixes.WorldSpawnDataFix
[0678|t+12398ms|ThreadId(2)] [class_dump] bsc → net.minecraft.util.datafix.fixes.WriteAndReadFix
[0679|t+12399ms|ThreadId(2)] [class_dump] bsd → net.minecraft.util.datafix.fixes.WrittenBookPagesStrictJsonFix
[0680|t+12399ms|ThreadId(2)] [class_dump] bse → net.minecraft.util.datafix.fixes.ZombieVillagerRebuildXpFix
[0681|t+12399ms|ThreadId(2)] [class_dump] bsh → net.minecraft.util.datafix.schemas.NamespacedSchema
[0682|t+12400ms|ThreadId(2)] [class_dump] bsi → net.minecraft.util.datafix.schemas.V100
[0683|t+12400ms|ThreadId(2)] [class_dump] bsj → net.minecraft.util.datafix.schemas.V102
[0684|t+12400ms|ThreadId(2)] [class_dump] bsk → net.minecraft.util.datafix.schemas.V1022
[0685|t+12401ms|ThreadId(2)] [class_dump] bsl → net.minecraft.util.datafix.schemas.V106
[0686|t+12401ms|ThreadId(2)] [class_dump] bsm → net.minecraft.util.datafix.schemas.V107
[0687|t+12401ms|ThreadId(2)] [class_dump] bsn → net.minecraft.util.datafix.schemas.V1125
[0688|t+12402ms|ThreadId(2)] [class_dump] bso → net.minecraft.util.datafix.schemas.V135
[0689|t+12402ms|ThreadId(2)] [class_dump] bsp → net.minecraft.util.datafix.schemas.V143
[0690|t+12403ms|ThreadId(2)] [class_dump] bsq → net.minecraft.util.datafix.schemas.V1451
[0691|t+12403ms|ThreadId(2)] [class_dump] bsr → net.minecraft.util.datafix.schemas.V1451_1
[0692|t+12403ms|ThreadId(2)] [class_dump] bss → net.minecraft.util.datafix.schemas.V1451_2
[0693|t+12404ms|ThreadId(2)] [class_dump] bst → net.minecraft.util.datafix.schemas.V1451_3
[0694|t+12404ms|ThreadId(2)] [class_dump] bsu → net.minecraft.util.datafix.schemas.V1451_4
[0695|t+12404ms|ThreadId(2)] [class_dump] bsv → net.minecraft.util.datafix.schemas.V1451_5
[0696|t+12405ms|ThreadId(2)] [class_dump] bsw → net.minecraft.util.datafix.schemas.V1451_6
[0697|t+12405ms|ThreadId(2)] [class_dump] bsx → net.minecraft.util.datafix.schemas.V1458
[0698|t+12405ms|ThreadId(2)] [class_dump] bsy → net.minecraft.util.datafix.schemas.V1460
[0699|t+12406ms|ThreadId(2)] [class_dump] bsz → net.minecraft.util.datafix.schemas.V1466
[0700|t+12407ms|ThreadId(2)] [class_dump] bt → net.minecraft.advancements.criterion.EntitySubPredicate
[0701|t+12407ms|ThreadId(2)] [class_dump] bta → net.minecraft.util.datafix.schemas.V1470
[0702|t+12407ms|ThreadId(2)] [class_dump] btb → net.minecraft.util.datafix.schemas.V1481
[0703|t+12408ms|ThreadId(2)] [class_dump] btc → net.minecraft.util.datafix.schemas.V1483
[0704|t+12408ms|ThreadId(2)] [class_dump] btd → net.minecraft.util.datafix.schemas.V1486
[0705|t+12408ms|ThreadId(2)] [class_dump] bte → net.minecraft.util.datafix.schemas.V1488
[0706|t+12409ms|ThreadId(2)] [class_dump] btf → net.minecraft.util.datafix.schemas.V1510
[0707|t+12409ms|ThreadId(2)] [class_dump] btg → net.minecraft.util.datafix.schemas.V1800
[0708|t+12409ms|ThreadId(2)] [class_dump] bth → net.minecraft.util.datafix.schemas.V1801
[0709|t+12410ms|ThreadId(2)] [class_dump] bti → net.minecraft.util.datafix.schemas.V1904
[0710|t+12410ms|ThreadId(2)] [class_dump] btj → net.minecraft.util.datafix.schemas.V1906
[0711|t+12411ms|ThreadId(2)] [class_dump] btk → net.minecraft.util.datafix.schemas.V1909
[0712|t+12411ms|ThreadId(2)] [class_dump] btl → net.minecraft.util.datafix.schemas.V1920
[0713|t+12411ms|ThreadId(2)] [class_dump] btm → net.minecraft.util.datafix.schemas.V1928
[0714|t+12412ms|ThreadId(2)] [class_dump] btn → net.minecraft.util.datafix.schemas.V1929
[0715|t+12412ms|ThreadId(2)] [class_dump] bto → net.minecraft.util.datafix.schemas.V1931
[0716|t+12412ms|ThreadId(2)] [class_dump] btp → net.minecraft.util.datafix.schemas.V2100
[0717|t+12413ms|ThreadId(2)] [class_dump] btq → net.minecraft.util.datafix.schemas.V2501
[0718|t+12413ms|ThreadId(2)] [class_dump] btr → net.minecraft.util.datafix.schemas.V2502
[0719|t+12413ms|ThreadId(2)] [class_dump] bts → net.minecraft.util.datafix.schemas.V2505
[0720|t+12414ms|ThreadId(2)] [class_dump] btt → net.minecraft.util.datafix.schemas.V2509
[0721|t+12415ms|ThreadId(2)] [class_dump] btu → net.minecraft.util.datafix.schemas.V2511_1
[0722|t+12415ms|ThreadId(2)] [class_dump] btv → net.minecraft.util.datafix.schemas.V2519
[0723|t+12415ms|ThreadId(2)] [class_dump] btw → net.minecraft.util.datafix.schemas.V2522
[0724|t+12416ms|ThreadId(2)] [class_dump] btx → net.minecraft.util.datafix.schemas.V2551
[0725|t+12416ms|ThreadId(2)] [class_dump] bty → net.minecraft.util.datafix.schemas.V2568
[0726|t+12416ms|ThreadId(2)] [class_dump] btz → net.minecraft.util.datafix.schemas.V2571
[0727|t+12417ms|ThreadId(2)] [class_dump] bu → net.minecraft.advancements.criterion.EntitySubPredicates
[0728|t+12417ms|ThreadId(2)] [class_dump] bua → net.minecraft.util.datafix.schemas.V2684
[0729|t+12417ms|ThreadId(2)] [class_dump] bub → net.minecraft.util.datafix.schemas.V2686
[0730|t+12418ms|ThreadId(2)] [class_dump] buc → net.minecraft.util.datafix.schemas.V2688
[0731|t+12418ms|ThreadId(2)] [class_dump] bud → net.minecraft.util.datafix.schemas.V2704
[0732|t+12418ms|ThreadId(2)] [class_dump] bue → net.minecraft.util.datafix.schemas.V2707
[0733|t+12418ms|ThreadId(2)] [class_dump] buf → net.minecraft.util.datafix.schemas.V2831
[0734|t+12419ms|ThreadId(2)] [class_dump] bug → net.minecraft.util.datafix.schemas.V2832
[0735|t+12419ms|ThreadId(2)] [class_dump] buh → net.minecraft.util.datafix.schemas.V2842
[0736|t+12419ms|ThreadId(2)] [class_dump] bui → net.minecraft.util.datafix.schemas.V3076
[0737|t+12420ms|ThreadId(2)] [class_dump] buj → net.minecraft.util.datafix.schemas.V3078
[0738|t+12420ms|ThreadId(2)] [class_dump] buk → net.minecraft.util.datafix.schemas.V3081
[0739|t+12421ms|ThreadId(2)] [class_dump] bul → net.minecraft.util.datafix.schemas.V3082
[0740|t+12421ms|ThreadId(2)] [class_dump] bum → net.minecraft.util.datafix.schemas.V3083
[0741|t+12421ms|ThreadId(2)] [class_dump] bun → net.minecraft.util.datafix.schemas.V3202
[0742|t+12422ms|ThreadId(2)] [class_dump] buo → net.minecraft.util.datafix.schemas.V3203
[0743|t+12422ms|ThreadId(2)] [class_dump] bup → net.minecraft.util.datafix.schemas.V3204
[0744|t+12422ms|ThreadId(2)] [class_dump] buq → net.minecraft.util.datafix.schemas.V3325
[0745|t+12423ms|ThreadId(2)] [class_dump] bur → net.minecraft.util.datafix.schemas.V3326
[0746|t+12423ms|ThreadId(2)] [class_dump] bus → net.minecraft.util.datafix.schemas.V3327
[0747|t+12423ms|ThreadId(2)] [class_dump] but → net.minecraft.util.datafix.schemas.V3328
[0748|t+12424ms|ThreadId(2)] [class_dump] buu → net.minecraft.util.datafix.schemas.V3438
[0749|t+12424ms|ThreadId(2)] [class_dump] buv → net.minecraft.util.datafix.schemas.V3439
[0750|t+12424ms|ThreadId(2)] [class_dump] buw → net.minecraft.util.datafix.schemas.V3439_1
[0751|t+12425ms|ThreadId(2)] [class_dump] bux → net.minecraft.util.datafix.schemas.V3448
[0752|t+12425ms|ThreadId(2)] [class_dump] buy → net.minecraft.util.datafix.schemas.V3682
[0753|t+12425ms|ThreadId(2)] [class_dump] buz → net.minecraft.util.datafix.schemas.V3683
[0754|t+12426ms|ThreadId(2)] [class_dump] bva → net.minecraft.util.datafix.schemas.V3685
[0755|t+12426ms|ThreadId(2)] [class_dump] bvb → net.minecraft.util.datafix.schemas.V3689
[0756|t+12426ms|ThreadId(2)] [class_dump] bvc → net.minecraft.util.datafix.schemas.V3799
[0757|t+12427ms|ThreadId(2)] [class_dump] bvd → net.minecraft.util.datafix.schemas.V3807
[0758|t+12427ms|ThreadId(2)] [class_dump] bve → net.minecraft.util.datafix.schemas.V3808
[0759|t+12427ms|ThreadId(2)] [class_dump] bvf → net.minecraft.util.datafix.schemas.V3808_1
[0760|t+12428ms|ThreadId(2)] [class_dump] bvg → net.minecraft.util.datafix.schemas.V3808_2
[0761|t+12428ms|ThreadId(2)] [class_dump] bvh → net.minecraft.util.datafix.schemas.V3813
[0762|t+12428ms|ThreadId(2)] [class_dump] bvi → net.minecraft.util.datafix.schemas.V3816
[0763|t+12428ms|ThreadId(2)] [class_dump] bvj → net.minecraft.util.datafix.schemas.V3818
[0764|t+12429ms|ThreadId(2)] [class_dump] bvk → net.minecraft.util.datafix.schemas.V3818_3
[0765|t+12429ms|ThreadId(2)] [class_dump] bvl → net.minecraft.util.datafix.schemas.V3818_4
[0766|t+12429ms|ThreadId(2)] [class_dump] bvm → net.minecraft.util.datafix.schemas.V3818_5
[0767|t+12430ms|ThreadId(2)] [class_dump] bvn → net.minecraft.util.datafix.schemas.V3825
[0768|t+12430ms|ThreadId(2)] [class_dump] bvo → net.minecraft.util.datafix.schemas.V3938
[0769|t+12430ms|ThreadId(2)] [class_dump] bvp → net.minecraft.util.datafix.schemas.V4059
[0770|t+12431ms|ThreadId(2)] [class_dump] bvq → net.minecraft.util.datafix.schemas.V4067
[0771|t+12431ms|ThreadId(2)] [class_dump] bvr → net.minecraft.util.datafix.schemas.V4070
[0772|t+12431ms|ThreadId(2)] [class_dump] bvs → net.minecraft.util.datafix.schemas.V4071
[0773|t+12432ms|ThreadId(2)] [class_dump] bvt → net.minecraft.util.datafix.schemas.V4290
[0774|t+12432ms|ThreadId(2)] [class_dump] bvu → net.minecraft.util.datafix.schemas.V4292
[0775|t+12433ms|ThreadId(2)] [class_dump] bvv → net.minecraft.util.datafix.schemas.V4300
[0776|t+12433ms|ThreadId(2)] [class_dump] bvw → net.minecraft.util.datafix.schemas.V4301
[0777|t+12433ms|ThreadId(2)] [class_dump] bvx → net.minecraft.util.datafix.schemas.V4302
[0778|t+12434ms|ThreadId(2)] [class_dump] bvy → net.minecraft.util.datafix.schemas.V4306
[0779|t+12434ms|ThreadId(2)] [class_dump] bvz → net.minecraft.util.datafix.schemas.V4307
[0780|t+12434ms|ThreadId(2)] [class_dump] bw → net.minecraft.advancements.criterion.FallAfterExplosionTrigger
[0781|t+12434ms|ThreadId(2)] [class_dump] bwa → net.minecraft.util.datafix.schemas.V4312
[0782|t+12435ms|ThreadId(2)] [class_dump] bwb → net.minecraft.util.datafix.schemas.V4420
[0783|t+12435ms|ThreadId(2)] [class_dump] bwc → net.minecraft.util.datafix.schemas.V4421
[0784|t+12435ms|ThreadId(2)] [class_dump] bwd → net.minecraft.util.datafix.schemas.V4531
[0785|t+12436ms|ThreadId(2)] [class_dump] bwe → net.minecraft.util.datafix.schemas.V4532
[0786|t+12436ms|ThreadId(2)] [class_dump] bwf → net.minecraft.util.datafix.schemas.V4533
[0787|t+12436ms|ThreadId(2)] [class_dump] bwg → net.minecraft.util.datafix.schemas.V4543
[0788|t+12437ms|ThreadId(2)] [class_dump] bwh → net.minecraft.util.datafix.schemas.V4648
[0789|t+12437ms|ThreadId(2)] [class_dump] bwi → net.minecraft.util.datafix.schemas.V4656
[0790|t+12437ms|ThreadId(2)] [class_dump] bwj → net.minecraft.util.datafix.schemas.V501
[0791|t+12438ms|ThreadId(2)] [class_dump] bwk → net.minecraft.util.datafix.schemas.V700
[0792|t+12438ms|ThreadId(2)] [class_dump] bwl → net.minecraft.util.datafix.schemas.V701
[0793|t+12438ms|ThreadId(2)] [class_dump] bwm → net.minecraft.util.datafix.schemas.V702
[0794|t+12439ms|ThreadId(2)] [class_dump] bwn → net.minecraft.util.datafix.schemas.V703
[0795|t+12439ms|ThreadId(2)] [class_dump] bwo → net.minecraft.util.datafix.schemas.V704
[0796|t+12439ms|ThreadId(2)] [class_dump] bwp → net.minecraft.util.datafix.schemas.V705
[0797|t+12440ms|ThreadId(2)] [class_dump] bwq → net.minecraft.util.datafix.schemas.V808
[0798|t+12440ms|ThreadId(2)] [class_dump] bwr → net.minecraft.util.datafix.schemas.V99
[0799|t+12440ms|ThreadId(2)] [class_dump] bwt → net.minecraft.util.debug.DebugBeeInfo
[0800|t+12441ms|ThreadId(2)] [class_dump] bwu → net.minecraft.util.debug.DebugBrainDump
[0801|t+12441ms|ThreadId(2)] [class_dump] bwv → net.minecraft.util.debug.DebugBreezeInfo
[0802|t+12441ms|ThreadId(2)] [class_dump] bww → net.minecraft.util.debug.DebugEntityBlockIntersection
[0803|t+12442ms|ThreadId(2)] [class_dump] bwx → net.minecraft.util.debug.DebugGameEventInfo
[0804|t+12442ms|ThreadId(2)] [class_dump] bwy → net.minecraft.util.debug.DebugGameEventListenerInfo
[0805|t+12442ms|ThreadId(2)] [class_dump] bwz → net.minecraft.util.debug.DebugGoalInfo
[0806|t+12443ms|ThreadId(2)] [class_dump] bx → net.minecraft.advancements.criterion.FilledBucketTrigger
[0807|t+12444ms|ThreadId(2)] [class_dump] bxa → net.minecraft.util.debug.DebugHiveInfo
[0808|t+12444ms|ThreadId(2)] [class_dump] bxb → net.minecraft.util.debug.DebugPathInfo
[0809|t+12444ms|ThreadId(2)] [class_dump] bxc → net.minecraft.util.debug.DebugPoiInfo
[0810|t+12445ms|ThreadId(2)] [class_dump] bxd → net.minecraft.util.debug.DebugStructureInfo
[0811|t+12445ms|ThreadId(2)] [class_dump] bxe → net.minecraft.util.debug.DebugSubscription
[0812|t+12445ms|ThreadId(2)] [class_dump] bxf → net.minecraft.util.debug.DebugSubscriptions
[0813|t+12446ms|ThreadId(2)] [class_dump] bxh → net.minecraft.util.debug.DebugValueSource
[0814|t+12446ms|ThreadId(2)] [class_dump] bxm → net.minecraft.util.debugchart.AbstractSampleLogger
[0815|t+12446ms|ThreadId(2)] [class_dump] bxn → net.minecraft.util.debugchart.LocalSampleLogger
[0816|t+12447ms|ThreadId(2)] [class_dump] bxo → net.minecraft.util.debugchart.RemoteDebugSampleType
[0817|t+12447ms|ThreadId(2)] [class_dump] bxq → net.minecraft.util.debugchart.SampleLogger
[0818|t+12448ms|ThreadId(2)] [class_dump] bxr → net.minecraft.util.debugchart.SampleStorage
[0819|t+12448ms|ThreadId(2)] [class_dump] by → net.minecraft.advancements.criterion.FishingHookPredicate
[0820|t+12448ms|ThreadId(2)] [class_dump] byc → net.minecraft.util.parsing.packrat.Atom
[0821|t+12449ms|ThreadId(2)] [class_dump] byf → net.minecraft.util.parsing.packrat.DelayedException
[0822|t+12449ms|ThreadId(2)] [class_dump] byg → net.minecraft.util.parsing.packrat.Dictionary
[0823|t+12449ms|ThreadId(2)] [class_dump] byh → net.minecraft.util.parsing.packrat.ErrorCollector
[0824|t+12450ms|ThreadId(2)] [class_dump] byj → net.minecraft.util.parsing.packrat.NamedRule
[0825|t+12450ms|ThreadId(2)] [class_dump] byk → net.minecraft.util.parsing.packrat.ParseState
[0826|t+12450ms|ThreadId(2)] [class_dump] byl → net.minecraft.util.parsing.packrat.Rule
[0827|t+12450ms|ThreadId(2)] [class_dump] bym → net.minecraft.util.parsing.packrat.Scope
[0828|t+12451ms|ThreadId(2)] [class_dump] byn → net.minecraft.util.parsing.packrat.SuggestionSupplier
[0829|t+12451ms|ThreadId(2)] [class_dump] byo → net.minecraft.util.parsing.packrat.Term
[0830|t+12452ms|ThreadId(2)] [class_dump] byp → net.minecraft.util.parsing.packrat.commands.CommandArgumentParser
[0831|t+12452ms|ThreadId(2)] [class_dump] byq → net.minecraft.util.parsing.packrat.commands.Grammar
[0832|t+12452ms|ThreadId(2)] [class_dump] byr → net.minecraft.util.parsing.packrat.commands.GreedyPatternParseRule
[0833|t+12453ms|ThreadId(2)] [class_dump] bys → net.minecraft.util.parsing.packrat.commands.GreedyPredicateParseRule
[0834|t+12453ms|ThreadId(2)] [class_dump] byu → net.minecraft.util.parsing.packrat.commands.NumberRunParseRule
[0835|t+12453ms|ThreadId(2)] [class_dump] byv → net.minecraft.util.parsing.packrat.commands.ParserBasedArgument
[0836|t+12454ms|ThreadId(2)] [class_dump] byz → net.minecraft.util.parsing.packrat.commands.StringReaderTerms
[0837|t+12454ms|ThreadId(2)] [class_dump] bz → net.minecraft.advancements.criterion.FishingRodHookedTrigger
[0838|t+12454ms|ThreadId(2)] [class_dump] bzb → net.minecraft.util.parsing.packrat.commands.UnquotedStringParseRule
[0839|t+12455ms|ThreadId(2)] [class_dump] bzm → net.minecraft.util.profiling.ProfilerFiller
[0840|t+12455ms|ThreadId(2)] [class_dump] ca → net.minecraft.advancements.criterion.FluidPredicate
[0841|t+12455ms|ThreadId(2)] [class_dump] cax → net.minecraft.util.profiling.metrics.MetricSampler
[0842|t+12456ms|ThreadId(2)] [class_dump] cay → net.minecraft.util.profiling.metrics.MetricsRegistry
[0843|t+12456ms|ThreadId(2)] [class_dump] caz → net.minecraft.util.profiling.metrics.MetricsSamplerProvider
[0844|t+12456ms|ThreadId(2)] [class_dump] cb → net.minecraft.advancements.criterion.GameTypePredicate
[0845|t+12456ms|ThreadId(2)] [class_dump] cba → net.minecraft.util.profiling.metrics.ProfilerMeasured
[0846|t+12457ms|ThreadId(2)] [class_dump] cbd → net.minecraft.util.profiling.metrics.profiling.InactiveMetricsRecorder
[0847|t+12457ms|ThreadId(2)] [class_dump] cbe → net.minecraft.util.profiling.metrics.profiling.MetricsRecorder
[0848|t+12457ms|ThreadId(2)] [class_dump] cbm → net.minecraft.util.random.Weighted
[0849|t+12458ms|ThreadId(2)] [class_dump] cbn → net.minecraft.util.random.WeightedList
[0850|t+12458ms|ThreadId(2)] [class_dump] cbo → net.minecraft.util.random.WeightedRandom
[0851|t+12458ms|ThreadId(2)] [class_dump] cbr → net.minecraft.util.thread.BlockableEventLoop
[0852|t+12459ms|ThreadId(2)] [class_dump] cbv → net.minecraft.util.thread.ReentrantBlockableEventLoop
[0853|t+12459ms|ThreadId(2)] [class_dump] cbx → net.minecraft.util.thread.TaskScheduler
[0854|t+12459ms|ThreadId(2)] [class_dump] cbz → net.minecraft.util.valueproviders.BiasedToBottomInt
[0855|t+12460ms|ThreadId(2)] [class_dump] cc → net.minecraft.advancements.criterion.ImpossibleTrigger
[0856|t+12460ms|ThreadId(2)] [class_dump] cca → net.minecraft.util.valueproviders.ClampedInt
[0857|t+12460ms|ThreadId(2)] [class_dump] ccb → net.minecraft.util.valueproviders.ClampedNormalFloat
[0858|t+12460ms|ThreadId(2)] [class_dump] ccc → net.minecraft.util.valueproviders.ClampedNormalInt
[0859|t+12461ms|ThreadId(2)] [class_dump] ccd → net.minecraft.util.valueproviders.ConstantFloat
[0860|t+12461ms|ThreadId(2)] [class_dump] cce → net.minecraft.util.valueproviders.ConstantInt
[0861|t+12461ms|ThreadId(2)] [class_dump] ccf → net.minecraft.util.valueproviders.FloatProvider
[0862|t+12462ms|ThreadId(2)] [class_dump] ccg → net.minecraft.util.valueproviders.FloatProviderType
[0863|t+12462ms|ThreadId(2)] [class_dump] cch → net.minecraft.util.valueproviders.IntProvider
[0864|t+12463ms|ThreadId(2)] [class_dump] cci → net.minecraft.util.valueproviders.IntProviderType
[0865|t+12463ms|ThreadId(2)] [class_dump] cck → net.minecraft.util.valueproviders.SampledFloat
[0866|t+12464ms|ThreadId(2)] [class_dump] ccl → net.minecraft.util.valueproviders.TrapezoidFloat
[0867|t+12464ms|ThreadId(2)] [class_dump] ccm → net.minecraft.util.valueproviders.UniformFloat
[0868|t+12464ms|ThreadId(2)] [class_dump] ccn → net.minecraft.util.valueproviders.UniformInt
[0869|t+12465ms|ThreadId(2)] [class_dump] cco → net.minecraft.util.valueproviders.WeightedListInt
[0870|t+12465ms|ThreadId(2)] [class_dump] cct → net.minecraft.world.Clearable
[0871|t+12466ms|ThreadId(2)] [class_dump] ccv → net.minecraft.world.Container
[0872|t+12466ms|ThreadId(2)] [class_dump] ccz → net.minecraft.world.Difficulty
[0873|t+12466ms|ThreadId(2)] [class_dump] cd → net.minecraft.advancements.criterion.InputPredicate
[0874|t+12467ms|ThreadId(2)] [class_dump] cdb → net.minecraft.world.InteractionHand
[0875|t+12467ms|ThreadId(2)] [class_dump] cdc → net.minecraft.world.InteractionResult
[0876|t+12467ms|ThreadId(2)] [class_dump] cde → net.minecraft.world.LockCode
[0877|t+12468ms|ThreadId(2)] [class_dump] cdf → net.minecraft.world.MenuProvider
[0878|t+12468ms|ThreadId(2)] [class_dump] cdg → net.minecraft.world.Nameable
[0879|t+12469ms|ThreadId(2)] [class_dump] cdj → net.minecraft.world.RandomizableContainer
[0880|t+12469ms|ThreadId(2)] [class_dump] cdk → net.minecraft.world.SimpleContainer
[0881|t+12470ms|ThreadId(2)] [class_dump] cdo → net.minecraft.world.TickRateManager
[0882|t+12471ms|ThreadId(2)] [class_dump] cdp → net.minecraft.world.WorldlyContainer
[0883|t+12471ms|ThreadId(2)] [class_dump] cdq → net.minecraft.world.WorldlyContainerHolder
[0884|t+12471ms|ThreadId(2)] [class_dump] cdr → net.minecraft.world.attribute.AmbientAdditionsSettings
[0885|t+12472ms|ThreadId(2)] [class_dump] cds → net.minecraft.world.attribute.AmbientMoodSettings
[0886|t+12472ms|ThreadId(2)] [class_dump] cdt → net.minecraft.world.attribute.AmbientParticle
[0887|t+12472ms|ThreadId(2)] [class_dump] cdu → net.minecraft.world.attribute.AmbientSounds
[0888|t+12473ms|ThreadId(2)] [class_dump] cdv → net.minecraft.world.attribute.AttributeRange
[0889|t+12473ms|ThreadId(2)] [class_dump] cdw → net.minecraft.world.attribute.AttributeType
[0890|t+12474ms|ThreadId(2)] [class_dump] cdx → net.minecraft.world.attribute.AttributeTypes
[0891|t+12474ms|ThreadId(2)] [class_dump] cdy → net.minecraft.world.attribute.BackgroundMusic
[0892|t+12475ms|ThreadId(2)] [class_dump] cdz → net.minecraft.world.attribute.BedRule
[0893|t+12475ms|ThreadId(2)] [class_dump] ce → net.minecraft.advancements.criterion.InventoryChangeTrigger
[0894|t+12476ms|ThreadId(2)] [class_dump] cea → net.minecraft.world.attribute.EnvironmentAttribute
[0895|t+12476ms|ThreadId(2)] [class_dump] cec → net.minecraft.world.attribute.EnvironmentAttributeMap
[0896|t+12477ms|ThreadId(2)] [class_dump] cee → net.minecraft.world.attribute.EnvironmentAttributeReader
[0897|t+12478ms|ThreadId(2)] [class_dump] ceg → net.minecraft.world.attribute.EnvironmentAttributes
[0898|t+12478ms|ThreadId(2)] [class_dump] cei → net.minecraft.world.attribute.LerpFunction
[0899|t+12479ms|ThreadId(2)] [class_dump] cel → net.minecraft.world.attribute.modifier.AttributeModifier
[0900|t+12479ms|ThreadId(2)] [class_dump] cem → net.minecraft.world.attribute.modifier.BooleanModifier
[0901|t+12479ms|ThreadId(2)] [class_dump] cen → net.minecraft.world.attribute.modifier.ColorModifier
[0902|t+12480ms|ThreadId(2)] [class_dump] ceo → net.minecraft.world.attribute.modifier.FloatModifier
[0903|t+12480ms|ThreadId(2)] [class_dump] cev → net.minecraft.world.damagesource.DamageEffects
[0904|t+12480ms|ThreadId(2)] [class_dump] cew → net.minecraft.world.damagesource.DamageScaling
[0905|t+12481ms|ThreadId(2)] [class_dump] cez → net.minecraft.world.damagesource.DamageType
[0906|t+12481ms|ThreadId(2)] [class_dump] cf → net.minecraft.advancements.criterion.ItemDurabilityTrigger
[0907|t+12482ms|ThreadId(2)] [class_dump] cfa → net.minecraft.world.damagesource.DamageTypes
[0908|t+12482ms|ThreadId(2)] [class_dump] cfb → net.minecraft.world.damagesource.DeathMessageType
[0909|t+12482ms|ThreadId(2)] [class_dump] cfe → net.minecraft.world.effect.AbsorptionMobEffect
[0910|t+12483ms|ThreadId(2)] [class_dump] cff → net.minecraft.world.effect.BadOmenMobEffect
[0911|t+12483ms|ThreadId(2)] [class_dump] cfg → net.minecraft.world.effect.HealOrHarmMobEffect
[0912|t+12484ms|ThreadId(2)] [class_dump] cfh → net.minecraft.world.effect.HungerMobEffect
[0913|t+12484ms|ThreadId(2)] [class_dump] cfi → net.minecraft.world.effect.InfestedMobEffect
[0914|t+12485ms|ThreadId(2)] [class_dump] cfj → net.minecraft.world.effect.InstantenousMobEffect
[0915|t+12485ms|ThreadId(2)] [class_dump] cfk → net.minecraft.world.effect.MobEffect
[0916|t+12486ms|ThreadId(2)] [class_dump] cfl → net.minecraft.world.effect.MobEffectCategory
[0917|t+12487ms|ThreadId(2)] [class_dump] cfm → net.minecraft.world.effect.MobEffectInstance
[0918|t+12487ms|ThreadId(2)] [class_dump] cfo → net.minecraft.world.effect.MobEffects
[0919|t+12488ms|ThreadId(2)] [class_dump] cfp → net.minecraft.world.effect.OozingMobEffect
[0920|t+12488ms|ThreadId(2)] [class_dump] cfq → net.minecraft.world.effect.PoisonMobEffect
[0921|t+12489ms|ThreadId(2)] [class_dump] cfr → net.minecraft.world.effect.RaidOmenMobEffect
[0922|t+12489ms|ThreadId(2)] [class_dump] cfs → net.minecraft.world.effect.RegenerationMobEffect
[0923|t+12489ms|ThreadId(2)] [class_dump] cft → net.minecraft.world.effect.SaturationMobEffect
[0924|t+12490ms|ThreadId(2)] [class_dump] cfu → net.minecraft.world.effect.WeavingMobEffect
[0925|t+12490ms|ThreadId(2)] [class_dump] cfv → net.minecraft.world.effect.WindChargedMobEffect
[0926|t+12490ms|ThreadId(2)] [class_dump] cfw → net.minecraft.world.effect.WitherMobEffect
[0927|t+12491ms|ThreadId(2)] [class_dump] cfy → net.minecraft.world.entity.AgeableMob
[0928|t+12491ms|ThreadId(2)] [class_dump] cg → net.minecraft.advancements.criterion.ItemPredicate
[0929|t+12491ms|ThreadId(2)] [class_dump] cga → net.minecraft.world.entity.AreaEffectCloud
[0930|t+12492ms|ThreadId(2)] [class_dump] cgb → net.minecraft.world.entity.Attackable
[0931|t+12492ms|ThreadId(2)] [class_dump] cgc → net.minecraft.world.entity.Avatar
[0932|t+12492ms|ThreadId(2)] [class_dump] cgd → net.minecraft.world.entity.ContainerUser
[0933|t+12494ms|ThreadId(2)] [class_dump] cgh → net.minecraft.world.entity.Display
[0934|t+12494ms|ThreadId(2)] [class_dump] cgk → net.minecraft.world.entity.Entity
[0935|t+12495ms|ThreadId(2)] [class_dump] cgl → net.minecraft.world.entity.EntityAttachment
[0936|t+12496ms|ThreadId(2)] [class_dump] cgm → net.minecraft.world.entity.EntityAttachments
[0937|t+12496ms|ThreadId(2)] [class_dump] cgn → net.minecraft.world.entity.EntityDimensions
[0938|t+12497ms|ThreadId(2)] [class_dump] cgo → net.minecraft.world.entity.EntityEquipment
[0939|t+12498ms|ThreadId(2)] [class_dump] cgr → net.minecraft.world.entity.EntityReference
[0940|t+12498ms|ThreadId(2)] [class_dump] cgt → net.minecraft.world.entity.EntitySpawnReason
[0941|t+12499ms|ThreadId(2)] [class_dump] cgu → net.minecraft.world.entity.EntityType
[0942|t+12499ms|ThreadId(2)] [class_dump] cgv → net.minecraft.world.entity.EquipmentSlot
[0943|t+12499ms|ThreadId(2)] [class_dump] cgw → net.minecraft.world.entity.EquipmentSlotGroup
[0944|t+12500ms|ThreadId(2)] [class_dump] cgy → net.minecraft.world.entity.EquipmentUser
[0945|t+12500ms|ThreadId(2)] [class_dump] cgz → net.minecraft.world.entity.ExperienceOrb
[0946|t+12501ms|ThreadId(2)] [class_dump] ch → net.minecraft.advancements.criterion.ItemUsedOnLocationTrigger
[0947|t+12501ms|ThreadId(2)] [class_dump] cha → net.minecraft.world.entity.HasCustomInventoryScreen
[0948|t+12502ms|ThreadId(2)] [class_dump] chb → net.minecraft.world.entity.HumanoidArm
[0949|t+12502ms|ThreadId(2)] [class_dump] chc → net.minecraft.world.entity.InsideBlockEffectApplier
[0950|t+12502ms|ThreadId(2)] [class_dump] che → net.minecraft.world.entity.Interaction
[0951|t+12503ms|ThreadId(2)] [class_dump] chh → net.minecraft.world.entity.ItemOwner
[0952|t+12503ms|ThreadId(2)] [class_dump] chi → net.minecraft.world.entity.ItemSteerable
[0953|t+12503ms|ThreadId(2)] [class_dump] chj → net.minecraft.world.entity.Leashable
[0954|t+12504ms|ThreadId(2)] [class_dump] chk → net.minecraft.world.entity.LightningBolt
[0955|t+12504ms|ThreadId(2)] [class_dump] chl → net.minecraft.world.entity.LivingEntity
[0956|t+12504ms|ThreadId(2)] [class_dump] chm → net.minecraft.world.entity.Marker
[0957|t+12505ms|ThreadId(2)] [class_dump] chn → net.minecraft.world.entity.Mob
[0958|t+12505ms|ThreadId(2)] [class_dump] cho → net.minecraft.world.entity.MobCategory
[0959|t+12505ms|ThreadId(2)] [class_dump] chq → net.minecraft.world.entity.NeutralMob
[0960|t+12506ms|ThreadId(2)] [class_dump] chr → net.minecraft.world.entity.OminousItemSpawner
[0961|t+12506ms|ThreadId(2)] [class_dump] chs → net.minecraft.world.entity.OwnableEntity
[0962|t+12506ms|ThreadId(2)] [class_dump] cht → net.minecraft.world.entity.PathfinderMob
[0963|t+12507ms|ThreadId(2)] [class_dump] chu → net.minecraft.world.entity.PlayerRideable
[0964|t+12507ms|ThreadId(2)] [class_dump] chv → net.minecraft.world.entity.PlayerRideableJumping
[0965|t+12507ms|ThreadId(2)] [class_dump] chx → net.minecraft.world.entity.Pose
[0966|t+12507ms|ThreadId(2)] [class_dump] ci → net.minecraft.advancements.criterion.KilledByArrowTrigger
[0967|t+12508ms|ThreadId(2)] [class_dump] cia → net.minecraft.world.entity.ReputationEventHandler
[0968|t+12508ms|ThreadId(2)] [class_dump] cib → net.minecraft.world.entity.Shearable
[0969|t+12508ms|ThreadId(2)] [class_dump] cic → net.minecraft.world.entity.SlotAccess
[0970|t+12509ms|ThreadId(2)] [class_dump] cid → net.minecraft.world.entity.SlotProvider
[0971|t+12509ms|ThreadId(2)] [class_dump] cie → net.minecraft.world.entity.SpawnGroupData
[0972|t+12510ms|ThreadId(2)] [class_dump] cii → net.minecraft.world.entity.TamableAnimal
[0973|t+12510ms|ThreadId(2)] [class_dump] cij → net.minecraft.world.entity.Targeting
[0974|t+12510ms|ThreadId(2)] [class_dump] cik → net.minecraft.world.entity.TraceableEntity
[0975|t+12511ms|ThreadId(2)] [class_dump] cin → net.minecraft.world.entity.ai.attributes.Attribute
[0976|t+12511ms|ThreadId(2)] [class_dump] cio → net.minecraft.world.entity.ai.attributes.AttributeInstance
[0977|t+12511ms|ThreadId(2)] [class_dump] ciq → net.minecraft.world.entity.ai.attributes.AttributeModifier
[0978|t+12512ms|ThreadId(2)] [class_dump] cir → net.minecraft.world.entity.ai.attributes.AttributeSupplier
[0979|t+12512ms|ThreadId(2)] [class_dump] cis → net.minecraft.world.entity.ai.attributes.Attributes
[0980|t+12512ms|ThreadId(2)] [class_dump] cit → net.minecraft.world.entity.ai.attributes.DefaultAttributes
[0981|t+12512ms|ThreadId(2)] [class_dump] ciu → net.minecraft.world.entity.ai.attributes.RangedAttribute
[0982|t+12513ms|ThreadId(2)] [class_dump] cj → net.minecraft.advancements.criterion.KilledTrigger
[0983|t+12513ms|ThreadId(2)] [class_dump] ck → net.minecraft.advancements.criterion.LevitationTrigger
[0984|t+12513ms|ThreadId(2)] [class_dump] cl → net.minecraft.advancements.criterion.LightPredicate
[0985|t+12514ms|ThreadId(2)] [class_dump] cm → net.minecraft.advancements.criterion.LightningBoltPredicate
[0986|t+12514ms|ThreadId(2)] [class_dump] cn → net.minecraft.advancements.criterion.LightningStrikeTrigger
[0987|t+12514ms|ThreadId(2)] [class_dump] cnl → net.minecraft.world.entity.ai.control.BodyRotationControl
[0988|t+12515ms|ThreadId(2)] [class_dump] cnm → net.minecraft.world.entity.ai.control.Control
[0989|t+12515ms|ThreadId(2)] [class_dump] cnn → net.minecraft.world.entity.ai.control.FlyingMoveControl
[0990|t+12515ms|ThreadId(2)] [class_dump] cno → net.minecraft.world.entity.ai.control.JumpControl
[0991|t+12516ms|ThreadId(2)] [class_dump] cnp → net.minecraft.world.entity.ai.control.LookControl
[0992|t+12516ms|ThreadId(2)] [class_dump] cnq → net.minecraft.world.entity.ai.control.MoveControl
[0993|t+12516ms|ThreadId(2)] [class_dump] cnr → net.minecraft.world.entity.ai.control.SmoothSwimmingLookControl
[0994|t+12516ms|ThreadId(2)] [class_dump] cns → net.minecraft.world.entity.ai.control.SmoothSwimmingMoveControl
[0995|t+12517ms|ThreadId(2)] [class_dump] cnu → net.minecraft.world.entity.ai.goal.AvoidEntityGoal
[0996|t+12517ms|ThreadId(2)] [class_dump] cnv → net.minecraft.world.entity.ai.goal.BegGoal
[0997|t+12517ms|ThreadId(2)] [class_dump] cnx → net.minecraft.world.entity.ai.goal.BreakDoorGoal
[0998|t+12518ms|ThreadId(2)] [class_dump] cny → net.minecraft.world.entity.ai.goal.BreathAirGoal
[0999|t+12518ms|ThreadId(2)] [class_dump] cnz → net.minecraft.world.entity.ai.goal.BreedGoal
[1000|t+12518ms|ThreadId(2)] [class_dump] co → net.minecraft.advancements.criterion.LocationPredicate
[1001|t+12519ms|ThreadId(2)] [class_dump] coa → net.minecraft.world.entity.ai.goal.CatLieOnBedGoal
[1002|t+12519ms|ThreadId(2)] [class_dump] cob → net.minecraft.world.entity.ai.goal.CatSitOnBlockGoal
[1003|t+12519ms|ThreadId(2)] [class_dump] coc → net.minecraft.world.entity.ai.goal.ClimbOnTopOfPowderSnowGoal
[1004|t+12520ms|ThreadId(2)] [class_dump] cod → net.minecraft.world.entity.ai.goal.DolphinJumpGoal
[1005|t+12520ms|ThreadId(2)] [class_dump] coe → net.minecraft.world.entity.ai.goal.DoorInteractGoal
[1006|t+12520ms|ThreadId(2)] [class_dump] cof → net.minecraft.world.entity.ai.goal.EatBlockGoal
[1007|t+12520ms|ThreadId(2)] [class_dump] cog → net.minecraft.world.entity.ai.goal.FleeSunGoal
[1008|t+12521ms|ThreadId(2)] [class_dump] coh → net.minecraft.world.entity.ai.goal.FloatGoal
[1009|t+12521ms|ThreadId(2)] [class_dump] coi → net.minecraft.world.entity.ai.goal.FollowBoatGoal
[1010|t+12521ms|ThreadId(2)] [class_dump] coj → net.minecraft.world.entity.ai.goal.FollowFlockLeaderGoal
[1011|t+12522ms|ThreadId(2)] [class_dump] cok → net.minecraft.world.entity.ai.goal.FollowMobGoal
[1012|t+12522ms|ThreadId(2)] [class_dump] col → net.minecraft.world.entity.ai.goal.FollowOwnerGoal
[1013|t+12522ms|ThreadId(2)] [class_dump] com.mojang.authlib.GameProfile
[1014|t+12523ms|ThreadId(2)] [class_dump] com.mojang.authlib.exceptions.AuthenticationException
[1015|t+12523ms|ThreadId(2)] [class_dump] com.mojang.authlib.minecraft.TelemetryPropertyContainer
[1016|t+12523ms|ThreadId(2)] [class_dump] com.mojang.authlib.properties.Property
[1017|t+12524ms|ThreadId(2)] [class_dump] com.mojang.authlib.properties.PropertyMap
[1018|t+12524ms|ThreadId(2)] [class_dump] com.mojang.blaze3d.buffers.Std140SizeCalculator → com.mojang.blaze3d.buffers.Std140SizeCalculator
[1019|t+12524ms|ThreadId(2)] [class_dump] com.mojang.blaze3d.pipeline.BlendFunction → com.mojang.blaze3d.pipeline.BlendFunction
[1020|t+12525ms|ThreadId(2)] [class_dump] com.mojang.blaze3d.pipeline.RenderPipeline → com.mojang.blaze3d.pipeline.RenderPipeline
[1021|t+12525ms|ThreadId(2)] [class_dump] com.mojang.blaze3d.pipeline.RenderPipeline$Builder → com.mojang.blaze3d.pipeline.RenderPipeline$Builder
[1022|t+12525ms|ThreadId(2)] [class_dump] com.mojang.blaze3d.pipeline.RenderPipeline$Builder$$Lambda/0x0000000800be71e0
[1023|t+12526ms|ThreadId(2)] [class_dump] com.mojang.blaze3d.pipeline.RenderPipeline$Builder$$Lambda/0x0000000800be7410
[1024|t+12526ms|ThreadId(2)] [class_dump] com.mojang.blaze3d.pipeline.RenderPipeline$Builder$$Lambda/0x0000000800be7640
[1025|t+12526ms|ThreadId(2)] [class_dump] com.mojang.blaze3d.pipeline.RenderPipeline$Builder$$Lambda/0x0000000800be7870
[1026|t+12527ms|ThreadId(2)] [class_dump] com.mojang.blaze3d.pipeline.RenderPipeline$Builder$$Lambda/0x0000000800be7a98
[1027|t+12527ms|ThreadId(2)] [class_dump] com.mojang.blaze3d.pipeline.RenderPipeline$Snippet → com.mojang.blaze3d.pipeline.RenderPipeline$Snippet
[1028|t+12527ms|ThreadId(2)] [class_dump] com.mojang.blaze3d.pipeline.RenderPipeline$UniformDescription → com.mojang.blaze3d.pipeline.RenderPipeline$UniformDescription
[1029|t+12528ms|ThreadId(2)] [class_dump] com.mojang.blaze3d.platform.DepthTestFunction → com.mojang.blaze3d.platform.DepthTestFunction
[1030|t+12528ms|ThreadId(2)] [class_dump] com.mojang.blaze3d.platform.DestFactor → com.mojang.blaze3d.platform.DestFactor
[1031|t+12528ms|ThreadId(2)] [class_dump] com.mojang.blaze3d.platform.LogicOp → com.mojang.blaze3d.platform.LogicOp
[1032|t+12529ms|ThreadId(2)] [class_dump] com.mojang.blaze3d.platform.PolygonMode → com.mojang.blaze3d.platform.PolygonMode
[1033|t+12529ms|ThreadId(2)] [class_dump] com.mojang.blaze3d.platform.SourceFactor → com.mojang.blaze3d.platform.SourceFactor
[1034|t+12529ms|ThreadId(2)] [class_dump] com.mojang.blaze3d.systems.GpuDevice → com.mojang.blaze3d.systems.GpuDevice
[1035|t+12530ms|ThreadId(2)] [class_dump] com.mojang.blaze3d.systems.RenderSystem → com.mojang.blaze3d.systems.RenderSystem
[1036|t+12530ms|ThreadId(2)] [class_dump] com.mojang.blaze3d.systems.RenderSystem$$Lambda/0x0000000800c42b88
[1037|t+12530ms|ThreadId(2)] [class_dump] com.mojang.blaze3d.systems.RenderSystem$$Lambda/0x0000000800c431b8
[1038|t+12531ms|ThreadId(2)] [class_dump] com.mojang.blaze3d.systems.RenderSystem$$Lambda/0x0000000800c433c8
[1039|t+12531ms|ThreadId(2)] [class_dump] com.mojang.blaze3d.systems.RenderSystem$a → com.mojang.blaze3d.systems.RenderSystem$AutoStorageIndexBuffer
[1040|t+12531ms|ThreadId(2)] [class_dump] com.mojang.blaze3d.systems.RenderSystem$a$a → com.mojang.blaze3d.systems.RenderSystem$AutoStorageIndexBuffer$IndexGenerator
[1041|t+12532ms|ThreadId(2)] [class_dump] com.mojang.blaze3d.textures.TextureFormat → com.mojang.blaze3d.textures.TextureFormat
[1042|t+12532ms|ThreadId(2)] [class_dump] com.mojang.blaze3d.vertex.VertexFormat → com.mojang.blaze3d.vertex.VertexFormat
[1043|t+12532ms|ThreadId(2)] [class_dump] com.mojang.blaze3d.vertex.VertexFormat$$Lambda/0x0000000800be2cd0
[1044|t+12533ms|ThreadId(2)] [class_dump] com.mojang.blaze3d.vertex.VertexFormat$$Lambda/0x0000000800be2ee0
[1045|t+12533ms|ThreadId(2)] [class_dump] com.mojang.blaze3d.vertex.VertexFormat$Builder → com.mojang.blaze3d.vertex.VertexFormat$Builder
[1046|t+12533ms|ThreadId(2)] [class_dump] com.mojang.blaze3d.vertex.VertexFormat$a → com.mojang.blaze3d.vertex.VertexFormat$IndexType
[1047|t+12533ms|ThreadId(2)] [class_dump] com.mojang.blaze3d.vertex.VertexFormat$b → com.mojang.blaze3d.vertex.VertexFormat$Mode
[1048|t+12534ms|ThreadId(2)] [class_dump] com.mojang.blaze3d.vertex.VertexFormatElement → com.mojang.blaze3d.vertex.VertexFormatElement
[1049|t+12534ms|ThreadId(2)] [class_dump] com.mojang.blaze3d.vertex.VertexFormatElement$Type → com.mojang.blaze3d.vertex.VertexFormatElement$Type
[1050|t+12534ms|ThreadId(2)] [class_dump] com.mojang.blaze3d.vertex.VertexFormatElement$Usage → com.mojang.blaze3d.vertex.VertexFormatElement$Usage
[1051|t+12535ms|ThreadId(2)] [class_dump] com.mojang.brigadier.ImmutableStringReader
[1052|t+12535ms|ThreadId(2)] [class_dump] com.mojang.brigadier.LiteralMessage
[1053|t+12535ms|ThreadId(2)] [class_dump] com.mojang.brigadier.Message
[1054|t+12536ms|ThreadId(2)] [class_dump] com.mojang.brigadier.arguments.ArgumentType
[1055|t+12536ms|ThreadId(2)] [class_dump] com.mojang.brigadier.arguments.BoolArgumentType
[1056|t+12536ms|ThreadId(2)] [class_dump] com.mojang.brigadier.arguments.DoubleArgumentType
[1057|t+12537ms|ThreadId(2)] [class_dump] com.mojang.brigadier.arguments.FloatArgumentType
[1058|t+12537ms|ThreadId(2)] [class_dump] com.mojang.brigadier.arguments.IntegerArgumentType
[1059|t+12537ms|ThreadId(2)] [class_dump] com.mojang.brigadier.arguments.LongArgumentType
[1060|t+12538ms|ThreadId(2)] [class_dump] com.mojang.brigadier.arguments.StringArgumentType
[1061|t+12538ms|ThreadId(2)] [class_dump] com.mojang.brigadier.arguments.StringArgumentType$StringType
[1062|t+12538ms|ThreadId(2)] [class_dump] com.mojang.brigadier.exceptions.BuiltInExceptionProvider
[1063|t+12539ms|ThreadId(2)] [class_dump] com.mojang.brigadier.exceptions.BuiltInExceptions
[1064|t+12539ms|ThreadId(2)] [class_dump] com.mojang.brigadier.exceptions.BuiltInExceptions$$Lambda/0x0000000800253400
[1065|t+12539ms|ThreadId(2)] [class_dump] com.mojang.brigadier.exceptions.BuiltInExceptions$$Lambda/0x0000000800253800
[1066|t+12540ms|ThreadId(2)] [class_dump] com.mojang.brigadier.exceptions.BuiltInExceptions$$Lambda/0x0000000800253a10
[1067|t+12540ms|ThreadId(2)] [class_dump] com.mojang.brigadier.exceptions.BuiltInExceptions$$Lambda/0x0000000800253c20
[1068|t+12540ms|ThreadId(2)] [class_dump] com.mojang.brigadier.exceptions.BuiltInExceptions$$Lambda/0x0000000800257c48
[1069|t+12541ms|ThreadId(2)] [class_dump] com.mojang.brigadier.exceptions.BuiltInExceptions$$Lambda/0x0000000800258000
[1070|t+12541ms|ThreadId(2)] [class_dump] com.mojang.brigadier.exceptions.BuiltInExceptions$$Lambda/0x0000000800258210
[1071|t+12541ms|ThreadId(2)] [class_dump] com.mojang.brigadier.exceptions.BuiltInExceptions$$Lambda/0x0000000800258420
[1072|t+12542ms|ThreadId(2)] [class_dump] com.mojang.brigadier.exceptions.BuiltInExceptions$$Lambda/0x0000000800258840
[1073|t+12542ms|ThreadId(2)] [class_dump] com.mojang.brigadier.exceptions.BuiltInExceptions$$Lambda/0x0000000800258ea0
[1074|t+12542ms|ThreadId(2)] [class_dump] com.mojang.brigadier.exceptions.BuiltInExceptions$$Lambda/0x00000008002590d0
[1075|t+12542ms|ThreadId(2)] [class_dump] com.mojang.brigadier.exceptions.BuiltInExceptions$$Lambda/0x0000000800259300
[1076|t+12543ms|ThreadId(2)] [class_dump] com.mojang.brigadier.exceptions.BuiltInExceptions$$Lambda/0x0000000800259530
[1077|t+12543ms|ThreadId(2)] [class_dump] com.mojang.brigadier.exceptions.BuiltInExceptions$$Lambda/0x0000000800259760
[1078|t+12543ms|ThreadId(2)] [class_dump] com.mojang.brigadier.exceptions.BuiltInExceptions$$Lambda/0x0000000800259990
[1079|t+12544ms|ThreadId(2)] [class_dump] com.mojang.brigadier.exceptions.BuiltInExceptions$$Lambda/0x0000000800259bc0
[1080|t+12544ms|ThreadId(2)] [class_dump] com.mojang.brigadier.exceptions.BuiltInExceptions$$Lambda/0x0000000800259df0
[1081|t+12544ms|ThreadId(2)] [class_dump] com.mojang.brigadier.exceptions.CommandExceptionType
[1082|t+12545ms|ThreadId(2)] [class_dump] com.mojang.brigadier.exceptions.CommandSyntaxException
[1083|t+12545ms|ThreadId(2)] [class_dump] com.mojang.brigadier.exceptions.Dynamic2CommandExceptionType
[1084|t+12545ms|ThreadId(2)] [class_dump] com.mojang.brigadier.exceptions.Dynamic2CommandExceptionType$Function
[1085|t+12546ms|ThreadId(2)] [class_dump] com.mojang.brigadier.exceptions.DynamicCommandExceptionType
[1086|t+12546ms|ThreadId(2)] [class_dump] com.mojang.brigadier.exceptions.SimpleCommandExceptionType
[1087|t+12546ms|ThreadId(2)] [class_dump] com.mojang.datafixers.DSL
[1088|t+12546ms|ThreadId(2)] [class_dump] com.mojang.datafixers.DSL$$Lambda/0x00000008002d1af0
[1089|t+12547ms|ThreadId(2)] [class_dump] com.mojang.datafixers.DSL$$Lambda/0x00000008002d5c88
[1090|t+12547ms|ThreadId(2)] [class_dump] com.mojang.datafixers.DSL$$Lambda/0x00000008002d5eb8
[1091|t+12547ms|ThreadId(2)] [class_dump] com.mojang.datafixers.DSL$$Lambda/0x0000000800328708
[1092|t+12548ms|ThreadId(2)] [class_dump] com.mojang.datafixers.DSL$$Lambda/0x0000000800369920
[1093|t+12548ms|ThreadId(2)] [class_dump] com.mojang.datafixers.DSL$Instances
[1094|t+12548ms|ThreadId(2)] [class_dump] com.mojang.datafixers.DSL$Instances$TaggedChoiceCacheKey
[1095|t+12549ms|ThreadId(2)] [class_dump] com.mojang.datafixers.DSL$TypeReference
[1096|t+12549ms|ThreadId(2)] [class_dump] com.mojang.datafixers.DataFix
[1097|t+12549ms|ThreadId(2)] [class_dump] com.mojang.datafixers.DataFix$$Lambda/0x0000000800382f08
[1098|t+12549ms|ThreadId(2)] [class_dump] com.mojang.datafixers.DataFix$$Lambda/0x00000008003872d0
[1099|t+12550ms|ThreadId(2)] [class_dump] com.mojang.datafixers.DataFix$$Lambda/0x000000080038b098
[1100|t+12550ms|ThreadId(2)] [class_dump] com.mojang.datafixers.DataFix$$Lambda/0x00000008003a0d78
[1101|t+12550ms|ThreadId(2)] [class_dump] com.mojang.datafixers.DataFix$NamedFunctionWrapper
[1102|t+12551ms|ThreadId(2)] [class_dump] com.mojang.datafixers.DataFixUtils
[1103|t+12551ms|ThreadId(2)] [class_dump] com.mojang.datafixers.DataFixUtils$$Lambda/0x0000000800385910
[1104|t+12551ms|ThreadId(2)] [class_dump] com.mojang.datafixers.DataFixUtils$$Lambda/0x00000008003861d0
[1105|t+12552ms|ThreadId(2)] [class_dump] com.mojang.datafixers.DataFixUtils$$Lambda/0x00000008004d0000
[1106|t+12552ms|ThreadId(2)] [class_dump] com.mojang.datafixers.DataFixer
[1107|t+12552ms|ThreadId(2)] [class_dump] com.mojang.datafixers.DataFixerBuilder
[1108|t+12553ms|ThreadId(2)] [class_dump] com.mojang.datafixers.DataFixerBuilder$Result
[1109|t+12553ms|ThreadId(2)] [class_dump] com.mojang.datafixers.DataFixerBuilder$Result$$Lambda/0x000000080037eda0
[1110|t+12553ms|ThreadId(2)] [class_dump] com.mojang.datafixers.DataFixerBuilder$Result$$Lambda/0x000000080037efd0
[1111|t+12554ms|ThreadId(2)] [class_dump] com.mojang.datafixers.DataFixerBuilder$Result$$Lambda/0x000000080037f1e8
[1112|t+12554ms|ThreadId(2)] [class_dump] com.mojang.datafixers.DataFixerBuilder$Result$$Lambda/0x000000080037f420
[1113|t+12554ms|ThreadId(2)] [class_dump] com.mojang.datafixers.DataFixerBuilder$Result$$Lambda/0x0000000800384ba0
[1114|t+12555ms|ThreadId(2)] [class_dump] com.mojang.datafixers.DataFixerBuilder$Result$$Lambda/0x0000000800384db0
[1115|t+12555ms|ThreadId(2)] [class_dump] com.mojang.datafixers.DataFixerBuilder$Result$$Lambda/0x00000008003851f8
[1116|t+12555ms|ThreadId(2)] [class_dump] com.mojang.datafixers.DataFixerUpper
[1117|t+12556ms|ThreadId(2)] [class_dump] com.mojang.datafixers.DataFixerUpper$$Lambda/0x0000000800306c90
[1118|t+12556ms|ThreadId(2)] [class_dump] com.mojang.datafixers.DataFixerUpper$$Lambda/0x000000080037fa70
[1119|t+12556ms|ThreadId(2)] [class_dump] com.mojang.datafixers.FieldFinder
[1120|t+12557ms|ThreadId(2)] [class_dump] com.mojang.datafixers.NamedChoiceFinder
[1121|t+12557ms|ThreadId(2)] [class_dump] com.mojang.datafixers.OpticFinder
[1122|t+12557ms|ThreadId(2)] [class_dump] com.mojang.datafixers.Products
[1123|t+12558ms|ThreadId(2)] [class_dump] com.mojang.datafixers.Products$P1
[1124|t+12558ms|ThreadId(2)] [class_dump] com.mojang.datafixers.Products$P10
[1125|t+12559ms|ThreadId(2)] [class_dump] com.mojang.datafixers.Products$P11
[1126|t+12559ms|ThreadId(2)] [class_dump] com.mojang.datafixers.Products$P12
[1127|t+12559ms|ThreadId(2)] [class_dump] com.mojang.datafixers.Products$P13
[1128|t+12559ms|ThreadId(2)] [class_dump] com.mojang.datafixers.Products$P14
[1129|t+12560ms|ThreadId(2)] [class_dump] com.mojang.datafixers.Products$P15
[1130|t+12560ms|ThreadId(2)] [class_dump] com.mojang.datafixers.Products$P2
[1131|t+12560ms|ThreadId(2)] [class_dump] com.mojang.datafixers.Products$P3
[1132|t+12561ms|ThreadId(2)] [class_dump] com.mojang.datafixers.Products$P4
[1133|t+12561ms|ThreadId(2)] [class_dump] com.mojang.datafixers.Products$P5
[1134|t+12562ms|ThreadId(2)] [class_dump] com.mojang.datafixers.Products$P6
[1135|t+12562ms|ThreadId(2)] [class_dump] com.mojang.datafixers.Products$P7
[1136|t+12562ms|ThreadId(2)] [class_dump] com.mojang.datafixers.Products$P8
[1137|t+12563ms|ThreadId(2)] [class_dump] com.mojang.datafixers.Products$P9
[1138|t+12563ms|ThreadId(2)] [class_dump] com.mojang.datafixers.RewriteResult
[1139|t+12564ms|ThreadId(2)] [class_dump] com.mojang.datafixers.TypeRewriteRule
[1140|t+12564ms|ThreadId(2)] [class_dump] com.mojang.datafixers.TypeRewriteRule$All
[1141|t+12565ms|ThreadId(2)] [class_dump] com.mojang.datafixers.TypeRewriteRule$Everywhere
[1142|t+12565ms|ThreadId(2)] [class_dump] com.mojang.datafixers.TypeRewriteRule$IfSame
[1143|t+12565ms|ThreadId(2)] [class_dump] com.mojang.datafixers.TypeRewriteRule$Nop
[1144|t+12566ms|ThreadId(2)] [class_dump] com.mojang.datafixers.TypeRewriteRule$OrElse
[1145|t+12566ms|ThreadId(2)] [class_dump] com.mojang.datafixers.TypeRewriteRule$Seq
[1146|t+12566ms|ThreadId(2)] [class_dump] com.mojang.datafixers.TypeRewriteRule$Seq$$Lambda/0x0000000800395ca0
[1147|t+12567ms|ThreadId(2)] [class_dump] com.mojang.datafixers.Typed
[1148|t+12567ms|ThreadId(2)] [class_dump] com.mojang.datafixers.TypedOptic
[1149|t+12567ms|ThreadId(2)] [class_dump] com.mojang.datafixers.TypedOptic$Element
[1150|t+12568ms|ThreadId(2)] [class_dump] com.mojang.datafixers.View
[1151|t+12568ms|ThreadId(2)] [class_dump] com.mojang.datafixers.View$$Lambda/0x00000008003921f8
[1152|t+12568ms|ThreadId(2)] [class_dump] com.mojang.datafixers.functions.Apply
[1153|t+12569ms|ThreadId(2)] [class_dump] com.mojang.datafixers.functions.Comp
[1154|t+12569ms|ThreadId(2)] [class_dump] com.mojang.datafixers.functions.Comp$$Lambda/0x00000008003d12b8
[1155|t+12569ms|ThreadId(2)] [class_dump] com.mojang.datafixers.functions.Fold
[1156|t+12569ms|ThreadId(2)] [class_dump] com.mojang.datafixers.functions.FunctionWrapper
[1157|t+12570ms|ThreadId(2)] [class_dump] com.mojang.datafixers.functions.Functions
[1158|t+12570ms|ThreadId(2)] [class_dump] com.mojang.datafixers.functions.Id
[1159|t+12570ms|ThreadId(2)] [class_dump] com.mojang.datafixers.functions.In
[1160|t+12571ms|ThreadId(2)] [class_dump] com.mojang.datafixers.functions.Out
[1161|t+12572ms|ThreadId(2)] [class_dump] com.mojang.datafixers.functions.PointFree
[1162|t+12572ms|ThreadId(2)] [class_dump] com.mojang.datafixers.functions.PointFreeRule
[1163|t+12572ms|ThreadId(2)] [class_dump] com.mojang.datafixers.functions.PointFreeRule$AppNest
[1164|t+12573ms|ThreadId(2)] [class_dump] com.mojang.datafixers.functions.PointFreeRule$CataFuseDifferent
[1165|t+12573ms|ThreadId(2)] [class_dump] com.mojang.datafixers.functions.PointFreeRule$CataFuseSame
[1166|t+12573ms|ThreadId(2)] [class_dump] com.mojang.datafixers.functions.PointFreeRule$CompRewrite
[1167|t+12574ms|ThreadId(2)] [class_dump] com.mojang.datafixers.functions.PointFreeRule$CompRewrite$$Lambda/0x0000000800303168
[1168|t+12574ms|ThreadId(2)] [class_dump] com.mojang.datafixers.functions.PointFreeRule$CompRewrite$$Lambda/0x00000008003d0e78
[1169|t+12575ms|ThreadId(2)] [class_dump] com.mojang.datafixers.functions.PointFreeRule$CompRewrite$$Lambda/0x00000008003d10a8
[1170|t+12575ms|ThreadId(2)] [class_dump] com.mojang.datafixers.functions.PointFreeRule$Everywhere
[1171|t+12575ms|ThreadId(2)] [class_dump] com.mojang.datafixers.functions.PointFreeRule$LensComp
[1172|t+12576ms|ThreadId(2)] [class_dump] com.mojang.datafixers.functions.PointFreeRule$Nop
[1173|t+12576ms|ThreadId(2)] [class_dump] com.mojang.datafixers.functions.PointFreeRule$Seq
[1174|t+12576ms|ThreadId(2)] [class_dump] com.mojang.datafixers.functions.PointFreeRule$SortInj
[1175|t+12576ms|ThreadId(2)] [class_dump] com.mojang.datafixers.functions.PointFreeRule$SortProj
[1176|t+12577ms|ThreadId(2)] [class_dump] com.mojang.datafixers.functions.ProfunctorTransformer
[1177|t+12577ms|ThreadId(2)] [class_dump] com.mojang.datafixers.kinds.App
[1178|t+12577ms|ThreadId(2)] [class_dump] com.mojang.datafixers.kinds.App2
[1179|t+12578ms|ThreadId(2)] [class_dump] com.mojang.datafixers.kinds.Applicative
[1180|t+12578ms|ThreadId(2)] [class_dump] com.mojang.datafixers.kinds.Applicative$$Lambda/0x000000080048a488
[1181|t+12578ms|ThreadId(2)] [class_dump] com.mojang.datafixers.kinds.Applicative$$Lambda/0x00000008006b0c68
[1182|t+12579ms|ThreadId(2)] [class_dump] com.mojang.datafixers.kinds.Applicative$$Lambda/0x00000008006bc748
[1183|t+12579ms|ThreadId(2)] [class_dump] com.mojang.datafixers.kinds.Applicative$$Lambda/0x0000000800702540
[1184|t+12579ms|ThreadId(2)] [class_dump] com.mojang.datafixers.kinds.Applicative$$Lambda/0x0000000800714270
[1185|t+12579ms|ThreadId(2)] [class_dump] com.mojang.datafixers.kinds.Applicative$$Lambda/0x000000080071b3e8
[1186|t+12580ms|ThreadId(2)] [class_dump] com.mojang.datafixers.kinds.Applicative$$Lambda/0x00000008009ef888
[1187|t+12580ms|ThreadId(2)] [class_dump] com.mojang.datafixers.kinds.Applicative$$Lambda/0x0000000800a15a50
[1188|t+12580ms|ThreadId(2)] [class_dump] com.mojang.datafixers.kinds.Applicative$$Lambda/0x0000000800a358f0
[1189|t+12581ms|ThreadId(2)] [class_dump] com.mojang.datafixers.kinds.Applicative$$Lambda/0x0000000800ad4af0
[1190|t+12581ms|ThreadId(2)] [class_dump] com.mojang.datafixers.kinds.Applicative$$Lambda/0x0000000800b47680
[1191|t+12581ms|ThreadId(2)] [class_dump] com.mojang.datafixers.kinds.Functor
[1192|t+12582ms|ThreadId(2)] [class_dump] com.mojang.datafixers.kinds.K1
[1193|t+12582ms|ThreadId(2)] [class_dump] com.mojang.datafixers.kinds.Kind1
[1194|t+12582ms|ThreadId(2)] [class_dump] com.mojang.datafixers.kinds.Kind2$Mu
[1195|t+12583ms|ThreadId(2)] [class_dump] com.mojang.datafixers.optics.Adapter
[1196|t+12583ms|ThreadId(2)] [class_dump] com.mojang.datafixers.optics.Affine
[1197|t+12583ms|ThreadId(2)] [class_dump] com.mojang.datafixers.optics.IdAdapter
[1198|t+12584ms|ThreadId(2)] [class_dump] com.mojang.datafixers.optics.Inj1
[1199|t+12584ms|ThreadId(2)] [class_dump] com.mojang.datafixers.optics.Inj2
[1200|t+12585ms|ThreadId(2)] [class_dump] com.mojang.datafixers.optics.Lens
[1201|t+12585ms|ThreadId(2)] [class_dump] com.mojang.datafixers.optics.ListTraversal
[1202|t+12585ms|ThreadId(2)] [class_dump] com.mojang.datafixers.optics.Optic
[1203|t+12586ms|ThreadId(2)] [class_dump] com.mojang.datafixers.optics.Optics
[1204|t+12587ms|ThreadId(2)] [class_dump] com.mojang.datafixers.optics.PStore
[1205|t+12587ms|ThreadId(2)] [class_dump] com.mojang.datafixers.optics.Prism
[1206|t+12587ms|ThreadId(2)] [class_dump] com.mojang.datafixers.optics.Proj1
[1207|t+12588ms|ThreadId(2)] [class_dump] com.mojang.datafixers.optics.Proj2
[1208|t+12588ms|ThreadId(2)] [class_dump] com.mojang.datafixers.optics.ReForgetC
[1209|t+12588ms|ThreadId(2)] [class_dump] com.mojang.datafixers.optics.ReForgetE
[1210|t+12589ms|ThreadId(2)] [class_dump] com.mojang.datafixers.optics.ReForgetEP
[1211|t+12589ms|ThreadId(2)] [class_dump] com.mojang.datafixers.optics.ReForgetP
[1212|t+12589ms|ThreadId(2)] [class_dump] com.mojang.datafixers.optics.Traversal
[1213|t+12590ms|ThreadId(2)] [class_dump] com.mojang.datafixers.optics.Wander
[1214|t+12590ms|ThreadId(2)] [class_dump] com.mojang.datafixers.optics.profunctors.AffineP$Mu
[1215|t+12590ms|ThreadId(2)] [class_dump] com.mojang.datafixers.optics.profunctors.AffineP$Mu$1
[1216|t+12591ms|ThreadId(2)] [class_dump] com.mojang.datafixers.optics.profunctors.Cartesian$Mu
[1217|t+12592ms|ThreadId(2)] [class_dump] com.mojang.datafixers.optics.profunctors.Cartesian$Mu$1
[1218|t+12592ms|ThreadId(2)] [class_dump] com.mojang.datafixers.optics.profunctors.Cocartesian$Mu
[1219|t+12593ms|ThreadId(2)] [class_dump] com.mojang.datafixers.optics.profunctors.Cocartesian$Mu$1
[1220|t+12593ms|ThreadId(2)] [class_dump] com.mojang.datafixers.optics.profunctors.Profunctor$Mu
[1221|t+12593ms|ThreadId(2)] [class_dump] com.mojang.datafixers.optics.profunctors.Profunctor$Mu$1
[1222|t+12595ms|ThreadId(2)] [class_dump] com.mojang.datafixers.optics.profunctors.TraversalP$Mu
[1223|t+12596ms|ThreadId(2)] [class_dump] com.mojang.datafixers.optics.profunctors.TraversalP$Mu$1
[1224|t+12596ms|ThreadId(2)] [class_dump] com.mojang.datafixers.schemas.Schema
[1225|t+12597ms|ThreadId(2)] [class_dump] com.mojang.datafixers.schemas.Schema$$Lambda/0x00000008002c15a0
[1226|t+12597ms|ThreadId(2)] [class_dump] com.mojang.datafixers.schemas.Schema$$Lambda/0x00000008002c2a30
[1227|t+12598ms|ThreadId(2)] [class_dump] com.mojang.datafixers.schemas.Schema$$Lambda/0x00000008002d0440
[1228|t+12598ms|ThreadId(2)] [class_dump] com.mojang.datafixers.schemas.Schema$$Lambda/0x00000008002d6528
[1229|t+12599ms|ThreadId(2)] [class_dump] com.mojang.datafixers.schemas.Schema$$Lambda/0x000000080037f648
[1230|t+12599ms|ThreadId(2)] [class_dump] com.mojang.datafixers.schemas.Schema$$Lambda/0x0000000800381800
[1231|t+12600ms|ThreadId(2)] [class_dump] com.mojang.datafixers.schemas.Schema$$Lambda/0x0000000800385b40
[1232|t+12600ms|ThreadId(2)] [class_dump] com.mojang.datafixers.schemas.Schema$$Lambda/0x0000000800386810
[1233|t+12601ms|ThreadId(2)] [class_dump] com.mojang.datafixers.types.Func
[1234|t+12601ms|ThreadId(2)] [class_dump] com.mojang.datafixers.types.Type
[1235|t+12601ms|ThreadId(2)] [class_dump] com.mojang.datafixers.types.Type$$Lambda/0x0000000800383a00
[1236|t+12602ms|ThreadId(2)] [class_dump] com.mojang.datafixers.types.Type$$Lambda/0x000000080038b708
[1237|t+12602ms|ThreadId(2)] [class_dump] com.mojang.datafixers.types.Type$$Lambda/0x0000000800392638
[1238|t+12602ms|ThreadId(2)] [class_dump] com.mojang.datafixers.types.Type$$Lambda/0x0000000800395a68
[1239|t+12603ms|ThreadId(2)] [class_dump] com.mojang.datafixers.types.Type$$Lambda/0x0000000800396ab0
[1240|t+12603ms|ThreadId(2)] [class_dump] com.mojang.datafixers.types.Type$$Lambda/0x0000000800397be0
[1241|t+12604ms|ThreadId(2)] [class_dump] com.mojang.datafixers.types.Type$RewriteCacheKey
[1242|t+12604ms|ThreadId(2)] [class_dump] com.mojang.datafixers.types.Type$TypeMatcher
[1243|t+12605ms|ThreadId(2)] [class_dump] com.mojang.datafixers.types.constant.EmptyPart
[1244|t+12605ms|ThreadId(2)] [class_dump] com.mojang.datafixers.types.constant.EmptyPartPassthrough
[1245|t+12605ms|ThreadId(2)] [class_dump] com.mojang.datafixers.types.families.Algebra
[1246|t+12606ms|ThreadId(2)] [class_dump] com.mojang.datafixers.types.families.ListAlgebra
[1247|t+12606ms|ThreadId(2)] [class_dump] com.mojang.datafixers.types.families.RecursiveTypeFamily
[1248|t+12606ms|ThreadId(2)] [class_dump] com.mojang.datafixers.types.families.RecursiveTypeFamily$$Lambda/0x0000000800304d88
[1249|t+12607ms|ThreadId(2)] [class_dump] com.mojang.datafixers.types.families.RecursiveTypeFamily$$Lambda/0x0000000800305250
[1250|t+12607ms|ThreadId(2)] [class_dump] com.mojang.datafixers.types.families.RecursiveTypeFamily$$Lambda/0x00000008003a8000
[1251|t+12607ms|ThreadId(2)] [class_dump] com.mojang.datafixers.types.families.TypeFamily
[1252|t+12608ms|ThreadId(2)] [class_dump] com.mojang.datafixers.types.templates.Check
[1253|t+12608ms|ThreadId(2)] [class_dump] com.mojang.datafixers.types.templates.Check$1
[1254|t+12609ms|ThreadId(2)] [class_dump] com.mojang.datafixers.types.templates.Check$CheckType
[1255|t+12609ms|ThreadId(2)] [class_dump] com.mojang.datafixers.types.templates.CompoundList
[1256|t+12609ms|ThreadId(2)] [class_dump] com.mojang.datafixers.types.templates.CompoundList$$Lambda/0x0000000800305688
[1257|t+12610ms|ThreadId(2)] [class_dump] com.mojang.datafixers.types.templates.CompoundList$CompoundListType
[1258|t+12610ms|ThreadId(2)] [class_dump] com.mojang.datafixers.types.templates.Const
[1259|t+12610ms|ThreadId(2)] [class_dump] com.mojang.datafixers.types.templates.Const$1
[1260|t+12611ms|ThreadId(2)] [class_dump] com.mojang.datafixers.types.templates.Const$PrimitiveType
[1261|t+12611ms|ThreadId(2)] [class_dump] com.mojang.datafixers.types.templates.Hook
[1262|t+12611ms|ThreadId(2)] [class_dump] com.mojang.datafixers.types.templates.Hook$$Lambda/0x0000000800326778
[1263|t+12612ms|ThreadId(2)] [class_dump] com.mojang.datafixers.types.templates.Hook$HookFunction
[1264|t+12612ms|ThreadId(2)] [class_dump] com.mojang.datafixers.types.templates.Hook$HookFunction$1
[1265|t+12612ms|ThreadId(2)] [class_dump] com.mojang.datafixers.types.templates.Hook$HookType
[1266|t+12613ms|ThreadId(2)] [class_dump] com.mojang.datafixers.types.templates.List
[1267|t+12613ms|ThreadId(2)] [class_dump] com.mojang.datafixers.types.templates.List$1
[1268|t+12613ms|ThreadId(2)] [class_dump] com.mojang.datafixers.types.templates.List$ListType
[1269|t+12614ms|ThreadId(2)] [class_dump] com.mojang.datafixers.types.templates.Named
[1270|t+12614ms|ThreadId(2)] [class_dump] com.mojang.datafixers.types.templates.Named$$Lambda/0x00000008002dbda8
[1271|t+12615ms|ThreadId(2)] [class_dump] com.mojang.datafixers.types.templates.Named$NamedType
[1272|t+12615ms|ThreadId(2)] [class_dump] com.mojang.datafixers.types.templates.Product
[1273|t+12615ms|ThreadId(2)] [class_dump] com.mojang.datafixers.types.templates.Product$1
[1274|t+12615ms|ThreadId(2)] [class_dump] com.mojang.datafixers.types.templates.Product$ProductType
[1275|t+12616ms|ThreadId(2)] [class_dump] com.mojang.datafixers.types.templates.Product$ProductType$$Lambda/0x00000008003837e8
[1276|t+12616ms|ThreadId(2)] [class_dump] com.mojang.datafixers.types.templates.Product$ProductType$$Lambda/0x0000000800386400
[1277|t+12616ms|ThreadId(2)] [class_dump] com.mojang.datafixers.types.templates.RecursivePoint
[1278|t+12617ms|ThreadId(2)] [class_dump] com.mojang.datafixers.types.templates.RecursivePoint$1
[1279|t+12617ms|ThreadId(2)] [class_dump] com.mojang.datafixers.types.templates.RecursivePoint$RecursivePointType
[1280|t+12618ms|ThreadId(2)] [class_dump] com.mojang.datafixers.types.templates.RecursivePoint$RecursivePointType$$Lambda/0x000000080039fa80
[1281|t+12618ms|ThreadId(2)] [class_dump] com.mojang.datafixers.types.templates.Sum
[1282|t+12618ms|ThreadId(2)] [class_dump] com.mojang.datafixers.types.templates.Sum$1
[1283|t+12619ms|ThreadId(2)] [class_dump] com.mojang.datafixers.types.templates.Sum$SumType
[1284|t+12619ms|ThreadId(2)] [class_dump] com.mojang.datafixers.types.templates.Sum$SumType$$Lambda/0x00000008003835d0
[1285|t+12619ms|ThreadId(2)] [class_dump] com.mojang.datafixers.types.templates.Sum$SumType$$Lambda/0x00000008003856f8
[1286|t+12620ms|ThreadId(2)] [class_dump] com.mojang.datafixers.types.templates.Sum$SumType$$Lambda/0x0000000800385fb8
[1287|t+12620ms|ThreadId(2)] [class_dump] com.mojang.datafixers.types.templates.Tag
[1288|t+12621ms|ThreadId(2)] [class_dump] com.mojang.datafixers.types.templates.Tag$1
[1289|t+12621ms|ThreadId(2)] [class_dump] com.mojang.datafixers.types.templates.Tag$TagType
[1290|t+12621ms|ThreadId(2)] [class_dump] com.mojang.datafixers.types.templates.TaggedChoice
[1291|t+12622ms|ThreadId(2)] [class_dump] com.mojang.datafixers.types.templates.TaggedChoice$$Lambda/0x00000008002d4f30
[1292|t+12623ms|ThreadId(2)] [class_dump] com.mojang.datafixers.types.templates.TaggedChoice$$Lambda/0x0000000800326990
[1293|t+12623ms|ThreadId(2)] [class_dump] com.mojang.datafixers.types.templates.TaggedChoice$$Lambda/0x0000000800326ba8
[1294|t+12624ms|ThreadId(2)] [class_dump] com.mojang.datafixers.types.templates.TaggedChoice$TaggedChoiceType
[1295|t+12625ms|ThreadId(2)] [class_dump] com.mojang.datafixers.types.templates.TaggedChoice$TaggedChoiceType$$Lambda/0x00000008003d1938
[1296|t+12625ms|ThreadId(2)] [class_dump] com.mojang.datafixers.types.templates.TaggedChoice$TaggedChoiceType$$Lambda/0x00000008003d1b70
[1297|t+12626ms|ThreadId(2)] [class_dump] com.mojang.datafixers.types.templates.TaggedChoice$TaggedChoiceType$RewriteFunc
[1298|t+12626ms|ThreadId(2)] [class_dump] com.mojang.datafixers.types.templates.TypeTemplate
[1299|t+12627ms|ThreadId(2)] [class_dump] com.mojang.datafixers.util.Either
[1300|t+12627ms|ThreadId(2)] [class_dump] com.mojang.datafixers.util.Either$Left
[1301|t+12627ms|ThreadId(2)] [class_dump] com.mojang.datafixers.util.Either$Right
[1302|t+12628ms|ThreadId(2)] [class_dump] com.mojang.datafixers.util.Function10
[1303|t+12628ms|ThreadId(2)] [class_dump] com.mojang.datafixers.util.Function11
[1304|t+12628ms|ThreadId(2)] [class_dump] com.mojang.datafixers.util.Function12
[1305|t+12629ms|ThreadId(2)] [class_dump] com.mojang.datafixers.util.Function13
[1306|t+12629ms|ThreadId(2)] [class_dump] com.mojang.datafixers.util.Function14
[1307|t+12630ms|ThreadId(2)] [class_dump] com.mojang.datafixers.util.Function15
[1308|t+12630ms|ThreadId(2)] [class_dump] com.mojang.datafixers.util.Function3
[1309|t+12630ms|ThreadId(2)] [class_dump] com.mojang.datafixers.util.Function4
[1310|t+12630ms|ThreadId(2)] [class_dump] com.mojang.datafixers.util.Function5
[1311|t+12631ms|ThreadId(2)] [class_dump] com.mojang.datafixers.util.Function6
[1312|t+12631ms|ThreadId(2)] [class_dump] com.mojang.datafixers.util.Function7
[1313|t+12631ms|ThreadId(2)] [class_dump] com.mojang.datafixers.util.Function8
[1314|t+12632ms|ThreadId(2)] [class_dump] com.mojang.datafixers.util.Function9
[1315|t+12632ms|ThreadId(2)] [class_dump] com.mojang.datafixers.util.Pair
[1316|t+12632ms|ThreadId(2)] [class_dump] com.mojang.datafixers.util.Pair$$Lambda/0x00000008002d1d20
[1317|t+12633ms|ThreadId(2)] [class_dump] com.mojang.datafixers.util.Pair$$Lambda/0x00000008002d1f50
[1318|t+12633ms|ThreadId(2)] [class_dump] com.mojang.datafixers.util.Unit
[1319|t+12634ms|ThreadId(2)] [class_dump] com.mojang.jtracy.TracyClient
[1320|t+12635ms|ThreadId(2)] [class_dump] com.mojang.logging.LogListeners
[1321|t+12635ms|ThreadId(2)] [class_dump] com.mojang.logging.LogListeners$$Lambda/0x00000008001b6c40
[1322|t+12635ms|ThreadId(2)] [class_dump] com.mojang.logging.LogListeners$Target
[1323|t+12635ms|ThreadId(2)] [class_dump] com.mojang.logging.LogQueues
[1324|t+12636ms|ThreadId(2)] [class_dump] com.mojang.logging.LogQueues$$Lambda/0x00000008001a9588
[1325|t+12637ms|ThreadId(2)] [class_dump] com.mojang.logging.LogUtils
[1326|t+12637ms|ThreadId(2)] [class_dump] com.mojang.logging.plugins.LegacyXMLLayout
[1327|t+12637ms|ThreadId(2)] [class_dump] com.mojang.logging.plugins.ListenerLogAppender
[1328|t+12638ms|ThreadId(2)] [class_dump] com.mojang.logging.plugins.QueueLogAppender
[1329|t+12638ms|ThreadId(2)] [class_dump] com.mojang.serialization.Codec
[1330|t+12638ms|ThreadId(2)] [class_dump] com.mojang.serialization.Codec$$Lambda/0x0000000800215bd0
[1331|t+12639ms|ThreadId(2)] [class_dump] com.mojang.serialization.Codec$$Lambda/0x0000000800215e00
[1332|t+12639ms|ThreadId(2)] [class_dump] com.mojang.serialization.Codec$$Lambda/0x000000080021e818
[1333|t+12639ms|ThreadId(2)] [class_dump] com.mojang.serialization.Codec$$Lambda/0x000000080021ea50
[1334|t+12640ms|ThreadId(2)] [class_dump] com.mojang.serialization.Codec$$Lambda/0x00000008002252d0
[1335|t+12640ms|ThreadId(2)] [class_dump] com.mojang.serialization.Codec$$Lambda/0x000000080022f078
[1336|t+12640ms|ThreadId(2)] [class_dump] com.mojang.serialization.Codec$$Lambda/0x000000080022f2b0
[1337|t+12641ms|ThreadId(2)] [class_dump] com.mojang.serialization.Codec$$Lambda/0x000000080023cf20
[1338|t+12641ms|ThreadId(2)] [class_dump] com.mojang.serialization.Codec$$Lambda/0x0000000800247728
[1339|t+12641ms|ThreadId(2)] [class_dump] com.mojang.serialization.Codec$$Lambda/0x0000000800247960
[1340|t+12642ms|ThreadId(2)] [class_dump] com.mojang.serialization.Codec$$Lambda/0x000000080056d748
[1341|t+12642ms|ThreadId(2)] [class_dump] com.mojang.serialization.Codec$$Lambda/0x000000080067c450
[1342|t+12642ms|ThreadId(2)] [class_dump] com.mojang.serialization.Codec$1
[1343|t+12643ms|ThreadId(2)] [class_dump] com.mojang.serialization.Codec$10
[1344|t+12643ms|ThreadId(2)] [class_dump] com.mojang.serialization.Codec$11
[1345|t+12643ms|ThreadId(2)] [class_dump] com.mojang.serialization.Codec$12
[1346|t+12644ms|ThreadId(2)] [class_dump] com.mojang.serialization.Codec$13
[1347|t+12644ms|ThreadId(2)] [class_dump] com.mojang.serialization.Codec$14
[1348|t+12644ms|ThreadId(2)] [class_dump] com.mojang.serialization.Codec$15
[1349|t+12645ms|ThreadId(2)] [class_dump] com.mojang.serialization.Codec$16
[1350|t+12645ms|ThreadId(2)] [class_dump] com.mojang.serialization.Codec$17
[1351|t+12645ms|ThreadId(2)] [class_dump] com.mojang.serialization.Codec$18
[1352|t+12646ms|ThreadId(2)] [class_dump] com.mojang.serialization.Codec$19
[1353|t+12646ms|ThreadId(2)] [class_dump] com.mojang.serialization.Codec$2
[1354|t+12647ms|ThreadId(2)] [class_dump] com.mojang.serialization.Codec$20
[1355|t+12647ms|ThreadId(2)] [class_dump] com.mojang.serialization.Codec$3
[1356|t+12649ms|ThreadId(2)] [class_dump] com.mojang.serialization.Codec$4
[1357|t+12651ms|ThreadId(2)] [class_dump] com.mojang.serialization.Codec$9
[1358|t+12651ms|ThreadId(2)] [class_dump] com.mojang.serialization.Codec$RecursiveCodec
[1359|t+12652ms|ThreadId(2)] [class_dump] com.mojang.serialization.Codec$RecursiveCodec$$Lambda/0x000000080025d520
[1360|t+12652ms|ThreadId(2)] [class_dump] com.mojang.serialization.Codec$ResultFunction
[1361|t+12652ms|ThreadId(2)] [class_dump] com.mojang.serialization.Compressable
[1362|t+12653ms|ThreadId(2)] [class_dump] com.mojang.serialization.CompressorHolder
[1363|t+12653ms|ThreadId(2)] [class_dump] com.mojang.serialization.DataResult
[1364|t+12654ms|ThreadId(2)] [class_dump] com.mojang.serialization.DataResult$Error
[1365|t+12654ms|ThreadId(2)] [class_dump] com.mojang.serialization.DataResult$Instance
[1366|t+12654ms|ThreadId(2)] [class_dump] com.mojang.serialization.DataResult$Success
[1367|t+12655ms|ThreadId(2)] [class_dump] com.mojang.serialization.Decoder
[1368|t+12655ms|ThreadId(2)] [class_dump] com.mojang.serialization.Decoder$$Lambda/0x000000080022c230
[1369|t+12655ms|ThreadId(2)] [class_dump] com.mojang.serialization.Decoder$$Lambda/0x0000000800bd6e10
[1370|t+12656ms|ThreadId(2)] [class_dump] com.mojang.serialization.Decoder$1
[1371|t+12656ms|ThreadId(2)] [class_dump] com.mojang.serialization.Decoder$2
[1372|t+12656ms|ThreadId(2)] [class_dump] com.mojang.serialization.Decoder$3
[1373|t+12657ms|ThreadId(2)] [class_dump] com.mojang.serialization.Decoder$5
[1374|t+12657ms|ThreadId(2)] [class_dump] com.mojang.serialization.Dynamic
[1375|t+12657ms|ThreadId(2)] [class_dump] com.mojang.serialization.DynamicLike
[1376|t+12658ms|ThreadId(2)] [class_dump] com.mojang.serialization.DynamicOps
[1377|t+12658ms|ThreadId(2)] [class_dump] com.mojang.serialization.Encoder
[1378|t+12658ms|ThreadId(2)] [class_dump] com.mojang.serialization.Encoder$1
[1379|t+12659ms|ThreadId(2)] [class_dump] com.mojang.serialization.Encoder$2
[1380|t+12659ms|ThreadId(2)] [class_dump] com.mojang.serialization.Encoder$4
[1381|t+12659ms|ThreadId(2)] [class_dump] com.mojang.serialization.JavaOps
[1382|t+12660ms|ThreadId(2)] [class_dump] com.mojang.serialization.JsonOps
[1383|t+12661ms|ThreadId(2)] [class_dump] com.mojang.serialization.JsonOps$$Lambda/0x0000000800bd31f8
[1384|t+12662ms|ThreadId(2)] [class_dump] com.mojang.serialization.JsonOps$$Lambda/0x0000000800bd5870
[1385|t+12662ms|ThreadId(2)] [class_dump] com.mojang.serialization.JsonOps$$Lambda/0x0000000800bd69b0
[1386|t+12662ms|ThreadId(2)] [class_dump] com.mojang.serialization.JsonOps$1
[1387|t+12663ms|ThreadId(2)] [class_dump] com.mojang.serialization.JsonOps$1$$Lambda/0x0000000800bd7678
[1388|t+12663ms|ThreadId(2)] [class_dump] com.mojang.serialization.Keyable
[1389|t+12664ms|ThreadId(2)] [class_dump] com.mojang.serialization.Lifecycle
[1390|t+12664ms|ThreadId(2)] [class_dump] com.mojang.serialization.Lifecycle$1
[1391|t+12664ms|ThreadId(2)] [class_dump] com.mojang.serialization.Lifecycle$2
[1392|t+12665ms|ThreadId(2)] [class_dump] com.mojang.serialization.Lifecycle$Deprecated
[1393|t+12665ms|ThreadId(2)] [class_dump] com.mojang.serialization.ListBuilder
[1394|t+12666ms|ThreadId(2)] [class_dump] com.mojang.serialization.MapCodec
[1395|t+12666ms|ThreadId(2)] [class_dump] com.mojang.serialization.MapCodec$$Lambda/0x00000008002061e8
[1396|t+12667ms|ThreadId(2)] [class_dump] com.mojang.serialization.MapCodec$$Lambda/0x00000008002482d0
[1397|t+12668ms|ThreadId(2)] [class_dump] com.mojang.serialization.MapCodec$$Lambda/0x0000000800268ce0
[1398|t+12668ms|ThreadId(2)] [class_dump] com.mojang.serialization.MapCodec$$Lambda/0x00000008004c5ba8
[1399|t+12668ms|ThreadId(2)] [class_dump] com.mojang.serialization.MapCodec$$Lambda/0x00000008004cc698
[1400|t+12669ms|ThreadId(2)] [class_dump] com.mojang.serialization.MapCodec$$Lambda/0x00000008004cc8c8
[1401|t+12669ms|ThreadId(2)] [class_dump] com.mojang.serialization.MapCodec$$Lambda/0x00000008004e52d0
[1402|t+12669ms|ThreadId(2)] [class_dump] com.mojang.serialization.MapCodec$$Lambda/0x00000008008ec800
[1403|t+12670ms|ThreadId(2)] [class_dump] com.mojang.serialization.MapCodec$$Lambda/0x00000008008edca0
[1404|t+12671ms|ThreadId(2)] [class_dump] com.mojang.serialization.MapCodec$$Lambda/0x0000000800ab5000
[1405|t+12671ms|ThreadId(2)] [class_dump] com.mojang.serialization.MapCodec$$Lambda/0x0000000800ab5238
[1406|t+12672ms|ThreadId(2)] [class_dump] com.mojang.serialization.MapCodec$1
[1407|t+12672ms|ThreadId(2)] [class_dump] com.mojang.serialization.MapCodec$10
[1408|t+12673ms|ThreadId(2)] [class_dump] com.mojang.serialization.MapCodec$11
[1409|t+12673ms|ThreadId(2)] [class_dump] com.mojang.serialization.MapCodec$2
[1410|t+12674ms|ThreadId(2)] [class_dump] com.mojang.serialization.MapCodec$3
[1411|t+12675ms|ThreadId(2)] [class_dump] com.mojang.serialization.MapCodec$4
[1412|t+12675ms|ThreadId(2)] [class_dump] com.mojang.serialization.MapCodec$6
[1413|t+12676ms|ThreadId(2)] [class_dump] com.mojang.serialization.MapCodec$7
[1414|t+12676ms|ThreadId(2)] [class_dump] com.mojang.serialization.MapCodec$8
[1415|t+12677ms|ThreadId(2)] [class_dump] com.mojang.serialization.MapCodec$Dependent
[1416|t+12678ms|ThreadId(2)] [class_dump] com.mojang.serialization.MapCodec$MapCodecCodec
[1417|t+12678ms|ThreadId(2)] [class_dump] com.mojang.serialization.MapCodec$MapCodecCodec$$Lambda/0x0000000800bd3ae0
[1418|t+12679ms|ThreadId(2)] [class_dump] com.mojang.serialization.MapCodec$RecursiveMapCodec
[1419|t+12680ms|ThreadId(2)] [class_dump] com.mojang.serialization.MapCodec$RecursiveMapCodec$$Lambda/0x000000080067c000
[1420|t+12680ms|ThreadId(2)] [class_dump] com.mojang.serialization.MapCodec$ResultFunction
[1421|t+12680ms|ThreadId(2)] [class_dump] com.mojang.serialization.MapDecoder
[1422|t+12681ms|ThreadId(2)] [class_dump] com.mojang.serialization.MapDecoder$$Lambda/0x0000000800bd4918
[1423|t+12681ms|ThreadId(2)] [class_dump] com.mojang.serialization.MapDecoder$3
[1424|t+12682ms|ThreadId(2)] [class_dump] com.mojang.serialization.MapDecoder$4
[1425|t+12682ms|ThreadId(2)] [class_dump] com.mojang.serialization.MapDecoder$6
[1426|t+12683ms|ThreadId(2)] [class_dump] com.mojang.serialization.MapDecoder$Implementation
[1427|t+12683ms|ThreadId(2)] [class_dump] com.mojang.serialization.MapEncoder
[1428|t+12684ms|ThreadId(2)] [class_dump] com.mojang.serialization.MapEncoder$1
[1429|t+12684ms|ThreadId(2)] [class_dump] com.mojang.serialization.MapEncoder$2
[1430|t+12684ms|ThreadId(2)] [class_dump] com.mojang.serialization.MapEncoder$Implementation
[1431|t+12685ms|ThreadId(2)] [class_dump] com.mojang.serialization.MapLike
[1432|t+12685ms|ThreadId(2)] [class_dump] com.mojang.serialization.RecordBuilder
[1433|t+12685ms|ThreadId(2)] [class_dump] com.mojang.serialization.codecs.BaseMapCodec
[1434|t+12686ms|ThreadId(2)] [class_dump] com.mojang.serialization.codecs.BaseMapCodec$$Lambda/0x0000000800bd2248
[1435|t+12686ms|ThreadId(2)] [class_dump] com.mojang.serialization.codecs.BaseMapCodec$$Lambda/0x0000000800bd2468
[1436|t+12686ms|ThreadId(2)] [class_dump] com.mojang.serialization.codecs.BaseMapCodec$$Lambda/0x0000000800bd3420
[1437|t+12687ms|ThreadId(2)] [class_dump] com.mojang.serialization.codecs.BaseMapCodec$$Lambda/0x0000000800bd3658
[1438|t+12687ms|ThreadId(2)] [class_dump] com.mojang.serialization.codecs.BaseMapCodec$$Lambda/0x0000000800bd78a8
[1439|t+12687ms|ThreadId(2)] [class_dump] com.mojang.serialization.codecs.BaseMapCodec$$Lambda/0x0000000800bd7ad0
[1440|t+12688ms|ThreadId(2)] [class_dump] com.mojang.serialization.codecs.DispatchedMapCodec
[1441|t+12688ms|ThreadId(2)] [class_dump] com.mojang.serialization.codecs.EitherCodec
[1442|t+12688ms|ThreadId(2)] [class_dump] com.mojang.serialization.codecs.EitherMapCodec
[1443|t+12689ms|ThreadId(2)] [class_dump] com.mojang.serialization.codecs.FieldDecoder
[1444|t+12689ms|ThreadId(2)] [class_dump] com.mojang.serialization.codecs.FieldEncoder
[1445|t+12689ms|ThreadId(2)] [class_dump] com.mojang.serialization.codecs.KeyDispatchCodec
[1446|t+12690ms|ThreadId(2)] [class_dump] com.mojang.serialization.codecs.KeyDispatchCodec$$Lambda/0x00000008004ccaf8
[1447|t+12690ms|ThreadId(2)] [class_dump] com.mojang.serialization.codecs.ListCodec
[1448|t+12690ms|ThreadId(2)] [class_dump] com.mojang.serialization.codecs.ListCodec$$Lambda/0x0000000800bd5a98
[1449|t+12690ms|ThreadId(2)] [class_dump] com.mojang.serialization.codecs.ListCodec$$Lambda/0x0000000800bd5ee0
[1450|t+12691ms|ThreadId(2)] [class_dump] com.mojang.serialization.codecs.ListCodec$DecoderState
[1451|t+12691ms|ThreadId(2)] [class_dump] com.mojang.serialization.codecs.ListCodec$DecoderState$$Lambda/0x0000000800bd6340
[1452|t+12691ms|ThreadId(2)] [class_dump] com.mojang.serialization.codecs.ListCodec$DecoderState$$Lambda/0x0000000800bd6568
[1453|t+12692ms|ThreadId(2)] [class_dump] com.mojang.serialization.codecs.ListCodec$DecoderState$$Lambda/0x0000000800bd6790
[1454|t+12692ms|ThreadId(2)] [class_dump] com.mojang.serialization.codecs.ListCodec$DecoderState$$Lambda/0x0000000800bd6bd8
[1455|t+12692ms|ThreadId(2)] [class_dump] com.mojang.serialization.codecs.OptionalFieldCodec
[1456|t+12693ms|ThreadId(2)] [class_dump] com.mojang.serialization.codecs.PairMapCodec
[1457|t+12693ms|ThreadId(2)] [class_dump] com.mojang.serialization.codecs.PrimitiveCodec
[1458|t+12694ms|ThreadId(2)] [class_dump] com.mojang.serialization.codecs.PrimitiveCodec$$Lambda/0x0000000800bd6108
[1459|t+12694ms|ThreadId(2)] [class_dump] com.mojang.serialization.codecs.RecordCodecBuilder
[1460|t+12694ms|ThreadId(2)] [class_dump] com.mojang.serialization.codecs.RecordCodecBuilder$$Lambda/0x0000000800224c20
[1461|t+12695ms|ThreadId(2)] [class_dump] com.mojang.serialization.codecs.RecordCodecBuilder$$Lambda/0x0000000800225a10
[1462|t+12695ms|ThreadId(2)] [class_dump] com.mojang.serialization.codecs.RecordCodecBuilder$$Lambda/0x000000080022c000
[1463|t+12695ms|ThreadId(2)] [class_dump] com.mojang.serialization.codecs.RecordCodecBuilder$$Lambda/0x0000000800acd400
[1464|t+12696ms|ThreadId(2)] [class_dump] com.mojang.serialization.codecs.RecordCodecBuilder$$Lambda/0x0000000800acdc80
[1465|t+12696ms|ThreadId(2)] [class_dump] com.mojang.serialization.codecs.RecordCodecBuilder$2
[1466|t+12696ms|ThreadId(2)] [class_dump] com.mojang.serialization.codecs.RecordCodecBuilder$Instance
[1467|t+12697ms|ThreadId(2)] [class_dump] com.mojang.serialization.codecs.RecordCodecBuilder$Instance$$Lambda/0x000000080022c718
[1468|t+12697ms|ThreadId(2)] [class_dump] com.mojang.serialization.codecs.RecordCodecBuilder$Instance$$Lambda/0x000000080022c950
[1469|t+12697ms|ThreadId(2)] [class_dump] com.mojang.serialization.codecs.RecordCodecBuilder$Instance$$Lambda/0x000000080023e000
[1470|t+12697ms|ThreadId(2)] [class_dump] com.mojang.serialization.codecs.RecordCodecBuilder$Instance$$Lambda/0x000000080023e238
[1471|t+12698ms|ThreadId(2)] [class_dump] com.mojang.serialization.codecs.RecordCodecBuilder$Instance$$Lambda/0x0000000800447210
[1472|t+12698ms|ThreadId(2)] [class_dump] com.mojang.serialization.codecs.RecordCodecBuilder$Instance$$Lambda/0x0000000800447448
[1473|t+12698ms|ThreadId(2)] [class_dump] com.mojang.serialization.codecs.RecordCodecBuilder$Instance$$Lambda/0x0000000800447680
[1474|t+12699ms|ThreadId(2)] [class_dump] com.mojang.serialization.codecs.RecordCodecBuilder$Instance$$Lambda/0x000000080048a6b8
[1475|t+12699ms|ThreadId(2)] [class_dump] com.mojang.serialization.codecs.RecordCodecBuilder$Instance$$Lambda/0x00000008004e1f98
[1476|t+12700ms|ThreadId(2)] [class_dump] com.mojang.serialization.codecs.RecordCodecBuilder$Instance$$Lambda/0x00000008004e21d0
[1477|t+12700ms|ThreadId(2)] [class_dump] com.mojang.serialization.codecs.RecordCodecBuilder$Instance$1
[1478|t+12700ms|ThreadId(2)] [class_dump] com.mojang.serialization.codecs.RecordCodecBuilder$Instance$3
[1479|t+12701ms|ThreadId(2)] [class_dump] com.mojang.serialization.codecs.RecordCodecBuilder$Instance$5
[1480|t+12701ms|ThreadId(2)] [class_dump] com.mojang.serialization.codecs.RecordCodecBuilder$Instance$7
[1481|t+12702ms|ThreadId(2)] [class_dump] com.mojang.serialization.codecs.SimpleMapCodec
[1482|t+12702ms|ThreadId(2)] [class_dump] com.mojang.serialization.codecs.UnboundedMapCodec
[1483|t+12702ms|ThreadId(2)] [class_dump] com.mojang.serialization.codecs.UnboundedMapCodec$$Lambda/0x0000000800bd38a8
[1484|t+12703ms|ThreadId(2)] [class_dump] com.mojang.serialization.codecs.UnboundedMapCodec$$Lambda/0x0000000800bd7040
[1485|t+12704ms|ThreadId(2)] [class_dump] com.mojang.serialization.codecs.XorCodec
[1486|t+12705ms|ThreadId(2)] [class_dump] com.mojang.util.UndashedUuid
[1487|t+12705ms|ThreadId(2)] [class_dump] coo → net.minecraft.world.entity.ai.goal.FollowParentGoal
[1488|t+12706ms|ThreadId(2)] [class_dump] cop → net.minecraft.world.entity.ai.goal.Goal
[1489|t+12706ms|ThreadId(2)] [class_dump] cor → net.minecraft.world.entity.ai.goal.GolemRandomStrollInVillageGoal
[1490|t+12707ms|ThreadId(2)] [class_dump] cos → net.minecraft.world.entity.ai.goal.InteractGoal
[1491|t+12707ms|ThreadId(2)] [class_dump] cot → net.minecraft.world.entity.ai.goal.JumpGoal
[1492|t+12708ms|ThreadId(2)] [class_dump] cou → net.minecraft.world.entity.ai.goal.LandOnOwnersShoulderGoal
[1493|t+12708ms|ThreadId(2)] [class_dump] cov → net.minecraft.world.entity.ai.goal.LeapAtTargetGoal
[1494|t+12708ms|ThreadId(2)] [class_dump] cow → net.minecraft.world.entity.ai.goal.LlamaFollowCaravanGoal
[1495|t+12709ms|ThreadId(2)] [class_dump] cox → net.minecraft.world.entity.ai.goal.LookAtPlayerGoal
[1496|t+12709ms|ThreadId(2)] [class_dump] coy → net.minecraft.world.entity.ai.goal.LookAtTradingPlayerGoal
[1497|t+12710ms|ThreadId(2)] [class_dump] coz → net.minecraft.world.entity.ai.goal.MeleeAttackGoal
[1498|t+12710ms|ThreadId(2)] [class_dump] cp → net.minecraft.advancements.criterion.LootTableTrigger
[1499|t+12710ms|ThreadId(2)] [class_dump] cpa → net.minecraft.world.entity.ai.goal.MoveBackToVillageGoal
[1500|t+12710ms|ThreadId(2)] [class_dump] cpb → net.minecraft.world.entity.ai.goal.MoveThroughVillageGoal
[1501|t+12711ms|ThreadId(2)] [class_dump] cpc → net.minecraft.world.entity.ai.goal.MoveToBlockGoal
[1502|t+12711ms|ThreadId(2)] [class_dump] cpd → net.minecraft.world.entity.ai.goal.MoveTowardsRestrictionGoal
[1503|t+12712ms|ThreadId(2)] [class_dump] cpe → net.minecraft.world.entity.ai.goal.MoveTowardsTargetGoal
[1504|t+12712ms|ThreadId(2)] [class_dump] cpf → net.minecraft.world.entity.ai.goal.OcelotAttackGoal
[1505|t+12713ms|ThreadId(2)] [class_dump] cpg → net.minecraft.world.entity.ai.goal.OfferFlowerGoal
[1506|t+12713ms|ThreadId(2)] [class_dump] cph → net.minecraft.world.entity.ai.goal.OpenDoorGoal
[1507|t+12713ms|ThreadId(2)] [class_dump] cpi → net.minecraft.world.entity.ai.goal.PanicGoal
[1508|t+12714ms|ThreadId(2)] [class_dump] cpj → net.minecraft.world.entity.ai.goal.PathfindToRaidGoal
[1509|t+12714ms|ThreadId(2)] [class_dump] cpk → net.minecraft.world.entity.ai.goal.RandomLookAroundGoal
[1510|t+12715ms|ThreadId(2)] [class_dump] cpl → net.minecraft.world.entity.ai.goal.RandomStandGoal
[1511|t+12715ms|ThreadId(2)] [class_dump] cpm → net.minecraft.world.entity.ai.goal.RandomStrollGoal
[1512|t+12716ms|ThreadId(2)] [class_dump] cpn → net.minecraft.world.entity.ai.goal.RandomSwimmingGoal
[1513|t+12716ms|ThreadId(2)] [class_dump] cpo → net.minecraft.world.entity.ai.goal.RangedAttackGoal
[1514|t+12716ms|ThreadId(2)] [class_dump] cpp → net.minecraft.world.entity.ai.goal.RangedBowAttackGoal
[1515|t+12717ms|ThreadId(2)] [class_dump] cpq → net.minecraft.world.entity.ai.goal.RangedCrossbowAttackGoal
[1516|t+12717ms|ThreadId(2)] [class_dump] cpr → net.minecraft.world.entity.ai.goal.RemoveBlockGoal
[1517|t+12717ms|ThreadId(2)] [class_dump] cps → net.minecraft.world.entity.ai.goal.RestrictSunGoal
[1518|t+12718ms|ThreadId(2)] [class_dump] cpt → net.minecraft.world.entity.ai.goal.RunAroundLikeCrazyGoal
[1519|t+12718ms|ThreadId(2)] [class_dump] cpu → net.minecraft.world.entity.ai.goal.SitWhenOrderedToGoal
[1520|t+12718ms|ThreadId(2)] [class_dump] cpv → net.minecraft.world.entity.ai.goal.SpearUseGoal
[1521|t+12718ms|ThreadId(2)] [class_dump] cpw → net.minecraft.world.entity.ai.goal.StrollThroughVillageGoal
[1522|t+12719ms|ThreadId(2)] [class_dump] cpx → net.minecraft.world.entity.ai.goal.SwellGoal
[1523|t+12719ms|ThreadId(2)] [class_dump] cpy → net.minecraft.world.entity.ai.goal.TemptGoal
[1524|t+12719ms|ThreadId(2)] [class_dump] cpz → net.minecraft.world.entity.ai.goal.TradeWithPlayerGoal
[1525|t+12720ms|ThreadId(2)] [class_dump] cq → net.minecraft.advancements.criterion.MinMaxBounds
[1526|t+12720ms|ThreadId(2)] [class_dump] cqa → net.minecraft.world.entity.ai.goal.TryFindWaterGoal
[1527|t+12720ms|ThreadId(2)] [class_dump] cqb → net.minecraft.world.entity.ai.goal.UseItemGoal
[1528|t+12721ms|ThreadId(2)] [class_dump] cqc → net.minecraft.world.entity.ai.goal.WaterAvoidingRandomFlyingGoal
[1529|t+12721ms|ThreadId(2)] [class_dump] cqd → net.minecraft.world.entity.ai.goal.WaterAvoidingRandomStrollGoal
[1530|t+12721ms|ThreadId(2)] [class_dump] cqf → net.minecraft.world.entity.ai.goal.ZombieAttackGoal
[1531|t+12722ms|ThreadId(2)] [class_dump] cqh → net.minecraft.world.entity.ai.goal.target.DefendVillageTargetGoal
[1532|t+12722ms|ThreadId(2)] [class_dump] cqi → net.minecraft.world.entity.ai.goal.target.HurtByTargetGoal
[1533|t+12722ms|ThreadId(2)] [class_dump] cqj → net.minecraft.world.entity.ai.goal.target.NearestAttackableTargetGoal
[1534|t+12723ms|ThreadId(2)] [class_dump] cqk → net.minecraft.world.entity.ai.goal.target.NearestAttackableWitchTargetGoal
[1535|t+12723ms|ThreadId(2)] [class_dump] cql → net.minecraft.world.entity.ai.goal.target.NearestHealableRaiderTargetGoal
[1536|t+12723ms|ThreadId(2)] [class_dump] cqm → net.minecraft.world.entity.ai.goal.target.NonTameRandomTargetGoal
[1537|t+12724ms|ThreadId(2)] [class_dump] cqn → net.minecraft.world.entity.ai.goal.target.OwnerHurtByTargetGoal
[1538|t+12724ms|ThreadId(2)] [class_dump] cqo → net.minecraft.world.entity.ai.goal.target.OwnerHurtTargetGoal
[1539|t+12724ms|ThreadId(2)] [class_dump] cqp → net.minecraft.world.entity.ai.goal.target.ResetUniversalAngerTargetGoal
[1540|t+12725ms|ThreadId(2)] [class_dump] cqq → net.minecraft.world.entity.ai.goal.target.TargetGoal
[1541|t+12725ms|ThreadId(2)] [class_dump] cqv → net.minecraft.world.entity.ai.memory.ExpirableValue
[1542|t+12725ms|ThreadId(2)] [class_dump] cqw → net.minecraft.world.entity.ai.memory.MemoryModuleType
[1543|t+12726ms|ThreadId(2)] [class_dump] crb → net.minecraft.world.entity.ai.navigation.AmphibiousPathNavigation
[1544|t+12726ms|ThreadId(2)] [class_dump] crc → net.minecraft.world.entity.ai.navigation.FlyingPathNavigation
[1545|t+12726ms|ThreadId(2)] [class_dump] crd → net.minecraft.world.entity.ai.navigation.GroundPathNavigation
[1546|t+12727ms|ThreadId(2)] [class_dump] cre → net.minecraft.world.entity.ai.navigation.PathNavigation
[1547|t+12727ms|ThreadId(2)] [class_dump] crf → net.minecraft.world.entity.ai.navigation.WallClimberNavigation
[1548|t+12727ms|ThreadId(2)] [class_dump] crg → net.minecraft.world.entity.ai.navigation.WaterBoundPathNavigation
[1549|t+12727ms|ThreadId(2)] [class_dump] crj → net.minecraft.world.entity.ai.sensing.AdultSensor
[1550|t+12728ms|ThreadId(2)] [class_dump] crk → net.minecraft.world.entity.ai.sensing.AdultSensorAnyType
[1551|t+12728ms|ThreadId(2)] [class_dump] crl → net.minecraft.world.entity.ai.sensing.AxolotlAttackablesSensor
[1552|t+12728ms|ThreadId(2)] [class_dump] crm → net.minecraft.world.entity.ai.sensing.BreezeAttackEntitySensor
[1553|t+12728ms|ThreadId(2)] [class_dump] crn → net.minecraft.world.entity.ai.sensing.DummySensor
[1554|t+12729ms|ThreadId(2)] [class_dump] cro → net.minecraft.world.entity.ai.sensing.FrogAttackablesSensor
[1555|t+12729ms|ThreadId(2)] [class_dump] crp → net.minecraft.world.entity.ai.sensing.GolemSensor
[1556|t+12729ms|ThreadId(2)] [class_dump] crq → net.minecraft.world.entity.ai.sensing.HoglinSpecificSensor
[1557|t+12730ms|ThreadId(2)] [class_dump] crr → net.minecraft.world.entity.ai.sensing.HurtBySensor
[1558|t+12730ms|ThreadId(2)] [class_dump] crs → net.minecraft.world.entity.ai.sensing.IsInWaterSensor
[1559|t+12730ms|ThreadId(2)] [class_dump] crt → net.minecraft.world.entity.ai.sensing.MobSensor
[1560|t+12730ms|ThreadId(2)] [class_dump] cru → net.minecraft.world.entity.ai.sensing.NearestBedSensor
[1561|t+12731ms|ThreadId(2)] [class_dump] crv → net.minecraft.world.entity.ai.sensing.NearestItemSensor
[1562|t+12731ms|ThreadId(2)] [class_dump] crw → net.minecraft.world.entity.ai.sensing.NearestLivingEntitySensor
[1563|t+12731ms|ThreadId(2)] [class_dump] crx → net.minecraft.world.entity.ai.sensing.NearestVisibleLivingEntitySensor
[1564|t+12732ms|ThreadId(2)] [class_dump] cry → net.minecraft.world.entity.ai.sensing.PiglinBruteSpecificSensor
[1565|t+12732ms|ThreadId(2)] [class_dump] crz → net.minecraft.world.entity.ai.sensing.PiglinSpecificSensor
[1566|t+12732ms|ThreadId(2)] [class_dump] csa → net.minecraft.world.entity.ai.sensing.PlayerSensor
[1567|t+12733ms|ThreadId(2)] [class_dump] csb → net.minecraft.world.entity.ai.sensing.SecondaryPoiSensor
[1568|t+12733ms|ThreadId(2)] [class_dump] csd → net.minecraft.world.entity.ai.sensing.Sensor
[1569|t+12733ms|ThreadId(2)] [class_dump] cse → net.minecraft.world.entity.ai.sensing.SensorType
[1570|t+12734ms|ThreadId(2)] [class_dump] csf → net.minecraft.world.entity.ai.sensing.TemptingSensor
[1571|t+12734ms|ThreadId(2)] [class_dump] csg → net.minecraft.world.entity.ai.sensing.VillagerBabiesSensor
[1572|t+12734ms|ThreadId(2)] [class_dump] csh → net.minecraft.world.entity.ai.sensing.VillagerHostilesSensor
[1573|t+12735ms|ThreadId(2)] [class_dump] csi → net.minecraft.world.entity.ai.sensing.WardenEntitySensor
[1574|t+12735ms|ThreadId(2)] [class_dump] csk → net.minecraft.world.entity.ai.targeting.TargetingConditions
[1575|t+12736ms|ThreadId(2)] [class_dump] ct → net.minecraft.advancements.criterion.NbtPredicate
[1576|t+12736ms|ThreadId(2)] [class_dump] cta → net.minecraft.world.entity.ai.village.poi.PoiType
[1577|t+12736ms|ThreadId(2)] [class_dump] ctb → net.minecraft.world.entity.ai.village.poi.PoiTypes
[1578|t+12737ms|ThreadId(2)] [class_dump] ctd → net.minecraft.world.entity.ambient.AmbientCreature
[1579|t+12737ms|ThreadId(2)] [class_dump] cte → net.minecraft.world.entity.ambient.Bat
[1580|t+12737ms|ThreadId(2)] [class_dump] ctg → net.minecraft.world.entity.animal.AgeableWaterCreature
[1581|t+12738ms|ThreadId(2)] [class_dump] cth → net.minecraft.world.entity.animal.Animal
[1582|t+12738ms|ThreadId(2)] [class_dump] cti → net.minecraft.world.entity.animal.Bucketable
[1583|t+12738ms|ThreadId(2)] [class_dump] ctj → net.minecraft.world.entity.animal.FlyingAnimal
[1584|t+12739ms|ThreadId(2)] [class_dump] ctk → net.minecraft.world.entity.animal.TemperatureVariants
[1585|t+12739ms|ThreadId(2)] [class_dump] ctl → net.minecraft.world.entity.animal.allay.Allay
[1586|t+12739ms|ThreadId(2)] [class_dump] cto → net.minecraft.world.entity.animal.armadillo.Armadillo
[1587|t+12740ms|ThreadId(2)] [class_dump] ctr → net.minecraft.world.entity.animal.axolotl.Axolotl
[1588|t+12740ms|ThreadId(2)] [class_dump] ctw → net.minecraft.world.entity.animal.bee.Bee
[1589|t+12740ms|ThreadId(2)] [class_dump] cty → net.minecraft.world.entity.animal.camel.Camel
[1590|t+12741ms|ThreadId(2)] [class_dump] cu → net.minecraft.advancements.criterion.PickedUpItemTrigger
[1591|t+12741ms|ThreadId(2)] [class_dump] cua → net.minecraft.world.entity.animal.camel.CamelHusk
[1592|t+12741ms|ThreadId(2)] [class_dump] cuc → net.minecraft.world.entity.animal.chicken.Chicken
[1593|t+12742ms|ThreadId(2)] [class_dump] cud → net.minecraft.world.entity.animal.chicken.ChickenVariant
[1594|t+12742ms|ThreadId(2)] [class_dump] cue → net.minecraft.world.entity.animal.chicken.ChickenVariants
[1595|t+12743ms|ThreadId(2)] [class_dump] cug → net.minecraft.world.entity.animal.cow.AbstractCow
[1596|t+12743ms|ThreadId(2)] [class_dump] cuh → net.minecraft.world.entity.animal.cow.Cow
[1597|t+12744ms|ThreadId(2)] [class_dump] cui → net.minecraft.world.entity.animal.cow.CowVariant
[1598|t+12744ms|ThreadId(2)] [class_dump] cuk → net.minecraft.world.entity.animal.cow.MushroomCow
[1599|t+12745ms|ThreadId(2)] [class_dump] cum → net.minecraft.world.entity.animal.dolphin.Dolphin
[1600|t+12746ms|ThreadId(2)] [class_dump] cuo → net.minecraft.world.entity.animal.equine.AbstractChestedHorse
[1601|t+12747ms|ThreadId(2)] [class_dump] cup → net.minecraft.world.entity.animal.equine.AbstractHorse
[1602|t+12747ms|ThreadId(2)] [class_dump] cuq → net.minecraft.world.entity.animal.equine.Donkey
[1603|t+12747ms|ThreadId(2)] [class_dump] cur → net.minecraft.world.entity.animal.equine.Horse
[1604|t+12748ms|ThreadId(2)] [class_dump] cus → net.minecraft.world.entity.animal.equine.Llama
[1605|t+12748ms|ThreadId(2)] [class_dump] cuu → net.minecraft.world.entity.animal.equine.Mule
[1606|t+12748ms|ThreadId(2)] [class_dump] cuv → net.minecraft.world.entity.animal.equine.SkeletonHorse
[1607|t+12749ms|ThreadId(2)] [class_dump] cuw → net.minecraft.world.entity.animal.equine.SkeletonTrapGoal
[1608|t+12749ms|ThreadId(2)] [class_dump] cux → net.minecraft.world.entity.animal.equine.TraderLlama
[1609|t+12750ms|ThreadId(2)] [class_dump] cuy → net.minecraft.world.entity.animal.equine.Variant
[1610|t+12750ms|ThreadId(2)] [class_dump] cuz → net.minecraft.world.entity.animal.equine.ZombieHorse
[1611|t+12751ms|ThreadId(2)] [class_dump] cv → net.minecraft.advancements.criterion.PlayerHurtEntityTrigger
[1612|t+12751ms|ThreadId(2)] [class_dump] cvb → net.minecraft.world.entity.animal.feline.Cat
[1613|t+12751ms|ThreadId(2)] [class_dump] cvc → net.minecraft.world.entity.animal.feline.CatVariant
[1614|t+12752ms|ThreadId(2)] [class_dump] cvd → net.minecraft.world.entity.animal.feline.CatVariants
[1615|t+12752ms|ThreadId(2)] [class_dump] cve → net.minecraft.world.entity.animal.feline.Ocelot
[1616|t+12753ms|ThreadId(2)] [class_dump] cvg → net.minecraft.world.entity.animal.fish.AbstractFish
[1617|t+12755ms|ThreadId(2)] [class_dump] cvh → net.minecraft.world.entity.animal.fish.AbstractSchoolingFish
[1618|t+12756ms|ThreadId(2)] [class_dump] cvi → net.minecraft.world.entity.animal.fish.Cod
[1619|t+12756ms|ThreadId(2)] [class_dump] cvj → net.minecraft.world.entity.animal.fish.Pufferfish
[1620|t+12757ms|ThreadId(2)] [class_dump] cvk → net.minecraft.world.entity.animal.fish.Salmon
[1621|t+12758ms|ThreadId(2)] [class_dump] cvl → net.minecraft.world.entity.animal.fish.TropicalFish
[1622|t+12758ms|ThreadId(2)] [class_dump] cvm → net.minecraft.world.entity.animal.fish.WaterAnimal
[1623|t+12759ms|ThreadId(2)] [class_dump] cvo → net.minecraft.world.entity.animal.fox.Fox
[1624|t+12759ms|ThreadId(2)] [class_dump] cvq → net.minecraft.world.entity.animal.frog.Frog
[1625|t+12759ms|ThreadId(2)] [class_dump] cvs → net.minecraft.world.entity.animal.frog.FrogVariant
[1626|t+12760ms|ThreadId(2)] [class_dump] cvt → net.minecraft.world.entity.animal.frog.FrogVariants
[1627|t+12760ms|ThreadId(2)] [class_dump] cvv → net.minecraft.world.entity.animal.frog.Tadpole
[1628|t+12760ms|ThreadId(2)] [class_dump] cvy → net.minecraft.world.entity.animal.goat.Goat
[1629|t+12761ms|ThreadId(2)] [class_dump] cw → net.minecraft.advancements.criterion.PlayerInteractTrigger
[1630|t+12761ms|ThreadId(2)] [class_dump] cwb → net.minecraft.world.entity.animal.golem.AbstractGolem
[1631|t+12762ms|ThreadId(2)] [class_dump] cwc → net.minecraft.world.entity.animal.golem.CopperGolem
[1632|t+12762ms|ThreadId(2)] [class_dump] cwe → net.minecraft.world.entity.animal.golem.CopperGolemOxidationLevel
[1633|t+12762ms|ThreadId(2)] [class_dump] cwf → net.minecraft.world.entity.animal.golem.CopperGolemOxidationLevels
[1634|t+12763ms|ThreadId(2)] [class_dump] cwg → net.minecraft.world.entity.animal.golem.CopperGolemState
[1635|t+12764ms|ThreadId(2)] [class_dump] cwh → net.minecraft.world.entity.animal.golem.IronGolem
[1636|t+12764ms|ThreadId(2)] [class_dump] cwi → net.minecraft.world.entity.animal.golem.SnowGolem
[1637|t+12764ms|ThreadId(2)] [class_dump] cwk → net.minecraft.world.entity.animal.happyghast.HappyGhast
[1638|t+12765ms|ThreadId(2)] [class_dump] cwn → net.minecraft.world.entity.animal.nautilus.AbstractNautilus
[1639|t+12765ms|ThreadId(2)] [class_dump] cwo → net.minecraft.world.entity.animal.nautilus.Nautilus
[1640|t+12766ms|ThreadId(2)] [class_dump] cwq → net.minecraft.world.entity.animal.nautilus.ZombieNautilus
[1641|t+12766ms|ThreadId(2)] [class_dump] cws → net.minecraft.world.entity.animal.nautilus.ZombieNautilusVariant
[1642|t+12767ms|ThreadId(2)] [class_dump] cww → net.minecraft.world.entity.animal.panda.Panda
[1643|t+12767ms|ThreadId(2)] [class_dump] cwy → net.minecraft.world.entity.animal.parrot.Parrot
[1644|t+12768ms|ThreadId(2)] [class_dump] cwz → net.minecraft.world.entity.animal.parrot.ShoulderRidingEntity
[1645|t+12768ms|ThreadId(2)] [class_dump] cx → net.minecraft.advancements.criterion.PlayerPredicate
[1646|t+12769ms|ThreadId(2)] [class_dump] cxb → net.minecraft.world.entity.animal.pig.Pig
[1647|t+12769ms|ThreadId(2)] [class_dump] cxc → net.minecraft.world.entity.animal.pig.PigVariant
[1648|t+12769ms|ThreadId(2)] [class_dump] cxf → net.minecraft.world.entity.animal.polarbear.PolarBear
[1649|t+12772ms|ThreadId(2)] [class_dump] cxh → net.minecraft.world.entity.animal.rabbit.Rabbit
[1650|t+12772ms|ThreadId(2)] [class_dump] cxj → net.minecraft.world.entity.animal.sheep.Sheep
[1651|t+12772ms|ThreadId(2)] [class_dump] cxm → net.minecraft.world.entity.animal.sniffer.Sniffer
[1652|t+12773ms|ThreadId(2)] [class_dump] cxp → net.minecraft.world.entity.animal.squid.GlowSquid
[1653|t+12773ms|ThreadId(2)] [class_dump] cxq → net.minecraft.world.entity.animal.squid.Squid
[1654|t+12773ms|ThreadId(2)] [class_dump] cxs → net.minecraft.world.entity.animal.turtle.Turtle
[1655|t+12774ms|ThreadId(2)] [class_dump] cxu → net.minecraft.world.entity.animal.wolf.Wolf
[1656|t+12774ms|ThreadId(2)] [class_dump] cxv → net.minecraft.world.entity.animal.wolf.WolfSoundVariant
[1657|t+12774ms|ThreadId(2)] [class_dump] cxx → net.minecraft.world.entity.animal.wolf.WolfVariant
[1658|t+12775ms|ThreadId(2)] [class_dump] cy → net.minecraft.advancements.criterion.PlayerTrigger
[1659|t+12775ms|ThreadId(2)] [class_dump] cyb → net.minecraft.world.entity.boss.enderdragon.EndCrystal
[1660|t+12775ms|ThreadId(2)] [class_dump] cyc → net.minecraft.world.entity.boss.enderdragon.EnderDragon
[1661|t+12776ms|ThreadId(2)] [class_dump] cyw → net.minecraft.world.entity.boss.wither.WitherBoss
[1662|t+12776ms|ThreadId(2)] [class_dump] cyy → net.minecraft.world.entity.decoration.ArmorStand
[1663|t+12776ms|ThreadId(2)] [class_dump] cyz → net.minecraft.world.entity.decoration.BlockAttachedEntity
[1664|t+12777ms|ThreadId(2)] [class_dump] cz → net.minecraft.advancements.criterion.RaiderPredicate
[1665|t+12777ms|ThreadId(2)] [class_dump] cza → net.minecraft.world.entity.decoration.GlowItemFrame
[1666|t+12777ms|ThreadId(2)] [class_dump] czb → net.minecraft.world.entity.decoration.HangingEntity
[1667|t+12778ms|ThreadId(2)] [class_dump] czc → net.minecraft.world.entity.decoration.ItemFrame
[1668|t+12778ms|ThreadId(2)] [class_dump] czd → net.minecraft.world.entity.decoration.LeashFenceKnotEntity
[1669|t+12778ms|ThreadId(2)] [class_dump] cze → net.minecraft.world.entity.decoration.Mannequin
[1670|t+12779ms|ThreadId(2)] [class_dump] czg → net.minecraft.world.entity.decoration.painting.Painting
[1671|t+12779ms|ThreadId(2)] [class_dump] czh → net.minecraft.world.entity.decoration.painting.PaintingVariant
[1672|t+12779ms|ThreadId(2)] [class_dump] czk → net.minecraft.world.entity.item.FallingBlockEntity
[1673|t+12780ms|ThreadId(2)] [class_dump] czl → net.minecraft.world.entity.item.ItemEntity
[1674|t+12780ms|ThreadId(2)] [class_dump] czm → net.minecraft.world.entity.item.PrimedTnt
[1675|t+12780ms|ThreadId(2)] [class_dump] czo → net.minecraft.world.entity.monster.Blaze
[1676|t+12781ms|ThreadId(2)] [class_dump] czp → net.minecraft.world.entity.monster.Creeper
[1677|t+12781ms|ThreadId(2)] [class_dump] czq → net.minecraft.world.entity.monster.CrossbowAttackMob
[1678|t+12781ms|ThreadId(2)] [class_dump] czr → net.minecraft.world.entity.monster.ElderGuardian
[1679|t+12782ms|ThreadId(2)] [class_dump] czs → net.minecraft.world.entity.monster.EnderMan
[1680|t+12782ms|ThreadId(2)] [class_dump] czt → net.minecraft.world.entity.monster.Endermite
[1681|t+12782ms|ThreadId(2)] [class_dump] czu → net.minecraft.world.entity.monster.Enemy
[1682|t+12783ms|ThreadId(2)] [class_dump] czv → net.minecraft.world.entity.monster.Ghast
[1683|t+12783ms|ThreadId(2)] [class_dump] czw → net.minecraft.world.entity.monster.Giant
[1684|t+12783ms|ThreadId(2)] [class_dump] czx → net.minecraft.world.entity.monster.Guardian
[1685|t+12784ms|ThreadId(2)] [class_dump] czy → net.minecraft.world.entity.monster.MagmaCube
[1686|t+12784ms|ThreadId(2)] [class_dump] czz → net.minecraft.world.entity.monster.Monster
[1687|t+12785ms|ThreadId(2)] [class_dump] da → net.minecraft.advancements.criterion.RecipeCraftedTrigger
[1688|t+12785ms|ThreadId(2)] [class_dump] daa → net.minecraft.world.entity.monster.PatrollingMonster
[1689|t+12785ms|ThreadId(2)] [class_dump] dab → net.minecraft.world.entity.monster.Phantom
[1690|t+12786ms|ThreadId(2)] [class_dump] dac → net.minecraft.world.entity.monster.RangedAttackMob
[1691|t+12786ms|ThreadId(2)] [class_dump] dad → net.minecraft.world.entity.monster.Ravager
[1692|t+12786ms|ThreadId(2)] [class_dump] dae → net.minecraft.world.entity.monster.Shulker
[1693|t+12787ms|ThreadId(2)] [class_dump] daf → net.minecraft.world.entity.monster.Silverfish
[1694|t+12787ms|ThreadId(2)] [class_dump] dag → net.minecraft.world.entity.monster.Slime
[1695|t+12787ms|ThreadId(2)] [class_dump] dah → net.minecraft.world.entity.monster.Strider
[1696|t+12788ms|ThreadId(2)] [class_dump] dai → net.minecraft.world.entity.monster.Vex
[1697|t+12788ms|ThreadId(2)] [class_dump] daj → net.minecraft.world.entity.monster.Witch
[1698|t+12788ms|ThreadId(2)] [class_dump] dak → net.minecraft.world.entity.monster.Zoglin
[1699|t+12789ms|ThreadId(2)] [class_dump] dal → net.minecraft.world.entity.monster.breeze.Breeze
[1700|t+12789ms|ThreadId(2)] [class_dump] dat → net.minecraft.world.entity.monster.creaking.Creaking
[1701|t+12790ms|ThreadId(2)] [class_dump] daw → net.minecraft.world.entity.monster.hoglin.Hoglin
[1702|t+12790ms|ThreadId(2)] [class_dump] day → net.minecraft.world.entity.monster.hoglin.HoglinBase
[1703|t+12790ms|ThreadId(2)] [class_dump] db → net.minecraft.advancements.criterion.RecipeUnlockedTrigger
[1704|t+12791ms|ThreadId(2)] [class_dump] dba → net.minecraft.world.entity.monster.illager.AbstractIllager
[1705|t+12791ms|ThreadId(2)] [class_dump] dbb → net.minecraft.world.entity.monster.illager.Evoker
[1706|t+12791ms|ThreadId(2)] [class_dump] dbc → net.minecraft.world.entity.monster.illager.Illusioner
[1707|t+12791ms|ThreadId(2)] [class_dump] dbd → net.minecraft.world.entity.monster.illager.Pillager
[1708|t+12792ms|ThreadId(2)] [class_dump] dbe → net.minecraft.world.entity.monster.illager.SpellcasterIllager
[1709|t+12792ms|ThreadId(2)] [class_dump] dbf → net.minecraft.world.entity.monster.illager.Vindicator
[1710|t+12792ms|ThreadId(2)] [class_dump] dbi → net.minecraft.world.entity.monster.piglin.AbstractPiglin
[1711|t+12793ms|ThreadId(2)] [class_dump] dbj → net.minecraft.world.entity.monster.piglin.Piglin
[1712|t+12793ms|ThreadId(2)] [class_dump] dbm → net.minecraft.world.entity.monster.piglin.PiglinBrute
[1713|t+12794ms|ThreadId(2)] [class_dump] dbv → net.minecraft.world.entity.monster.skeleton.AbstractSkeleton
[1714|t+12794ms|ThreadId(2)] [class_dump] dbw → net.minecraft.world.entity.monster.skeleton.Bogged
[1715|t+12794ms|ThreadId(2)] [class_dump] dbx → net.minecraft.world.entity.monster.skeleton.Parched
[1716|t+12795ms|ThreadId(2)] [class_dump] dby → net.minecraft.world.entity.monster.skeleton.Skeleton
[1717|t+12795ms|ThreadId(2)] [class_dump] dbz → net.minecraft.world.entity.monster.skeleton.Stray
[1718|t+12795ms|ThreadId(2)] [class_dump] dc → net.minecraft.advancements.criterion.SheepPredicate
[1719|t+12796ms|ThreadId(2)] [class_dump] dca → net.minecraft.world.entity.monster.skeleton.WitherSkeleton
[1720|t+12796ms|ThreadId(2)] [class_dump] dcc → net.minecraft.world.entity.monster.spider.CaveSpider
[1721|t+12796ms|ThreadId(2)] [class_dump] dcd → net.minecraft.world.entity.monster.spider.Spider
[1722|t+12796ms|ThreadId(2)] [class_dump] dch → net.minecraft.world.entity.monster.warden.Warden
[1723|t+12797ms|ThreadId(2)] [class_dump] dcl → net.minecraft.world.entity.monster.zombie.Drowned
[1724|t+12797ms|ThreadId(2)] [class_dump] dcm → net.minecraft.world.entity.monster.zombie.Husk
[1725|t+12797ms|ThreadId(2)] [class_dump] dcn → net.minecraft.world.entity.monster.zombie.Zombie
[1726|t+12798ms|ThreadId(2)] [class_dump] dco → net.minecraft.world.entity.monster.zombie.ZombieVillager
[1727|t+12798ms|ThreadId(2)] [class_dump] dcp → net.minecraft.world.entity.monster.zombie.ZombifiedPiglin
[1728|t+12798ms|ThreadId(2)] [class_dump] dct → net.minecraft.world.entity.npc.InventoryCarrier
[1729|t+12798ms|ThreadId(2)] [class_dump] dcu → net.minecraft.world.entity.npc.Npc
[1730|t+12799ms|ThreadId(2)] [class_dump] dcw → net.minecraft.world.entity.npc.villager.AbstractVillager
[1731|t+12799ms|ThreadId(2)] [class_dump] dcx → net.minecraft.world.entity.npc.villager.Villager
[1732|t+12799ms|ThreadId(2)] [class_dump] dcy → net.minecraft.world.entity.npc.villager.VillagerData
[1733|t+12800ms|ThreadId(2)] [class_dump] dcz → net.minecraft.world.entity.npc.villager.VillagerDataHolder
[1734|t+12800ms|ThreadId(2)] [class_dump] dd → net.minecraft.advancements.criterion.ShotCrossbowTrigger
[1735|t+12800ms|ThreadId(2)] [class_dump] dda → net.minecraft.world.entity.npc.villager.VillagerProfession
[1736|t+12800ms|ThreadId(2)] [class_dump] ddc → net.minecraft.world.entity.npc.villager.VillagerType
[1737|t+12801ms|ThreadId(2)] [class_dump] dde → net.minecraft.world.entity.npc.wanderingtrader.WanderingTrader
[1738|t+12801ms|ThreadId(2)] [class_dump] ddl → net.minecraft.world.entity.player.Inventory
[1739|t+12801ms|ThreadId(2)] [class_dump] ddm → net.minecraft.world.entity.player.Player
[1740|t+12802ms|ThreadId(2)] [class_dump] ddn → net.minecraft.world.entity.player.PlayerEquipment
[1741|t+12803ms|ThreadId(2)] [class_dump] ddp → net.minecraft.world.entity.player.PlayerModelType
[1742|t+12803ms|ThreadId(2)] [class_dump] ddq → net.minecraft.world.entity.player.PlayerSkin
[1743|t+12804ms|ThreadId(2)] [class_dump] ddw → net.minecraft.world.entity.projectile.EvokerFangs
[1744|t+12804ms|ThreadId(2)] [class_dump] ddx → net.minecraft.world.entity.projectile.EyeOfEnder
[1745|t+12804ms|ThreadId(2)] [class_dump] ddy → net.minecraft.world.entity.projectile.FireworkRocketEntity
[1746|t+12805ms|ThreadId(2)] [class_dump] ddz → net.minecraft.world.entity.projectile.FishingHook
[1747|t+12805ms|ThreadId(2)] [class_dump] de → net.minecraft.advancements.criterion.SimpleCriterionTrigger
[1748|t+12805ms|ThreadId(2)] [class_dump] dea → net.minecraft.world.entity.projectile.ItemSupplier
[1749|t+12806ms|ThreadId(2)] [class_dump] deb → net.minecraft.world.entity.projectile.LlamaSpit
[1750|t+12806ms|ThreadId(2)] [class_dump] dec → net.minecraft.world.entity.projectile.Projectile
[1751|t+12806ms|ThreadId(2)] [class_dump] ded → net.minecraft.world.entity.projectile.ProjectileDeflection
[1752|t+12807ms|ThreadId(2)] [class_dump] def → net.minecraft.world.entity.projectile.ShulkerBullet
[1753|t+12807ms|ThreadId(2)] [class_dump] deg → net.minecraft.world.entity.projectile.ThrowableProjectile
[1754|t+12807ms|ThreadId(2)] [class_dump] deh → net.minecraft.world.entity.projectile.arrow.AbstractArrow
[1755|t+12808ms|ThreadId(2)] [class_dump] dei → net.minecraft.world.entity.projectile.arrow.Arrow
[1756|t+12808ms|ThreadId(2)] [class_dump] dej → net.minecraft.world.entity.projectile.arrow.SpectralArrow
[1757|t+12808ms|ThreadId(2)] [class_dump] dek → net.minecraft.world.entity.projectile.arrow.ThrownTrident
[1758|t+12809ms|ThreadId(2)] [class_dump] dem → net.minecraft.world.entity.projectile.hurtingprojectile.AbstractHurtingProjectile
[1759|t+12809ms|ThreadId(2)] [class_dump] den → net.minecraft.world.entity.projectile.hurtingprojectile.DragonFireball
[1760|t+12809ms|ThreadId(2)] [class_dump] deo → net.minecraft.world.entity.projectile.hurtingprojectile.Fireball
[1761|t+12809ms|ThreadId(2)] [class_dump] dep → net.minecraft.world.entity.projectile.hurtingprojectile.LargeFireball
[1762|t+12810ms|ThreadId(2)] [class_dump] deq → net.minecraft.world.entity.projectile.hurtingprojectile.SmallFireball
[1763|t+12810ms|ThreadId(2)] [class_dump] der → net.minecraft.world.entity.projectile.hurtingprojectile.WitherSkull
[1764|t+12810ms|ThreadId(2)] [class_dump] det → net.minecraft.world.entity.projectile.hurtingprojectile.windcharge.AbstractWindCharge
[1765|t+12811ms|ThreadId(2)] [class_dump] deu → net.minecraft.world.entity.projectile.hurtingprojectile.windcharge.BreezeWindCharge
[1766|t+12811ms|ThreadId(2)] [class_dump] dev → net.minecraft.world.entity.projectile.hurtingprojectile.windcharge.WindCharge
[1767|t+12811ms|ThreadId(2)] [class_dump] dey → net.minecraft.world.entity.projectile.throwableitemprojectile.AbstractThrownPotion
[1768|t+12812ms|ThreadId(2)] [class_dump] dez → net.minecraft.world.entity.projectile.throwableitemprojectile.Snowball
[1769|t+12812ms|ThreadId(2)] [class_dump] df → net.minecraft.advancements.criterion.SingleComponentItemPredicate
[1770|t+12812ms|ThreadId(2)] [class_dump] dfa → net.minecraft.world.entity.projectile.throwableitemprojectile.ThrowableItemProjectile
[1771|t+12812ms|ThreadId(2)] [class_dump] dfb → net.minecraft.world.entity.projectile.throwableitemprojectile.ThrownEgg
[1772|t+12813ms|ThreadId(2)] [class_dump] dfc → net.minecraft.world.entity.projectile.throwableitemprojectile.ThrownEnderpearl
[1773|t+12813ms|ThreadId(2)] [class_dump] dfd → net.minecraft.world.entity.projectile.throwableitemprojectile.ThrownExperienceBottle
[1774|t+12813ms|ThreadId(2)] [class_dump] dfe → net.minecraft.world.entity.projectile.throwableitemprojectile.ThrownLingeringPotion
[1775|t+12814ms|ThreadId(2)] [class_dump] dff → net.minecraft.world.entity.projectile.throwableitemprojectile.ThrownSplashPotion
[1776|t+12814ms|ThreadId(2)] [class_dump] dfi → net.minecraft.world.entity.raid.Raider
[1777|t+12814ms|ThreadId(2)] [class_dump] dfl → net.minecraft.world.entity.schedule.Activity
[1778|t+12815ms|ThreadId(2)] [class_dump] dfn → net.minecraft.world.entity.variant.BiomeCheck
[1779|t+12815ms|ThreadId(2)] [class_dump] dfo → net.minecraft.world.entity.variant.ModelAndTexture
[1780|t+12815ms|ThreadId(2)] [class_dump] dfp → net.minecraft.world.entity.variant.MoonBrightnessCheck
[1781|t+12816ms|ThreadId(2)] [class_dump] dfq → net.minecraft.world.entity.variant.PriorityProvider
[1782|t+12816ms|ThreadId(2)] [class_dump] dfr → net.minecraft.world.entity.variant.SpawnCondition
[1783|t+12816ms|ThreadId(2)] [class_dump] dfs → net.minecraft.world.entity.variant.SpawnConditions
[1784|t+12816ms|ThreadId(2)] [class_dump] dfu → net.minecraft.world.entity.variant.SpawnPrioritySelectors
[1785|t+12817ms|ThreadId(2)] [class_dump] dfv → net.minecraft.world.entity.variant.StructureCheck
[1786|t+12817ms|ThreadId(2)] [class_dump] dfy → net.minecraft.world.entity.vehicle.ContainerEntity
[1787|t+12818ms|ThreadId(2)] [class_dump] dg → net.minecraft.advancements.criterion.SlideDownBlockTrigger
[1788|t+12818ms|ThreadId(2)] [class_dump] dga → net.minecraft.world.entity.vehicle.VehicleEntity
[1789|t+12818ms|ThreadId(2)] [class_dump] dgb → net.minecraft.world.entity.vehicle.boat.AbstractBoat
[1790|t+12821ms|ThreadId(2)] [class_dump] dgc → net.minecraft.world.entity.vehicle.boat.AbstractChestBoat
[1791|t+12821ms|ThreadId(2)] [class_dump] dgd → net.minecraft.world.entity.vehicle.boat.Boat
[1792|t+12822ms|ThreadId(2)] [class_dump] dge → net.minecraft.world.entity.vehicle.boat.ChestBoat
[1793|t+12822ms|ThreadId(2)] [class_dump] dgf → net.minecraft.world.entity.vehicle.boat.ChestRaft
[1794|t+12822ms|ThreadId(2)] [class_dump] dgg → net.minecraft.world.entity.vehicle.boat.Raft
[1795|t+12823ms|ThreadId(2)] [class_dump] dgi → net.minecraft.world.entity.vehicle.minecart.AbstractMinecart
[1796|t+12823ms|ThreadId(2)] [class_dump] dgj → net.minecraft.world.entity.vehicle.minecart.AbstractMinecartContainer
[1797|t+12823ms|ThreadId(2)] [class_dump] dgk → net.minecraft.world.entity.vehicle.minecart.Minecart
[1798|t+12824ms|ThreadId(2)] [class_dump] dgl → net.minecraft.world.entity.vehicle.minecart.MinecartBehavior
[1799|t+12824ms|ThreadId(2)] [class_dump] dgm → net.minecraft.world.entity.vehicle.minecart.MinecartChest
[1800|t+12824ms|ThreadId(2)] [class_dump] dgn → net.minecraft.world.entity.vehicle.minecart.MinecartCommandBlock
[1801|t+12825ms|ThreadId(2)] [class_dump] dgo → net.minecraft.world.entity.vehicle.minecart.MinecartFurnace
[1802|t+12825ms|ThreadId(2)] [class_dump] dgp → net.minecraft.world.entity.vehicle.minecart.MinecartHopper
[1803|t+12825ms|ThreadId(2)] [class_dump] dgq → net.minecraft.world.entity.vehicle.minecart.MinecartSpawner
[1804|t+12826ms|ThreadId(2)] [class_dump] dgr → net.minecraft.world.entity.vehicle.minecart.MinecartTNT
[1805|t+12826ms|ThreadId(2)] [class_dump] dgs → net.minecraft.world.entity.vehicle.minecart.NewMinecartBehavior
[1806|t+12826ms|ThreadId(2)] [class_dump] dgt → net.minecraft.world.entity.vehicle.minecart.OldMinecartBehavior
[1807|t+12827ms|ThreadId(2)] [class_dump] dgw → net.minecraft.world.flag.FeatureElement
[1808|t+12827ms|ThreadId(2)] [class_dump] dgx → net.minecraft.world.flag.FeatureFlag
[1809|t+12827ms|ThreadId(2)] [class_dump] dgy → net.minecraft.world.flag.FeatureFlagRegistry
[1810|t+12828ms|ThreadId(2)] [class_dump] dgz → net.minecraft.world.flag.FeatureFlagSet
[1811|t+12828ms|ThreadId(2)] [class_dump] dh → net.minecraft.advancements.criterion.SlimePredicate
[1812|t+12828ms|ThreadId(2)] [class_dump] dha → net.minecraft.world.flag.FeatureFlagUniverse
[1813|t+12829ms|ThreadId(2)] [class_dump] dhb → net.minecraft.world.flag.FeatureFlags
[1814|t+12829ms|ThreadId(2)] [class_dump] dhd → net.minecraft.world.food.FoodConstants
[1815|t+12829ms|ThreadId(2)] [class_dump] dhf → net.minecraft.world.food.FoodProperties
[1816|t+12830ms|ThreadId(2)] [class_dump] dhg → net.minecraft.world.food.Foods
[1817|t+12830ms|ThreadId(2)] [class_dump] dhi → net.minecraft.world.inventory.AbstractContainerMenu
[1818|t+12830ms|ThreadId(2)] [class_dump] dhj → net.minecraft.world.inventory.AbstractCraftingMenu
[1819|t+12830ms|ThreadId(2)] [class_dump] dhk → net.minecraft.world.inventory.AbstractFurnaceMenu
[1820|t+12831ms|ThreadId(2)] [class_dump] dhm → net.minecraft.world.inventory.AnvilMenu
[1821|t+12831ms|ThreadId(2)] [class_dump] dho → net.minecraft.world.inventory.BeaconMenu
[1822|t+12831ms|ThreadId(2)] [class_dump] dhp → net.minecraft.world.inventory.BlastFurnaceMenu
[1823|t+12832ms|ThreadId(2)] [class_dump] dhq → net.minecraft.world.inventory.BrewingStandMenu
[1824|t+12832ms|ThreadId(2)] [class_dump] dhr → net.minecraft.world.inventory.CartographyTableMenu
[1825|t+12833ms|ThreadId(2)] [class_dump] dhs → net.minecraft.world.inventory.ChestMenu
[1826|t+12833ms|ThreadId(2)] [class_dump] dhv → net.minecraft.world.inventory.ContainerData
[1827|t+12833ms|ThreadId(2)] [class_dump] dhx → net.minecraft.world.inventory.ContainerListener
[1828|t+12834ms|ThreadId(2)] [class_dump] dhz → net.minecraft.world.inventory.CrafterMenu
[1829|t+12834ms|ThreadId(2)] [class_dump] dia → net.minecraft.world.inventory.CrafterSlot
[1830|t+12835ms|ThreadId(2)] [class_dump] dib → net.minecraft.world.inventory.CraftingContainer
[1831|t+12835ms|ThreadId(2)] [class_dump] dic → net.minecraft.world.inventory.CraftingMenu
[1832|t+12835ms|ThreadId(2)] [class_dump] die → net.minecraft.world.inventory.DispenserMenu
[1833|t+12836ms|ThreadId(2)] [class_dump] dif → net.minecraft.world.inventory.EnchantmentMenu
[1834|t+12836ms|ThreadId(2)] [class_dump] dig → net.minecraft.world.inventory.FurnaceFuelSlot
[1835|t+12837ms|ThreadId(2)] [class_dump] dih → net.minecraft.world.inventory.FurnaceMenu
[1836|t+12837ms|ThreadId(2)] [class_dump] dii → net.minecraft.world.inventory.FurnaceResultSlot
[1837|t+12837ms|ThreadId(2)] [class_dump] dij → net.minecraft.world.inventory.GrindstoneMenu
[1838|t+12838ms|ThreadId(2)] [class_dump] dik → net.minecraft.world.inventory.HopperMenu
[1839|t+12838ms|ThreadId(2)] [class_dump] dim → net.minecraft.world.inventory.InventoryMenu
[1840|t+12838ms|ThreadId(2)] [class_dump] din → net.minecraft.world.inventory.ItemCombinerMenu
[1841|t+12839ms|ThreadId(2)] [class_dump] dip → net.minecraft.world.inventory.LecternMenu
[1842|t+12839ms|ThreadId(2)] [class_dump] diq → net.minecraft.world.inventory.LoomMenu
[1843|t+12839ms|ThreadId(2)] [class_dump] dir → net.minecraft.world.inventory.MenuConstructor
[1844|t+12840ms|ThreadId(2)] [class_dump] dis → net.minecraft.world.inventory.MenuType
[1845|t+12840ms|ThreadId(2)] [class_dump] diu → net.minecraft.world.inventory.MerchantMenu
[1846|t+12840ms|ThreadId(2)] [class_dump] div → net.minecraft.world.inventory.MerchantResultSlot
[1847|t+12841ms|ThreadId(2)] [class_dump] dix → net.minecraft.world.inventory.NonInteractiveResultSlot
[1848|t+12841ms|ThreadId(2)] [class_dump] diz → net.minecraft.world.inventory.RecipeBookMenu
[1849|t+12841ms|ThreadId(2)] [class_dump] dj → net.minecraft.advancements.criterion.SpearMobsTrigger
[1850|t+12842ms|ThreadId(2)] [class_dump] djb → net.minecraft.world.inventory.RecipeCraftingHolder
[1851|t+12842ms|ThreadId(2)] [class_dump] djd → net.minecraft.world.inventory.ResultContainer
[1852|t+12843ms|ThreadId(2)] [class_dump] dje → net.minecraft.world.inventory.ResultSlot
[1853|t+12843ms|ThreadId(2)] [class_dump] djf → net.minecraft.world.inventory.ShulkerBoxMenu
[1854|t+12843ms|ThreadId(2)] [class_dump] djg → net.minecraft.world.inventory.ShulkerBoxSlot
[1855|t+12844ms|ThreadId(2)] [class_dump] dji → net.minecraft.world.inventory.Slot
[1856|t+12844ms|ThreadId(2)] [class_dump] djj → net.minecraft.world.inventory.SlotRange
[1857|t+12845ms|ThreadId(2)] [class_dump] djk → net.minecraft.world.inventory.SlotRanges
[1858|t+12845ms|ThreadId(2)] [class_dump] djl → net.minecraft.world.inventory.SmithingMenu
[1859|t+12845ms|ThreadId(2)] [class_dump] djm → net.minecraft.world.inventory.SmokerMenu
[1860|t+12846ms|ThreadId(2)] [class_dump] djn → net.minecraft.world.inventory.StackedContentsCompatible
[1861|t+12846ms|ThreadId(2)] [class_dump] djo → net.minecraft.world.inventory.StonecutterMenu
[1862|t+12847ms|ThreadId(2)] [class_dump] djs → net.minecraft.world.inventory.tooltip.TooltipComponent
[1863|t+12847ms|ThreadId(2)] [class_dump] dju → net.minecraft.world.item.AdventureModePredicate
[1864|t+12847ms|ThreadId(2)] [class_dump] djv → net.minecraft.world.item.AirItem
[1865|t+12848ms|ThreadId(2)] [class_dump] djw → net.minecraft.world.item.ArmorStandItem
[1866|t+12848ms|ThreadId(2)] [class_dump] djx → net.minecraft.world.item.ArrowItem
[1867|t+12849ms|ThreadId(2)] [class_dump] djy → net.minecraft.world.item.AxeItem
[1868|t+12849ms|ThreadId(2)] [class_dump] djz → net.minecraft.world.item.BannerItem
[1869|t+12849ms|ThreadId(2)] [class_dump] dk → net.minecraft.advancements.criterion.StartRidingTrigger
[1870|t+12850ms|ThreadId(2)] [class_dump] dka → net.minecraft.world.item.BedItem
[1871|t+12851ms|ThreadId(2)] [class_dump] dkb → net.minecraft.world.item.BlockItem
[1872|t+12852ms|ThreadId(2)] [class_dump] dkc → net.minecraft.world.item.BoatItem
[1873|t+12852ms|ThreadId(2)] [class_dump] dkd → net.minecraft.world.item.BoneMealItem
[1874|t+12852ms|ThreadId(2)] [class_dump] dke → net.minecraft.world.item.BottleItem
[1875|t+12853ms|ThreadId(2)] [class_dump] dkf → net.minecraft.world.item.BowItem
[1876|t+12854ms|ThreadId(2)] [class_dump] dkg → net.minecraft.world.item.BrushItem
[1877|t+12855ms|ThreadId(2)] [class_dump] dkh → net.minecraft.world.item.BucketItem
[1878|t+12855ms|ThreadId(2)] [class_dump] dki → net.minecraft.world.item.BundleItem
[1879|t+12856ms|ThreadId(2)] [class_dump] dkj → net.minecraft.world.item.CompassItem
[1880|t+12856ms|ThreadId(2)] [class_dump] dkk → net.minecraft.world.item.CreativeModeTab
[1881|t+12856ms|ThreadId(2)] [class_dump] dkl → net.minecraft.world.item.CreativeModeTabs
[1882|t+12857ms|ThreadId(2)] [class_dump] dkm → net.minecraft.world.item.CrossbowItem
[1883|t+12857ms|ThreadId(2)] [class_dump] dkn → net.minecraft.world.item.DebugStickItem
[1884|t+12857ms|ThreadId(2)] [class_dump] dko → net.minecraft.world.item.DiscFragmentItem
[1885|t+12858ms|ThreadId(2)] [class_dump] dkp → net.minecraft.world.item.DispensibleContainerItem
[1886|t+12858ms|ThreadId(2)] [class_dump] dkq → net.minecraft.world.item.DoubleHighBlockItem
[1887|t+12858ms|ThreadId(2)] [class_dump] dkr → net.minecraft.world.item.DyeColor
[1888|t+12859ms|ThreadId(2)] [class_dump] dks → net.minecraft.world.item.DyeItem
[1889|t+12859ms|ThreadId(2)] [class_dump] dkt → net.minecraft.world.item.EggItem
[1890|t+12859ms|ThreadId(2)] [class_dump] dku → net.minecraft.world.item.EitherHolder
[1891|t+12860ms|ThreadId(2)] [class_dump] dkv → net.minecraft.world.item.EmptyMapItem
[1892|t+12860ms|ThreadId(2)] [class_dump] dkw → net.minecraft.world.item.EndCrystalItem
[1893|t+12860ms|ThreadId(2)] [class_dump] dkx → net.minecraft.world.item.EnderEyeItem
[1894|t+12861ms|ThreadId(2)] [class_dump] dky → net.minecraft.world.item.EnderpearlItem
[1895|t+12861ms|ThreadId(2)] [class_dump] dkz → net.minecraft.world.item.ExperienceBottleItem
[1896|t+12861ms|ThreadId(2)] [class_dump] dl → net.minecraft.advancements.criterion.StatePropertiesPredicate
[1897|t+12862ms|ThreadId(2)] [class_dump] dla → net.minecraft.world.item.FireChargeItem
[1898|t+12862ms|ThreadId(2)] [class_dump] dlb → net.minecraft.world.item.FireworkRocketItem
[1899|t+12863ms|ThreadId(2)] [class_dump] dlc → net.minecraft.world.item.FishingRodItem
[1900|t+12864ms|ThreadId(2)] [class_dump] dld → net.minecraft.world.item.FlintAndSteelItem
[1901|t+12864ms|ThreadId(2)] [class_dump] dle → net.minecraft.world.item.FoodOnAStickItem
[1902|t+12865ms|ThreadId(2)] [class_dump] dlf → net.minecraft.world.item.GameMasterBlockItem
[1903|t+12866ms|ThreadId(2)] [class_dump] dlg → net.minecraft.world.item.GlowInkSacItem
[1904|t+12866ms|ThreadId(2)] [class_dump] dlh → net.minecraft.world.item.HangingEntityItem
[1905|t+12868ms|ThreadId(2)] [class_dump] dli → net.minecraft.world.item.HangingSignItem
[1906|t+12868ms|ThreadId(2)] [class_dump] dlj → net.minecraft.world.item.HoeItem
[1907|t+12869ms|ThreadId(2)] [class_dump] dlk → net.minecraft.world.item.HoneycombItem
[1908|t+12869ms|ThreadId(2)] [class_dump] dll → net.minecraft.world.item.InkSacItem
[1909|t+12870ms|ThreadId(2)] [class_dump] dlm → net.minecraft.world.item.Instrument
[1910|t+12871ms|ThreadId(2)] [class_dump] dln → net.minecraft.world.item.InstrumentItem
[1911|t+12871ms|ThreadId(2)] [class_dump] dlo → net.minecraft.world.item.Instruments
[1912|t+12872ms|ThreadId(2)] [class_dump] dlp → net.minecraft.world.item.Item
[1913|t+12872ms|ThreadId(2)] [class_dump] dlr → net.minecraft.world.item.ItemDisplayContext
[1914|t+12872ms|ThreadId(2)] [class_dump] dls → net.minecraft.world.item.ItemFrameItem
[1915|t+12873ms|ThreadId(2)] [class_dump] dlt → net.minecraft.world.item.ItemStack
[1916|t+12873ms|ThreadId(2)] [class_dump] dlu → net.minecraft.world.item.ItemStackLinkedSet
[1917|t+12875ms|ThreadId(2)] [class_dump] dlv → net.minecraft.world.item.ItemUseAnimation
[1918|t+12876ms|ThreadId(2)] [class_dump] dlx → net.minecraft.world.item.Items
[1919|t+12877ms|ThreadId(2)] [class_dump] dly → net.minecraft.world.item.JukeboxPlayable
[1920|t+12878ms|ThreadId(2)] [class_dump] dlz → net.minecraft.world.item.JukeboxSong
[1921|t+12880ms|ThreadId(2)] [class_dump] dm → net.minecraft.advancements.criterion.SummonedEntityTrigger
[1922|t+12881ms|ThreadId(2)] [class_dump] dmb → net.minecraft.world.item.JukeboxSongs
[1923|t+12883ms|ThreadId(2)] [class_dump] dmc → net.minecraft.world.item.KnowledgeBookItem
[1924|t+12886ms|ThreadId(2)] [class_dump] dmd → net.minecraft.world.item.LeadItem
[1925|t+12887ms|ThreadId(2)] [class_dump] dme → net.minecraft.world.item.LingeringPotionItem
[1926|t+12887ms|ThreadId(2)] [class_dump] dmf → net.minecraft.world.item.MaceItem
[1927|t+12888ms|ThreadId(2)] [class_dump] dmg → net.minecraft.world.item.MapItem
[1928|t+12889ms|ThreadId(2)] [class_dump] dmh → net.minecraft.world.item.MinecartItem
[1929|t+12889ms|ThreadId(2)] [class_dump] dmi → net.minecraft.world.item.MobBucketItem
[1930|t+12890ms|ThreadId(2)] [class_dump] dmj → net.minecraft.world.item.NameTagItem
[1931|t+12890ms|ThreadId(2)] [class_dump] dmk → net.minecraft.world.item.PlaceOnWaterBlockItem
[1932|t+12890ms|ThreadId(2)] [class_dump] dml → net.minecraft.world.item.PlayerHeadItem
[1933|t+12891ms|ThreadId(2)] [class_dump] dmm → net.minecraft.world.item.PotionItem
[1934|t+12891ms|ThreadId(2)] [class_dump] dmn → net.minecraft.world.item.ProjectileItem
[1935|t+12891ms|ThreadId(2)] [class_dump] dmo → net.minecraft.world.item.ProjectileWeaponItem
[1936|t+12892ms|ThreadId(2)] [class_dump] dmp → net.minecraft.world.item.Rarity
[1937|t+12892ms|ThreadId(2)] [class_dump] dmq → net.minecraft.world.item.ScaffoldingBlockItem
[1938|t+12892ms|ThreadId(2)] [class_dump] dms → net.minecraft.world.item.ShearsItem
[1939|t+12893ms|ThreadId(2)] [class_dump] dmt → net.minecraft.world.item.ShieldItem
[1940|t+12893ms|ThreadId(2)] [class_dump] dmu → net.minecraft.world.item.ShovelItem
[1941|t+12893ms|ThreadId(2)] [class_dump] dmv → net.minecraft.world.item.SignApplicator
[1942|t+12893ms|ThreadId(2)] [class_dump] dmw → net.minecraft.world.item.SignItem
[1943|t+12894ms|ThreadId(2)] [class_dump] dmx → net.minecraft.world.item.SmithingTemplateItem
[1944|t+12894ms|ThreadId(2)] [class_dump] dmy → net.minecraft.world.item.SnowballItem
[1945|t+12895ms|ThreadId(2)] [class_dump] dmz → net.minecraft.world.item.SolidBucketItem
[1946|t+12895ms|ThreadId(2)] [class_dump] dn → net.minecraft.advancements.criterion.TagPredicate
[1947|t+12895ms|ThreadId(2)] [class_dump] dna → net.minecraft.world.item.SpawnEggItem
[1948|t+12896ms|ThreadId(2)] [class_dump] dnb → net.minecraft.world.item.SpectralArrowItem
[1949|t+12896ms|ThreadId(2)] [class_dump] dnc → net.minecraft.world.item.SplashPotionItem
[1950|t+12897ms|ThreadId(2)] [class_dump] dnd → net.minecraft.world.item.SpyglassItem
[1951|t+12897ms|ThreadId(2)] [class_dump] dne → net.minecraft.world.item.StandingAndWallBlockItem
[1952|t+12897ms|ThreadId(2)] [class_dump] dnf → net.minecraft.world.item.SwingAnimationType
[1953|t+12898ms|ThreadId(2)] [class_dump] dng → net.minecraft.world.item.ThrowablePotionItem
[1954|t+12898ms|ThreadId(2)] [class_dump] dnh → net.minecraft.world.item.TippedArrowItem
[1955|t+12898ms|ThreadId(2)] [class_dump] dni → net.minecraft.world.item.ToolMaterial
[1956|t+12898ms|ThreadId(2)] [class_dump] dnj → net.minecraft.world.item.TooltipFlag
[1957|t+12899ms|ThreadId(2)] [class_dump] dnk → net.minecraft.world.item.TridentItem
[1958|t+12899ms|ThreadId(2)] [class_dump] dnl → net.minecraft.world.item.WeatheringCopperItems
[1959|t+12899ms|ThreadId(2)] [class_dump] dnm → net.minecraft.world.item.WindChargeItem
[1960|t+12900ms|ThreadId(2)] [class_dump] dnn → net.minecraft.world.item.WritableBookItem
[1961|t+12900ms|ThreadId(2)] [class_dump] dno → net.minecraft.world.item.WrittenBookItem
[1962|t+12900ms|ThreadId(2)] [class_dump] dnp → net.minecraft.world.item.alchemy.Potion
[1963|t+12901ms|ThreadId(2)] [class_dump] dnr → net.minecraft.world.item.alchemy.PotionContents
[1964|t+12901ms|ThreadId(2)] [class_dump] dns → net.minecraft.world.item.alchemy.Potions
[1965|t+12901ms|ThreadId(2)] [class_dump] dnu → net.minecraft.world.item.component.AttackRange
[1966|t+12902ms|ThreadId(2)] [class_dump] dnv → net.minecraft.world.item.component.Bees
[1967|t+12903ms|ThreadId(2)] [class_dump] dnw → net.minecraft.world.item.component.BlockItemStateProperties
[1968|t+12904ms|ThreadId(2)] [class_dump] dnx → net.minecraft.world.item.component.BlocksAttacks
[1969|t+12904ms|ThreadId(2)] [class_dump] dny → net.minecraft.world.item.component.BookContent
[1970|t+12905ms|ThreadId(2)] [class_dump] dnz → net.minecraft.world.item.component.BundleContents
[1971|t+12905ms|ThreadId(2)] [class_dump] doa → net.minecraft.world.item.component.ChargedProjectiles
[1972|t+12905ms|ThreadId(2)] [class_dump] dob → net.minecraft.world.item.component.Consumable
[1973|t+12906ms|ThreadId(2)] [class_dump] doc → net.minecraft.world.item.component.ConsumableListener
[1974|t+12906ms|ThreadId(2)] [class_dump] dod → net.minecraft.world.item.component.Consumables
[1975|t+12906ms|ThreadId(2)] [class_dump] doe → net.minecraft.world.item.component.CustomData
[1976|t+12907ms|ThreadId(2)] [class_dump] dof → net.minecraft.world.item.component.CustomModelData
[1977|t+12907ms|ThreadId(2)] [class_dump] dog → net.minecraft.world.item.component.DamageResistant
[1978|t+12907ms|ThreadId(2)] [class_dump] doh → net.minecraft.world.item.component.DeathProtection
[1979|t+12908ms|ThreadId(2)] [class_dump] doi → net.minecraft.world.item.component.DebugStickState
[1980|t+12908ms|ThreadId(2)] [class_dump] doj → net.minecraft.world.item.component.DyedItemColor
[1981|t+12909ms|ThreadId(2)] [class_dump] dok → net.minecraft.world.item.component.FireworkExplosion
[1982|t+12909ms|ThreadId(2)] [class_dump] dol → net.minecraft.world.item.component.Fireworks
[1983|t+12910ms|ThreadId(2)] [class_dump] dom → net.minecraft.world.item.component.InstrumentComponent
[1984|t+12910ms|ThreadId(2)] [class_dump] don → net.minecraft.world.item.component.ItemAttributeModifiers
[1985|t+12911ms|ThreadId(2)] [class_dump] doo → net.minecraft.world.item.component.ItemContainerContents
[1986|t+12912ms|ThreadId(2)] [class_dump] dop → net.minecraft.world.item.component.ItemLore
[1987|t+12913ms|ThreadId(2)] [class_dump] doq → net.minecraft.world.item.component.KineticWeapon
[1988|t+12913ms|ThreadId(2)] [class_dump] dor → net.minecraft.world.item.component.LodestoneTracker
[1989|t+12914ms|ThreadId(2)] [class_dump] dos → net.minecraft.world.item.component.MapDecorations
[1990|t+12915ms|ThreadId(2)] [class_dump] dot → net.minecraft.world.item.component.MapItemColor
[1991|t+12915ms|ThreadId(2)] [class_dump] dou → net.minecraft.world.item.component.MapPostProcessing
[1992|t+12917ms|ThreadId(2)] [class_dump] dov → net.minecraft.world.item.component.OminousBottleAmplifier
[1993|t+12919ms|ThreadId(2)] [class_dump] dow → net.minecraft.world.item.component.PiercingWeapon
[1994|t+12920ms|ThreadId(2)] [class_dump] dox → net.minecraft.world.item.component.ProvidesTrimMaterial
[1995|t+12922ms|ThreadId(2)] [class_dump] doy → net.minecraft.world.item.component.ResolvableProfile
[1996|t+12923ms|ThreadId(2)] [class_dump] doz → net.minecraft.world.item.component.SeededContainerLoot
[1997|t+12923ms|ThreadId(2)] [class_dump] dp → net.minecraft.advancements.criterion.TameAnimalTrigger
[1998|t+12924ms|ThreadId(2)] [class_dump] dpa → net.minecraft.world.item.component.SuspiciousStewEffects
[1999|t+12925ms|ThreadId(2)] [class_dump] dpb → net.minecraft.world.item.component.SwingAnimation
[2000|t+12925ms|ThreadId(2)] [class_dump] dpc → net.minecraft.world.item.component.Tool
[2001|t+12926ms|ThreadId(2)] [class_dump] dpd → net.minecraft.world.item.component.TooltipDisplay
[2002|t+12927ms|ThreadId(2)] [class_dump] dpe → net.minecraft.world.item.component.TooltipProvider
[2003|t+12927ms|ThreadId(2)] [class_dump] dpf → net.minecraft.world.item.component.TypedEntityData
[2004|t+12928ms|ThreadId(2)] [class_dump] dpg → net.minecraft.world.item.component.UseCooldown
[2005|t+12929ms|ThreadId(2)] [class_dump] dph → net.minecraft.world.item.component.UseEffects
[2006|t+12930ms|ThreadId(2)] [class_dump] dpi → net.minecraft.world.item.component.UseRemainder
[2007|t+12931ms|ThreadId(2)] [class_dump] dpj → net.minecraft.world.item.component.Weapon
[2008|t+12932ms|ThreadId(2)] [class_dump] dpk → net.minecraft.world.item.component.WritableBookContent
[2009|t+12933ms|ThreadId(2)] [class_dump] dpl → net.minecraft.world.item.component.WrittenBookContent
[2010|t+12933ms|ThreadId(2)] [class_dump] dpn → net.minecraft.world.item.consume_effects.ApplyStatusEffectsConsumeEffect
[2011|t+12934ms|ThreadId(2)] [class_dump] dpo → net.minecraft.world.item.consume_effects.ClearAllStatusEffectsConsumeEffect
[2012|t+12934ms|ThreadId(2)] [class_dump] dpp → net.minecraft.world.item.consume_effects.ConsumeEffect
[2013|t+12935ms|ThreadId(2)] [class_dump] dpq → net.minecraft.world.item.consume_effects.PlaySoundConsumeEffect
[2014|t+12935ms|ThreadId(2)] [class_dump] dpr → net.minecraft.world.item.consume_effects.RemoveStatusEffectsConsumeEffect
[2015|t+12935ms|ThreadId(2)] [class_dump] dps → net.minecraft.world.item.consume_effects.TeleportRandomlyConsumeEffect
[2016|t+12936ms|ThreadId(2)] [class_dump] dpu → net.minecraft.world.item.context.BlockPlaceContext
[2017|t+12936ms|ThreadId(2)] [class_dump] dpv → net.minecraft.world.item.context.DirectionalPlaceContext
[2018|t+12938ms|ThreadId(2)] [class_dump] dpw → net.minecraft.world.item.context.UseOnContext
[2019|t+12939ms|ThreadId(2)] [class_dump] dpy → net.minecraft.world.item.crafting.AbstractCookingRecipe
[2020|t+12939ms|ThreadId(2)] [class_dump] dpz → net.minecraft.world.item.crafting.ArmorDyeRecipe
[2021|t+12940ms|ThreadId(2)] [class_dump] dq → net.minecraft.advancements.criterion.TargetBlockTrigger
[2022|t+12940ms|ThreadId(2)] [class_dump] dqa → net.minecraft.world.item.crafting.BannerDuplicateRecipe
[2023|t+12941ms|ThreadId(2)] [class_dump] dqb → net.minecraft.world.item.crafting.BlastingRecipe
[2024|t+12941ms|ThreadId(2)] [class_dump] dqc → net.minecraft.world.item.crafting.BookCloningRecipe
[2025|t+12942ms|ThreadId(2)] [class_dump] dqd → net.minecraft.world.item.crafting.CampfireCookingRecipe
[2026|t+12944ms|ThreadId(2)] [class_dump] dqe → net.minecraft.world.item.crafting.CookingBookCategory
[2027|t+12944ms|ThreadId(2)] [class_dump] dqf → net.minecraft.world.item.crafting.CraftingBookCategory
[2028|t+12945ms|ThreadId(2)] [class_dump] dqh → net.minecraft.world.item.crafting.CraftingRecipe
[2029|t+12945ms|ThreadId(2)] [class_dump] dqi → net.minecraft.world.item.crafting.CustomRecipe
[2030|t+12945ms|ThreadId(2)] [class_dump] dqj → net.minecraft.world.item.crafting.DecoratedPotRecipe
[2031|t+12946ms|ThreadId(2)] [class_dump] dqk → net.minecraft.world.item.crafting.ExtendedRecipeBookCategory
[2032|t+12949ms|ThreadId(2)] [class_dump] dql → net.minecraft.world.item.crafting.FireworkRocketRecipe
[2033|t+12950ms|ThreadId(2)] [class_dump] dqm → net.minecraft.world.item.crafting.FireworkStarFadeRecipe
[2034|t+12951ms|ThreadId(2)] [class_dump] dqn → net.minecraft.world.item.crafting.FireworkStarRecipe
[2035|t+12952ms|ThreadId(2)] [class_dump] dqo → net.minecraft.world.item.crafting.Ingredient
[2036|t+12952ms|ThreadId(2)] [class_dump] dqp → net.minecraft.world.item.crafting.MapCloningRecipe
[2037|t+12953ms|ThreadId(2)] [class_dump] dqq → net.minecraft.world.item.crafting.MapExtendingRecipe
[2038|t+12953ms|ThreadId(2)] [class_dump] dqs → net.minecraft.world.item.crafting.Recipe
[2039|t+12953ms|ThreadId(2)] [class_dump] dqt → net.minecraft.world.item.crafting.RecipeAccess
[2040|t+12954ms|ThreadId(2)] [class_dump] dqu → net.minecraft.world.item.crafting.RecipeBookCategories
[2041|t+12955ms|ThreadId(2)] [class_dump] dqv → net.minecraft.world.item.crafting.RecipeBookCategory
[2042|t+12955ms|ThreadId(2)] [class_dump] dqw → net.minecraft.world.item.crafting.RecipeCache
[2043|t+12956ms|ThreadId(2)] [class_dump] dqy → net.minecraft.world.item.crafting.RecipeInput
[2044|t+12956ms|ThreadId(2)] [class_dump] dr → net.minecraft.advancements.criterion.TradeTrigger
[2045|t+12957ms|ThreadId(2)] [class_dump] drc → net.minecraft.world.item.crafting.RecipeSerializer
[2046|t+12957ms|ThreadId(2)] [class_dump] drd → net.minecraft.world.item.crafting.RecipeType
[2047|t+12958ms|ThreadId(2)] [class_dump] dre → net.minecraft.world.item.crafting.RepairItemRecipe
[2048|t+12959ms|ThreadId(2)] [class_dump] drg → net.minecraft.world.item.crafting.ShapedRecipe
[2049|t+12960ms|ThreadId(2)] [class_dump] drh → net.minecraft.world.item.crafting.ShapedRecipePattern
[2050|t+12960ms|ThreadId(2)] [class_dump] dri → net.minecraft.world.item.crafting.ShapelessRecipe
[2051|t+12960ms|ThreadId(2)] [class_dump] drj → net.minecraft.world.item.crafting.ShieldDecorationRecipe
[2052|t+12961ms|ThreadId(2)] [class_dump] drk → net.minecraft.world.item.crafting.SingleItemRecipe
[2053|t+12961ms|ThreadId(2)] [class_dump] drm → net.minecraft.world.item.crafting.SmeltingRecipe
[2054|t+12961ms|ThreadId(2)] [class_dump] drn → net.minecraft.world.item.crafting.SmithingRecipe
[2055|t+12962ms|ThreadId(2)] [class_dump] drp → net.minecraft.world.item.crafting.SmithingTransformRecipe
[2056|t+12962ms|ThreadId(2)] [class_dump] drq → net.minecraft.world.item.crafting.SmithingTrimRecipe
[2057|t+12962ms|ThreadId(2)] [class_dump] drr → net.minecraft.world.item.crafting.SmokingRecipe
[2058|t+12963ms|ThreadId(2)] [class_dump] drs → net.minecraft.world.item.crafting.StonecutterRecipe
[2059|t+12963ms|ThreadId(2)] [class_dump] drt → net.minecraft.world.item.crafting.TippedArrowRecipe
[2060|t+12963ms|ThreadId(2)] [class_dump] dru → net.minecraft.world.item.crafting.TransmuteRecipe
[2061|t+12964ms|ThreadId(2)] [class_dump] drv → net.minecraft.world.item.crafting.TransmuteResult
[2062|t+12966ms|ThreadId(2)] [class_dump] drw → net.minecraft.world.item.crafting.display.DisplayContentsFactory
[2063|t+12966ms|ThreadId(2)] [class_dump] drx → net.minecraft.world.item.crafting.display.FurnaceRecipeDisplay
[2064|t+12967ms|ThreadId(2)] [class_dump] dry → net.minecraft.world.item.crafting.display.RecipeDisplay
[2065|t+12967ms|ThreadId(2)] [class_dump] ds → net.minecraft.advancements.criterion.UsedEnderEyeTrigger
[2066|t+12967ms|ThreadId(2)] [class_dump] dsb → net.minecraft.world.item.crafting.display.RecipeDisplays
[2067|t+12968ms|ThreadId(2)] [class_dump] dsc → net.minecraft.world.item.crafting.display.ShapedCraftingRecipeDisplay
[2068|t+12968ms|ThreadId(2)] [class_dump] dsd → net.minecraft.world.item.crafting.display.ShapelessCraftingRecipeDisplay
[2069|t+12968ms|ThreadId(2)] [class_dump] dse → net.minecraft.world.item.crafting.display.SlotDisplay
[2070|t+12968ms|ThreadId(2)] [class_dump] dsg → net.minecraft.world.item.crafting.display.SlotDisplays
[2071|t+12969ms|ThreadId(2)] [class_dump] dsh → net.minecraft.world.item.crafting.display.SmithingRecipeDisplay
[2072|t+12969ms|ThreadId(2)] [class_dump] dsi → net.minecraft.world.item.crafting.display.StonecutterRecipeDisplay
[2073|t+12969ms|ThreadId(2)] [class_dump] dsl → net.minecraft.world.item.enchantment.ConditionalEffect
[2074|t+12970ms|ThreadId(2)] [class_dump] dsm → net.minecraft.world.item.enchantment.Enchantable
[2075|t+12970ms|ThreadId(2)] [class_dump] dso → net.minecraft.world.item.enchantment.Enchantment
[2076|t+12971ms|ThreadId(2)] [class_dump] dsp → net.minecraft.world.item.enchantment.EnchantmentEffectComponents
[2077|t+12971ms|ThreadId(2)] [class_dump] dss → net.minecraft.world.item.enchantment.EnchantmentTarget
[2078|t+12971ms|ThreadId(2)] [class_dump] dsu → net.minecraft.world.item.enchantment.ItemEnchantments
[2079|t+12972ms|ThreadId(2)] [class_dump] dsv → net.minecraft.world.item.enchantment.LevelBasedValue
[2080|t+12972ms|ThreadId(2)] [class_dump] dsw → net.minecraft.world.item.enchantment.Repairable
[2081|t+12972ms|ThreadId(2)] [class_dump] dsx → net.minecraft.world.item.enchantment.TargetedConditionalEffect
[2082|t+12973ms|ThreadId(2)] [class_dump] dsy → net.minecraft.world.item.enchantment.effects.AddValue
[2083|t+12974ms|ThreadId(2)] [class_dump] dsz → net.minecraft.world.item.enchantment.effects.AllOf
[2084|t+12974ms|ThreadId(2)] [class_dump] dt → net.minecraft.advancements.criterion.UsedTotemTrigger
[2085|t+12974ms|ThreadId(2)] [class_dump] dta → net.minecraft.world.item.enchantment.effects.ApplyEntityImpulse
[2086|t+12975ms|ThreadId(2)] [class_dump] dtb → net.minecraft.world.item.enchantment.effects.ApplyExhaustion
[2087|t+12975ms|ThreadId(2)] [class_dump] dtc → net.minecraft.world.item.enchantment.effects.ApplyMobEffect
[2088|t+12975ms|ThreadId(2)] [class_dump] dtd → net.minecraft.world.item.enchantment.effects.ChangeItemDamage
[2089|t+12976ms|ThreadId(2)] [class_dump] dte → net.minecraft.world.item.enchantment.effects.DamageEntity
[2090|t+12976ms|ThreadId(2)] [class_dump] dtf → net.minecraft.world.item.enchantment.effects.DamageImmunity
[2091|t+12976ms|ThreadId(2)] [class_dump] dtg → net.minecraft.world.item.enchantment.effects.EnchantmentAttributeEffect
[2092|t+12978ms|ThreadId(2)] [class_dump] dth → net.minecraft.world.item.enchantment.effects.EnchantmentEntityEffect
[2093|t+12978ms|ThreadId(2)] [class_dump] dti → net.minecraft.world.item.enchantment.effects.EnchantmentLocationBasedEffect
[2094|t+12978ms|ThreadId(2)] [class_dump] dtj → net.minecraft.world.item.enchantment.effects.EnchantmentValueEffect
[2095|t+12979ms|ThreadId(2)] [class_dump] dtk → net.minecraft.world.item.enchantment.effects.ExplodeEffect
[2096|t+12979ms|ThreadId(2)] [class_dump] dtl → net.minecraft.world.item.enchantment.effects.Ignite
[2097|t+12979ms|ThreadId(2)] [class_dump] dtm → net.minecraft.world.item.enchantment.effects.MultiplyValue
[2098|t+12980ms|ThreadId(2)] [class_dump] dtn → net.minecraft.world.item.enchantment.effects.PlaySoundEffect
[2099|t+12980ms|ThreadId(2)] [class_dump] dto → net.minecraft.world.item.enchantment.effects.RemoveBinomial
[2100|t+12980ms|ThreadId(2)] [class_dump] dtp → net.minecraft.world.item.enchantment.effects.ReplaceBlock
[2101|t+12981ms|ThreadId(2)] [class_dump] dtq → net.minecraft.world.item.enchantment.effects.ReplaceDisk
[2102|t+12981ms|ThreadId(2)] [class_dump] dtr → net.minecraft.world.item.enchantment.effects.RunFunction
[2103|t+12981ms|ThreadId(2)] [class_dump] dts → net.minecraft.world.item.enchantment.effects.ScaleExponentially
[2104|t+12982ms|ThreadId(2)] [class_dump] dtt → net.minecraft.world.item.enchantment.effects.SetBlockProperties
[2105|t+12982ms|ThreadId(2)] [class_dump] dtu → net.minecraft.world.item.enchantment.effects.SetValue
[2106|t+12983ms|ThreadId(2)] [class_dump] dtv → net.minecraft.world.item.enchantment.effects.SpawnParticlesEffect
[2107|t+12983ms|ThreadId(2)] [class_dump] dtw → net.minecraft.world.item.enchantment.effects.SummonEntityEffect
[2108|t+12983ms|ThreadId(2)] [class_dump] dtz → net.minecraft.world.item.enchantment.providers.EnchantmentProvider
[2109|t+12984ms|ThreadId(2)] [class_dump] du → net.minecraft.advancements.criterion.UsingItemTrigger
[2110|t+12984ms|ThreadId(2)] [class_dump] dua → net.minecraft.world.item.enchantment.providers.EnchantmentProviderTypes
[2111|t+12984ms|ThreadId(2)] [class_dump] dub → net.minecraft.world.item.enchantment.providers.EnchantmentsByCost
[2112|t+12985ms|ThreadId(2)] [class_dump] duc → net.minecraft.world.item.enchantment.providers.EnchantmentsByCostWithDifficulty
[2113|t+12985ms|ThreadId(2)] [class_dump] dud → net.minecraft.world.item.enchantment.providers.SingleEnchantment
[2114|t+12985ms|ThreadId(2)] [class_dump] dui → net.minecraft.world.item.equipment.ArmorMaterial
[2115|t+12985ms|ThreadId(2)] [class_dump] duj → net.minecraft.world.item.equipment.ArmorMaterials
[2116|t+12986ms|ThreadId(2)] [class_dump] duk → net.minecraft.world.item.equipment.ArmorType
[2117|t+12986ms|ThreadId(2)] [class_dump] dum → net.minecraft.world.item.equipment.EquipmentAssets
[2118|t+12986ms|ThreadId(2)] [class_dump] dun → net.minecraft.world.item.equipment.Equippable
[2119|t+12987ms|ThreadId(2)] [class_dump] dup → net.minecraft.world.item.equipment.trim.ArmorTrim
[2120|t+12987ms|ThreadId(2)] [class_dump] duq → net.minecraft.world.item.equipment.trim.MaterialAssetGroup
[2121|t+12987ms|ThreadId(2)] [class_dump] dur → net.minecraft.world.item.equipment.trim.TrimMaterial
[2122|t+12988ms|ThreadId(2)] [class_dump] dus → net.minecraft.world.item.equipment.trim.TrimMaterials
[2123|t+12988ms|ThreadId(2)] [class_dump] dut → net.minecraft.world.item.equipment.trim.TrimPattern
[2124|t+12989ms|ThreadId(2)] [class_dump] dux → net.minecraft.world.item.slot.CompositeSlotSource
[2125|t+12989ms|ThreadId(2)] [class_dump] duy → net.minecraft.world.item.slot.ContentsSlotSource
[2126|t+12989ms|ThreadId(2)] [class_dump] duz → net.minecraft.world.item.slot.EmptySlotSource
[2127|t+12990ms|ThreadId(2)] [class_dump] dva → net.minecraft.world.item.slot.FilteredSlotSource
[2128|t+12990ms|ThreadId(2)] [class_dump] dvb → net.minecraft.world.item.slot.GroupSlotSource
[2129|t+12990ms|ThreadId(2)] [class_dump] dvc → net.minecraft.world.item.slot.LimitSlotSource
[2130|t+12991ms|ThreadId(2)] [class_dump] dvd → net.minecraft.world.item.slot.RangeSlotSource
[2131|t+12991ms|ThreadId(2)] [class_dump] dvf → net.minecraft.world.item.slot.SlotSource
[2132|t+12991ms|ThreadId(2)] [class_dump] dvg → net.minecraft.world.item.slot.SlotSources
[2133|t+12991ms|ThreadId(2)] [class_dump] dvh → net.minecraft.world.item.slot.TransformedSlotSource
[2134|t+12992ms|ThreadId(2)] [class_dump] dvk → net.minecraft.world.item.trading.Merchant
[2135|t+12992ms|ThreadId(2)] [class_dump] dvo → net.minecraft.world.level.BaseCommandBlock
[2136|t+12992ms|ThreadId(2)] [class_dump] dvp → net.minecraft.world.level.BaseSpawner
[2137|t+12993ms|ThreadId(2)] [class_dump] dvq → net.minecraft.world.level.BlockAndTintGetter
[2138|t+12993ms|ThreadId(2)] [class_dump] dvt → net.minecraft.world.level.BlockGetter
[2139|t+12993ms|ThreadId(2)] [class_dump] dvu → net.minecraft.world.level.ChunkPos
[2140|t+12994ms|ThreadId(2)] [class_dump] dvx → net.minecraft.world.level.CollisionGetter
[2141|t+12994ms|ThreadId(2)] [class_dump] dwa → net.minecraft.world.level.CommonLevelAccessor
[2142|t+12994ms|ThreadId(2)] [class_dump] dwf → net.minecraft.world.level.EmptyBlockGetter
[2143|t+12995ms|ThreadId(2)] [class_dump] dwh → net.minecraft.world.level.EntityGetter
[2144|t+12995ms|ThreadId(2)] [class_dump] dwj → net.minecraft.world.level.ExplosionDamageCalculator
[2145|t+12996ms|ThreadId(2)] [class_dump] dwl → net.minecraft.world.level.GameType
[2146|t+12996ms|ThreadId(2)] [class_dump] dwn → net.minecraft.world.level.ItemLike
[2147|t+12996ms|ThreadId(2)] [class_dump] dwo → net.minecraft.world.level.Level
[2148|t+12997ms|ThreadId(2)] [class_dump] dwp → net.minecraft.world.level.LevelAccessor
[2149|t+12997ms|ThreadId(2)] [class_dump] dwq → net.minecraft.world.level.LevelHeightAccessor
[2150|t+12997ms|ThreadId(2)] [class_dump] dwr → net.minecraft.world.level.LevelReader
[2151|t+12998ms|ThreadId(2)] [class_dump] dwt → net.minecraft.world.level.LevelSimulatedRW
[2152|t+12998ms|ThreadId(2)] [class_dump] dwu → net.minecraft.world.level.LevelSimulatedReader
[2153|t+12998ms|ThreadId(2)] [class_dump] dwv → net.minecraft.world.level.LevelWriter
[2154|t+12999ms|ThreadId(2)] [class_dump] dwy → net.minecraft.world.level.MoonPhase
[2155|t+12999ms|ThreadId(2)] [class_dump] dx → net.minecraft.commands.BrigadierExceptions
[2156|t+12999ms|ThreadId(2)] [class_dump] dxd → net.minecraft.world.level.ScheduledTickAccess
[2157|t+12999ms|ThreadId(2)] [class_dump] dxf → net.minecraft.world.level.ServerLevelAccessor
[2158|t+13000ms|ThreadId(2)] [class_dump] dxg → net.minecraft.world.level.SignalGetter
[2159|t+13000ms|ThreadId(2)] [class_dump] dxh → net.minecraft.world.level.SimpleExplosionDamageCalculator
[2160|t+13001ms|ThreadId(2)] [class_dump] dxj → net.minecraft.world.level.Spawner
[2161|t+13001ms|ThreadId(2)] [class_dump] dxn → net.minecraft.world.level.WorldGenLevel
[2162|t+13001ms|ThreadId(2)] [class_dump] dxo → net.minecraft.world.level.biome.Biome
[2163|t+13002ms|ThreadId(2)] [class_dump] dxp → net.minecraft.world.level.biome.BiomeGenerationSettings
[2164|t+13002ms|ThreadId(2)] [class_dump] dxr → net.minecraft.world.level.biome.BiomeResolver
[2165|t+13002ms|ThreadId(2)] [class_dump] dxs → net.minecraft.world.level.biome.BiomeSource
[2166|t+13003ms|ThreadId(2)] [class_dump] dxt → net.minecraft.world.level.biome.BiomeSources
[2167|t+13003ms|ThreadId(2)] [class_dump] dxu → net.minecraft.world.level.biome.BiomeSpecialEffects
[2168|t+13004ms|ThreadId(2)] [class_dump] dxv → net.minecraft.world.level.biome.Biomes
[2169|t+13005ms|ThreadId(2)] [class_dump] dxw → net.minecraft.world.level.biome.CheckerboardColumnBiomeSource
[2170|t+13005ms|ThreadId(2)] [class_dump] dxx → net.minecraft.world.level.biome.Climate
[2171|t+13005ms|ThreadId(2)] [class_dump] dxz → net.minecraft.world.level.biome.FixedBiomeSource
[2172|t+13005ms|ThreadId(2)] [class_dump] dya → net.minecraft.world.level.biome.MobSpawnSettings
[2173|t+13006ms|ThreadId(2)] [class_dump] dyb → net.minecraft.world.level.biome.MultiNoiseBiomeSource
[2174|t+13006ms|ThreadId(2)] [class_dump] dyc → net.minecraft.world.level.biome.MultiNoiseBiomeSourceParameterList
[2175|t+13006ms|ThreadId(2)] [class_dump] dyf → net.minecraft.world.level.biome.TheEndBiomeSource
[2176|t+13007ms|ThreadId(2)] [class_dump] dyh → net.minecraft.world.level.block.AbstractBannerBlock
[2177|t+13007ms|ThreadId(2)] [class_dump] dyi → net.minecraft.world.level.block.AbstractCandleBlock
[2178|t+13008ms|ThreadId(2)] [class_dump] dyj → net.minecraft.world.level.block.AbstractCauldronBlock
[2179|t+13008ms|ThreadId(2)] [class_dump] dyk → net.minecraft.world.level.block.AbstractChestBlock
[2180|t+13008ms|ThreadId(2)] [class_dump] dyl → net.minecraft.world.level.block.AbstractFurnaceBlock
[2181|t+13009ms|ThreadId(2)] [class_dump] dym → net.minecraft.world.level.block.AbstractSkullBlock
[2182|t+13009ms|ThreadId(2)] [class_dump] dyn → net.minecraft.world.level.block.AirBlock
[2183|t+13011ms|ThreadId(2)] [class_dump] dyo → net.minecraft.world.level.block.AmethystBlock
[2184|t+13011ms|ThreadId(2)] [class_dump] dyp → net.minecraft.world.level.block.AmethystClusterBlock
[2185|t+13011ms|ThreadId(2)] [class_dump] dyq → net.minecraft.world.level.block.AnvilBlock
[2186|t+13012ms|ThreadId(2)] [class_dump] dyr → net.minecraft.world.level.block.AttachedStemBlock
[2187|t+13012ms|ThreadId(2)] [class_dump] dys → net.minecraft.world.level.block.AzaleaBlock
[2188|t+13012ms|ThreadId(2)] [class_dump] dyt → net.minecraft.world.level.block.BambooSaplingBlock
[2189|t+13013ms|ThreadId(2)] [class_dump] dyu → net.minecraft.world.level.block.BambooStalkBlock
[2190|t+13013ms|ThreadId(2)] [class_dump] dyv → net.minecraft.world.level.block.BannerBlock
[2191|t+13014ms|ThreadId(2)] [class_dump] dyw → net.minecraft.world.level.block.BarrelBlock
[2192|t+13014ms|ThreadId(2)] [class_dump] dyx → net.minecraft.world.level.block.BarrierBlock
[2193|t+13015ms|ThreadId(2)] [class_dump] dyy → net.minecraft.world.level.block.BaseCoralFanBlock
[2194|t+13015ms|ThreadId(2)] [class_dump] dyz → net.minecraft.world.level.block.BaseCoralPlantBlock
[2195|t+13015ms|ThreadId(2)] [class_dump] dz → net.minecraft.commands.CommandBuildContext
[2196|t+13016ms|ThreadId(2)] [class_dump] dza → net.minecraft.world.level.block.BaseCoralPlantTypeBlock
[2197|t+13016ms|ThreadId(2)] [class_dump] dzb → net.minecraft.world.level.block.BaseCoralWallFanBlock
[2198|t+13016ms|ThreadId(2)] [class_dump] dzc → net.minecraft.world.level.block.BaseEntityBlock
[2199|t+13017ms|ThreadId(2)] [class_dump] dzd → net.minecraft.world.level.block.BaseFireBlock
[2200|t+13017ms|ThreadId(2)] [class_dump] dze → net.minecraft.world.level.block.BasePressurePlateBlock
[2201|t+13017ms|ThreadId(2)] [class_dump] dzf → net.minecraft.world.level.block.BaseRailBlock
[2202|t+13018ms|ThreadId(2)] [class_dump] dzg → net.minecraft.world.level.block.BaseTorchBlock
[2203|t+13018ms|ThreadId(2)] [class_dump] dzh → net.minecraft.world.level.block.BeaconBeamBlock
[2204|t+13018ms|ThreadId(2)] [class_dump] dzi → net.minecraft.world.level.block.BeaconBlock
[2205|t+13019ms|ThreadId(2)] [class_dump] dzj → net.minecraft.world.level.block.BedBlock
[2206|t+13019ms|ThreadId(2)] [class_dump] dzk → net.minecraft.world.level.block.BeehiveBlock
[2207|t+13020ms|ThreadId(2)] [class_dump] dzl → net.minecraft.world.level.block.BeetrootBlock
[2208|t+13020ms|ThreadId(2)] [class_dump] dzm → net.minecraft.world.level.block.BellBlock
[2209|t+13021ms|ThreadId(2)] [class_dump] dzn → net.minecraft.world.level.block.BigDripleafBlock
[2210|t+13021ms|ThreadId(2)] [class_dump] dzo → net.minecraft.world.level.block.BigDripleafStemBlock
[2211|t+13021ms|ThreadId(2)] [class_dump] dzp → net.minecraft.world.level.block.BlastFurnaceBlock
[2212|t+13022ms|ThreadId(2)] [class_dump] dzq → net.minecraft.world.level.block.Block
[2213|t+13022ms|ThreadId(2)] [class_dump] dzr → net.minecraft.world.level.block.BlockTypes
[2214|t+13023ms|ThreadId(2)] [class_dump] dzs → net.minecraft.world.level.block.Blocks
[2215|t+13023ms|ThreadId(2)] [class_dump] dzt → net.minecraft.world.level.block.BonemealableBlock
[2216|t+13023ms|ThreadId(2)] [class_dump] dzu → net.minecraft.world.level.block.BonemealableFeaturePlacerBlock
[2217|t+13023ms|ThreadId(2)] [class_dump] dzv → net.minecraft.world.level.block.BrewingStandBlock
[2218|t+13024ms|ThreadId(2)] [class_dump] dzw → net.minecraft.world.level.block.BrushableBlock
[2219|t+13024ms|ThreadId(2)] [class_dump] dzx → net.minecraft.world.level.block.BubbleColumnBlock
[2220|t+13024ms|ThreadId(2)] [class_dump] dzy → net.minecraft.world.level.block.BucketPickup
[2221|t+13025ms|ThreadId(2)] [class_dump] dzz → net.minecraft.world.level.block.BuddingAmethystBlock
[2222|t+13025ms|ThreadId(2)] [class_dump] eaa → net.minecraft.world.level.block.BushBlock
[2223|t+13025ms|ThreadId(2)] [class_dump] eab → net.minecraft.world.level.block.ButtonBlock
[2224|t+13026ms|ThreadId(2)] [class_dump] eac → net.minecraft.world.level.block.CactusBlock
[2225|t+13026ms|ThreadId(2)] [class_dump] ead → net.minecraft.world.level.block.CactusFlowerBlock
[2226|t+13026ms|ThreadId(2)] [class_dump] eae → net.minecraft.world.level.block.CakeBlock
[2227|t+13027ms|ThreadId(2)] [class_dump] eaf → net.minecraft.world.level.block.CalibratedSculkSensorBlock
[2228|t+13027ms|ThreadId(2)] [class_dump] eag → net.minecraft.world.level.block.CampfireBlock
[2229|t+13027ms|ThreadId(2)] [class_dump] eah → net.minecraft.world.level.block.CandleBlock
[2230|t+13028ms|ThreadId(2)] [class_dump] eai → net.minecraft.world.level.block.CandleCakeBlock
[2231|t+13028ms|ThreadId(2)] [class_dump] eaj → net.minecraft.world.level.block.CarpetBlock
[2232|t+13028ms|ThreadId(2)] [class_dump] eak → net.minecraft.world.level.block.CarrotBlock
[2233|t+13029ms|ThreadId(2)] [class_dump] eal → net.minecraft.world.level.block.CartographyTableBlock
[2234|t+13029ms|ThreadId(2)] [class_dump] eam → net.minecraft.world.level.block.CarvedPumpkinBlock
[2235|t+13029ms|ThreadId(2)] [class_dump] ean → net.minecraft.world.level.block.CauldronBlock
[2236|t+13030ms|ThreadId(2)] [class_dump] eao → net.minecraft.world.level.block.CaveVines
[2237|t+13030ms|ThreadId(2)] [class_dump] eap → net.minecraft.world.level.block.CaveVinesBlock
[2238|t+13030ms|ThreadId(2)] [class_dump] eaq → net.minecraft.world.level.block.CaveVinesPlantBlock
[2239|t+13031ms|ThreadId(2)] [class_dump] ear → net.minecraft.world.level.block.CeilingHangingSignBlock
[2240|t+13031ms|ThreadId(2)] [class_dump] eas → net.minecraft.world.level.block.ChainBlock
[2241|t+13031ms|ThreadId(2)] [class_dump] eat → net.minecraft.world.level.block.ChangeOverTimeBlock
[2242|t+13032ms|ThreadId(2)] [class_dump] eau → net.minecraft.world.level.block.ChestBlock
[2243|t+13032ms|ThreadId(2)] [class_dump] eav → net.minecraft.world.level.block.ChiseledBookShelfBlock
[2244|t+13032ms|ThreadId(2)] [class_dump] eaw → net.minecraft.world.level.block.ChorusFlowerBlock
[2245|t+13033ms|ThreadId(2)] [class_dump] eax → net.minecraft.world.level.block.ChorusPlantBlock
[2246|t+13033ms|ThreadId(2)] [class_dump] eay → net.minecraft.world.level.block.CocoaBlock
[2247|t+13033ms|ThreadId(2)] [class_dump] eaz → net.minecraft.world.level.block.ColoredFallingBlock
[2248|t+13034ms|ThreadId(2)] [class_dump] eba → net.minecraft.world.level.block.CommandBlock
[2249|t+13034ms|ThreadId(2)] [class_dump] ebb → net.minecraft.world.level.block.ComparatorBlock
[2250|t+13035ms|ThreadId(2)] [class_dump] ebc → net.minecraft.world.level.block.ComposterBlock
[2251|t+13035ms|ThreadId(2)] [class_dump] ebd → net.minecraft.world.level.block.ConcretePowderBlock
[2252|t+13035ms|ThreadId(2)] [class_dump] ebe → net.minecraft.world.level.block.ConduitBlock
[2253|t+13036ms|ThreadId(2)] [class_dump] ebf → net.minecraft.world.level.block.CopperBulbBlock
[2254|t+13036ms|ThreadId(2)] [class_dump] ebg → net.minecraft.world.level.block.CopperChestBlock
[2255|t+13036ms|ThreadId(2)] [class_dump] ebh → net.minecraft.world.level.block.CopperGolemStatueBlock
[2256|t+13036ms|ThreadId(2)] [class_dump] ebi → net.minecraft.world.level.block.CoralBlock
[2257|t+13037ms|ThreadId(2)] [class_dump] ebj → net.minecraft.world.level.block.CoralFanBlock
[2258|t+13037ms|ThreadId(2)] [class_dump] ebk → net.minecraft.world.level.block.CoralPlantBlock
[2259|t+13037ms|ThreadId(2)] [class_dump] ebl → net.minecraft.world.level.block.CoralWallFanBlock
[2260|t+13038ms|ThreadId(2)] [class_dump] ebm → net.minecraft.world.level.block.CrafterBlock
[2261|t+13038ms|ThreadId(2)] [class_dump] ebn → net.minecraft.world.level.block.CraftingTableBlock
[2262|t+13038ms|ThreadId(2)] [class_dump] ebo → net.minecraft.world.level.block.CreakingHeartBlock
[2263|t+13039ms|ThreadId(2)] [class_dump] ebp → net.minecraft.world.level.block.CropBlock
[2264|t+13039ms|ThreadId(2)] [class_dump] ebq → net.minecraft.world.level.block.CrossCollisionBlock
[2265|t+13039ms|ThreadId(2)] [class_dump] ebr → net.minecraft.world.level.block.CryingObsidianBlock
[2266|t+13039ms|ThreadId(2)] [class_dump] ebs → net.minecraft.world.level.block.DaylightDetectorBlock
[2267|t+13040ms|ThreadId(2)] [class_dump] ebt → net.minecraft.world.level.block.DecoratedPotBlock
[2268|t+13040ms|ThreadId(2)] [class_dump] ebu → net.minecraft.world.level.block.DetectorRailBlock
[2269|t+13040ms|ThreadId(2)] [class_dump] ebv → net.minecraft.world.level.block.DiodeBlock
[2270|t+13041ms|ThreadId(2)] [class_dump] ebw → net.minecraft.world.level.block.DirectionalBlock
[2271|t+13041ms|ThreadId(2)] [class_dump] ebx → net.minecraft.world.level.block.DirtPathBlock
[2272|t+13041ms|ThreadId(2)] [class_dump] eby → net.minecraft.world.level.block.DispenserBlock
[2273|t+13042ms|ThreadId(2)] [class_dump] ebz → net.minecraft.world.level.block.DoorBlock
[2274|t+13042ms|ThreadId(2)] [class_dump] ec → net.minecraft.commands.CommandSource
[2275|t+13042ms|ThreadId(2)] [class_dump] ecb → net.minecraft.world.level.block.DoublePlantBlock
[2276|t+13042ms|ThreadId(2)] [class_dump] ecc → net.minecraft.world.level.block.DragonEggBlock
[2277|t+13043ms|ThreadId(2)] [class_dump] ecd → net.minecraft.world.level.block.DriedGhastBlock
[2278|t+13043ms|ThreadId(2)] [class_dump] ece → net.minecraft.world.level.block.DropExperienceBlock
[2279|t+13043ms|ThreadId(2)] [class_dump] ecf → net.minecraft.world.level.block.DropperBlock
[2280|t+13044ms|ThreadId(2)] [class_dump] ecg → net.minecraft.world.level.block.DryVegetationBlock
[2281|t+13044ms|ThreadId(2)] [class_dump] ech → net.minecraft.world.level.block.EnchantingTableBlock
[2282|t+13044ms|ThreadId(2)] [class_dump] eci → net.minecraft.world.level.block.EndGatewayBlock
[2283|t+13044ms|ThreadId(2)] [class_dump] ecj → net.minecraft.world.level.block.EndPortalBlock
[2284|t+13045ms|ThreadId(2)] [class_dump] eck → net.minecraft.world.level.block.EndPortalFrameBlock
[2285|t+13045ms|ThreadId(2)] [class_dump] ecl → net.minecraft.world.level.block.EndRodBlock
[2286|t+13045ms|ThreadId(2)] [class_dump] ecm → net.minecraft.world.level.block.EnderChestBlock
[2287|t+13046ms|ThreadId(2)] [class_dump] ecn → net.minecraft.world.level.block.EntityBlock
[2288|t+13046ms|ThreadId(2)] [class_dump] eco → net.minecraft.world.level.block.EyeblossomBlock
[2289|t+13046ms|ThreadId(2)] [class_dump] ecp → net.minecraft.world.level.block.FaceAttachedHorizontalDirectionalBlock
[2290|t+13046ms|ThreadId(2)] [class_dump] ecq → net.minecraft.world.level.block.Fallable
[2291|t+13047ms|ThreadId(2)] [class_dump] ecr → net.minecraft.world.level.block.FallingBlock
[2292|t+13047ms|ThreadId(2)] [class_dump] ecs → net.minecraft.world.level.block.FarmBlock
[2293|t+13047ms|ThreadId(2)] [class_dump] ect → net.minecraft.world.level.block.FenceBlock
[2294|t+13048ms|ThreadId(2)] [class_dump] ecu → net.minecraft.world.level.block.FenceGateBlock
[2295|t+13048ms|ThreadId(2)] [class_dump] ecv → net.minecraft.world.level.block.FireBlock
[2296|t+13048ms|ThreadId(2)] [class_dump] ecw → net.minecraft.world.level.block.FireflyBushBlock
[2297|t+13049ms|ThreadId(2)] [class_dump] ecx → net.minecraft.world.level.block.FlowerBedBlock
[2298|t+13049ms|ThreadId(2)] [class_dump] ecy → net.minecraft.world.level.block.FlowerBlock
[2299|t+13049ms|ThreadId(2)] [class_dump] ecz → net.minecraft.world.level.block.FlowerPotBlock
[2300|t+13050ms|ThreadId(2)] [class_dump] eda → net.minecraft.world.level.block.FrogspawnBlock
[2301|t+13050ms|ThreadId(2)] [class_dump] edb → net.minecraft.world.level.block.FrostedIceBlock
[2302|t+13051ms|ThreadId(2)] [class_dump] edc → net.minecraft.world.level.block.FungusBlock
[2303|t+13051ms|ThreadId(2)] [class_dump] edd → net.minecraft.world.level.block.FurnaceBlock
[2304|t+13051ms|ThreadId(2)] [class_dump] ede → net.minecraft.world.level.block.GameMasterBlock
[2305|t+13052ms|ThreadId(2)] [class_dump] edf → net.minecraft.world.level.block.GlazedTerracottaBlock
[2306|t+13052ms|ThreadId(2)] [class_dump] edg → net.minecraft.world.level.block.GlowLichenBlock
[2307|t+13053ms|ThreadId(2)] [class_dump] edh → net.minecraft.world.level.block.GrassBlock
[2308|t+13053ms|ThreadId(2)] [class_dump] edi → net.minecraft.world.level.block.GrindstoneBlock
[2309|t+13053ms|ThreadId(2)] [class_dump] edj → net.minecraft.world.level.block.GrowingPlantBlock
[2310|t+13054ms|ThreadId(2)] [class_dump] edk → net.minecraft.world.level.block.GrowingPlantBodyBlock
[2311|t+13054ms|ThreadId(2)] [class_dump] edl → net.minecraft.world.level.block.GrowingPlantHeadBlock
[2312|t+13055ms|ThreadId(2)] [class_dump] edm → net.minecraft.world.level.block.HalfTransparentBlock
[2313|t+13055ms|ThreadId(2)] [class_dump] edn → net.minecraft.world.level.block.HangingMossBlock
[2314|t+13055ms|ThreadId(2)] [class_dump] edo → net.minecraft.world.level.block.HangingRootsBlock
[2315|t+13056ms|ThreadId(2)] [class_dump] edp → net.minecraft.world.level.block.HayBlock
[2316|t+13056ms|ThreadId(2)] [class_dump] edq → net.minecraft.world.level.block.HeavyCoreBlock
[2317|t+13056ms|ThreadId(2)] [class_dump] edr → net.minecraft.world.level.block.HoneyBlock
[2318|t+13057ms|ThreadId(2)] [class_dump] eds → net.minecraft.world.level.block.HopperBlock
[2319|t+13057ms|ThreadId(2)] [class_dump] edt → net.minecraft.world.level.block.HorizontalDirectionalBlock
[2320|t+13057ms|ThreadId(2)] [class_dump] edu → net.minecraft.world.level.block.HugeMushroomBlock
[2321|t+13058ms|ThreadId(2)] [class_dump] edv → net.minecraft.world.level.block.IceBlock
[2322|t+13058ms|ThreadId(2)] [class_dump] edw → net.minecraft.world.level.block.InfestedBlock
[2323|t+13058ms|ThreadId(2)] [class_dump] edx → net.minecraft.world.level.block.InfestedRotatedPillarBlock
[2324|t+13059ms|ThreadId(2)] [class_dump] edy → net.minecraft.world.level.block.IronBarsBlock
[2325|t+13059ms|ThreadId(2)] [class_dump] edz → net.minecraft.world.level.block.JigsawBlock
[2326|t+13059ms|ThreadId(2)] [class_dump] eea → net.minecraft.world.level.block.JukeboxBlock
[2327|t+13060ms|ThreadId(2)] [class_dump] eeb → net.minecraft.world.level.block.KelpBlock
[2328|t+13060ms|ThreadId(2)] [class_dump] eec → net.minecraft.world.level.block.KelpPlantBlock
[2329|t+13060ms|ThreadId(2)] [class_dump] eed → net.minecraft.world.level.block.LadderBlock
[2330|t+13061ms|ThreadId(2)] [class_dump] eee → net.minecraft.world.level.block.LanternBlock
[2331|t+13061ms|ThreadId(2)] [class_dump] eef → net.minecraft.world.level.block.LavaCauldronBlock
[2332|t+13061ms|ThreadId(2)] [class_dump] eeg → net.minecraft.world.level.block.LayeredCauldronBlock
[2333|t+13062ms|ThreadId(2)] [class_dump] eeh → net.minecraft.world.level.block.LeafLitterBlock
[2334|t+13062ms|ThreadId(2)] [class_dump] eei → net.minecraft.world.level.block.LeavesBlock
[2335|t+13063ms|ThreadId(2)] [class_dump] eej → net.minecraft.world.level.block.LecternBlock
[2336|t+13063ms|ThreadId(2)] [class_dump] eel → net.minecraft.world.level.block.LeverBlock
[2337|t+13064ms|ThreadId(2)] [class_dump] eem → net.minecraft.world.level.block.LightBlock
[2338|t+13064ms|ThreadId(2)] [class_dump] een → net.minecraft.world.level.block.LightningRodBlock
[2339|t+13065ms|ThreadId(2)] [class_dump] eeo → net.minecraft.world.level.block.LiquidBlock
[2340|t+13065ms|ThreadId(2)] [class_dump] eep → net.minecraft.world.level.block.LiquidBlockContainer
[2341|t+13065ms|ThreadId(2)] [class_dump] eeq → net.minecraft.world.level.block.LoomBlock
[2342|t+13067ms|ThreadId(2)] [class_dump] eer → net.minecraft.world.level.block.MagmaBlock
[2343|t+13067ms|ThreadId(2)] [class_dump] ees → net.minecraft.world.level.block.MangroveLeavesBlock
[2344|t+13067ms|ThreadId(2)] [class_dump] eet → net.minecraft.world.level.block.MangrovePropaguleBlock
[2345|t+13068ms|ThreadId(2)] [class_dump] eeu → net.minecraft.world.level.block.MangroveRootsBlock
[2346|t+13068ms|ThreadId(2)] [class_dump] eev → net.minecraft.world.level.block.Mirror
[2347|t+13069ms|ThreadId(2)] [class_dump] eew → net.minecraft.world.level.block.MossyCarpetBlock
[2348|t+13070ms|ThreadId(2)] [class_dump] eex → net.minecraft.world.level.block.MudBlock
[2349|t+13070ms|ThreadId(2)] [class_dump] eey → net.minecraft.world.level.block.MultifaceBlock
[2350|t+13071ms|ThreadId(2)] [class_dump] eez → net.minecraft.world.level.block.MultifaceSpreadeableBlock
[2351|t+13071ms|ThreadId(2)] [class_dump] efa → net.minecraft.world.level.block.MultifaceSpreader
[2352|t+13072ms|ThreadId(2)] [class_dump] efb → net.minecraft.world.level.block.MushroomBlock
[2353|t+13072ms|ThreadId(2)] [class_dump] efc → net.minecraft.world.level.block.MyceliumBlock
[2354|t+13073ms|ThreadId(2)] [class_dump] efd → net.minecraft.world.level.block.NetherPortalBlock
[2355|t+13073ms|ThreadId(2)] [class_dump] efe → net.minecraft.world.level.block.NetherSproutsBlock
[2356|t+13073ms|ThreadId(2)] [class_dump] efg → net.minecraft.world.level.block.NetherWartBlock
[2357|t+13074ms|ThreadId(2)] [class_dump] efh → net.minecraft.world.level.block.NetherrackBlock
[2358|t+13074ms|ThreadId(2)] [class_dump] efi → net.minecraft.world.level.block.NoteBlock
[2359|t+13074ms|ThreadId(2)] [class_dump] efj → net.minecraft.world.level.block.NyliumBlock
[2360|t+13074ms|ThreadId(2)] [class_dump] efk → net.minecraft.world.level.block.ObserverBlock
[2361|t+13075ms|ThreadId(2)] [class_dump] efl → net.minecraft.world.level.block.PiglinWallSkullBlock
[2362|t+13075ms|ThreadId(2)] [class_dump] efm → net.minecraft.world.level.block.PipeBlock
[2363|t+13075ms|ThreadId(2)] [class_dump] efn → net.minecraft.world.level.block.PitcherCropBlock
[2364|t+13076ms|ThreadId(2)] [class_dump] efo → net.minecraft.world.level.block.PlayerHeadBlock
[2365|t+13076ms|ThreadId(2)] [class_dump] efp → net.minecraft.world.level.block.PlayerWallHeadBlock
[2366|t+13076ms|ThreadId(2)] [class_dump] efq → net.minecraft.world.level.block.PointedDripstoneBlock
[2367|t+13076ms|ThreadId(2)] [class_dump] efr → net.minecraft.world.level.block.Portal
[2368|t+13077ms|ThreadId(2)] [class_dump] efs → net.minecraft.world.level.block.PotatoBlock
[2369|t+13077ms|ThreadId(2)] [class_dump] eft → net.minecraft.world.level.block.PowderSnowBlock
[2370|t+13077ms|ThreadId(2)] [class_dump] efu → net.minecraft.world.level.block.PoweredBlock
[2371|t+13078ms|ThreadId(2)] [class_dump] efv → net.minecraft.world.level.block.PoweredRailBlock
[2372|t+13078ms|ThreadId(2)] [class_dump] efw → net.minecraft.world.level.block.PressurePlateBlock
[2373|t+13078ms|ThreadId(2)] [class_dump] efx → net.minecraft.world.level.block.PumpkinBlock
[2374|t+13079ms|ThreadId(2)] [class_dump] efy → net.minecraft.world.level.block.RailBlock
[2375|t+13079ms|ThreadId(2)] [class_dump] ega → net.minecraft.world.level.block.RedStoneOreBlock
[2376|t+13079ms|ThreadId(2)] [class_dump] egb → net.minecraft.world.level.block.RedStoneWireBlock
[2377|t+13080ms|ThreadId(2)] [class_dump] egc → net.minecraft.world.level.block.RedstoneLampBlock
[2378|t+13080ms|ThreadId(2)] [class_dump] egd → net.minecraft.world.level.block.RedstoneTorchBlock
[2379|t+13080ms|ThreadId(2)] [class_dump] ege → net.minecraft.world.level.block.RedstoneWallTorchBlock
[2380|t+13081ms|ThreadId(2)] [class_dump] egg → net.minecraft.world.level.block.RepeaterBlock
[2381|t+13081ms|ThreadId(2)] [class_dump] egh → net.minecraft.world.level.block.RespawnAnchorBlock
[2382|t+13081ms|ThreadId(2)] [class_dump] egi → net.minecraft.world.level.block.RodBlock
[2383|t+13082ms|ThreadId(2)] [class_dump] egj → net.minecraft.world.level.block.RootedDirtBlock
[2384|t+13082ms|ThreadId(2)] [class_dump] egk → net.minecraft.world.level.block.RootsBlock
[2385|t+13082ms|ThreadId(2)] [class_dump] egl → net.minecraft.world.level.block.RotatedPillarBlock
[2386|t+13083ms|ThreadId(2)] [class_dump] egm → net.minecraft.world.level.block.Rotation
[2387|t+13083ms|ThreadId(2)] [class_dump] egn → net.minecraft.world.level.block.SandBlock
[2388|t+13083ms|ThreadId(2)] [class_dump] ego → net.minecraft.world.level.block.SaplingBlock
[2389|t+13083ms|ThreadId(2)] [class_dump] egp → net.minecraft.world.level.block.ScaffoldingBlock
[2390|t+13084ms|ThreadId(2)] [class_dump] egq → net.minecraft.world.level.block.SculkBehaviour
[2391|t+13084ms|ThreadId(2)] [class_dump] egr → net.minecraft.world.level.block.SculkBlock
[2392|t+13084ms|ThreadId(2)] [class_dump] egs → net.minecraft.world.level.block.SculkCatalystBlock
[2393|t+13085ms|ThreadId(2)] [class_dump] egt → net.minecraft.world.level.block.SculkSensorBlock
[2394|t+13085ms|ThreadId(2)] [class_dump] egu → net.minecraft.world.level.block.SculkShriekerBlock
[2395|t+13085ms|ThreadId(2)] [class_dump] egw → net.minecraft.world.level.block.SculkVeinBlock
[2396|t+13085ms|ThreadId(2)] [class_dump] egx → net.minecraft.world.level.block.SeaPickleBlock
[2397|t+13086ms|ThreadId(2)] [class_dump] egy → net.minecraft.world.level.block.SeagrassBlock
[2398|t+13086ms|ThreadId(2)] [class_dump] egz → net.minecraft.world.level.block.SegmentableBlock
[2399|t+13086ms|ThreadId(2)] [class_dump] eha → net.minecraft.world.level.block.SelectableSlotContainer
[2400|t+13087ms|ThreadId(2)] [class_dump] ehb → net.minecraft.world.level.block.ShelfBlock
[2401|t+13087ms|ThreadId(2)] [class_dump] ehc → net.minecraft.world.level.block.ShortDryGrassBlock
[2402|t+13087ms|ThreadId(2)] [class_dump] ehd → net.minecraft.world.level.block.ShulkerBoxBlock
[2403|t+13088ms|ThreadId(2)] [class_dump] ehe → net.minecraft.world.level.block.SideChainPartBlock
[2404|t+13088ms|ThreadId(2)] [class_dump] ehf → net.minecraft.world.level.block.SignBlock
[2405|t+13088ms|ThreadId(2)] [class_dump] ehg → net.minecraft.world.level.block.SimpleWaterloggedBlock
[2406|t+13088ms|ThreadId(2)] [class_dump] ehh → net.minecraft.world.level.block.SkullBlock
[2407|t+13089ms|ThreadId(2)] [class_dump] ehi → net.minecraft.world.level.block.SlabBlock
[2408|t+13089ms|ThreadId(2)] [class_dump] ehj → net.minecraft.world.level.block.SlimeBlock
[2409|t+13089ms|ThreadId(2)] [class_dump] ehk → net.minecraft.world.level.block.SmallDripleafBlock
[2410|t+13090ms|ThreadId(2)] [class_dump] ehl → net.minecraft.world.level.block.SmithingTableBlock
[2411|t+13090ms|ThreadId(2)] [class_dump] ehm → net.minecraft.world.level.block.SmokerBlock
[2412|t+13090ms|ThreadId(2)] [class_dump] ehn → net.minecraft.world.level.block.SnifferEggBlock
[2413|t+13090ms|ThreadId(2)] [class_dump] eho → net.minecraft.world.level.block.SnowLayerBlock
[2414|t+13091ms|ThreadId(2)] [class_dump] ehp → net.minecraft.world.level.block.SnowyDirtBlock
[2415|t+13091ms|ThreadId(2)] [class_dump] ehq → net.minecraft.world.level.block.SoulFireBlock
[2416|t+13091ms|ThreadId(2)] [class_dump] ehr → net.minecraft.world.level.block.SoulSandBlock
[2417|t+13092ms|ThreadId(2)] [class_dump] ehs → net.minecraft.world.level.block.SoundType
[2418|t+13092ms|ThreadId(2)] [class_dump] eht → net.minecraft.world.level.block.SpawnerBlock
[2419|t+13092ms|ThreadId(2)] [class_dump] ehu → net.minecraft.world.level.block.SpongeBlock
[2420|t+13092ms|ThreadId(2)] [class_dump] ehv → net.minecraft.world.level.block.SporeBlossomBlock
[2421|t+13093ms|ThreadId(2)] [class_dump] ehw → net.minecraft.world.level.block.SpreadingSnowyDirtBlock
[2422|t+13093ms|ThreadId(2)] [class_dump] ehx → net.minecraft.world.level.block.StainedGlassBlock
[2423|t+13093ms|ThreadId(2)] [class_dump] ehy → net.minecraft.world.level.block.StainedGlassPaneBlock
[2424|t+13094ms|ThreadId(2)] [class_dump] ehz → net.minecraft.world.level.block.StairBlock
[2425|t+13094ms|ThreadId(2)] [class_dump] eia → net.minecraft.world.level.block.StandingSignBlock
[2426|t+13094ms|ThreadId(2)] [class_dump] eib → net.minecraft.world.level.block.StemBlock
[2427|t+13094ms|ThreadId(2)] [class_dump] eic → net.minecraft.world.level.block.StonecutterBlock
[2428|t+13095ms|ThreadId(2)] [class_dump] eid → net.minecraft.world.level.block.StructureBlock
[2429|t+13095ms|ThreadId(2)] [class_dump] eie → net.minecraft.world.level.block.StructureVoidBlock
[2430|t+13095ms|ThreadId(2)] [class_dump] eif → net.minecraft.world.level.block.SugarCaneBlock
[2431|t+13096ms|ThreadId(2)] [class_dump] eig → net.minecraft.world.level.block.SupportType
[2432|t+13096ms|ThreadId(2)] [class_dump] eih → net.minecraft.world.level.block.SuspiciousEffectHolder
[2433|t+13096ms|ThreadId(2)] [class_dump] eii → net.minecraft.world.level.block.SweetBerryBushBlock
[2434|t+13096ms|ThreadId(2)] [class_dump] eij → net.minecraft.world.level.block.TallDryGrassBlock
[2435|t+13097ms|ThreadId(2)] [class_dump] eik → net.minecraft.world.level.block.TallFlowerBlock
[2436|t+13097ms|ThreadId(2)] [class_dump] eil → net.minecraft.world.level.block.TallGrassBlock
[2437|t+13097ms|ThreadId(2)] [class_dump] eim → net.minecraft.world.level.block.TallSeagrassBlock
[2438|t+13098ms|ThreadId(2)] [class_dump] ein → net.minecraft.world.level.block.TargetBlock
[2439|t+13098ms|ThreadId(2)] [class_dump] eio → net.minecraft.world.level.block.TestBlock
[2440|t+13098ms|ThreadId(2)] [class_dump] eip → net.minecraft.world.level.block.TestInstanceBlock
[2441|t+13098ms|ThreadId(2)] [class_dump] eiq → net.minecraft.world.level.block.TintedGlassBlock
[2442|t+13099ms|ThreadId(2)] [class_dump] eir → net.minecraft.world.level.block.TintedParticleLeavesBlock
[2443|t+13099ms|ThreadId(2)] [class_dump] eis → net.minecraft.world.level.block.TntBlock
[2444|t+13100ms|ThreadId(2)] [class_dump] eit → net.minecraft.world.level.block.TorchBlock
[2445|t+13102ms|ThreadId(2)] [class_dump] eiu → net.minecraft.world.level.block.TorchflowerCropBlock
[2446|t+13103ms|ThreadId(2)] [class_dump] eiv → net.minecraft.world.level.block.TransparentBlock
[2447|t+13103ms|ThreadId(2)] [class_dump] eiw → net.minecraft.world.level.block.TrapDoorBlock
[2448|t+13103ms|ThreadId(2)] [class_dump] eix → net.minecraft.world.level.block.TrappedChestBlock
[2449|t+13104ms|ThreadId(2)] [class_dump] eiy → net.minecraft.world.level.block.TrialSpawnerBlock
[2450|t+13104ms|ThreadId(2)] [class_dump] eiz → net.minecraft.world.level.block.TripWireBlock
[2451|t+13105ms|ThreadId(2)] [class_dump] ej → net.minecraft.commands.arguments.AngleArgument
[2452|t+13105ms|ThreadId(2)] [class_dump] eja → net.minecraft.world.level.block.TripWireHookBlock
[2453|t+13105ms|ThreadId(2)] [class_dump] ejb → net.minecraft.world.level.block.TurtleEggBlock
[2454|t+13105ms|ThreadId(2)] [class_dump] ejc → net.minecraft.world.level.block.TwistingVinesBlock
[2455|t+13106ms|ThreadId(2)] [class_dump] ejd → net.minecraft.world.level.block.TwistingVinesPlantBlock
[2456|t+13106ms|ThreadId(2)] [class_dump] eje → net.minecraft.world.level.block.UntintedParticleLeavesBlock
[2457|t+13106ms|ThreadId(2)] [class_dump] ejf → net.minecraft.world.level.block.VaultBlock
[2458|t+13107ms|ThreadId(2)] [class_dump] ejg → net.minecraft.world.level.block.VegetationBlock
[2459|t+13107ms|ThreadId(2)] [class_dump] ejh → net.minecraft.world.level.block.VineBlock
[2460|t+13107ms|ThreadId(2)] [class_dump] eji → net.minecraft.world.level.block.WallBannerBlock
[2461|t+13108ms|ThreadId(2)] [class_dump] ejj → net.minecraft.world.level.block.WallBlock
[2462|t+13108ms|ThreadId(2)] [class_dump] ejk → net.minecraft.world.level.block.WallHangingSignBlock
[2463|t+13108ms|ThreadId(2)] [class_dump] ejl → net.minecraft.world.level.block.WallSignBlock
[2464|t+13109ms|ThreadId(2)] [class_dump] ejm → net.minecraft.world.level.block.WallSkullBlock
[2465|t+13109ms|ThreadId(2)] [class_dump] ejn → net.minecraft.world.level.block.WallTorchBlock
[2466|t+13109ms|ThreadId(2)] [class_dump] ejo → net.minecraft.world.level.block.WaterlilyBlock
[2468|t+13109ms|ThreadId(2)] [class_dump] ejp → net.minecraft.world.level.block.WaterloggedTransparentBlock
[2467|t+13109ms|ThreadId(1)] [JVMTI] wanted class captured at ClassLoad (loader-independent): glz
[2469|t+13110ms|ThreadId(2)] [class_dump] ejq → net.minecraft.world.level.block.WeatheringCopper
[2470|t+13110ms|ThreadId(2)] [class_dump] ejr → net.minecraft.world.level.block.WeatheringCopperBarsBlock
[2471|t+13111ms|ThreadId(2)] [class_dump] ejs → net.minecraft.world.level.block.WeatheringCopperBlocks
[2472|t+13111ms|ThreadId(2)] [class_dump] ejt → net.minecraft.world.level.block.WeatheringCopperBulbBlock
[2473|t+13111ms|ThreadId(2)] [class_dump] eju → net.minecraft.world.level.block.WeatheringCopperChainBlock
[2474|t+13111ms|ThreadId(2)] [class_dump] ejv → net.minecraft.world.level.block.WeatheringCopperChestBlock
[2475|t+13112ms|ThreadId(2)] [class_dump] ejw → net.minecraft.world.level.block.WeatheringCopperDoorBlock
[2476|t+13112ms|ThreadId(2)] [class_dump] ejx → net.minecraft.world.level.block.WeatheringCopperFullBlock
[2477|t+13112ms|ThreadId(2)] [class_dump] ejy → net.minecraft.world.level.block.WeatheringCopperGolemStatueBlock
[2478|t+13113ms|ThreadId(2)] [class_dump] ejz → net.minecraft.world.level.block.WeatheringCopperGrateBlock
[2479|t+13113ms|ThreadId(2)] [class_dump] eka → net.minecraft.world.level.block.WeatheringCopperSlabBlock
[2480|t+13113ms|ThreadId(2)] [class_dump] ekb → net.minecraft.world.level.block.WeatheringCopperStairBlock
[2481|t+13114ms|ThreadId(2)] [class_dump] ekc → net.minecraft.world.level.block.WeatheringCopperTrapDoorBlock
[2482|t+13114ms|ThreadId(2)] [class_dump] ekd → net.minecraft.world.level.block.WeatheringLanternBlock
[2483|t+13114ms|ThreadId(2)] [class_dump] eke → net.minecraft.world.level.block.WeatheringLightningRodBlock
[2484|t+13115ms|ThreadId(2)] [class_dump] ekf → net.minecraft.world.level.block.WebBlock
[2485|t+13115ms|ThreadId(2)] [class_dump] ekg → net.minecraft.world.level.block.WeepingVinesBlock
[2486|t+13115ms|ThreadId(2)] [class_dump] ekh → net.minecraft.world.level.block.WeepingVinesPlantBlock
[2487|t+13115ms|ThreadId(2)] [class_dump] eki → net.minecraft.world.level.block.WeightedPressurePlateBlock
[2488|t+13116ms|ThreadId(2)] [class_dump] ekj → net.minecraft.world.level.block.WetSpongeBlock
[2489|t+13116ms|ThreadId(2)] [class_dump] ekk → net.minecraft.world.level.block.WitherRoseBlock
[2490|t+13116ms|ThreadId(2)] [class_dump] ekl → net.minecraft.world.level.block.WitherSkullBlock
[2491|t+13116ms|ThreadId(2)] [class_dump] ekm → net.minecraft.world.level.block.WitherWallSkullBlock
[2492|t+13117ms|ThreadId(2)] [class_dump] ekn → net.minecraft.world.level.block.WoolCarpetBlock
[2493|t+13117ms|ThreadId(2)] [class_dump] eko → net.minecraft.world.level.block.entity.AbstractFurnaceBlockEntity
[2494|t+13117ms|ThreadId(2)] [class_dump] ekp → net.minecraft.world.level.block.entity.BannerBlockEntity
[2495|t+13118ms|ThreadId(2)] [class_dump] ekq → net.minecraft.world.level.block.entity.BannerPattern
[2496|t+13118ms|ThreadId(2)] [class_dump] ekr → net.minecraft.world.level.block.entity.BannerPatternLayers
[2497|t+13118ms|ThreadId(2)] [class_dump] ekt → net.minecraft.world.level.block.entity.BarrelBlockEntity
[2498|t+13119ms|ThreadId(2)] [class_dump] eku → net.minecraft.world.level.block.entity.BaseContainerBlockEntity
[2499|t+13119ms|ThreadId(2)] [class_dump] ekv → net.minecraft.world.level.block.entity.BeaconBeamOwner
[2500|t+13119ms|ThreadId(2)] [class_dump] ekw → net.minecraft.world.level.block.entity.BeaconBlockEntity
[2501|t+13119ms|ThreadId(2)] [class_dump] ekx → net.minecraft.world.level.block.entity.BedBlockEntity
[2502|t+13120ms|ThreadId(2)] [class_dump] eky → net.minecraft.world.level.block.entity.BeehiveBlockEntity
[2503|t+13120ms|ThreadId(2)] [class_dump] ekz → net.minecraft.world.level.block.entity.BellBlockEntity
[2504|t+13120ms|ThreadId(2)] [class_dump] el → net.minecraft.commands.arguments.ColorArgument
[2505|t+13121ms|ThreadId(2)] [class_dump] ela → net.minecraft.world.level.block.entity.BlastFurnaceBlockEntity
[2506|t+13121ms|ThreadId(2)] [class_dump] elb → net.minecraft.world.level.block.entity.BlockEntity
[2507|t+13121ms|ThreadId(2)] [class_dump] eld → net.minecraft.world.level.block.entity.BlockEntityType
[2508|t+13121ms|ThreadId(2)] [class_dump] ele → net.minecraft.world.level.block.entity.BoundingBoxRenderable
[2509|t+13122ms|ThreadId(2)] [class_dump] elf → net.minecraft.world.level.block.entity.BrewingStandBlockEntity
[2510|t+13122ms|ThreadId(2)] [class_dump] elg → net.minecraft.world.level.block.entity.BrushableBlockEntity
[2511|t+13122ms|ThreadId(2)] [class_dump] elh → net.minecraft.world.level.block.entity.CalibratedSculkSensorBlockEntity
[2512|t+13122ms|ThreadId(2)] [class_dump] eli → net.minecraft.world.level.block.entity.CampfireBlockEntity
[2513|t+13123ms|ThreadId(2)] [class_dump] elj → net.minecraft.world.level.block.entity.ChestBlockEntity
[2514|t+13123ms|ThreadId(2)] [class_dump] ell → net.minecraft.world.level.block.entity.ChiseledBookShelfBlockEntity
[2515|t+13123ms|ThreadId(2)] [class_dump] elm → net.minecraft.world.level.block.entity.CommandBlockEntity
[2516|t+13124ms|ThreadId(2)] [class_dump] eln → net.minecraft.world.level.block.entity.ComparatorBlockEntity
[2517|t+13124ms|ThreadId(2)] [class_dump] elo → net.minecraft.world.level.block.entity.ConduitBlockEntity
[2518|t+13124ms|ThreadId(2)] [class_dump] elp → net.minecraft.world.level.block.entity.ContainerOpenersCounter
[2519|t+13125ms|ThreadId(2)] [class_dump] elq → net.minecraft.world.level.block.entity.CopperGolemStatueBlockEntity
[2520|t+13125ms|ThreadId(2)] [class_dump] elr → net.minecraft.world.level.block.entity.CrafterBlockEntity
[2521|t+13125ms|ThreadId(2)] [class_dump] els → net.minecraft.world.level.block.entity.CreakingHeartBlockEntity
[2522|t+13125ms|ThreadId(2)] [class_dump] elt → net.minecraft.world.level.block.entity.DaylightDetectorBlockEntity
[2523|t+13126ms|ThreadId(2)] [class_dump] elu → net.minecraft.world.level.block.entity.DecoratedPotBlockEntity
[2524|t+13126ms|ThreadId(2)] [class_dump] elv → net.minecraft.world.level.block.entity.DecoratedPotPattern
[2525|t+13126ms|ThreadId(2)] [class_dump] elw → net.minecraft.world.level.block.entity.DecoratedPotPatterns
[2526|t+13126ms|ThreadId(2)] [class_dump] elx → net.minecraft.world.level.block.entity.DispenserBlockEntity
[2527|t+13127ms|ThreadId(2)] [class_dump] ely → net.minecraft.world.level.block.entity.DropperBlockEntity
[2528|t+13127ms|ThreadId(2)] [class_dump] elz → net.minecraft.world.level.block.entity.EnchantingTableBlockEntity
[2529|t+13127ms|ThreadId(2)] [class_dump] em → net.minecraft.commands.arguments.ComponentArgument
[2530|t+13128ms|ThreadId(2)] [class_dump] ema → net.minecraft.world.level.block.entity.EnderChestBlockEntity
[2531|t+13128ms|ThreadId(2)] [class_dump] emc → net.minecraft.world.level.block.entity.FurnaceBlockEntity
[2532|t+13128ms|ThreadId(2)] [class_dump] emd → net.minecraft.world.level.block.entity.HangingSignBlockEntity
[2533|t+13129ms|ThreadId(2)] [class_dump] eme → net.minecraft.world.level.block.entity.Hopper
[2534|t+13129ms|ThreadId(2)] [class_dump] emf → net.minecraft.world.level.block.entity.HopperBlockEntity
[2535|t+13129ms|ThreadId(2)] [class_dump] emg → net.minecraft.world.level.block.entity.JigsawBlockEntity
[2536|t+13129ms|ThreadId(2)] [class_dump] emh → net.minecraft.world.level.block.entity.JukeboxBlockEntity
[2537|t+13130ms|ThreadId(2)] [class_dump] emi → net.minecraft.world.level.block.entity.LecternBlockEntity
[2538|t+13130ms|ThreadId(2)] [class_dump] emj → net.minecraft.world.level.block.entity.LidBlockEntity
[2539|t+13130ms|ThreadId(2)] [class_dump] emk → net.minecraft.world.level.block.entity.ListBackedContainer
[2540|t+13131ms|ThreadId(2)] [class_dump] eml → net.minecraft.world.level.block.entity.PotDecorations
[2541|t+13131ms|ThreadId(2)] [class_dump] emm → net.minecraft.world.level.block.entity.RandomizableContainerBlockEntity
[2542|t+13131ms|ThreadId(2)] [class_dump] emn → net.minecraft.world.level.block.entity.SculkCatalystBlockEntity
[2543|t+13131ms|ThreadId(2)] [class_dump] emo → net.minecraft.world.level.block.entity.SculkSensorBlockEntity
[2544|t+13132ms|ThreadId(2)] [class_dump] emp → net.minecraft.world.level.block.entity.SculkShriekerBlockEntity
[2545|t+13132ms|ThreadId(2)] [class_dump] emq → net.minecraft.world.level.block.entity.ShelfBlockEntity
[2546|t+13132ms|ThreadId(2)] [class_dump] emr → net.minecraft.world.level.block.entity.ShulkerBoxBlockEntity
[2547|t+13133ms|ThreadId(2)] [class_dump] ems → net.minecraft.world.level.block.entity.SignBlockEntity
[2548|t+13133ms|ThreadId(2)] [class_dump] emu → net.minecraft.world.level.block.entity.SkullBlockEntity
[2549|t+13133ms|ThreadId(2)] [class_dump] emv → net.minecraft.world.level.block.entity.SmokerBlockEntity
[2550|t+13133ms|ThreadId(2)] [class_dump] emw → net.minecraft.world.level.block.entity.SpawnerBlockEntity
[2551|t+13134ms|ThreadId(2)] [class_dump] emx → net.minecraft.world.level.block.entity.StructureBlockEntity
[2552|t+13134ms|ThreadId(2)] [class_dump] emy → net.minecraft.world.level.block.entity.TestBlockEntity
[2553|t+13135ms|ThreadId(2)] [class_dump] emz → net.minecraft.world.level.block.entity.TestInstanceBlockEntity
[2554|t+13135ms|ThreadId(2)] [class_dump] en → net.minecraft.commands.arguments.CompoundTagArgument
[2555|t+13136ms|ThreadId(2)] [class_dump] ena → net.minecraft.world.level.block.entity.TheEndGatewayBlockEntity
[2556|t+13136ms|ThreadId(2)] [class_dump] enb → net.minecraft.world.level.block.entity.TheEndPortalBlockEntity
[2557|t+13136ms|ThreadId(2)] [class_dump] enc → net.minecraft.world.level.block.entity.TickingBlockEntity
[2558|t+13137ms|ThreadId(2)] [class_dump] end → net.minecraft.world.level.block.entity.TrappedChestBlockEntity
[2559|t+13137ms|ThreadId(2)] [class_dump] ene → net.minecraft.world.level.block.entity.TrialSpawnerBlockEntity
[2560|t+13137ms|ThreadId(2)] [class_dump] enk → net.minecraft.world.level.block.entity.trialspawner.TrialSpawnerState
[2561|t+13138ms|ThreadId(2)] [class_dump] enn → net.minecraft.world.level.block.entity.vault.VaultBlockEntity
[2562|t+13138ms|ThreadId(2)] [class_dump] enp → net.minecraft.world.level.block.entity.vault.VaultConfig
[2563|t+13139ms|ThreadId(2)] [class_dump] enq → net.minecraft.world.level.block.entity.vault.VaultServerData
[2564|t+13139ms|ThreadId(2)] [class_dump] enr → net.minecraft.world.level.block.entity.vault.VaultSharedData
[2565|t+13140ms|ThreadId(2)] [class_dump] ens → net.minecraft.world.level.block.entity.vault.VaultState
[2566|t+13140ms|ThreadId(2)] [class_dump] enu → net.minecraft.world.level.block.grower.TreeGrower
[2567|t+13140ms|ThreadId(2)] [class_dump] enx → net.minecraft.world.level.block.piston.MovingPistonBlock
[2568|t+13141ms|ThreadId(2)] [class_dump] eny → net.minecraft.world.level.block.piston.PistonBaseBlock
[2569|t+13141ms|ThreadId(2)] [class_dump] enz → net.minecraft.world.level.block.piston.PistonHeadBlock
[2570|t+13142ms|ThreadId(2)] [class_dump] eo → net.minecraft.commands.arguments.DimensionArgument
[2571|t+13142ms|ThreadId(2)] [class_dump] eob → net.minecraft.world.level.block.piston.PistonMovingBlockEntity
[2572|t+13143ms|ThreadId(2)] [class_dump] eog → net.minecraft.world.level.block.state.BlockBehaviour
[2573|t+13143ms|ThreadId(2)] [class_dump] eoh → net.minecraft.world.level.block.state.BlockState
[2574|t+13144ms|ThreadId(2)] [class_dump] eoi → net.minecraft.world.level.block.state.StateDefinition
[2575|t+13144ms|ThreadId(2)] [class_dump] eoj → net.minecraft.world.level.block.state.StateHolder
[2576|t+13144ms|ThreadId(2)] [class_dump] eoq → net.minecraft.world.level.block.state.predicate.BlockStatePredicate
[2577|t+13145ms|ThreadId(2)] [class_dump] eos → net.minecraft.world.level.block.state.properties.AttachFace
[2578|t+13145ms|ThreadId(2)] [class_dump] eot → net.minecraft.world.level.block.state.properties.BambooLeaves
[2579|t+13145ms|ThreadId(2)] [class_dump] eou → net.minecraft.world.level.block.state.properties.BedPart
[2580|t+13146ms|ThreadId(2)] [class_dump] eov → net.minecraft.world.level.block.state.properties.BellAttachType
[2581|t+13146ms|ThreadId(2)] [class_dump] eow → net.minecraft.world.level.block.state.properties.BlockSetType
[2582|t+13146ms|ThreadId(2)] [class_dump] eox → net.minecraft.world.level.block.state.properties.BlockStateProperties
[2583|t+13147ms|ThreadId(2)] [class_dump] eoy → net.minecraft.world.level.block.state.properties.BooleanProperty
[2584|t+13147ms|ThreadId(2)] [class_dump] eoz → net.minecraft.world.level.block.state.properties.ChestType
[2585|t+13147ms|ThreadId(2)] [class_dump] ep → net.minecraft.commands.arguments.EntityAnchorArgument
[2586|t+13147ms|ThreadId(2)] [class_dump] epa → net.minecraft.world.level.block.state.properties.ComparatorMode
[2587|t+13148ms|ThreadId(2)] [class_dump] epb → net.minecraft.world.level.block.state.properties.CreakingHeartState
[2588|t+13148ms|ThreadId(2)] [class_dump] epc → net.minecraft.world.level.block.state.properties.DoorHingeSide
[2589|t+13148ms|ThreadId(2)] [class_dump] epd → net.minecraft.world.level.block.state.properties.DoubleBlockHalf
[2590|t+13148ms|ThreadId(2)] [class_dump] epe → net.minecraft.world.level.block.state.properties.DripstoneThickness
[2591|t+13149ms|ThreadId(2)] [class_dump] epf → net.minecraft.world.level.block.state.properties.EnumProperty
[2592|t+13149ms|ThreadId(2)] [class_dump] epg → net.minecraft.world.level.block.state.properties.Half
[2593|t+13149ms|ThreadId(2)] [class_dump] eph → net.minecraft.world.level.block.state.properties.IntegerProperty
[2594|t+13150ms|ThreadId(2)] [class_dump] epi → net.minecraft.world.level.block.state.properties.NoteBlockInstrument
[2595|t+13150ms|ThreadId(2)] [class_dump] epj → net.minecraft.world.level.block.state.properties.PistonType
[2596|t+13150ms|ThreadId(2)] [class_dump] epk → net.minecraft.world.level.block.state.properties.Property
[2597|t+13150ms|ThreadId(2)] [class_dump] epl → net.minecraft.world.level.block.state.properties.RailShape
[2598|t+13151ms|ThreadId(2)] [class_dump] epm → net.minecraft.world.level.block.state.properties.RedstoneSide
[2599|t+13151ms|ThreadId(2)] [class_dump] epn → net.minecraft.world.level.block.state.properties.RotationSegment
[2600|t+13151ms|ThreadId(2)] [class_dump] epo → net.minecraft.world.level.block.state.properties.SculkSensorPhase
[2601|t+13152ms|ThreadId(2)] [class_dump] epp → net.minecraft.world.level.block.state.properties.SideChainPart
[2602|t+13152ms|ThreadId(2)] [class_dump] epq → net.minecraft.world.level.block.state.properties.SlabType
[2603|t+13153ms|ThreadId(2)] [class_dump] epr → net.minecraft.world.level.block.state.properties.StairsShape
[2604|t+13153ms|ThreadId(2)] [class_dump] eps → net.minecraft.world.level.block.state.properties.StructureMode
[2605|t+13153ms|ThreadId(2)] [class_dump] ept → net.minecraft.world.level.block.state.properties.TestBlockMode
[2606|t+13154ms|ThreadId(2)] [class_dump] epu → net.minecraft.world.level.block.state.properties.Tilt
[2607|t+13155ms|ThreadId(2)] [class_dump] epv → net.minecraft.world.level.block.state.properties.WallSide
[2608|t+13155ms|ThreadId(2)] [class_dump] epw → net.minecraft.world.level.block.state.properties.WoodType
[2609|t+13155ms|ThreadId(2)] [class_dump] eq → net.minecraft.commands.arguments.EntityArgument
[2610|t+13155ms|ThreadId(2)] [class_dump] eqf → net.minecraft.world.level.chunk.ChunkAccess
[2611|t+13156ms|ThreadId(2)] [class_dump] eqg → net.minecraft.world.level.chunk.ChunkGenerator
[2612|t+13156ms|ThreadId(2)] [class_dump] eqi → net.minecraft.world.level.chunk.ChunkGenerators
[2613|t+13156ms|ThreadId(2)] [class_dump] eqj → net.minecraft.world.level.chunk.ChunkSource
[2614|t+13157ms|ThreadId(2)] [class_dump] eqq → net.minecraft.world.level.chunk.LevelChunk
[2615|t+13157ms|ThreadId(2)] [class_dump] eqs → net.minecraft.world.level.chunk.LightChunk
[2616|t+13157ms|ThreadId(2)] [class_dump] eqt → net.minecraft.world.level.chunk.LightChunkGetter
[2617|t+13158ms|ThreadId(2)] [class_dump] er → net.minecraft.commands.arguments.GameModeArgument
[2618|t+13158ms|ThreadId(2)] [class_dump] ere → net.minecraft.world.level.chunk.StructureAccess
[2619|t+13158ms|ThreadId(2)] [class_dump] erh → net.minecraft.world.level.chunk.status.ChunkDependencies
[2620|t+13159ms|ThreadId(2)] [class_dump] eri → net.minecraft.world.level.chunk.status.ChunkPyramid
[2621|t+13159ms|ThreadId(2)] [class_dump] erj → net.minecraft.world.level.chunk.status.ChunkStatus
[2622|t+13160ms|ThreadId(2)] [class_dump] erk → net.minecraft.world.level.chunk.status.ChunkStatusTask
[2623|t+13160ms|ThreadId(2)] [class_dump] erl → net.minecraft.world.level.chunk.status.ChunkStatusTasks
[2624|t+13160ms|ThreadId(2)] [class_dump] erm → net.minecraft.world.level.chunk.status.ChunkStep
[2625|t+13160ms|ThreadId(2)] [class_dump] ern → net.minecraft.world.level.chunk.status.ChunkType
[2626|t+13161ms|ThreadId(2)] [class_dump] ero → net.minecraft.world.level.chunk.status.WorldGenContext
[2627|t+13161ms|ThreadId(2)] [class_dump] erq → net.minecraft.world.level.chunk.storage.ChunkIOErrorReporter
[2628|t+13161ms|ThreadId(2)] [class_dump] es → net.minecraft.commands.arguments.GameProfileArgument
[2629|t+13162ms|ThreadId(2)] [class_dump] esh → net.minecraft.world.level.dimension.DimensionType
[2630|t+13162ms|ThreadId(2)] [class_dump] esp → net.minecraft.world.level.entity.EntityAccess
[2631|t+13162ms|ThreadId(2)] [class_dump] ess → net.minecraft.world.level.entity.EntityPersistentStorage
[2632|t+13163ms|ThreadId(2)] [class_dump] esw → net.minecraft.world.level.entity.EntityTypeTest
[2633|t+13163ms|ThreadId(2)] [class_dump] esx → net.minecraft.world.level.entity.LevelCallback
[2634|t+13163ms|ThreadId(2)] [class_dump] et → net.minecraft.commands.arguments.HeightmapTypeArgument
[2635|t+13164ms|ThreadId(2)] [class_dump] etd → net.minecraft.world.level.entity.UniquelyIdentifyable
[2636|t+13165ms|ThreadId(2)] [class_dump] etk → net.minecraft.world.level.gameevent.GameEvent
[2637|t+13165ms|ThreadId(2)] [class_dump] etm → net.minecraft.world.level.gameevent.GameEventListener
[2638|t+13165ms|ThreadId(2)] [class_dump] etn → net.minecraft.world.level.gameevent.GameEventListenerRegistry
[2639|t+13166ms|ThreadId(2)] [class_dump] eto → net.minecraft.world.level.gameevent.PositionSource
[2640|t+13166ms|ThreadId(2)] [class_dump] etp → net.minecraft.world.level.gameevent.PositionSourceType
[2641|t+13166ms|ThreadId(2)] [class_dump] ett → net.minecraft.world.level.gameevent.vibrations.VibrationSystem
[2642|t+13167ms|ThreadId(2)] [class_dump] etv → net.minecraft.world.level.gamerules.GameRule
[2643|t+13167ms|ThreadId(2)] [class_dump] etw → net.minecraft.world.level.gamerules.GameRuleCategory
[2644|t+13167ms|ThreadId(2)] [class_dump] etx → net.minecraft.world.level.gamerules.GameRuleMap
[2645|t+13168ms|ThreadId(2)] [class_dump] ety → net.minecraft.world.level.gamerules.GameRuleType
[2646|t+13168ms|ThreadId(2)] [class_dump] etz → net.minecraft.world.level.gamerules.GameRuleTypeVisitor
[2647|t+13168ms|ThreadId(2)] [class_dump] eu → net.minecraft.commands.arguments.HexColorArgument
[2648|t+13169ms|ThreadId(2)] [class_dump] eua → net.minecraft.world.level.gamerules.GameRules
[2649|t+13169ms|ThreadId(2)] [class_dump] euf → net.minecraft.world.level.levelgen.BitRandomSource
[2650|t+13169ms|ThreadId(2)] [class_dump] euh → net.minecraft.world.level.levelgen.DebugLevelSource
[2651|t+13170ms|ThreadId(2)] [class_dump] euj → net.minecraft.world.level.levelgen.DensityFunction
[2652|t+13170ms|ThreadId(2)] [class_dump] euk → net.minecraft.world.level.levelgen.DensityFunctions
[2653|t+13171ms|ThreadId(2)] [class_dump] eul → net.minecraft.world.level.levelgen.FlatLevelSource
[2654|t+13171ms|ThreadId(2)] [class_dump] eum → net.minecraft.world.level.levelgen.GenerationStep
[2655|t+13172ms|ThreadId(2)] [class_dump] eun → net.minecraft.world.level.levelgen.GeodeBlockSettings
[2656|t+13172ms|ThreadId(2)] [class_dump] euo → net.minecraft.world.level.levelgen.GeodeCrackSettings
[2657|t+13172ms|ThreadId(2)] [class_dump] eup → net.minecraft.world.level.levelgen.GeodeLayerSettings
[2658|t+13173ms|ThreadId(2)] [class_dump] euq → net.minecraft.world.level.levelgen.Heightmap
[2659|t+13173ms|ThreadId(2)] [class_dump] eur → net.minecraft.world.level.levelgen.LegacyRandomSource
[2660|t+13174ms|ThreadId(2)] [class_dump] eus → net.minecraft.world.level.levelgen.MarsagliaPolarGaussian
[2661|t+13174ms|ThreadId(2)] [class_dump] eut → net.minecraft.world.level.levelgen.NoiseBasedChunkGenerator
[2662|t+13175ms|ThreadId(2)] [class_dump] euv → net.minecraft.world.level.levelgen.NoiseGeneratorSettings
[2663|t+13175ms|ThreadId(2)] [class_dump] euw → net.minecraft.world.level.levelgen.NoiseRouter
[2664|t+13175ms|ThreadId(2)] [class_dump] euy → net.minecraft.world.level.levelgen.NoiseSettings
[2665|t+13176ms|ThreadId(2)] [class_dump] ev → net.minecraft.commands.arguments.IdentifierArgument
[2666|t+13176ms|ThreadId(2)] [class_dump] evd → net.minecraft.world.level.levelgen.PositionalRandomFactory
[2667|t+13176ms|ThreadId(2)] [class_dump] evf → net.minecraft.world.level.levelgen.RandomSupport
[2668|t+13177ms|ThreadId(2)] [class_dump] evh → net.minecraft.world.level.levelgen.SurfaceRules
[2669|t+13177ms|ThreadId(2)] [class_dump] evj → net.minecraft.world.level.levelgen.ThreadSafeLegacyRandomSource
[2670|t+13177ms|ThreadId(2)] [class_dump] evk → net.minecraft.world.level.levelgen.VerticalAnchor
[2671|t+13178ms|ThreadId(2)] [class_dump] evn → net.minecraft.world.level.levelgen.WorldGenerationContext
[2672|t+13178ms|ThreadId(2)] [class_dump] evp → net.minecraft.world.level.levelgen.WorldgenRandom
[2673|t+13179ms|ThreadId(2)] [class_dump] evv → net.minecraft.world.level.levelgen.blockpredicates.AllOfPredicate
[2674|t+13179ms|ThreadId(2)] [class_dump] evw → net.minecraft.world.level.levelgen.blockpredicates.AnyOfPredicate
[2675|t+13179ms|ThreadId(2)] [class_dump] evx → net.minecraft.world.level.levelgen.blockpredicates.BlockPredicate
[2676|t+13179ms|ThreadId(2)] [class_dump] evy → net.minecraft.world.level.levelgen.blockpredicates.BlockPredicateType
[2677|t+13180ms|ThreadId(2)] [class_dump] evz → net.minecraft.world.level.levelgen.blockpredicates.CombiningPredicate
[2678|t+13183ms|ThreadId(2)] [class_dump] ew → net.minecraft.commands.arguments.MessageArgument
[2679|t+13183ms|ThreadId(2)] [class_dump] ewa → net.minecraft.world.level.levelgen.blockpredicates.HasSturdyFacePredicate
[2680|t+13183ms|ThreadId(2)] [class_dump] ewb → net.minecraft.world.level.levelgen.blockpredicates.InsideWorldBoundsPredicate
[2681|t+13184ms|ThreadId(2)] [class_dump] ewc → net.minecraft.world.level.levelgen.blockpredicates.MatchingBlockTagPredicate
[2682|t+13184ms|ThreadId(2)] [class_dump] ewd → net.minecraft.world.level.levelgen.blockpredicates.MatchingBlocksPredicate
[2683|t+13184ms|ThreadId(2)] [class_dump] ewe → net.minecraft.world.level.levelgen.blockpredicates.MatchingFluidsPredicate
[2684|t+13185ms|ThreadId(2)] [class_dump] ewf → net.minecraft.world.level.levelgen.blockpredicates.NotPredicate
[2685|t+13185ms|ThreadId(2)] [class_dump] ewg → net.minecraft.world.level.levelgen.blockpredicates.ReplaceablePredicate
[2686|t+13186ms|ThreadId(2)] [class_dump] ewh → net.minecraft.world.level.levelgen.blockpredicates.SolidPredicate
[2687|t+13186ms|ThreadId(2)] [class_dump] ewi → net.minecraft.world.level.levelgen.blockpredicates.StateTestingPredicate
[2688|t+13186ms|ThreadId(2)] [class_dump] ewj → net.minecraft.world.level.levelgen.blockpredicates.TrueBlockPredicate
[2689|t+13187ms|ThreadId(2)] [class_dump] ewk → net.minecraft.world.level.levelgen.blockpredicates.UnobstructedPredicate
[2690|t+13187ms|ThreadId(2)] [class_dump] ewl → net.minecraft.world.level.levelgen.blockpredicates.WouldSurvivePredicate
[2691|t+13187ms|ThreadId(2)] [class_dump] ewn → net.minecraft.world.level.levelgen.carver.CanyonCarverConfiguration
[2692|t+13188ms|ThreadId(2)] [class_dump] ewo → net.minecraft.world.level.levelgen.carver.CanyonWorldCarver
[2693|t+13188ms|ThreadId(2)] [class_dump] ewp → net.minecraft.world.level.levelgen.carver.CarverConfiguration
[2694|t+13188ms|ThreadId(2)] [class_dump] ewq → net.minecraft.world.level.levelgen.carver.CarverDebugSettings
[2695|t+13189ms|ThreadId(2)] [class_dump] ewr → net.minecraft.world.level.levelgen.carver.CarvingContext
[2696|t+13190ms|ThreadId(2)] [class_dump] ews → net.minecraft.world.level.levelgen.carver.CaveCarverConfiguration
[2697|t+13190ms|ThreadId(2)] [class_dump] ewt → net.minecraft.world.level.levelgen.carver.CaveWorldCarver
[2698|t+13191ms|ThreadId(2)] [class_dump] ewu → net.minecraft.world.level.levelgen.carver.ConfiguredWorldCarver
[2699|t+13191ms|ThreadId(2)] [class_dump] ewv → net.minecraft.world.level.levelgen.carver.NetherWorldCarver
[2700|t+13192ms|ThreadId(2)] [class_dump] eww → net.minecraft.world.level.levelgen.carver.WorldCarver
[2701|t+13192ms|ThreadId(2)] [class_dump] ewy → net.minecraft.world.level.levelgen.feature.AbstractHugeMushroomFeature
[2702|t+13193ms|ThreadId(2)] [class_dump] ewz → net.minecraft.world.level.levelgen.feature.BambooFeature
[2703|t+13193ms|ThreadId(2)] [class_dump] ex → net.minecraft.commands.arguments.NbtPathArgument
[2704|t+13194ms|ThreadId(2)] [class_dump] exa → net.minecraft.world.level.levelgen.feature.BasaltColumnsFeature
[2705|t+13195ms|ThreadId(2)] [class_dump] exb → net.minecraft.world.level.levelgen.feature.BasaltPillarFeature
[2706|t+13195ms|ThreadId(2)] [class_dump] exc → net.minecraft.world.level.levelgen.feature.BlockBlobFeature
[2707|t+13196ms|ThreadId(2)] [class_dump] exd → net.minecraft.world.level.levelgen.feature.BlockColumnFeature
[2708|t+13196ms|ThreadId(2)] [class_dump] exe → net.minecraft.world.level.levelgen.feature.BlockPileFeature
[2709|t+13196ms|ThreadId(2)] [class_dump] exf → net.minecraft.world.level.levelgen.feature.BlueIceFeature
[2710|t+13197ms|ThreadId(2)] [class_dump] exg → net.minecraft.world.level.levelgen.feature.BonusChestFeature
[2711|t+13197ms|ThreadId(2)] [class_dump] exh → net.minecraft.world.level.levelgen.feature.ChorusPlantFeature
[2712|t+13197ms|ThreadId(2)] [class_dump] exi → net.minecraft.world.level.levelgen.feature.ConfiguredFeature
[2713|t+13197ms|ThreadId(2)] [class_dump] exj → net.minecraft.world.level.levelgen.feature.CoralClawFeature
[2714|t+13198ms|ThreadId(2)] [class_dump] exk → net.minecraft.world.level.levelgen.feature.CoralFeature
[2715|t+13198ms|ThreadId(2)] [class_dump] exl → net.minecraft.world.level.levelgen.feature.CoralMushroomFeature
[2716|t+13198ms|ThreadId(2)] [class_dump] exm → net.minecraft.world.level.levelgen.feature.CoralTreeFeature
[2717|t+13199ms|ThreadId(2)] [class_dump] exn → net.minecraft.world.level.levelgen.feature.DeltaFeature
[2718|t+13199ms|ThreadId(2)] [class_dump] exo → net.minecraft.world.level.levelgen.feature.DesertWellFeature
[2719|t+13199ms|ThreadId(2)] [class_dump] exp → net.minecraft.world.level.levelgen.feature.DiskFeature
[2720|t+13199ms|ThreadId(2)] [class_dump] exq → net.minecraft.world.level.levelgen.feature.DripstoneClusterFeature
[2721|t+13200ms|ThreadId(2)] [class_dump] exs → net.minecraft.world.level.levelgen.feature.EndGatewayFeature
[2722|t+13200ms|ThreadId(2)] [class_dump] ext → net.minecraft.world.level.levelgen.feature.EndIslandFeature
[2723|t+13200ms|ThreadId(2)] [class_dump] exu → net.minecraft.world.level.levelgen.feature.EndPlatformFeature
[2724|t+13201ms|ThreadId(2)] [class_dump] exw → net.minecraft.world.level.levelgen.feature.FallenTreeFeature
[2725|t+13201ms|ThreadId(2)] [class_dump] exx → net.minecraft.world.level.levelgen.feature.Feature
[2726|t+13201ms|ThreadId(2)] [class_dump] ey → net.minecraft.commands.arguments.NbtTagArgument
[2727|t+13201ms|ThreadId(2)] [class_dump] eya → net.minecraft.world.level.levelgen.feature.FillLayerFeature
[2728|t+13202ms|ThreadId(2)] [class_dump] eyb → net.minecraft.world.level.levelgen.feature.FossilFeature
[2729|t+13202ms|ThreadId(2)] [class_dump] eyc → net.minecraft.world.level.levelgen.feature.FossilFeatureConfiguration
[2730|t+13202ms|ThreadId(2)] [class_dump] eyd → net.minecraft.world.level.levelgen.feature.GeodeFeature
[2731|t+13203ms|ThreadId(2)] [class_dump] eye → net.minecraft.world.level.levelgen.feature.GlowstoneFeature
[2732|t+13203ms|ThreadId(2)] [class_dump] eyf → net.minecraft.world.level.levelgen.feature.HugeBrownMushroomFeature
[2733|t+13204ms|ThreadId(2)] [class_dump] eyg → net.minecraft.world.level.levelgen.feature.HugeFungusConfiguration
[2734|t+13204ms|ThreadId(2)] [class_dump] eyh → net.minecraft.world.level.levelgen.feature.HugeFungusFeature
[2735|t+13204ms|ThreadId(2)] [class_dump] eyi → net.minecraft.world.level.levelgen.feature.HugeRedMushroomFeature
[2736|t+13205ms|ThreadId(2)] [class_dump] eyj → net.minecraft.world.level.levelgen.feature.IceSpikeFeature
[2737|t+13205ms|ThreadId(2)] [class_dump] eyk → net.minecraft.world.level.levelgen.feature.IcebergFeature
[2738|t+13205ms|ThreadId(2)] [class_dump] eyl → net.minecraft.world.level.levelgen.feature.KelpFeature
[2739|t+13206ms|ThreadId(2)] [class_dump] eym → net.minecraft.world.level.levelgen.feature.LakeFeature
[2740|t+13207ms|ThreadId(2)] [class_dump] eyn → net.minecraft.world.level.levelgen.feature.LargeDripstoneFeature
[2741|t+13207ms|ThreadId(2)] [class_dump] eyo → net.minecraft.world.level.levelgen.feature.MonsterRoomFeature
[2742|t+13207ms|ThreadId(2)] [class_dump] eyp → net.minecraft.world.level.levelgen.feature.MultifaceGrowthFeature
[2743|t+13208ms|ThreadId(2)] [class_dump] eyq → net.minecraft.world.level.levelgen.feature.NetherForestVegetationFeature
[2744|t+13208ms|ThreadId(2)] [class_dump] eyr → net.minecraft.world.level.levelgen.feature.NoOpFeature
[2745|t+13208ms|ThreadId(2)] [class_dump] eys → net.minecraft.world.level.levelgen.feature.OreFeature
[2746|t+13209ms|ThreadId(2)] [class_dump] eyt → net.minecraft.world.level.levelgen.feature.PointedDripstoneFeature
[2747|t+13209ms|ThreadId(2)] [class_dump] eyu → net.minecraft.world.level.levelgen.feature.RandomBooleanSelectorFeature
[2748|t+13209ms|ThreadId(2)] [class_dump] eyv → net.minecraft.world.level.levelgen.feature.RandomPatchFeature
[2749|t+13209ms|ThreadId(2)] [class_dump] eyw → net.minecraft.world.level.levelgen.feature.RandomSelectorFeature
[2750|t+13210ms|ThreadId(2)] [class_dump] eyx → net.minecraft.world.level.levelgen.feature.ReplaceBlobsFeature
[2751|t+13210ms|ThreadId(2)] [class_dump] eyy → net.minecraft.world.level.levelgen.feature.ReplaceBlockFeature
[2752|t+13210ms|ThreadId(2)] [class_dump] eyz → net.minecraft.world.level.levelgen.feature.RootSystemFeature
[2753|t+13211ms|ThreadId(2)] [class_dump] ez → net.minecraft.commands.arguments.ObjectiveArgument
[2754|t+13211ms|ThreadId(2)] [class_dump] eza → net.minecraft.world.level.levelgen.feature.ScatteredOreFeature
[2755|t+13211ms|ThreadId(2)] [class_dump] ezb → net.minecraft.world.level.levelgen.feature.SculkPatchFeature
[2756|t+13212ms|ThreadId(2)] [class_dump] ezc → net.minecraft.world.level.levelgen.feature.SeaPickleFeature
[2757|t+13212ms|ThreadId(2)] [class_dump] ezd → net.minecraft.world.level.levelgen.feature.SeagrassFeature
[2758|t+13212ms|ThreadId(2)] [class_dump] eze → net.minecraft.world.level.levelgen.feature.SimpleBlockFeature
[2759|t+13213ms|ThreadId(2)] [class_dump] ezf → net.minecraft.world.level.levelgen.feature.SimpleRandomSelectorFeature
[2760|t+13213ms|ThreadId(2)] [class_dump] ezg → net.minecraft.world.level.levelgen.feature.SnowAndFreezeFeature
[2761|t+13213ms|ThreadId(2)] [class_dump] ezh → net.minecraft.world.level.levelgen.feature.SpikeFeature
[2762|t+13214ms|ThreadId(2)] [class_dump] ezi → net.minecraft.world.level.levelgen.feature.SpringFeature
[2763|t+13214ms|ThreadId(2)] [class_dump] ezj → net.minecraft.world.level.levelgen.feature.TreeFeature
[2764|t+13214ms|ThreadId(2)] [class_dump] ezk → net.minecraft.world.level.levelgen.feature.TwistingVinesFeature
[2765|t+13215ms|ThreadId(2)] [class_dump] ezl → net.minecraft.world.level.levelgen.feature.UnderwaterMagmaFeature
[2766|t+13215ms|ThreadId(2)] [class_dump] ezm → net.minecraft.world.level.levelgen.feature.VegetationPatchFeature
[2767|t+13215ms|ThreadId(2)] [class_dump] ezn → net.minecraft.world.level.levelgen.feature.VinesFeature
[2768|t+13216ms|ThreadId(2)] [class_dump] ezo → net.minecraft.world.level.levelgen.feature.VoidStartPlatformFeature
[2769|t+13216ms|ThreadId(2)] [class_dump] ezp → net.minecraft.world.level.levelgen.feature.WaterloggedVegetationPatchFeature
[2770|t+13216ms|ThreadId(2)] [class_dump] ezq → net.minecraft.world.level.levelgen.feature.WeepingVinesFeature
[2771|t+13217ms|ThreadId(2)] [class_dump] ezr → net.minecraft.world.level.levelgen.feature.WeightedPlacedFeature
[2772|t+13217ms|ThreadId(2)] [class_dump] ezs → net.minecraft.world.level.levelgen.feature.configurations.BlockColumnConfiguration
[2773|t+13218ms|ThreadId(2)] [class_dump] ezt → net.minecraft.world.level.levelgen.feature.configurations.BlockPileConfiguration
[2774|t+13218ms|ThreadId(2)] [class_dump] ezu → net.minecraft.world.level.levelgen.feature.configurations.BlockStateConfiguration
[2775|t+13218ms|ThreadId(2)] [class_dump] ezv → net.minecraft.world.level.levelgen.feature.configurations.ColumnFeatureConfiguration
[2776|t+13219ms|ThreadId(2)] [class_dump] ezw → net.minecraft.world.level.levelgen.feature.configurations.CountConfiguration
[2777|t+13219ms|ThreadId(2)] [class_dump] ezx → net.minecraft.world.level.levelgen.feature.configurations.DeltaFeatureConfiguration
[2778|t+13219ms|ThreadId(2)] [class_dump] ezy → net.minecraft.world.level.levelgen.feature.configurations.DiskConfiguration
[2779|t+13220ms|ThreadId(2)] [class_dump] ezz → net.minecraft.world.level.levelgen.feature.configurations.DripstoneClusterConfiguration
[2780|t+13221ms|ThreadId(2)] [class_dump] f → com.mojang.math.OctahedralGroup
[2781|t+13221ms|ThreadId(2)] [class_dump] fa → net.minecraft.commands.arguments.ObjectiveCriteriaArgument
[2782|t+13222ms|ThreadId(2)] [class_dump] faa → net.minecraft.world.level.levelgen.feature.configurations.EndGatewayConfiguration
[2783|t+13223ms|ThreadId(2)] [class_dump] fab → net.minecraft.world.level.levelgen.feature.configurations.FallenTreeConfiguration
[2784|t+13223ms|ThreadId(2)] [class_dump] fac → net.minecraft.world.level.levelgen.feature.configurations.FeatureConfiguration
[2785|t+13224ms|ThreadId(2)] [class_dump] fad → net.minecraft.world.level.levelgen.feature.configurations.GeodeConfiguration
[2786|t+13226ms|ThreadId(2)] [class_dump] fae → net.minecraft.world.level.levelgen.feature.configurations.HugeMushroomFeatureConfiguration
[2787|t+13227ms|ThreadId(2)] [class_dump] faf → net.minecraft.world.level.levelgen.feature.configurations.LargeDripstoneConfiguration
[2788|t+13227ms|ThreadId(2)] [class_dump] fag → net.minecraft.world.level.levelgen.feature.configurations.LayerConfiguration
[2789|t+13228ms|ThreadId(2)] [class_dump] fah → net.minecraft.world.level.levelgen.feature.configurations.MultifaceGrowthConfiguration
[2790|t+13230ms|ThreadId(2)] [class_dump] fai → net.minecraft.world.level.levelgen.feature.configurations.NetherForestVegetationConfig
[2791|t+13232ms|ThreadId(2)] [class_dump] faj → net.minecraft.world.level.levelgen.feature.configurations.NoneFeatureConfiguration
[2792|t+13240ms|ThreadId(2)] [class_dump] fak → net.minecraft.world.level.levelgen.feature.configurations.OreConfiguration
[2793|t+13241ms|ThreadId(2)] [class_dump] fal → net.minecraft.world.level.levelgen.feature.configurations.PointedDripstoneConfiguration
[2794|t+13241ms|ThreadId(2)] [class_dump] fam → net.minecraft.world.level.levelgen.feature.configurations.ProbabilityFeatureConfiguration
[2795|t+13241ms|ThreadId(2)] [class_dump] fan → net.minecraft.world.level.levelgen.feature.configurations.RandomBooleanFeatureConfiguration
[2796|t+13242ms|ThreadId(2)] [class_dump] fao → net.minecraft.world.level.levelgen.feature.configurations.RandomFeatureConfiguration
[2797|t+13242ms|ThreadId(2)] [class_dump] fap → net.minecraft.world.level.levelgen.feature.configurations.RandomPatchConfiguration
[2798|t+13242ms|ThreadId(2)] [class_dump] faq → net.minecraft.world.level.levelgen.feature.configurations.ReplaceBlockConfiguration
[2799|t+13243ms|ThreadId(2)] [class_dump] far → net.minecraft.world.level.levelgen.feature.configurations.ReplaceSphereConfiguration
[2800|t+13243ms|ThreadId(2)] [class_dump] fas → net.minecraft.world.level.levelgen.feature.configurations.RootSystemConfiguration
[2801|t+13243ms|ThreadId(2)] [class_dump] fat → net.minecraft.world.level.levelgen.feature.configurations.SculkPatchConfiguration
[2802|t+13244ms|ThreadId(2)] [class_dump] fau → net.minecraft.world.level.levelgen.feature.configurations.SimpleBlockConfiguration
[2803|t+13244ms|ThreadId(2)] [class_dump] fav → net.minecraft.world.level.levelgen.feature.configurations.SimpleRandomFeatureConfiguration
[2804|t+13244ms|ThreadId(2)] [class_dump] faw → net.minecraft.world.level.levelgen.feature.configurations.SpikeConfiguration
[2805|t+13244ms|ThreadId(2)] [class_dump] fax → net.minecraft.world.level.levelgen.feature.configurations.SpringConfiguration
[2806|t+13245ms|ThreadId(2)] [class_dump] fay → net.minecraft.world.level.levelgen.feature.configurations.TreeConfiguration
[2807|t+13245ms|ThreadId(2)] [class_dump] faz → net.minecraft.world.level.levelgen.feature.configurations.TwistingVinesConfig
[2808|t+13245ms|ThreadId(2)] [class_dump] fb → net.minecraft.commands.arguments.OperationArgument
[2809|t+13246ms|ThreadId(2)] [class_dump] fba → net.minecraft.world.level.levelgen.feature.configurations.UnderwaterMagmaConfiguration
[2810|t+13246ms|ThreadId(2)] [class_dump] fbb → net.minecraft.world.level.levelgen.feature.configurations.VegetationPatchConfiguration
[2811|t+13246ms|ThreadId(2)] [class_dump] fbd → net.minecraft.world.level.levelgen.feature.featuresize.FeatureSize
[2812|t+13247ms|ThreadId(2)] [class_dump] fbe → net.minecraft.world.level.levelgen.feature.featuresize.FeatureSizeType
[2813|t+13247ms|ThreadId(2)] [class_dump] fbf → net.minecraft.world.level.levelgen.feature.featuresize.ThreeLayersFeatureSize
[2814|t+13247ms|ThreadId(2)] [class_dump] fbg → net.minecraft.world.level.levelgen.feature.featuresize.TwoLayersFeatureSize
[2815|t+13247ms|ThreadId(2)] [class_dump] fbi → net.minecraft.world.level.levelgen.feature.foliageplacers.AcaciaFoliagePlacer
[2816|t+13248ms|ThreadId(2)] [class_dump] fbj → net.minecraft.world.level.levelgen.feature.foliageplacers.BlobFoliagePlacer
[2817|t+13248ms|ThreadId(2)] [class_dump] fbk → net.minecraft.world.level.levelgen.feature.foliageplacers.BushFoliagePlacer
[2818|t+13248ms|ThreadId(2)] [class_dump] fbl → net.minecraft.world.level.levelgen.feature.foliageplacers.CherryFoliagePlacer
[2819|t+13249ms|ThreadId(2)] [class_dump] fbm → net.minecraft.world.level.levelgen.feature.foliageplacers.DarkOakFoliagePlacer
[2820|t+13249ms|ThreadId(2)] [class_dump] fbn → net.minecraft.world.level.levelgen.feature.foliageplacers.FancyFoliagePlacer
[2821|t+13249ms|ThreadId(2)] [class_dump] fbo → net.minecraft.world.level.levelgen.feature.foliageplacers.FoliagePlacer
[2822|t+13249ms|ThreadId(2)] [class_dump] fbp → net.minecraft.world.level.levelgen.feature.foliageplacers.FoliagePlacerType
[2823|t+13250ms|ThreadId(2)] [class_dump] fbq → net.minecraft.world.level.levelgen.feature.foliageplacers.MegaJungleFoliagePlacer
[2824|t+13250ms|ThreadId(2)] [class_dump] fbr → net.minecraft.world.level.levelgen.feature.foliageplacers.MegaPineFoliagePlacer
[2825|t+13250ms|ThreadId(2)] [class_dump] fbs → net.minecraft.world.level.levelgen.feature.foliageplacers.PineFoliagePlacer
[2826|t+13251ms|ThreadId(2)] [class_dump] fbt → net.minecraft.world.level.levelgen.feature.foliageplacers.RandomSpreadFoliagePlacer
[2827|t+13251ms|ThreadId(2)] [class_dump] fbu → net.minecraft.world.level.levelgen.feature.foliageplacers.SpruceFoliagePlacer
[2828|t+13251ms|ThreadId(2)] [class_dump] fbx → net.minecraft.world.level.levelgen.feature.rootplacers.AboveRootPlacement
[2829|t+13252ms|ThreadId(2)] [class_dump] fby → net.minecraft.world.level.levelgen.feature.rootplacers.MangroveRootPlacement
[2830|t+13252ms|ThreadId(2)] [class_dump] fbz → net.minecraft.world.level.levelgen.feature.rootplacers.MangroveRootPlacer
[2831|t+13252ms|ThreadId(2)] [class_dump] fc → net.minecraft.commands.arguments.ParticleArgument
[2832|t+13252ms|ThreadId(2)] [class_dump] fca → net.minecraft.world.level.levelgen.feature.rootplacers.RootPlacer
[2833|t+13253ms|ThreadId(2)] [class_dump] fcb → net.minecraft.world.level.levelgen.feature.rootplacers.RootPlacerType
[2834|t+13253ms|ThreadId(2)] [class_dump] fcd → net.minecraft.world.level.levelgen.feature.stateproviders.BlockStateProvider
[2835|t+13253ms|ThreadId(2)] [class_dump] fce → net.minecraft.world.level.levelgen.feature.stateproviders.BlockStateProviderType
[2836|t+13254ms|ThreadId(2)] [class_dump] fcf → net.minecraft.world.level.levelgen.feature.stateproviders.DualNoiseProvider
[2837|t+13254ms|ThreadId(2)] [class_dump] fcg → net.minecraft.world.level.levelgen.feature.stateproviders.NoiseBasedStateProvider
[2838|t+13254ms|ThreadId(2)] [class_dump] fch → net.minecraft.world.level.levelgen.feature.stateproviders.NoiseProvider
[2839|t+13255ms|ThreadId(2)] [class_dump] fci → net.minecraft.world.level.levelgen.feature.stateproviders.NoiseThresholdProvider
[2840|t+13255ms|ThreadId(2)] [class_dump] fcj → net.minecraft.world.level.levelgen.feature.stateproviders.RandomizedIntStateProvider
[2841|t+13255ms|ThreadId(2)] [class_dump] fck → net.minecraft.world.level.levelgen.feature.stateproviders.RotatedBlockProvider
[2842|t+13255ms|ThreadId(2)] [class_dump] fcl → net.minecraft.world.level.levelgen.feature.stateproviders.RuleBasedBlockStateProvider
[2843|t+13256ms|ThreadId(2)] [class_dump] fcm → net.minecraft.world.level.levelgen.feature.stateproviders.SimpleStateProvider
[2844|t+13256ms|ThreadId(2)] [class_dump] fcn → net.minecraft.world.level.levelgen.feature.stateproviders.WeightedStateProvider
[2845|t+13256ms|ThreadId(2)] [class_dump] fcp → net.minecraft.world.level.levelgen.feature.treedecorators.AlterGroundDecorator
[2846|t+13257ms|ThreadId(2)] [class_dump] fcq → net.minecraft.world.level.levelgen.feature.treedecorators.AttachedToLeavesDecorator
[2847|t+13257ms|ThreadId(2)] [class_dump] fcr → net.minecraft.world.level.levelgen.feature.treedecorators.AttachedToLogsDecorator
[2848|t+13257ms|ThreadId(2)] [class_dump] fcs → net.minecraft.world.level.levelgen.feature.treedecorators.BeehiveDecorator
[2849|t+13258ms|ThreadId(2)] [class_dump] fct → net.minecraft.world.level.levelgen.feature.treedecorators.CocoaDecorator
[2850|t+13258ms|ThreadId(2)] [class_dump] fcu → net.minecraft.world.level.levelgen.feature.treedecorators.CreakingHeartDecorator
[2851|t+13258ms|ThreadId(2)] [class_dump] fcv → net.minecraft.world.level.levelgen.feature.treedecorators.LeaveVineDecorator
[2852|t+13259ms|ThreadId(2)] [class_dump] fcw → net.minecraft.world.level.levelgen.feature.treedecorators.PaleMossDecorator
[2853|t+13259ms|ThreadId(2)] [class_dump] fcx → net.minecraft.world.level.levelgen.feature.treedecorators.PlaceOnGroundDecorator
[2854|t+13260ms|ThreadId(2)] [class_dump] fcy → net.minecraft.world.level.levelgen.feature.treedecorators.TreeDecorator
[2855|t+13261ms|ThreadId(2)] [class_dump] fcz → net.minecraft.world.level.levelgen.feature.treedecorators.TreeDecoratorType
[2856|t+13261ms|ThreadId(2)] [class_dump] fd → net.minecraft.commands.arguments.RangeArgument
[2857|t+13262ms|ThreadId(2)] [class_dump] fda → net.minecraft.world.level.levelgen.feature.treedecorators.TrunkVineDecorator
[2858|t+13262ms|ThreadId(2)] [class_dump] fdc → net.minecraft.world.level.levelgen.feature.trunkplacers.BendingTrunkPlacer
[2859|t+13262ms|ThreadId(2)] [class_dump] fdd → net.minecraft.world.level.levelgen.feature.trunkplacers.CherryTrunkPlacer
[2860|t+13262ms|ThreadId(2)] [class_dump] fde → net.minecraft.world.level.levelgen.feature.trunkplacers.DarkOakTrunkPlacer
[2861|t+13263ms|ThreadId(2)] [class_dump] fdf → net.minecraft.world.level.levelgen.feature.trunkplacers.FancyTrunkPlacer
[2862|t+13263ms|ThreadId(2)] [class_dump] fdg → net.minecraft.world.level.levelgen.feature.trunkplacers.ForkingTrunkPlacer
[2863|t+13264ms|ThreadId(2)] [class_dump] fdh → net.minecraft.world.level.levelgen.feature.trunkplacers.GiantTrunkPlacer
[2864|t+13264ms|ThreadId(2)] [class_dump] fdi → net.minecraft.world.level.levelgen.feature.trunkplacers.MegaJungleTrunkPlacer
[2865|t+13264ms|ThreadId(2)] [class_dump] fdj → net.minecraft.world.level.levelgen.feature.trunkplacers.StraightTrunkPlacer
[2866|t+13264ms|ThreadId(2)] [class_dump] fdk → net.minecraft.world.level.levelgen.feature.trunkplacers.TrunkPlacer
[2867|t+13265ms|ThreadId(2)] [class_dump] fdl → net.minecraft.world.level.levelgen.feature.trunkplacers.TrunkPlacerType
[2868|t+13265ms|ThreadId(2)] [class_dump] fdm → net.minecraft.world.level.levelgen.feature.trunkplacers.UpwardsBranchingTrunkPlacer
[2869|t+13265ms|ThreadId(2)] [class_dump] fdo → net.minecraft.world.level.levelgen.flat.FlatLayerInfo
[2870|t+13266ms|ThreadId(2)] [class_dump] fdr → net.minecraft.world.level.levelgen.flat.FlatLevelGeneratorSettings
[2871|t+13266ms|ThreadId(2)] [class_dump] fdt → net.minecraft.world.level.levelgen.heightproviders.BiasedToBottomHeight
[2872|t+13267ms|ThreadId(2)] [class_dump] fdu → net.minecraft.world.level.levelgen.heightproviders.ConstantHeight
[2873|t+13267ms|ThreadId(2)] [class_dump] fdv → net.minecraft.world.level.levelgen.heightproviders.HeightProvider
[2874|t+13267ms|ThreadId(2)] [class_dump] fdw → net.minecraft.world.level.levelgen.heightproviders.HeightProviderType
[2875|t+13268ms|ThreadId(2)] [class_dump] fdx → net.minecraft.world.level.levelgen.heightproviders.TrapezoidHeight
[2876|t+13268ms|ThreadId(2)] [class_dump] fdy → net.minecraft.world.level.levelgen.heightproviders.UniformHeight
[2877|t+13268ms|ThreadId(2)] [class_dump] fdz → net.minecraft.world.level.levelgen.heightproviders.VeryBiasedToBottomHeight
[2878|t+13269ms|ThreadId(2)] [class_dump] fe → net.minecraft.commands.arguments.ResourceArgument
[2879|t+13269ms|ThreadId(2)] [class_dump] fea → net.minecraft.world.level.levelgen.heightproviders.WeightedListHeight
[2880|t+13269ms|ThreadId(2)] [class_dump] feg → net.minecraft.world.level.levelgen.placement.BiomeFilter
[2881|t+13270ms|ThreadId(2)] [class_dump] feh → net.minecraft.world.level.levelgen.placement.BlockPredicateFilter
[2882|t+13270ms|ThreadId(2)] [class_dump] fei → net.minecraft.world.level.levelgen.placement.CaveSurface
[2883|t+13271ms|ThreadId(2)] [class_dump] fej → net.minecraft.world.level.levelgen.placement.CountOnEveryLayerPlacement
[2884|t+13271ms|ThreadId(2)] [class_dump] fek → net.minecraft.world.level.levelgen.placement.CountPlacement
[2885|t+13271ms|ThreadId(2)] [class_dump] fel → net.minecraft.world.level.levelgen.placement.EnvironmentScanPlacement
[2886|t+13272ms|ThreadId(2)] [class_dump] fem → net.minecraft.world.level.levelgen.placement.FixedPlacement
[2887|t+13272ms|ThreadId(2)] [class_dump] fen → net.minecraft.world.level.levelgen.placement.HeightRangePlacement
[2888|t+13272ms|ThreadId(2)] [class_dump] feo → net.minecraft.world.level.levelgen.placement.HeightmapPlacement
[2889|t+13273ms|ThreadId(2)] [class_dump] fep → net.minecraft.world.level.levelgen.placement.InSquarePlacement
[2890|t+13273ms|ThreadId(2)] [class_dump] feq → net.minecraft.world.level.levelgen.placement.NoiseBasedCountPlacement
[2891|t+13273ms|ThreadId(2)] [class_dump] fer → net.minecraft.world.level.levelgen.placement.NoiseThresholdCountPlacement
[2892|t+13273ms|ThreadId(2)] [class_dump] fes → net.minecraft.world.level.levelgen.placement.PlacedFeature
[2893|t+13274ms|ThreadId(2)] [class_dump] fet → net.minecraft.world.level.levelgen.placement.PlacementContext
[2894|t+13274ms|ThreadId(2)] [class_dump] feu → net.minecraft.world.level.levelgen.placement.PlacementFilter
[2895|t+13274ms|ThreadId(2)] [class_dump] fev → net.minecraft.world.level.levelgen.placement.PlacementModifier
[2896|t+13275ms|ThreadId(2)] [class_dump] few → net.minecraft.world.level.levelgen.placement.PlacementModifierType
[2897|t+13275ms|ThreadId(2)] [class_dump] fex → net.minecraft.world.level.levelgen.placement.RandomOffsetPlacement
[2898|t+13275ms|ThreadId(2)] [class_dump] fey → net.minecraft.world.level.levelgen.placement.RarityFilter
[2899|t+13276ms|ThreadId(2)] [class_dump] fez → net.minecraft.world.level.levelgen.placement.RepeatingPlacement
[2900|t+13276ms|ThreadId(2)] [class_dump] ff → net.minecraft.commands.arguments.ResourceKeyArgument
[2901|t+13276ms|ThreadId(2)] [class_dump] ffa → net.minecraft.world.level.levelgen.placement.SurfaceRelativeThresholdFilter
[2902|t+13277ms|ThreadId(2)] [class_dump] ffb → net.minecraft.world.level.levelgen.placement.SurfaceWaterDepthFilter
[2903|t+13277ms|ThreadId(2)] [class_dump] ffg → net.minecraft.world.level.levelgen.structure.BoundingBox
[2904|t+13277ms|ThreadId(2)] [class_dump] ffk → net.minecraft.world.level.levelgen.structure.PoolElementStructurePiece
[2905|t+13277ms|ThreadId(2)] [class_dump] ffm → net.minecraft.world.level.levelgen.structure.ScatteredFeaturePiece
[2906|t+13278ms|ThreadId(2)] [class_dump] ffn → net.minecraft.world.level.levelgen.structure.SinglePieceStructure
[2907|t+13278ms|ThreadId(2)] [class_dump] ffo → net.minecraft.world.level.levelgen.structure.Structure
[2908|t+13278ms|ThreadId(2)] [class_dump] ffs → net.minecraft.world.level.levelgen.structure.StructurePiece
[2909|t+13279ms|ThreadId(2)] [class_dump] fft → net.minecraft.world.level.levelgen.structure.StructurePieceAccessor
[2910|t+13279ms|ThreadId(2)] [class_dump] ffu → net.minecraft.world.level.levelgen.structure.StructureSet
[2911|t+13279ms|ThreadId(2)] [class_dump] ffv → net.minecraft.world.level.levelgen.structure.StructureSpawnOverride
[2912|t+13279ms|ThreadId(2)] [class_dump] ffx → net.minecraft.world.level.levelgen.structure.StructureType
[2913|t+13280ms|ThreadId(2)] [class_dump] ffy → net.minecraft.world.level.levelgen.structure.TemplateStructurePiece
[2914|t+13280ms|ThreadId(2)] [class_dump] ffz → net.minecraft.world.level.levelgen.structure.TerrainAdjustment
[2915|t+13280ms|ThreadId(2)] [class_dump] fg → net.minecraft.commands.arguments.ResourceOrIdArgument
[2916|t+13281ms|ThreadId(2)] [class_dump] fge → net.minecraft.world.level.levelgen.structure.pieces.StructurePieceSerializationContext
[2917|t+13281ms|ThreadId(2)] [class_dump] fgf → net.minecraft.world.level.levelgen.structure.pieces.StructurePieceType
[2918|t+13281ms|ThreadId(2)] [class_dump] fgi → net.minecraft.world.level.levelgen.structure.placement.ConcentricRingsStructurePlacement
[2919|t+13281ms|ThreadId(2)] [class_dump] fgj → net.minecraft.world.level.levelgen.structure.placement.RandomSpreadStructurePlacement
[2920|t+13282ms|ThreadId(2)] [class_dump] fgk → net.minecraft.world.level.levelgen.structure.placement.RandomSpreadType
[2921|t+13282ms|ThreadId(2)] [class_dump] fgl → net.minecraft.world.level.levelgen.structure.placement.StructurePlacement
[2922|t+13282ms|ThreadId(2)] [class_dump] fgm → net.minecraft.world.level.levelgen.structure.placement.StructurePlacementType
[2923|t+13283ms|ThreadId(2)] [class_dump] fgo → net.minecraft.world.level.levelgen.structure.pools.DimensionPadding
[2924|t+13283ms|ThreadId(2)] [class_dump] fgp → net.minecraft.world.level.levelgen.structure.pools.EmptyPoolElement
[2925|t+13283ms|ThreadId(2)] [class_dump] fgq → net.minecraft.world.level.levelgen.structure.pools.FeaturePoolElement
[2926|t+13284ms|ThreadId(2)] [class_dump] fgt → net.minecraft.world.level.levelgen.structure.pools.LegacySinglePoolElement
[2927|t+13284ms|ThreadId(2)] [class_dump] fgu → net.minecraft.world.level.levelgen.structure.pools.ListPoolElement
[2928|t+13284ms|ThreadId(2)] [class_dump] fgv → net.minecraft.world.level.levelgen.structure.pools.SinglePoolElement
[2929|t+13285ms|ThreadId(2)] [class_dump] fgw → net.minecraft.world.level.levelgen.structure.pools.StructurePoolElement
[2930|t+13285ms|ThreadId(2)] [class_dump] fgx → net.minecraft.world.level.levelgen.structure.pools.StructurePoolElementType
[2931|t+13285ms|ThreadId(2)] [class_dump] fgy → net.minecraft.world.level.levelgen.structure.pools.StructureTemplatePool
[2932|t+13285ms|ThreadId(2)] [class_dump] fgz → net.minecraft.world.level.levelgen.structure.pools.alias.DirectPoolAlias
[2933|t+13286ms|ThreadId(2)] [class_dump] fh → net.minecraft.commands.arguments.ResourceOrTagArgument
[2934|t+13286ms|ThreadId(2)] [class_dump] fha → net.minecraft.world.level.levelgen.structure.pools.alias.PoolAliasBinding
[2935|t+13286ms|ThreadId(2)] [class_dump] fhb → net.minecraft.world.level.levelgen.structure.pools.alias.PoolAliasBindings
[2936|t+13287ms|ThreadId(2)] [class_dump] fhd → net.minecraft.world.level.levelgen.structure.pools.alias.RandomGroupPoolAlias
[2937|t+13287ms|ThreadId(2)] [class_dump] fhe → net.minecraft.world.level.levelgen.structure.pools.alias.RandomPoolAlias
[2938|t+13287ms|ThreadId(2)] [class_dump] fhi → net.minecraft.world.level.levelgen.structure.structures.BuriedTreasureStructure
[2939|t+13288ms|ThreadId(2)] [class_dump] fhj → net.minecraft.world.level.levelgen.structure.structures.DesertPyramidPiece
[2940|t+13288ms|ThreadId(2)] [class_dump] fhk → net.minecraft.world.level.levelgen.structure.structures.DesertPyramidStructure
[2941|t+13288ms|ThreadId(2)] [class_dump] fhm → net.minecraft.world.level.levelgen.structure.structures.EndCityStructure
[2942|t+13289ms|ThreadId(2)] [class_dump] fho → net.minecraft.world.level.levelgen.structure.structures.IglooStructure
[2943|t+13289ms|ThreadId(2)] [class_dump] fhp → net.minecraft.world.level.levelgen.structure.structures.JigsawStructure
[2944|t+13289ms|ThreadId(2)] [class_dump] fhq → net.minecraft.world.level.levelgen.structure.structures.JungleTemplePiece
[2945|t+13289ms|ThreadId(2)] [class_dump] fhr → net.minecraft.world.level.levelgen.structure.structures.JungleTempleStructure
[2946|t+13290ms|ThreadId(2)] [class_dump] fht → net.minecraft.world.level.levelgen.structure.structures.MineshaftStructure
[2947|t+13290ms|ThreadId(2)] [class_dump] fhv → net.minecraft.world.level.levelgen.structure.structures.NetherFortressStructure
[2948|t+13291ms|ThreadId(2)] [class_dump] fhx → net.minecraft.world.level.levelgen.structure.structures.NetherFossilStructure
[2949|t+13291ms|ThreadId(2)] [class_dump] fhz → net.minecraft.world.level.levelgen.structure.structures.OceanMonumentStructure
[2950|t+13291ms|ThreadId(2)] [class_dump] fi → net.minecraft.commands.arguments.ResourceOrTagKeyArgument
[2951|t+13291ms|ThreadId(2)] [class_dump] fib → net.minecraft.world.level.levelgen.structure.structures.OceanRuinStructure
[2952|t+13292ms|ThreadId(2)] [class_dump] fic → net.minecraft.world.level.levelgen.structure.structures.RuinedPortalPiece
[2953|t+13292ms|ThreadId(2)] [class_dump] fid → net.minecraft.world.level.levelgen.structure.structures.RuinedPortalStructure
[2954|t+13293ms|ThreadId(2)] [class_dump] fif → net.minecraft.world.level.levelgen.structure.structures.ShipwreckStructure
[2955|t+13293ms|ThreadId(2)] [class_dump] fih → net.minecraft.world.level.levelgen.structure.structures.StrongholdStructure
[2956|t+13293ms|ThreadId(2)] [class_dump] fii → net.minecraft.world.level.levelgen.structure.structures.SwampHutPiece
[2957|t+13294ms|ThreadId(2)] [class_dump] fij → net.minecraft.world.level.levelgen.structure.structures.SwampHutStructure
[2958|t+13294ms|ThreadId(2)] [class_dump] fil → net.minecraft.world.level.levelgen.structure.structures.WoodlandMansionStructure
[2959|t+13294ms|ThreadId(2)] [class_dump] fin → net.minecraft.world.level.levelgen.structure.templatesystem.AlwaysTrueTest
[2960|t+13295ms|ThreadId(2)] [class_dump] fio → net.minecraft.world.level.levelgen.structure.templatesystem.AxisAlignedLinearPosTest
[2961|t+13295ms|ThreadId(2)] [class_dump] fip → net.minecraft.world.level.levelgen.structure.templatesystem.BlackstoneReplaceProcessor
[2962|t+13295ms|ThreadId(2)] [class_dump] fiq → net.minecraft.world.level.levelgen.structure.templatesystem.BlockAgeProcessor
[2963|t+13296ms|ThreadId(2)] [class_dump] fir → net.minecraft.world.level.levelgen.structure.templatesystem.BlockIgnoreProcessor
[2964|t+13296ms|ThreadId(2)] [class_dump] fis → net.minecraft.world.level.levelgen.structure.templatesystem.BlockMatchTest
[2965|t+13296ms|ThreadId(2)] [class_dump] fit → net.minecraft.world.level.levelgen.structure.templatesystem.BlockRotProcessor
[2966|t+13297ms|ThreadId(2)] [class_dump] fiu → net.minecraft.world.level.levelgen.structure.templatesystem.BlockStateMatchTest
[2967|t+13298ms|ThreadId(2)] [class_dump] fiv → net.minecraft.world.level.levelgen.structure.templatesystem.CappedProcessor
[2968|t+13298ms|ThreadId(2)] [class_dump] fiw → net.minecraft.world.level.levelgen.structure.templatesystem.GravityProcessor
[2969|t+13298ms|ThreadId(2)] [class_dump] fix → net.minecraft.world.level.levelgen.structure.templatesystem.JigsawReplacementProcessor
[2970|t+13298ms|ThreadId(2)] [class_dump] fiy → net.minecraft.world.level.levelgen.structure.templatesystem.LavaSubmergedBlockProcessor
[2971|t+13299ms|ThreadId(2)] [class_dump] fiz → net.minecraft.world.level.levelgen.structure.templatesystem.LinearPosTest
[2972|t+13299ms|ThreadId(2)] [class_dump] fj → net.minecraft.commands.arguments.ResourceSelectorArgument
[2973|t+13299ms|ThreadId(2)] [class_dump] fja → net.minecraft.world.level.levelgen.structure.templatesystem.LiquidSettings
[2974|t+13300ms|ThreadId(2)] [class_dump] fjb → net.minecraft.world.level.levelgen.structure.templatesystem.NopProcessor
[2975|t+13300ms|ThreadId(2)] [class_dump] fjc → net.minecraft.world.level.levelgen.structure.templatesystem.PosAlwaysTrueTest
[2976|t+13300ms|ThreadId(2)] [class_dump] fjd → net.minecraft.world.level.levelgen.structure.templatesystem.PosRuleTest
[2977|t+13301ms|ThreadId(2)] [class_dump] fje → net.minecraft.world.level.levelgen.structure.templatesystem.PosRuleTestType
[2978|t+13301ms|ThreadId(2)] [class_dump] fjf → net.minecraft.world.level.levelgen.structure.templatesystem.ProcessorRule
[2979|t+13302ms|ThreadId(2)] [class_dump] fjg → net.minecraft.world.level.levelgen.structure.templatesystem.ProtectedBlockProcessor
[2980|t+13302ms|ThreadId(2)] [class_dump] fjh → net.minecraft.world.level.levelgen.structure.templatesystem.RandomBlockMatchTest
[2981|t+13303ms|ThreadId(2)] [class_dump] fji → net.minecraft.world.level.levelgen.structure.templatesystem.RandomBlockStateMatchTest
[2982|t+13303ms|ThreadId(2)] [class_dump] fjj → net.minecraft.world.level.levelgen.structure.templatesystem.RuleProcessor
[2983|t+13303ms|ThreadId(2)] [class_dump] fjk → net.minecraft.world.level.levelgen.structure.templatesystem.RuleTest
[2984|t+13304ms|ThreadId(2)] [class_dump] fjl → net.minecraft.world.level.levelgen.structure.templatesystem.RuleTestType
[2985|t+13304ms|ThreadId(2)] [class_dump] fjn → net.minecraft.world.level.levelgen.structure.templatesystem.StructureProcessor
[2986|t+13304ms|ThreadId(2)] [class_dump] fjo → net.minecraft.world.level.levelgen.structure.templatesystem.StructureProcessorList
[2987|t+13305ms|ThreadId(2)] [class_dump] fjp → net.minecraft.world.level.levelgen.structure.templatesystem.StructureProcessorType
[2988|t+13305ms|ThreadId(2)] [class_dump] fjr → net.minecraft.world.level.levelgen.structure.templatesystem.StructureTemplateManager
[2989|t+13305ms|ThreadId(2)] [class_dump] fjs → net.minecraft.world.level.levelgen.structure.templatesystem.TagMatchTest
[2990|t+13306ms|ThreadId(2)] [class_dump] fju → net.minecraft.world.level.levelgen.structure.templatesystem.rule.blockentity.AppendLoot
[2991|t+13306ms|ThreadId(2)] [class_dump] fjv → net.minecraft.world.level.levelgen.structure.templatesystem.rule.blockentity.AppendStatic
[2992|t+13306ms|ThreadId(2)] [class_dump] fjw → net.minecraft.world.level.levelgen.structure.templatesystem.rule.blockentity.Clear
[2993|t+13307ms|ThreadId(2)] [class_dump] fjx → net.minecraft.world.level.levelgen.structure.templatesystem.rule.blockentity.Passthrough
[2994|t+13307ms|ThreadId(2)] [class_dump] fjy → net.minecraft.world.level.levelgen.structure.templatesystem.rule.blockentity.RuleBlockEntityModifier
[2995|t+13307ms|ThreadId(2)] [class_dump] fjz → net.minecraft.world.level.levelgen.structure.templatesystem.rule.blockentity.RuleBlockEntityModifierType
[2996|t+13307ms|ThreadId(2)] [class_dump] fk → net.minecraft.commands.arguments.ScoreHolderArgument
[2997|t+13308ms|ThreadId(2)] [class_dump] fkb → net.minecraft.world.level.levelgen.synth.BlendedNoise
[2998|t+13308ms|ThreadId(2)] [class_dump] fke → net.minecraft.world.level.levelgen.synth.NormalNoise
[2999|t+13308ms|ThreadId(2)] [class_dump] fkg → net.minecraft.world.level.levelgen.synth.PerlinSimplexNoise
[3000|t+13309ms|ThreadId(2)] [class_dump] fkh → net.minecraft.world.level.levelgen.synth.SimplexNoise
[3001|t+13309ms|ThreadId(2)] [class_dump] fkq → net.minecraft.world.level.lighting.LevelLightEngine
[3002|t+13309ms|ThreadId(2)] [class_dump] fkt → net.minecraft.world.level.lighting.LightEventListener
[3003|t+13310ms|ThreadId(2)] [class_dump] fky → net.minecraft.world.level.material.EmptyFluid
[3004|t+13310ms|ThreadId(2)] [class_dump] fkz → net.minecraft.world.level.material.FlowingFluid
[3005|t+13310ms|ThreadId(2)] [class_dump] fl → net.minecraft.commands.arguments.ScoreboardSlotArgument
[3006|t+13311ms|ThreadId(2)] [class_dump] fla → net.minecraft.world.level.material.Fluid
[3007|t+13311ms|ThreadId(2)] [class_dump] flb → net.minecraft.world.level.material.FluidState
[3008|t+13311ms|ThreadId(2)] [class_dump] flc → net.minecraft.world.level.material.Fluids
[3009|t+13312ms|ThreadId(2)] [class_dump] fle → net.minecraft.world.level.material.LavaFluid
[3010|t+13312ms|ThreadId(2)] [class_dump] flf → net.minecraft.world.level.material.MapColor
[3011|t+13312ms|ThreadId(2)] [class_dump] flg → net.minecraft.world.level.material.PushReaction
[3012|t+13313ms|ThreadId(2)] [class_dump] flh → net.minecraft.world.level.material.WaterFluid
[3013|t+13313ms|ThreadId(2)] [class_dump] flp → net.minecraft.world.level.pathfinder.Path
[3014|t+13313ms|ThreadId(2)] [class_dump] flq → net.minecraft.world.level.pathfinder.PathComputationType
[3015|t+13314ms|ThreadId(2)] [class_dump] fm → net.minecraft.commands.arguments.SignedArgument
[3016|t+13314ms|ThreadId(2)] [class_dump] fme → net.minecraft.world.level.redstone.DefaultRedstoneWireEvaluator
[3017|t+13314ms|ThreadId(2)] [class_dump] fmj → net.minecraft.world.level.redstone.Orientation
[3018|t+13315ms|ThreadId(2)] [class_dump] fml → net.minecraft.world.level.redstone.RedstoneWireEvaluator
[3019|t+13315ms|ThreadId(2)] [class_dump] fmn → net.minecraft.world.level.saveddata.SavedData
[3020|t+13315ms|ThreadId(2)] [class_dump] fmr → net.minecraft.world.level.saveddata.maps.MapDecorationType
[3021|t+13316ms|ThreadId(2)] [class_dump] fms → net.minecraft.world.level.saveddata.maps.MapDecorationTypes
[3022|t+13316ms|ThreadId(2)] [class_dump] fmu → net.minecraft.world.level.saveddata.maps.MapId
[3023|t+13316ms|ThreadId(2)] [class_dump] fmw → net.minecraft.world.level.saveddata.maps.MapItemSavedData
[3024|t+13317ms|ThreadId(2)] [class_dump] fn → net.minecraft.commands.arguments.SlotArgument
[3025|t+13317ms|ThreadId(2)] [class_dump] fna → net.minecraft.world.level.storage.DataVersion
[3026|t+13317ms|ThreadId(2)] [class_dump] fne → net.minecraft.world.level.storage.LevelData
[3027|t+13318ms|ThreadId(2)] [class_dump] fnh → net.minecraft.world.level.storage.LevelStorageException
[3028|t+13318ms|ThreadId(2)] [class_dump] fni → net.minecraft.world.level.storage.LevelStorageSource
[3029|t+13318ms|ThreadId(2)] [class_dump] fnj → net.minecraft.world.level.storage.LevelSummary
[3030|t+13319ms|ThreadId(2)] [class_dump] fns → net.minecraft.world.level.storage.ValueOutput
[3031|t+13319ms|ThreadId(2)] [class_dump] fnt → net.minecraft.world.level.storage.WorldData
[3032|t+13319ms|ThreadId(2)] [class_dump] fnu → net.minecraft.world.level.storage.WritableLevelData
[3033|t+13320ms|ThreadId(2)] [class_dump] fnw → net.minecraft.world.level.storage.loot.ContainerComponentManipulator
[3034|t+13320ms|ThreadId(2)] [class_dump] fnx → net.minecraft.world.level.storage.loot.ContainerComponentManipulators
[3035|t+13320ms|ThreadId(2)] [class_dump] fny → net.minecraft.world.level.storage.loot.IntRange
[3036|t+13320ms|ThreadId(2)] [class_dump] fnz → net.minecraft.world.level.storage.loot.LootContext
[3037|t+13321ms|ThreadId(2)] [class_dump] fo → net.minecraft.commands.arguments.SlotsArgument
[3038|t+13321ms|ThreadId(2)] [class_dump] foa → net.minecraft.world.level.storage.loot.LootContextArg
[3039|t+13321ms|ThreadId(2)] [class_dump] fob → net.minecraft.world.level.storage.loot.LootContextUser
[3040|t+13322ms|ThreadId(2)] [class_dump] fof → net.minecraft.world.level.storage.loot.LootTable
[3041|t+13322ms|ThreadId(2)] [class_dump] foh → net.minecraft.world.level.storage.loot.entries.AlternativesEntry
[3042|t+13322ms|ThreadId(2)] [class_dump] foi → net.minecraft.world.level.storage.loot.entries.ComposableEntryContainer
[3043|t+13323ms|ThreadId(2)] [class_dump] foj → net.minecraft.world.level.storage.loot.entries.CompositeEntryBase
[3044|t+13323ms|ThreadId(2)] [class_dump] fok → net.minecraft.world.level.storage.loot.entries.DynamicLoot
[3045|t+13323ms|ThreadId(2)] [class_dump] fol → net.minecraft.world.level.storage.loot.entries.EmptyLootItem
[3046|t+13324ms|ThreadId(2)] [class_dump] fom → net.minecraft.world.level.storage.loot.entries.EntryGroup
[3047|t+13324ms|ThreadId(2)] [class_dump] fon → net.minecraft.world.level.storage.loot.entries.LootItem
[3048|t+13324ms|ThreadId(2)] [class_dump] foo → net.minecraft.world.level.storage.loot.entries.LootPoolEntries
[3049|t+13325ms|ThreadId(2)] [class_dump] fop → net.minecraft.world.level.storage.loot.entries.LootPoolEntry
[3050|t+13325ms|ThreadId(2)] [class_dump] foq → net.minecraft.world.level.storage.loot.entries.LootPoolEntryContainer
[3051|t+13325ms|ThreadId(2)] [class_dump] fos → net.minecraft.world.level.storage.loot.entries.LootPoolEntryType
[3052|t+13325ms|ThreadId(2)] [class_dump] fot → net.minecraft.world.level.storage.loot.entries.LootPoolSingletonContainer
[3053|t+13326ms|ThreadId(2)] [class_dump] fou → net.minecraft.world.level.storage.loot.entries.NestedLootTable
[3054|t+13326ms|ThreadId(2)] [class_dump] fov → net.minecraft.world.level.storage.loot.entries.SequentialEntry
[3055|t+13326ms|ThreadId(2)] [class_dump] fow → net.minecraft.world.level.storage.loot.entries.SlotLoot
[3056|t+13326ms|ThreadId(2)] [class_dump] fox → net.minecraft.world.level.storage.loot.entries.TagEntry
[3057|t+13327ms|ThreadId(2)] [class_dump] foz → net.minecraft.world.level.storage.loot.functions.ApplyBonusCount
[3058|t+13327ms|ThreadId(2)] [class_dump] fp → net.minecraft.commands.arguments.StringRepresentableArgument
[3059|t+13327ms|ThreadId(2)] [class_dump] fpa → net.minecraft.world.level.storage.loot.functions.ApplyExplosionDecay
[3060|t+13327ms|ThreadId(2)] [class_dump] fpb → net.minecraft.world.level.storage.loot.functions.CopyBlockState
[3061|t+13328ms|ThreadId(2)] [class_dump] fpc → net.minecraft.world.level.storage.loot.functions.CopyComponentsFunction
[3062|t+13328ms|ThreadId(2)] [class_dump] fpd → net.minecraft.world.level.storage.loot.functions.CopyCustomDataFunction
[3063|t+13328ms|ThreadId(2)] [class_dump] fpe → net.minecraft.world.level.storage.loot.functions.CopyNameFunction
[3064|t+13329ms|ThreadId(2)] [class_dump] fpf → net.minecraft.world.level.storage.loot.functions.DiscardItem
[3065|t+13329ms|ThreadId(2)] [class_dump] fpg → net.minecraft.world.level.storage.loot.functions.EnchantRandomlyFunction
[3066|t+13329ms|ThreadId(2)] [class_dump] fph → net.minecraft.world.level.storage.loot.functions.EnchantWithLevelsFunction
[3067|t+13330ms|ThreadId(2)] [class_dump] fpi → net.minecraft.world.level.storage.loot.functions.EnchantedCountIncreaseFunction
[3068|t+13330ms|ThreadId(2)] [class_dump] fpj → net.minecraft.world.level.storage.loot.functions.ExplorationMapFunction
[3069|t+13330ms|ThreadId(2)] [class_dump] fpk → net.minecraft.world.level.storage.loot.functions.FillPlayerHead
[3070|t+13331ms|ThreadId(2)] [class_dump] fpl → net.minecraft.world.level.storage.loot.functions.FilteredFunction
[3071|t+13331ms|ThreadId(2)] [class_dump] fpm → net.minecraft.world.level.storage.loot.functions.FunctionReference
[3072|t+13331ms|ThreadId(2)] [class_dump] fpn → net.minecraft.world.level.storage.loot.functions.FunctionUserBuilder
[3073|t+13332ms|ThreadId(2)] [class_dump] fpo → net.minecraft.world.level.storage.loot.functions.LimitCount
[3074|t+13332ms|ThreadId(2)] [class_dump] fpp → net.minecraft.world.level.storage.loot.functions.ListOperation
[3075|t+13333ms|ThreadId(2)] [class_dump] fpq → net.minecraft.world.level.storage.loot.functions.LootItemConditionalFunction
[3076|t+13333ms|ThreadId(2)] [class_dump] fpr → net.minecraft.world.level.storage.loot.functions.LootItemFunction
[3077|t+13333ms|ThreadId(2)] [class_dump] fps → net.minecraft.world.level.storage.loot.functions.LootItemFunctionType
[3078|t+13334ms|ThreadId(2)] [class_dump] fpt → net.minecraft.world.level.storage.loot.functions.LootItemFunctions
[3079|t+13334ms|ThreadId(2)] [class_dump] fpu → net.minecraft.world.level.storage.loot.functions.ModifyContainerContents
[3080|t+13335ms|ThreadId(2)] [class_dump] fpv → net.minecraft.world.level.storage.loot.functions.SequenceFunction
[3081|t+13335ms|ThreadId(2)] [class_dump] fpw → net.minecraft.world.level.storage.loot.functions.SetAttributesFunction
[3082|t+13335ms|ThreadId(2)] [class_dump] fpx → net.minecraft.world.level.storage.loot.functions.SetBannerPatternFunction
[3083|t+13336ms|ThreadId(2)] [class_dump] fpy → net.minecraft.world.level.storage.loot.functions.SetBookCoverFunction
[3084|t+13336ms|ThreadId(2)] [class_dump] fpz → net.minecraft.world.level.storage.loot.functions.SetComponentsFunction
[3085|t+13336ms|ThreadId(2)] [class_dump] fq → net.minecraft.commands.arguments.StyleArgument
[3086|t+13337ms|ThreadId(2)] [class_dump] fqa → net.minecraft.world.level.storage.loot.functions.SetContainerContents
[3087|t+13337ms|ThreadId(2)] [class_dump] fqb → net.minecraft.world.level.storage.loot.functions.SetContainerLootTable
[3088|t+13337ms|ThreadId(2)] [class_dump] fqc → net.minecraft.world.level.storage.loot.functions.SetCustomDataFunction
[3089|t+13338ms|ThreadId(2)] [class_dump] fqd → net.minecraft.world.level.storage.loot.functions.SetCustomModelDataFunction
[3090|t+13338ms|ThreadId(2)] [class_dump] fqe → net.minecraft.world.level.storage.loot.functions.SetEnchantmentsFunction
[3091|t+13338ms|ThreadId(2)] [class_dump] fqf → net.minecraft.world.level.storage.loot.functions.SetFireworkExplosionFunction
[3092|t+13339ms|ThreadId(2)] [class_dump] fqg → net.minecraft.world.level.storage.loot.functions.SetFireworksFunction
[3093|t+13339ms|ThreadId(2)] [class_dump] fqh → net.minecraft.world.level.storage.loot.functions.SetInstrumentFunction
[3094|t+13339ms|ThreadId(2)] [class_dump] fqi → net.minecraft.world.level.storage.loot.functions.SetItemCountFunction
[3095|t+13339ms|ThreadId(2)] [class_dump] fqj → net.minecraft.world.level.storage.loot.functions.SetItemDamageFunction
[3096|t+13340ms|ThreadId(2)] [class_dump] fqk → net.minecraft.world.level.storage.loot.functions.SetItemFunction
[3097|t+13340ms|ThreadId(2)] [class_dump] fql → net.minecraft.world.level.storage.loot.functions.SetLoreFunction
[3098|t+13340ms|ThreadId(2)] [class_dump] fqm → net.minecraft.world.level.storage.loot.functions.SetNameFunction
[3099|t+13341ms|ThreadId(2)] [class_dump] fqn → net.minecraft.world.level.storage.loot.functions.SetOminousBottleAmplifierFunction
[3100|t+13341ms|ThreadId(2)] [class_dump] fqo → net.minecraft.world.level.storage.loot.functions.SetPotionFunction
[3101|t+13341ms|ThreadId(2)] [class_dump] fqp → net.minecraft.world.level.storage.loot.functions.SetStewEffectFunction
[3102|t+13341ms|ThreadId(2)] [class_dump] fqq → net.minecraft.world.level.storage.loot.functions.SetWritableBookPagesFunction
[3103|t+13342ms|ThreadId(2)] [class_dump] fqr → net.minecraft.world.level.storage.loot.functions.SetWrittenBookPagesFunction
[3104|t+13342ms|ThreadId(2)] [class_dump] fqs → net.minecraft.world.level.storage.loot.functions.SmeltItemFunction
[3105|t+13342ms|ThreadId(2)] [class_dump] fqt → net.minecraft.world.level.storage.loot.functions.ToggleTooltips
[3106|t+13343ms|ThreadId(2)] [class_dump] fqw → net.minecraft.world.level.storage.loot.parameters.LootContextParamSets
[3107|t+13343ms|ThreadId(2)] [class_dump] fqx → net.minecraft.world.level.storage.loot.parameters.LootContextParams
[3108|t+13343ms|ThreadId(2)] [class_dump] fqz → net.minecraft.world.level.storage.loot.predicates.AllOfCondition
[3109|t+13344ms|ThreadId(2)] [class_dump] fr → net.minecraft.commands.arguments.TeamArgument
[3110|t+13344ms|ThreadId(2)] [class_dump] fra → net.minecraft.world.level.storage.loot.predicates.AnyOfCondition
[3111|t+13344ms|ThreadId(2)] [class_dump] frb → net.minecraft.world.level.storage.loot.predicates.BonusLevelTableCondition
[3112|t+13344ms|ThreadId(2)] [class_dump] frc → net.minecraft.world.level.storage.loot.predicates.CompositeLootItemCondition
[3113|t+13345ms|ThreadId(2)] [class_dump] frd → net.minecraft.world.level.storage.loot.predicates.ConditionReference
[3114|t+13345ms|ThreadId(2)] [class_dump] fre → net.minecraft.world.level.storage.loot.predicates.ConditionUserBuilder
[3115|t+13345ms|ThreadId(2)] [class_dump] frf → net.minecraft.world.level.storage.loot.predicates.DamageSourceCondition
[3116|t+13346ms|ThreadId(2)] [class_dump] frg → net.minecraft.world.level.storage.loot.predicates.EnchantmentActiveCheck
[3117|t+13346ms|ThreadId(2)] [class_dump] frh → net.minecraft.world.level.storage.loot.predicates.EntityHasScoreCondition
[3118|t+13346ms|ThreadId(2)] [class_dump] fri → net.minecraft.world.level.storage.loot.predicates.ExplosionCondition
[3119|t+13346ms|ThreadId(2)] [class_dump] frj → net.minecraft.world.level.storage.loot.predicates.InvertedLootItemCondition
[3120|t+13347ms|ThreadId(2)] [class_dump] frk → net.minecraft.world.level.storage.loot.predicates.LocationCheck
[3121|t+13347ms|ThreadId(2)] [class_dump] frl → net.minecraft.world.level.storage.loot.predicates.LootItemBlockStatePropertyCondition
[3122|t+13347ms|ThreadId(2)] [class_dump] frm → net.minecraft.world.level.storage.loot.predicates.LootItemCondition
[3123|t+13348ms|ThreadId(2)] [class_dump] frn → net.minecraft.world.level.storage.loot.predicates.LootItemConditionType
[3124|t+13348ms|ThreadId(2)] [class_dump] fro → net.minecraft.world.level.storage.loot.predicates.LootItemConditions
[3125|t+13348ms|ThreadId(2)] [class_dump] frp → net.minecraft.world.level.storage.loot.predicates.LootItemEntityPropertyCondition
[3126|t+13348ms|ThreadId(2)] [class_dump] frq → net.minecraft.world.level.storage.loot.predicates.LootItemKilledByPlayerCondition
[3127|t+13349ms|ThreadId(2)] [class_dump] frr → net.minecraft.world.level.storage.loot.predicates.LootItemRandomChanceCondition
[3128|t+13349ms|ThreadId(2)] [class_dump] frs → net.minecraft.world.level.storage.loot.predicates.LootItemRandomChanceWithEnchantedBonusCondition
[3129|t+13349ms|ThreadId(2)] [class_dump] frt → net.minecraft.world.level.storage.loot.predicates.MatchTool
[3130|t+13350ms|ThreadId(2)] [class_dump] fru → net.minecraft.world.level.storage.loot.predicates.TimeCheck
[3131|t+13350ms|ThreadId(2)] [class_dump] frv → net.minecraft.world.level.storage.loot.predicates.ValueCheckCondition
[3132|t+13350ms|ThreadId(2)] [class_dump] frw → net.minecraft.world.level.storage.loot.predicates.WeatherCheck
[3133|t+13351ms|ThreadId(2)] [class_dump] fry → net.minecraft.world.level.storage.loot.providers.nbt.ContextNbtProvider
[3134|t+13351ms|ThreadId(2)] [class_dump] frz → net.minecraft.world.level.storage.loot.providers.nbt.LootNbtProviderType
[3135|t+13351ms|ThreadId(2)] [class_dump] fs → net.minecraft.commands.arguments.TemplateMirrorArgument
[3136|t+13351ms|ThreadId(2)] [class_dump] fsa → net.minecraft.world.level.storage.loot.providers.nbt.NbtProvider
[3137|t+13352ms|ThreadId(2)] [class_dump] fsb → net.minecraft.world.level.storage.loot.providers.nbt.NbtProviders
[3138|t+13352ms|ThreadId(2)] [class_dump] fsc → net.minecraft.world.level.storage.loot.providers.nbt.StorageNbtProvider
[3139|t+13352ms|ThreadId(2)] [class_dump] fse → net.minecraft.world.level.storage.loot.providers.number.BinomialDistributionGenerator
[3140|t+13353ms|ThreadId(2)] [class_dump] fsf → net.minecraft.world.level.storage.loot.providers.number.ConstantValue
[3141|t+13353ms|ThreadId(2)] [class_dump] fsg → net.minecraft.world.level.storage.loot.providers.number.EnchantmentLevelProvider
[3142|t+13354ms|ThreadId(2)] [class_dump] fsh → net.minecraft.world.level.storage.loot.providers.number.LootNumberProviderType
[3143|t+13354ms|ThreadId(2)] [class_dump] fsi → net.minecraft.world.level.storage.loot.providers.number.NumberProvider
[3144|t+13355ms|ThreadId(2)] [class_dump] fsj → net.minecraft.world.level.storage.loot.providers.number.NumberProviders
[3145|t+13355ms|ThreadId(2)] [class_dump] fsk → net.minecraft.world.level.storage.loot.providers.number.ScoreboardValue
[3146|t+13355ms|ThreadId(2)] [class_dump] fsl → net.minecraft.world.level.storage.loot.providers.number.StorageValue
[3147|t+13355ms|ThreadId(2)] [class_dump] fsm → net.minecraft.world.level.storage.loot.providers.number.UniformGenerator
[3148|t+13356ms|ThreadId(2)] [class_dump] fso → net.minecraft.world.level.storage.loot.providers.score.ContextScoreboardNameProvider
[3149|t+13356ms|ThreadId(2)] [class_dump] fsp → net.minecraft.world.level.storage.loot.providers.score.FixedScoreboardNameProvider
[3150|t+13356ms|ThreadId(2)] [class_dump] fsq → net.minecraft.world.level.storage.loot.providers.score.LootScoreProviderType
[3151|t+13357ms|ThreadId(2)] [class_dump] fsr → net.minecraft.world.level.storage.loot.providers.score.ScoreboardNameProvider
[3152|t+13357ms|ThreadId(2)] [class_dump] fss → net.minecraft.world.level.storage.loot.providers.score.ScoreboardNameProviders
[3153|t+13357ms|ThreadId(2)] [class_dump] ft → net.minecraft.commands.arguments.TemplateRotationArgument
[3154|t+13357ms|ThreadId(2)] [class_dump] ftb → net.minecraft.world.level.validation.ContentValidationException
[3155|t+13358ms|ThreadId(2)] [class_dump] ftc → net.minecraft.world.level.validation.DirectoryValidator
[3156|t+13359ms|ThreadId(2)] [class_dump] fth → net.minecraft.world.phys.AABB
[3157|t+13359ms|ThreadId(2)] [class_dump] fti → net.minecraft.world.phys.BlockHitResult
[3158|t+13360ms|ThreadId(2)] [class_dump] ftj → net.minecraft.world.phys.EntityHitResult
[3159|t+13360ms|ThreadId(2)] [class_dump] ftk → net.minecraft.world.phys.HitResult
[3160|t+13361ms|ThreadId(2)] [class_dump] ftm → net.minecraft.world.phys.Vec3
[3161|t+13362ms|ThreadId(2)] [class_dump] fto → net.minecraft.world.phys.shapes.ArrayVoxelShape
[3162|t+13362ms|ThreadId(2)] [class_dump] ftp → net.minecraft.world.phys.shapes.BitSetDiscreteVoxelShape
[3163|t+13362ms|ThreadId(2)] [class_dump] ftq → net.minecraft.world.phys.shapes.BooleanOp
[3164|t+13363ms|ThreadId(2)] [class_dump] ftr → net.minecraft.world.phys.shapes.CollisionContext
[3165|t+13363ms|ThreadId(2)] [class_dump] fts → net.minecraft.world.phys.shapes.CubePointRange
[3166|t+13364ms|ThreadId(2)] [class_dump] ftt → net.minecraft.world.phys.shapes.CubeVoxelShape
[3167|t+13364ms|ThreadId(2)] [class_dump] ftu → net.minecraft.world.phys.shapes.DiscreteCubeMerger
[3168|t+13365ms|ThreadId(2)] [class_dump] ftv → net.minecraft.world.phys.shapes.DiscreteVoxelShape
[3169|t+13366ms|ThreadId(2)] [class_dump] ftw → net.minecraft.world.phys.shapes.EntityCollisionContext
[3170|t+13366ms|ThreadId(2)] [class_dump] ftx → net.minecraft.world.phys.shapes.IdenticalMerger
[3171|t+13366ms|ThreadId(2)] [class_dump] fty → net.minecraft.world.phys.shapes.IndexMerger
[3172|t+13367ms|ThreadId(2)] [class_dump] ftz → net.minecraft.world.phys.shapes.IndirectMerger
[3173|t+13367ms|ThreadId(2)] [class_dump] fu → net.minecraft.commands.arguments.TimeArgument
[3174|t+13368ms|ThreadId(2)] [class_dump] fua → net.minecraft.world.phys.shapes.MinecartCollisionContext
[3175|t+13368ms|ThreadId(2)] [class_dump] fub → net.minecraft.world.phys.shapes.NonOverlappingMerger
[3176|t+13368ms|ThreadId(2)] [class_dump] fuc → net.minecraft.world.phys.shapes.OffsetDoubleList
[3177|t+13369ms|ThreadId(2)] [class_dump] fud → net.minecraft.world.phys.shapes.Shapes
[3178|t+13369ms|ThreadId(2)] [class_dump] fue → net.minecraft.world.phys.shapes.SliceShape
[3179|t+13370ms|ThreadId(2)] [class_dump] fuf → net.minecraft.world.phys.shapes.SubShape
[3180|t+13370ms|ThreadId(2)] [class_dump] fug → net.minecraft.world.phys.shapes.VoxelShape
[3181|t+13370ms|ThreadId(2)] [class_dump] fum → net.minecraft.world.scores.PlayerTeam
[3182|t+13371ms|ThreadId(2)] [class_dump] fuq → net.minecraft.world.scores.ScoreHolder
[3183|t+13371ms|ThreadId(2)] [class_dump] fur → net.minecraft.world.scores.Scoreboard
[3184|t+13371ms|ThreadId(2)] [class_dump] fut → net.minecraft.world.scores.Team
[3185|t+13372ms|ThreadId(2)] [class_dump] fuu → net.minecraft.world.scores.criteria.ObjectiveCriteria
[3186|t+13372ms|ThreadId(2)] [class_dump] fuy → net.minecraft.world.ticks.ContainerSingleItem
[3187|t+13373ms|ThreadId(2)] [class_dump] fv → net.minecraft.commands.arguments.UuidArgument
[3188|t+13373ms|ThreadId(2)] [class_dump] fva → net.minecraft.world.ticks.LevelTickAccess
[3189|t+13374ms|ThreadId(2)] [class_dump] fvg → net.minecraft.world.ticks.TickAccess
[3190|t+13374ms|ThreadId(2)] [class_dump] fvh → net.minecraft.world.ticks.TickContainerAccess
[3191|t+13374ms|ThreadId(2)] [class_dump] fvt → net.minecraft.world.waypoints.Waypoint
[3192|t+13375ms|ThreadId(2)] [class_dump] fvx → net.minecraft.world.waypoints.WaypointTransmitter
[3193|t+13375ms|ThreadId(2)] [class_dump] fwd → com.mojang.blaze3d.ProjectionType
[3194|t+13375ms|ThreadId(2)] [class_dump] fxs → com.mojang.blaze3d.pipeline.MainTarget
[3195|t+13376ms|ThreadId(2)] [class_dump] fxt → com.mojang.blaze3d.pipeline.RenderTarget
[3196|t+13376ms|ThreadId(2)] [class_dump] fxz → com.mojang.blaze3d.platform.DisplayData
[3197|t+13376ms|ThreadId(2)] [class_dump] fy → net.minecraft.commands.arguments.blocks.BlockPredicateArgument
[3198|t+13377ms|ThreadId(2)] [class_dump] fyl → com.mojang.blaze3d.platform.WindowEventHandler
[3199|t+13377ms|ThreadId(2)] [class_dump] fyz → com.mojang.blaze3d.shaders.UniformType
[3200|t+13377ms|ThreadId(2)] [class_dump] fz → net.minecraft.commands.arguments.blocks.BlockStateArgument
[3201|t+13378ms|ThreadId(2)] [class_dump] fzb → com.mojang.blaze3d.systems.SamplerCache
[3202|t+13378ms|ThreadId(2)] [class_dump] fzc → com.mojang.blaze3d.systems.ScissorState
[3203|t+13379ms|ThreadId(2)] [class_dump] fzf → com.mojang.blaze3d.textures.GpuSampler
[3204|t+13379ms|ThreadId(2)] [class_dump] fzj → com.mojang.blaze3d.vertex.CompactVectorArray
[3205|t+13379ms|ThreadId(2)] [class_dump] fzk → com.mojang.blaze3d.vertex.DefaultVertexFormat
[3206|t+13380ms|ThreadId(2)] [class_dump] fzp → com.mojang.blaze3d.vertex.VertexConsumer
[3207|t+13380ms|ThreadId(2)] [class_dump] fzr → com.mojang.blaze3d.vertex.VertexSorting
[3208|t+13381ms|ThreadId(2)] [class_dump] fzu → com.mojang.realmsclient.RealmsMainScreen
[3209|t+13382ms|ThreadId(2)] [class_dump] gc → net.minecraft.commands.arguments.coordinates.BlockPosArgument
[3210|t+13383ms|ThreadId(2)] [class_dump] gd → net.minecraft.commands.arguments.coordinates.ColumnPosArgument
[3211|t+13384ms|ThreadId(2)] [class_dump] ge → net.minecraft.commands.arguments.coordinates.Coordinates
[3212|t+13384ms|ThreadId(2)] [class_dump] ger → net.minecraft.client.Camera
[3213|t+13385ms|ThreadId(2)] [class_dump] get → net.minecraft.client.ClientBootstrap
[3214|t+13385ms|ThreadId(2)] [class_dump] gez → net.minecraft.client.DeltaTracker
[3215|t+13385ms|ThreadId(2)] [class_dump] gfg → net.minecraft.client.InputType
[3216|t+13386ms|ThreadId(2)] [class_dump] gfh → net.minecraft.client.KeyMapping
[3217|t+13386ms|ThreadId(2)] [class_dump] gfj → net.minecraft.client.Minecraft
[3218|t+13387ms|ThreadId(2)] [class_dump] gfp → net.minecraft.client.PeriodicNotificationManager
[3219|t+13387ms|ThreadId(2)] [class_dump] gfr → net.minecraft.client.ResourceLoadStateTracker
[3220|t+13387ms|ThreadId(2)] [class_dump] gfx → net.minecraft.client.User
[3221|t+13387ms|ThreadId(2)] [class_dump] gg → net.minecraft.commands.arguments.coordinates.RotationArgument
[3222|t+13388ms|ThreadId(2)] [class_dump] ggu → net.minecraft.client.color.item.Constant
[3223|t+13388ms|ThreadId(2)] [class_dump] ggv → net.minecraft.client.color.item.CustomModelDataSource
[3224|t+13389ms|ThreadId(2)] [class_dump] ggw → net.minecraft.client.color.item.Dye
[3225|t+13389ms|ThreadId(2)] [class_dump] ggx → net.minecraft.client.color.item.Firework
[3226|t+13390ms|ThreadId(2)] [class_dump] ggy → net.minecraft.client.color.item.GrassColorSource
[3227|t+13391ms|ThreadId(2)] [class_dump] ggz → net.minecraft.client.color.item.ItemTintSource
[3228|t+13392ms|ThreadId(2)] [class_dump] gh → net.minecraft.commands.arguments.coordinates.SwizzleArgument
[3229|t+13393ms|ThreadId(2)] [class_dump] gha → net.minecraft.client.color.item.ItemTintSources
[3230|t+13394ms|ThreadId(2)] [class_dump] ghb → net.minecraft.client.color.item.MapColor
[3231|t+13395ms|ThreadId(2)] [class_dump] ghc → net.minecraft.client.color.item.Potion
[3232|t+13397ms|ThreadId(2)] [class_dump] ghd → net.minecraft.client.color.item.TeamColor
[3233|t+13398ms|ThreadId(2)] [class_dump] gi → net.minecraft.commands.arguments.coordinates.Vec2Argument
[3234|t+13399ms|ThreadId(2)] [class_dump] gih → net.minecraft.client.entity.ClientAvatarEntity
[3235|t+13399ms|ThreadId(2)] [class_dump] gir → net.minecraft.client.gui.GuiGraphics
[3236|t+13400ms|ThreadId(2)] [class_dump] giu → net.minecraft.client.gui.components.AbstractButton
[3237|t+13400ms|ThreadId(2)] [class_dump] gix → net.minecraft.client.gui.components.AbstractScrollArea
[3238|t+13400ms|ThreadId(2)] [class_dump] gj → net.minecraft.commands.arguments.coordinates.Vec3Argument
[3239|t+13401ms|ThreadId(2)] [class_dump] gjb → net.minecraft.client.gui.components.AbstractTextAreaWidget
[3240|t+13402ms|ThreadId(2)] [class_dump] gjc → net.minecraft.client.gui.components.AbstractWidget
[3241|t+13402ms|ThreadId(2)] [class_dump] gje → net.minecraft.client.gui.components.Button
[3242|t+13403ms|ThreadId(2)] [class_dump] gjm → net.minecraft.client.gui.components.DebugScreenOverlay
[3243|t+13403ms|ThreadId(2)] [class_dump] gjn → net.minecraft.client.gui.components.EditBox
[3244|t+13403ms|ThreadId(2)] [class_dump] gjq → net.minecraft.client.gui.components.ImageButton
[3245|t+13404ms|ThreadId(2)] [class_dump] gjx → net.minecraft.client.gui.components.MultiLineEditBox
[3246|t+13404ms|ThreadId(2)] [class_dump] gki → net.minecraft.client.gui.components.Renderable
[3247|t+13405ms|ThreadId(2)] [class_dump] gkr → net.minecraft.client.gui.components.TabOrderedElement
[3248|t+13405ms|ThreadId(2)] [class_dump] glw → net.minecraft.client.gui.components.debug.DebugScreenDisplayer
[3249|t+13406ms|ThreadId(2)] [class_dump] gmh → net.minecraft.client.gui.components.debugchart.ProfilerPieChart
[3250|t+13406ms|ThreadId(2)] [class_dump] gmk → net.minecraft.client.gui.components.events.AbstractContainerEventHandler
[3251|t+13406ms|ThreadId(2)] [class_dump] gml → net.minecraft.client.gui.components.events.ContainerEventHandler
[3252|t+13407ms|ThreadId(2)] [class_dump] gmm → net.minecraft.client.gui.components.events.GuiEventListener
[3253|t+13407ms|ThreadId(2)] [class_dump] gnb → net.minecraft.client.gui.components.toasts.Toast
[3254|t+13407ms|ThreadId(2)] [class_dump] go → net.minecraft.commands.arguments.item.FunctionArgument
[3255|t+13408ms|ThreadId(2)] [class_dump] gov → net.minecraft.client.gui.layouts.Layout
[3256|t+13408ms|ThreadId(2)] [class_dump] gow → net.minecraft.client.gui.layouts.LayoutElement
[3257|t+13409ms|ThreadId(2)] [class_dump] gp → net.minecraft.commands.arguments.item.ItemArgument
[3258|t+13409ms|ThreadId(2)] [class_dump] gpb → net.minecraft.client.gui.narration.NarratableEntry
[3259|t+13409ms|ThreadId(2)] [class_dump] gpe → net.minecraft.client.gui.narration.NarrationSupplier
[3260|t+13410ms|ThreadId(2)] [class_dump] gpi → net.minecraft.client.gui.navigation.FocusNavigationEvent
[3261|t+13410ms|ThreadId(2)] [class_dump] gqu → net.minecraft.client.gui.screens.AccessibilityOnboardingScreen
[3262|t+13410ms|ThreadId(2)] [class_dump] gqy → net.minecraft.client.gui.screens.ChatScreen
[3263|t+13411ms|ThreadId(2)] [class_dump] gqz → net.minecraft.client.gui.screens.ConfirmLinkScreen
[3264|t+13411ms|ThreadId(2)] [class_dump] gra → net.minecraft.client.gui.screens.ConfirmScreen
[3265|t+13411ms|ThreadId(2)] [class_dump] grg → net.minecraft.client.gui.screens.DeathScreen
[3266|t+13412ms|ThreadId(2)] [class_dump] grm → net.minecraft.client.gui.screens.GenericMessageScreen
[3267|t+13412ms|ThreadId(2)] [class_dump] grp → net.minecraft.client.gui.screens.LevelLoadingScreen
[3268|t+13412ms|ThreadId(2)] [class_dump] grr → net.minecraft.client.gui.screens.LoadingOverlay
[3269|t+13413ms|ThreadId(2)] [class_dump] grv → net.minecraft.client.gui.screens.OutOfMemoryScreen
[3270|t+13413ms|ThreadId(2)] [class_dump] grw → net.minecraft.client.gui.screens.Overlay
[3271|t+13413ms|ThreadId(2)] [class_dump] grx → net.minecraft.client.gui.screens.PauseScreen
[3272|t+13414ms|ThreadId(2)] [class_dump] grz → net.minecraft.client.gui.screens.ProgressScreen
[3273|t+13414ms|ThreadId(2)] [class_dump] gs → net.minecraft.commands.arguments.item.ItemPredicateArgument
[3274|t+13414ms|ThreadId(2)] [class_dump] gsb → net.minecraft.client.gui.screens.Screen
[3275|t+13415ms|ThreadId(2)] [class_dump] gsd → net.minecraft.client.gui.screens.TitleScreen
[3276|t+13415ms|ThreadId(2)] [class_dump] gsl → net.minecraft.client.gui.screens.advancements.AdvancementsScreen
[3277|t+13415ms|ThreadId(2)] [class_dump] gsq → net.minecraft.client.gui.screens.dialog.ButtonListDialogScreen
[3278|t+13416ms|ThreadId(2)] [class_dump] gsr → net.minecraft.client.gui.screens.dialog.DialogConnectionAccess
[3279|t+13416ms|ThreadId(2)] [class_dump] gst → net.minecraft.client.gui.screens.dialog.DialogListDialogScreen
[3280|t+13416ms|ThreadId(2)] [class_dump] gsu → net.minecraft.client.gui.screens.dialog.DialogScreen
[3281|t+13417ms|ThreadId(2)] [class_dump] gsv → net.minecraft.client.gui.screens.dialog.DialogScreens
[3282|t+13417ms|ThreadId(2)] [class_dump] gsw → net.minecraft.client.gui.screens.dialog.MultiButtonDialogScreen
[3283|t+13417ms|ThreadId(2)] [class_dump] gsx → net.minecraft.client.gui.screens.dialog.ServerLinksDialogScreen
[3284|t+13418ms|ThreadId(2)] [class_dump] gsy → net.minecraft.client.gui.screens.dialog.SimpleDialogScreen
[3285|t+13418ms|ThreadId(2)] [class_dump] gsz → net.minecraft.client.gui.screens.dialog.WaitingForResponseScreen
[3286|t+13418ms|ThreadId(2)] [class_dump] gta → net.minecraft.client.gui.screens.dialog.body.DialogBodyHandler
[3287|t+13419ms|ThreadId(2)] [class_dump] gtb → net.minecraft.client.gui.screens.dialog.body.DialogBodyHandlers
[3288|t+13419ms|ThreadId(2)] [class_dump] gtd → net.minecraft.client.gui.screens.dialog.input.InputControlHandler
[3289|t+13419ms|ThreadId(2)] [class_dump] gte → net.minecraft.client.gui.screens.dialog.input.InputControlHandlers
[3290|t+13427ms|ThreadId(2)] [class_dump] gti → net.minecraft.client.gui.screens.inventory.AbstractContainerScreen
[3291|t+13427ms|ThreadId(2)] [class_dump] gtl → net.minecraft.client.gui.screens.inventory.AbstractRecipeBookScreen
[3292|t+13428ms|ThreadId(2)] [class_dump] gul → net.minecraft.client.gui.screens.inventory.InventoryScreen
[3293|t+13428ms|ThreadId(2)] [class_dump] guq → net.minecraft.client.gui.screens.inventory.MenuAccess
[3294|t+13428ms|ThreadId(2)] [class_dump] gvp → net.minecraft.client.gui.screens.multiplayer.JoinMultiplayerScreen
[3295|t+13429ms|ThreadId(2)] [class_dump] gw → net.minecraft.commands.arguments.selector.EntitySelectorParser
[3296|t+13429ms|ThreadId(2)] [class_dump] gxa → net.minecraft.client.gui.screens.recipebook.RecipeUpdateListener
[3297|t+13429ms|ThreadId(2)] [class_dump] gxq → net.minecraft.client.gui.screens.social.SocialInteractionsScreen
[3298|t+13430ms|ThreadId(2)] [class_dump] gy → net.minecraft.commands.arguments.selector.options.EntitySelectorOptions
[3299|t+13430ms|ThreadId(2)] [class_dump] gzf → net.minecraft.client.main.GameConfig
[3300|t+13431ms|ThreadId(2)] [class_dump] gzg → net.minecraft.client.main.SilentInitException
[3301|t+13431ms|ThreadId(2)] [class_dump] gzp → net.minecraft.client.model.Model
[3302|t+13431ms|ThreadId(2)] [class_dump] h → com.mojang.math.SymmetricGroup3
[3303|t+13432ms|ThreadId(2)] [class_dump] hgv → net.minecraft.client.model.object.chest.ChestModel
[3304|t+13432ms|ThreadId(2)] [class_dump] hif → net.minecraft.client.multiplayer.ClientLevel
[3305|t+13432ms|ThreadId(2)] [class_dump] hne → net.minecraft.client.player.AbstractClientPlayer
[3306|t+13432ms|ThreadId(2)] [class_dump] hnh → net.minecraft.client.player.LocalPlayer
[3307|t+13433ms|ThreadId(2)] [class_dump] hom → net.minecraft.client.renderer.MaterialMapper
[3308|t+13433ms|ThreadId(2)] [class_dump] hpa → net.minecraft.client.renderer.RenderPipelines
[3309|t+13433ms|ThreadId(2)] [class_dump] hpg → net.minecraft.client.renderer.ShaderDefines
[3310|t+13434ms|ThreadId(2)] [class_dump] hpj → net.minecraft.client.renderer.Sheets
[3311|t+13434ms|ThreadId(2)] [class_dump] hrb → net.minecraft.client.renderer.blockentity.AbstractEndPortalRenderer
[3312|t+13434ms|ThreadId(2)] [class_dump] hri → net.minecraft.client.renderer.blockentity.BlockEntityRenderer
[3313|t+13435ms|ThreadId(2)] [class_dump] hsm → net.minecraft.client.renderer.blockentity.state.BlockEntityRenderState
[3314|t+13435ms|ThreadId(2)] [class_dump] hsw → net.minecraft.client.renderer.blockentity.state.EndPortalRenderState
[3315|t+13435ms|ThreadId(2)] [class_dump] hxp → net.minecraft.client.renderer.entity.ItemRenderer
[3316|t+13436ms|ThreadId(2)] [class_dump] ib → net.minecraft.commands.synchronization.ArgumentTypeInfo
[3317|t+13436ms|ThreadId(2)] [class_dump] ic → net.minecraft.commands.synchronization.ArgumentTypeInfos
[3318|t+13436ms|ThreadId(2)] [class_dump] ie → net.minecraft.commands.synchronization.SingletonArgumentInfo
[3319|t+13436ms|ThreadId(2)] [class_dump] ih → net.minecraft.commands.synchronization.brigadier.DoubleArgumentInfo
[3320|t+13437ms|ThreadId(2)] [class_dump] ihd → net.minecraft.client.renderer.item.BlockModelWrapper
[3321|t+13437ms|ThreadId(2)] [class_dump] ihg → net.minecraft.client.renderer.item.CompositeModel
[3322|t+13437ms|ThreadId(2)] [class_dump] ihh → net.minecraft.client.renderer.item.ConditionalItemModel
[3323|t+13438ms|ThreadId(2)] [class_dump] ihi → net.minecraft.client.renderer.item.EmptyModel
[3324|t+13438ms|ThreadId(2)] [class_dump] ihj → net.minecraft.client.renderer.item.ItemModel
[3325|t+13438ms|ThreadId(2)] [class_dump] ihl → net.minecraft.client.renderer.item.ItemModels
[3326|t+13438ms|ThreadId(2)] [class_dump] ihp → net.minecraft.client.renderer.item.RangeSelectItemModel
[3327|t+13439ms|ThreadId(2)] [class_dump] ihq → net.minecraft.client.renderer.item.SelectItemModel
[3328|t+13439ms|ThreadId(2)] [class_dump] ihr → net.minecraft.client.renderer.item.SpecialModelWrapper
[3329|t+13439ms|ThreadId(2)] [class_dump] ihu → net.minecraft.client.renderer.item.properties.conditional.Broken
[3330|t+13440ms|ThreadId(2)] [class_dump] ihv → net.minecraft.client.renderer.item.properties.conditional.BundleHasSelectedItem
[3331|t+13440ms|ThreadId(2)] [class_dump] ihw → net.minecraft.client.renderer.item.properties.conditional.ComponentMatches
[3332|t+13440ms|ThreadId(2)] [class_dump] ihx → net.minecraft.client.renderer.item.properties.conditional.ConditionalItemModelProperties
[3333|t+13441ms|ThreadId(2)] [class_dump] ihy → net.minecraft.client.renderer.item.properties.conditional.ConditionalItemModelProperty
[3334|t+13441ms|ThreadId(2)] [class_dump] ihz → net.minecraft.client.renderer.item.properties.conditional.CustomModelDataProperty
[3335|t+13441ms|ThreadId(2)] [class_dump] ii → net.minecraft.commands.synchronization.brigadier.FloatArgumentInfo
[3336|t+13442ms|ThreadId(2)] [class_dump] iia → net.minecraft.client.renderer.item.properties.conditional.Damaged
[3337|t+13442ms|ThreadId(2)] [class_dump] iib → net.minecraft.client.renderer.item.properties.conditional.ExtendedView
[3338|t+13442ms|ThreadId(2)] [class_dump] iic → net.minecraft.client.renderer.item.properties.conditional.FishingRodCast
[3339|t+13442ms|ThreadId(2)] [class_dump] iid → net.minecraft.client.renderer.item.properties.conditional.HasComponent
[3340|t+13443ms|ThreadId(2)] [class_dump] iie → net.minecraft.client.renderer.item.properties.conditional.IsCarried
[3341|t+13443ms|ThreadId(2)] [class_dump] iif → net.minecraft.client.renderer.item.properties.conditional.IsKeybindDown
[3342|t+13443ms|ThreadId(2)] [class_dump] iig → net.minecraft.client.renderer.item.properties.conditional.IsSelected
[3343|t+13444ms|ThreadId(2)] [class_dump] iih → net.minecraft.client.renderer.item.properties.conditional.IsUsingItem
[3344|t+13444ms|ThreadId(2)] [class_dump] iii → net.minecraft.client.renderer.item.properties.conditional.IsViewEntity
[3345|t+13444ms|ThreadId(2)] [class_dump] iij → net.minecraft.client.renderer.item.properties.conditional.ItemModelPropertyTest
[3346|t+13445ms|ThreadId(2)] [class_dump] iil → net.minecraft.client.renderer.item.properties.numeric.BundleFullness
[3347|t+13445ms|ThreadId(2)] [class_dump] iim → net.minecraft.client.renderer.item.properties.numeric.CompassAngle
[3348|t+13446ms|ThreadId(2)] [class_dump] iin → net.minecraft.client.renderer.item.properties.numeric.CompassAngleState
[3349|t+13446ms|ThreadId(2)] [class_dump] iio → net.minecraft.client.renderer.item.properties.numeric.Cooldown
[3350|t+13446ms|ThreadId(2)] [class_dump] iip → net.minecraft.client.renderer.item.properties.numeric.Count
[3351|t+13447ms|ThreadId(2)] [class_dump] iiq → net.minecraft.client.renderer.item.properties.numeric.CrossbowPull
[3352|t+13447ms|ThreadId(2)] [class_dump] iir → net.minecraft.client.renderer.item.properties.numeric.CustomModelDataProperty
[3353|t+13447ms|ThreadId(2)] [class_dump] iis → net.minecraft.client.renderer.item.properties.numeric.Damage
[3354|t+13448ms|ThreadId(2)] [class_dump] iit → net.minecraft.client.renderer.item.properties.numeric.NeedleDirectionHelper
[3355|t+13448ms|ThreadId(2)] [class_dump] iiu → net.minecraft.client.renderer.item.properties.numeric.RangeSelectItemModelProperties
[3356|t+13448ms|ThreadId(2)] [class_dump] iiv → net.minecraft.client.renderer.item.properties.numeric.RangeSelectItemModelProperty
[3357|t+13449ms|ThreadId(2)] [class_dump] iiw → net.minecraft.client.renderer.item.properties.numeric.Time
[3358|t+13449ms|ThreadId(2)] [class_dump] iix → net.minecraft.client.renderer.item.properties.numeric.UseCycle
[3359|t+13450ms|ThreadId(2)] [class_dump] iiy → net.minecraft.client.renderer.item.properties.numeric.UseDuration
[3360|t+13450ms|ThreadId(2)] [class_dump] ij → net.minecraft.commands.synchronization.brigadier.IntegerArgumentInfo
[3361|t+13450ms|ThreadId(2)] [class_dump] ijb → net.minecraft.client.renderer.item.properties.select.Charge
[3362|t+13451ms|ThreadId(2)] [class_dump] ijc → net.minecraft.client.renderer.item.properties.select.ComponentContents
[3363|t+13451ms|ThreadId(2)] [class_dump] ijd → net.minecraft.client.renderer.item.properties.select.ContextDimension
[3364|t+13451ms|ThreadId(2)] [class_dump] ije → net.minecraft.client.renderer.item.properties.select.ContextEntityType
[3365|t+13452ms|ThreadId(2)] [class_dump] ijf → net.minecraft.client.renderer.item.properties.select.CustomModelDataProperty
[3366|t+13452ms|ThreadId(2)] [class_dump] ijg → net.minecraft.client.renderer.item.properties.select.DisplayContext
[3367|t+13452ms|ThreadId(2)] [class_dump] ijh → net.minecraft.client.renderer.item.properties.select.ItemBlockState
[3368|t+13453ms|ThreadId(2)] [class_dump] iji → net.minecraft.client.renderer.item.properties.select.LocalTime
[3369|t+13453ms|ThreadId(2)] [class_dump] ijj → net.minecraft.client.renderer.item.properties.select.MainHand
[3370|t+13454ms|ThreadId(2)] [class_dump] ijk → net.minecraft.client.renderer.item.properties.select.SelectItemModelProperties
[3371|t+13455ms|ThreadId(2)] [class_dump] ijl → net.minecraft.client.renderer.item.properties.select.SelectItemModelProperty
[3372|t+13455ms|ThreadId(2)] [class_dump] ijm → net.minecraft.client.renderer.item.properties.select.TrimMaterialProperty
[3373|t+13455ms|ThreadId(2)] [class_dump] ijp → net.minecraft.client.renderer.rendertype.LayeringTransform
[3374|t+13455ms|ThreadId(2)] [class_dump] ijq → net.minecraft.client.renderer.rendertype.OutputTarget
[3375|t+13456ms|ThreadId(2)] [class_dump] ijr → net.minecraft.client.renderer.rendertype.RenderSetup
[3376|t+13456ms|ThreadId(2)] [class_dump] ijs → net.minecraft.client.renderer.rendertype.RenderType
[3377|t+13457ms|ThreadId(2)] [class_dump] ijt → net.minecraft.client.renderer.rendertype.RenderTypes
[3378|t+13457ms|ThreadId(2)] [class_dump] iju → net.minecraft.client.renderer.rendertype.TextureTransform
[3379|t+13457ms|ThreadId(2)] [class_dump] ijw → net.minecraft.client.renderer.special.BannerSpecialRenderer
[3380|t+13457ms|ThreadId(2)] [class_dump] ijx → net.minecraft.client.renderer.special.BedSpecialRenderer
[3381|t+13458ms|ThreadId(2)] [class_dump] ijy → net.minecraft.client.renderer.special.ChestSpecialRenderer
[3382|t+13459ms|ThreadId(2)] [class_dump] ik → net.minecraft.commands.synchronization.brigadier.LongArgumentInfo
[3383|t+13459ms|ThreadId(2)] [class_dump] ika → net.minecraft.client.renderer.special.CopperGolemStatueSpecialRenderer
[3384|t+13459ms|ThreadId(2)] [class_dump] ikc → net.minecraft.client.renderer.special.HangingSignSpecialRenderer
[3385|t+13460ms|ThreadId(2)] [class_dump] ikd → net.minecraft.client.renderer.special.NoDataSpecialModelRenderer
[3386|t+13460ms|ThreadId(2)] [class_dump] ike → net.minecraft.client.renderer.special.PlayerHeadSpecialRenderer
[3387|t+13460ms|ThreadId(2)] [class_dump] ikg → net.minecraft.client.renderer.special.ShulkerBoxSpecialRenderer
[3388|t+13461ms|ThreadId(2)] [class_dump] ikh → net.minecraft.client.renderer.special.SkullSpecialRenderer
[3389|t+13461ms|ThreadId(2)] [class_dump] iki → net.minecraft.client.renderer.special.SpecialModelRenderer
[3390|t+13461ms|ThreadId(2)] [class_dump] ikj → net.minecraft.client.renderer.special.SpecialModelRenderers
[3391|t+13462ms|ThreadId(2)] [class_dump] ikk → net.minecraft.client.renderer.special.StandingSignSpecialRenderer
[3392|t+13462ms|ThreadId(2)] [class_dump] ikz → net.minecraft.client.renderer.texture.AbstractTexture
[3393|t+13462ms|ThreadId(2)] [class_dump] il → net.minecraft.commands.synchronization.brigadier.StringArgumentSerializer
[3394|t+13463ms|ThreadId(2)] [class_dump] ilb → net.minecraft.client.renderer.texture.Dumpable
[3395|t+13463ms|ThreadId(2)] [class_dump] ilo → net.minecraft.client.renderer.texture.TextureAtlas
[3396|t+13463ms|ThreadId(2)] [class_dump] ils → net.minecraft.client.renderer.texture.TickableTexture
[3397|t+13464ms|ThreadId(2)] [class_dump] ilu → net.minecraft.client.renderer.texture.atlas.SpriteSource
[3398|t+13464ms|ThreadId(2)] [class_dump] ilw → net.minecraft.client.renderer.texture.atlas.SpriteSources
[3399|t+13464ms|ThreadId(2)] [class_dump] ily → net.minecraft.client.renderer.texture.atlas.sources.DirectoryLister
[3400|t+13464ms|ThreadId(2)] [class_dump] ima → net.minecraft.client.renderer.texture.atlas.sources.PalettedPermutations
[3401|t+13465ms|ThreadId(2)] [class_dump] imb → net.minecraft.client.renderer.texture.atlas.sources.SingleFile
[3402|t+13465ms|ThreadId(2)] [class_dump] imc → net.minecraft.client.renderer.texture.atlas.sources.SourceFilter
[3403|t+13465ms|ThreadId(2)] [class_dump] imd → net.minecraft.client.renderer.texture.atlas.sources.Unstitcher
[3404|t+13466ms|ThreadId(2)] [class_dump] img → net.minecraft.client.resources.ClientPackSource
[3405|t+13466ms|ThreadId(2)] [class_dump] iml → net.minecraft.client.resources.IndexedAssetSource
[3406|t+13467ms|ThreadId(2)] [class_dump] ins → net.minecraft.client.resources.model.Material
[3407|t+13467ms|ThreadId(2)] [class_dump] inu → net.minecraft.client.resources.model.MaterialSet
[3408|t+13467ms|ThreadId(2)] [class_dump] ioc → net.minecraft.client.resources.model.ModelState
[3409|t+13467ms|ThreadId(2)] [class_dump] ioe → net.minecraft.client.resources.model.ResolvableModel
[3410|t+13468ms|ThreadId(2)] [class_dump] ip → net.minecraft.core.AxisCycle
[3411|t+13468ms|ThreadId(2)] [class_dump] iqa → net.minecraft.client.server.IntegratedServer
[3412|t+13468ms|ThreadId(2)] [class_dump] ird → net.minecraft.client.telemetry.TelemetryProperty
[3413|t+13469ms|ThreadId(2)] [class_dump] irh → net.minecraft.client.telemetry.events.GameLoadTimesEvent
[3414|t+13469ms|ThreadId(2)] [class_dump] is → net.minecraft.core.BlockPos
[3415|t+13469ms|ThreadId(2)] [class_dump] isc → net.minecraft.realms.RealmsScreen
[3416|t+13470ms|ThreadId(2)] [class_dump] iu → net.minecraft.core.ClientAsset
[3417|t+13470ms|ThreadId(2)] [class_dump] ix → net.minecraft.core.DefaultedMappedRegistry
[3418|t+13470ms|ThreadId(2)] [class_dump] iy → net.minecraft.core.DefaultedRegistry
[3419|t+13471ms|ThreadId(2)] [class_dump] iz → net.minecraft.core.Direction
[3420|t+13471ms|ThreadId(2)] [class_dump] jb → net.minecraft.core.FrontAndTop
[3421|t+13471ms|ThreadId(2)] [class_dump] jc → net.minecraft.core.GlobalPos
[3422|t+13472ms|ThreadId(2)] [class_dump] jd → net.minecraft.core.Holder
[3423|t+13472ms|ThreadId(2)] [class_dump] je → net.minecraft.core.HolderGetter
[3424|t+13472ms|ThreadId(2)] [class_dump] jf → net.minecraft.core.HolderLookup
[3425|t+13473ms|ThreadId(2)] [class_dump] jg → net.minecraft.core.HolderOwner
[3426|t+13473ms|ThreadId(2)] [class_dump] jh → net.minecraft.core.HolderSet
[3427|t+13473ms|ThreadId(2)] [class_dump] ji → net.minecraft.core.IdMap
[3428|t+13474ms|ThreadId(2)] [class_dump] jj → net.minecraft.core.IdMapper
[3429|t+13474ms|ThreadId(2)] [class_dump] jl → net.minecraft.core.MappedRegistry
[3430|t+13474ms|ThreadId(2)] [class_dump] jm → net.minecraft.core.NonNullList
[3431|t+13475ms|ThreadId(2)] [class_dump] jn → net.minecraft.core.Position
[3432|t+13475ms|ThreadId(2)] [class_dump] jp → net.minecraft.core.RegistrationInfo
[3433|t+13475ms|ThreadId(2)] [class_dump] jq → net.minecraft.core.Registry
[3434|t+13476ms|ThreadId(2)] [class_dump] jr → net.minecraft.core.RegistryAccess
[3435|t+13476ms|ThreadId(2)] [class_dump] js → net.minecraft.core.RegistryCodecs
[3436|t+13476ms|ThreadId(2)] [class_dump] jv → net.minecraft.core.Rotations
[3437|t+13477ms|ThreadId(2)] [class_dump] jw → net.minecraft.core.SectionPos
[3438|t+13477ms|ThreadId(2)] [class_dump] jx → net.minecraft.core.UUIDUtil
[3439|t+13477ms|ThreadId(2)] [class_dump] jy → net.minecraft.core.Vec3i
[3440|t+13478ms|ThreadId(2)] [class_dump] jz → net.minecraft.core.WritableRegistry
[3441|t+13478ms|ThreadId(2)] [class_dump] ka → net.minecraft.core.cauldron.CauldronInteraction
[3442|t+13478ms|ThreadId(2)] [class_dump] kc → net.minecraft.core.component.DataComponentExactPredicate
[3443|t+13479ms|ThreadId(2)] [class_dump] kd → net.minecraft.core.component.DataComponentGetter
[3444|t+13479ms|ThreadId(2)] [class_dump] ke → net.minecraft.core.component.DataComponentHolder
[3445|t+13479ms|ThreadId(2)] [class_dump] kf → net.minecraft.core.component.DataComponentMap
[3446|t+13480ms|ThreadId(2)] [class_dump] kg → net.minecraft.core.component.DataComponentPatch
[3447|t+13480ms|ThreadId(2)] [class_dump] kh → net.minecraft.core.component.DataComponentType
[3448|t+13480ms|ThreadId(2)] [class_dump] ki → net.minecraft.core.component.DataComponents
[3449|t+13481ms|ThreadId(2)] [class_dump] kj → net.minecraft.core.component.PatchedDataComponentMap
[3450|t+13481ms|ThreadId(2)] [class_dump] kk → net.minecraft.core.component.TypedDataComponent
[3451|t+13481ms|ThreadId(2)] [class_dump] kn → net.minecraft.core.component.predicates.AttributeModifiersPredicate
[3452|t+13482ms|ThreadId(2)] [class_dump] ko → net.minecraft.core.component.predicates.BundlePredicate
[3453|t+13483ms|ThreadId(2)] [class_dump] kp → net.minecraft.core.component.predicates.ContainerPredicate
[3454|t+13483ms|ThreadId(2)] [class_dump] kq → net.minecraft.core.component.predicates.CustomDataPredicate
[3455|t+13484ms|ThreadId(2)] [class_dump] kr → net.minecraft.core.component.predicates.DamagePredicate
[3456|t+13484ms|ThreadId(2)] [class_dump] ks → net.minecraft.core.component.predicates.DataComponentPredicate
[3457|t+13485ms|ThreadId(2)] [class_dump] kt → net.minecraft.core.component.predicates.DataComponentPredicates
[3458|t+13485ms|ThreadId(2)] [class_dump] ku → net.minecraft.core.component.predicates.EnchantmentsPredicate
[3459|t+13485ms|ThreadId(2)] [class_dump] kv → net.minecraft.core.component.predicates.FireworkExplosionPredicate
[3460|t+13486ms|ThreadId(2)] [class_dump] kw → net.minecraft.core.component.predicates.FireworksPredicate
[3461|t+13486ms|ThreadId(2)] [class_dump] kx → net.minecraft.core.component.predicates.JukeboxPlayablePredicate
[3462|t+13486ms|ThreadId(2)] [class_dump] ky → net.minecraft.core.component.predicates.PotionsPredicate
[3463|t+13487ms|ThreadId(2)] [class_dump] kz → net.minecraft.core.component.predicates.TrimPredicate
[3464|t+13488ms|ThreadId(2)] [class_dump] l → net.minecraft.ChatFormatting
[3465|t+13488ms|ThreadId(2)] [class_dump] la → net.minecraft.core.component.predicates.WritableBookPredicate
[3466|t+13489ms|ThreadId(2)] [class_dump] lb → net.minecraft.core.component.predicates.WrittenBookPredicate
[3467|t+13489ms|ThreadId(2)] [class_dump] ld → net.minecraft.core.dispenser.BlockSource
[3468|t+13490ms|ThreadId(2)] [class_dump] le → net.minecraft.core.dispenser.BoatDispenseItemBehavior
[3469|t+13490ms|ThreadId(2)] [class_dump] lf → net.minecraft.core.dispenser.DefaultDispenseItemBehavior
[3470|t+13491ms|ThreadId(2)] [class_dump] lg → net.minecraft.core.dispenser.DispenseItemBehavior
[3471|t+13491ms|ThreadId(2)] [class_dump] li → net.minecraft.core.dispenser.MinecartDispenseItemBehavior
[3472|t+13491ms|ThreadId(2)] [class_dump] lj → net.minecraft.core.dispenser.OptionalDispenseItemBehavior
[3473|t+13492ms|ThreadId(2)] [class_dump] lk → net.minecraft.core.dispenser.ProjectileDispenseBehavior
[3474|t+13492ms|ThreadId(2)] [class_dump] ll → net.minecraft.core.dispenser.ShearsDispenseItemBehavior
[3475|t+13493ms|ThreadId(2)] [class_dump] lm → net.minecraft.core.dispenser.ShulkerBoxDispenseBehavior
[3476|t+13493ms|ThreadId(2)] [class_dump] lp → net.minecraft.core.particles.BlockParticleOption
[3477|t+13494ms|ThreadId(2)] [class_dump] lq → net.minecraft.core.particles.ColorParticleOption
[3478|t+13494ms|ThreadId(2)] [class_dump] lt → net.minecraft.core.particles.ExplosionParticleInfo
[3479|t+13495ms|ThreadId(2)] [class_dump] lu → net.minecraft.core.particles.ItemParticleOption
[3480|t+13495ms|ThreadId(2)] [class_dump] lw → net.minecraft.core.particles.ParticleOptions
[3481|t+13496ms|ThreadId(2)] [class_dump] lx → net.minecraft.core.particles.ParticleType
[3482|t+13496ms|ThreadId(2)] [class_dump] ly → net.minecraft.core.particles.ParticleTypes
[3483|t+13497ms|ThreadId(2)] [class_dump] lz → net.minecraft.core.particles.PowerParticleOption
[3484|t+13497ms|ThreadId(2)] [class_dump] m → net.minecraft.CrashReport
[3485|t+13498ms|ThreadId(2)] [class_dump] md → net.minecraft.core.particles.SimpleParticleType
[3486|t+13498ms|ThreadId(2)] [class_dump] me → net.minecraft.core.particles.SpellParticleOption
[3487|t+13499ms|ThreadId(2)] [class_dump] mi → net.minecraft.core.registries.BuiltInRegistries
[3488|t+13499ms|ThreadId(2)] [class_dump] mj → net.minecraft.core.registries.Registries
[3489|t+13500ms|ThreadId(2)] [class_dump] net.minecraft.client.main.Main → net.minecraft.client.main.Main
[3490|t+13500ms|ThreadId(2)] [class_dump] net.minecraft.client.main.Main$$Lambda/0x0000000800c40ac0
[3491|t+13501ms|ThreadId(2)] [class_dump] net.minecraft.client.main.Main$1 → net.minecraft.client.main.Main$1
[3492|t+13501ms|ThreadId(2)] [class_dump] net.minecraft.client.main.Main$2 → net.minecraft.client.main.Main$2
[3493|t+13502ms|ThreadId(2)] [class_dump] net.minecraft.server.MinecraftServer → net.minecraft.server.MinecraftServer
[3494|t+13502ms|ThreadId(2)] [class_dump] ol → net.minecraft.data.recipes.RecipeCategory
[3495|t+13503ms|ThreadId(2)] [class_dump] p → net.minecraft.DefaultUncaughtExceptionHandler
[3496|t+13503ms|ThreadId(2)] [class_dump] r → net.minecraft.DetectedVersion
[3497|t+13504ms|ThreadId(2)] [class_dump] rq → net.minecraft.data.worldgen.features.CaveFeatures
[3498|t+13505ms|ThreadId(2)] [class_dump] rs → net.minecraft.data.worldgen.features.FeatureUtils
[3499|t+13505ms|ThreadId(2)] [class_dump] rx → net.minecraft.data.worldgen.features.TreeFeatures
[3500|t+13505ms|ThreadId(2)] [class_dump] ry → net.minecraft.data.worldgen.features.VegetationFeatures
[3501|t+13506ms|ThreadId(2)] [class_dump] s → net.minecraft.IdentifierException
[3502|t+13506ms|ThreadId(2)] [class_dump] se → net.minecraft.data.worldgen.placement.MiscOverworldPlacements
[3503|t+13506ms|ThreadId(2)] [class_dump] sh → net.minecraft.data.worldgen.placement.PlacementUtils
[3504|t+13507ms|ThreadId(2)] [class_dump] sm → net.minecraft.gametest.framework.BlockBasedTestInstance
[3505|t+13507ms|ThreadId(2)] [class_dump] sn → net.minecraft.gametest.framework.BuiltinTestFunctions
[3506|t+13507ms|ThreadId(2)] [class_dump] sq → net.minecraft.gametest.framework.FunctionGameTestInstance
[3507|t+13508ms|ThreadId(2)] [class_dump] sr → net.minecraft.gametest.framework.GameTestAssertException
[3508|t+13509ms|ThreadId(2)] [class_dump] ss → net.minecraft.gametest.framework.GameTestAssertPosException
[3509|t+13510ms|ThreadId(2)] [class_dump] sy → net.minecraft.gametest.framework.GameTestException
[3510|t+13510ms|ThreadId(2)] [class_dump] sz → net.minecraft.gametest.framework.GameTestHelper
[3511|t+13511ms|ThreadId(2)] [class_dump] tb → net.minecraft.gametest.framework.GameTestInstance
[3512|t+13511ms|ThreadId(2)] [class_dump] tu → net.minecraft.gametest.framework.TestData
[3513|t+13512ms|ThreadId(2)] [class_dump] tv → net.minecraft.gametest.framework.TestEnvironmentDefinition
[3514|t+13512ms|ThreadId(2)] [class_dump] tx → net.minecraft.gametest.framework.TestFunctionLoader
[3515|t+13513ms|ThreadId(2)] [class_dump] u → net.minecraft.ReportType
[3516|t+13513ms|ThreadId(2)] [class_dump] ui → net.minecraft.gizmos.GizmoCollector
[3517|t+13514ms|ThreadId(2)] [class_dump] uk → net.minecraft.gizmos.GizmoProperties
[3518|t+13514ms|ThreadId(2)] [class_dump] uq → net.minecraft.gizmos.SimpleGizmoCollector
[3519|t+13514ms|ThreadId(2)] [class_dump] ut → net.minecraft.locale.DeprecatedTranslationsInfo
[3520|t+13515ms|ThreadId(2)] [class_dump] uu → net.minecraft.locale.Language
[3521|t+13515ms|ThreadId(2)] [class_dump] ux → net.minecraft.nbt.ByteTag
[3522|t+13516ms|ThreadId(2)] [class_dump] uy → net.minecraft.nbt.CollectionTag
[3523|t+13516ms|ThreadId(2)] [class_dump] uz → net.minecraft.nbt.CompoundTag
[3524|t+13516ms|ThreadId(2)] [class_dump] v → net.minecraft.ReportedException
[3525|t+13517ms|ThreadId(2)] [class_dump] vf → net.minecraft.nbt.ListTag
[3526|t+13517ms|ThreadId(2)] [class_dump] vi → net.minecraft.nbt.NbtAccounter
[3527|t+13518ms|ThreadId(2)] [class_dump] vj → net.minecraft.nbt.NbtAccounterException
[3528|t+13519ms|ThreadId(2)] [class_dump] vk → net.minecraft.nbt.NbtException
[3529|t+13519ms|ThreadId(2)] [class_dump] vl → net.minecraft.nbt.NbtFormatException
[3530|t+13520ms|ThreadId(2)] [class_dump] vn → net.minecraft.nbt.NbtOps
[3531|t+13520ms|ThreadId(2)] [class_dump] vp → net.minecraft.nbt.NumericTag
[3532|t+13521ms|ThreadId(2)] [class_dump] vq → net.minecraft.nbt.PrimitiveTag
[3533|t+13521ms|ThreadId(2)] [class_dump] vr → net.minecraft.nbt.ReportedNbtException
[3534|t+13522ms|ThreadId(2)] [class_dump] vt → net.minecraft.nbt.SnbtGrammar
[3535|t+13523ms|ThreadId(2)] [class_dump] vw → net.minecraft.nbt.StreamTagVisitor
[3536|t+13524ms|ThreadId(2)] [class_dump] vz → net.minecraft.nbt.Tag
[3537|t+13524ms|ThreadId(2)] [class_dump] w → net.minecraft.SharedConstants
[3538|t+13525ms|ThreadId(2)] [class_dump] wa → net.minecraft.nbt.TagParser
[3539|t+13525ms|ThreadId(2)] [class_dump] wb → net.minecraft.nbt.TagType
[3540|t+13526ms|ThreadId(2)] [class_dump] wr → net.minecraft.network.ClientboundPacketListener
[3541|t+13526ms|ThreadId(2)] [class_dump] wu → net.minecraft.network.Connection
[3542|t+13527ms|ThreadId(2)] [class_dump] wx → net.minecraft.network.FriendlyByteBuf
[3543|t+13527ms|ThreadId(2)] [class_dump] xd → net.minecraft.network.LocalFrameEncoder
[3544|t+13528ms|ThreadId(2)] [class_dump] xi → net.minecraft.network.PacketDecoder
[3545|t+13528ms|ThreadId(2)] [class_dump] xj → net.minecraft.network.PacketEncoder
[3546|t+13528ms|ThreadId(2)] [class_dump] xk → net.minecraft.network.PacketListener
[3547|t+13529ms|ThreadId(2)] [class_dump] xo → net.minecraft.network.ProtocolSwapHandler
[3548|t+13529ms|ThreadId(2)] [class_dump] xq → net.minecraft.network.RegistryFriendlyByteBuf
[3549|t+13530ms|ThreadId(2)] [class_dump] y → net.minecraft.SystemReport
[3550|t+13530ms|ThreadId(2)] [class_dump] yb → net.minecraft.network.Varint21LengthFieldPrepender
[3551|t+13530ms|ThreadId(2)] [class_dump] yf → net.minecraft.network.chat.ClickEvent
[3552|t+13531ms|ThreadId(2)] [class_dump] yg → net.minecraft.network.chat.CommonComponents
[3553|t+13531ms|ThreadId(2)] [class_dump] yh → net.minecraft.network.chat.Component
[3554|t+13531ms|ThreadId(2)] [class_dump] yi → net.minecraft.network.chat.ComponentContents
[3555|t+13531ms|ThreadId(2)] [class_dump] yj → net.minecraft.network.chat.ComponentSerialization
[3556|t+13532ms|ThreadId(2)] [class_dump] ym → net.minecraft.network.chat.FontDescription
[3557|t+13532ms|ThreadId(2)] [class_dump] yn → net.minecraft.network.chat.FormattedText
[3558|t+13532ms|ThreadId(2)] [class_dump] yo → net.minecraft.network.chat.HoverEvent
[3559|t+13533ms|ThreadId(2)] [class_dump] yw → net.minecraft.network.chat.MutableComponent
[3560|t+13533ms|ThreadId(2)] [class_dump] z → net.minecraft.TracingExecutor
[3561|t+13533ms|ThreadId(2)] [class_dump] zf → net.minecraft.network.chat.Style
[3562|t+13533ms|ThreadId(2)] [class_dump] zh → net.minecraft.network.chat.TextColor
[3563|t+13534ms|ThreadId(2)] [class_dump] zn → net.minecraft.network.chat.contents.PlainTextContents
[3564|t+13534ms|ThreadId(2)] [class_dump] zq → net.minecraft.network.chat.contents.TranslatableContents
[3565|t+13534ms|ThreadId(2)] [class_dump] zr → net.minecraft.network.chat.contents.TranslatableFormatException
[3566|t+13535ms|ThreadId(2)] [step] title_marker — skipped this attempt (tick=0): getWindow returned null
[3567|t+13536ms|ThreadId(2)] [step] deferred_init — entering render/tick loop
[3568|t+14958ms|ThreadId(1)] [hook] client_run fired (count=1)
[3569|t+14965ms|ThreadId(1)] [RsiftKeys] WARN vanilla KeyMapping リフレクション失敗 (キー入力は未接続): IdCategoryTypeCode: getEnumConstants net/minecraft/client/KeyMapping$Category: Java exception was thrown | IdTypeCodeCategory: getEnumConstants com/mojang/blaze3d/platform/InputConstants$Type: Java exception was thrown | IdCodeCategory: Java exception was thrown | IdCategoryCode: Java exception was thrown
[3570|t+14971ms|ThreadId(1)] [hook] client_tick fired (count=1)
[3571|t+15060ms|ThreadId(1)] [hook] render_flip fired (count=1)
[3572|t+16818ms|ThreadId(1)] [GlfwHook] glfw.dll!glfwSwapBuffers hooked — DXGI exclusive present
[3573|t+16843ms|ThreadId(2)] [step] title_marker — window title set: Minecraft* 1.21.11 - Rsift (RsGraphics Render)
[3574|t+16846ms|ThreadId(2)] [RsiftRuntimeHooks] install failed: gfj.getConnection()
[3575|t+16847ms|ThreadId(2)] [RsiftPlatformBridge] installed
[3576|t+16848ms|ThreadId(2)] [Platform] ready
[3577|t+16851ms|ThreadId(2)] [RsiftPlatformBridge] apply error: ClassNotFoundException: net.minecraft.core.registries.BuiltInRegistries
[3578|t+16854ms|ThreadId(2)] [RsiftPlatformBridge] apply error: ClassNotFoundException: net.minecraft.core.registries.BuiltInRegistries
[3579|t+17090ms|ThreadId(2)] [VTable] vtable installed
[3580|t+17091ms|ThreadId(2)] [Rsift] RsiftChunkBridge natives ready
[3581|t+17091ms|ThreadId(2)] [ChunkBridge] sync: minecraft=true loader=true
[3582|t+17112ms|ThreadId(2)] [step] tick_loop — alive tick=0
[3583|t+17432ms|ThreadId(2)] [RsiftPlatformBridge] apply error: ClassNotFoundException: net.minecraft.core.registries.BuiltInRegistries
[3584|t+17434ms|ThreadId(2)] [RsiftPlatformBridge] apply error: ClassNotFoundException: net.minecraft.core.registries.BuiltInRegistries
[3585|t+17739ms|ThreadId(2)] [RsiftPlatformBridge] apply error: ClassNotFoundException: net.minecraft.core.registries.BuiltInRegistries
[3586|t+17740ms|ThreadId(2)] [RsiftPlatformBridge] apply error: ClassNotFoundException: net.minecraft.core.registries.BuiltInRegistries
[3587|t+18047ms|ThreadId(2)] [RsiftPlatformBridge] apply error: ClassNotFoundException: net.minecraft.core.registries.BuiltInRegistries
[3588|t+18048ms|ThreadId(2)] [RsiftPlatformBridge] apply error: ClassNotFoundException: net.minecraft.core.registries.BuiltInRegistries
[3589|t+18353ms|ThreadId(2)] [RsiftPlatformBridge] apply error: ClassNotFoundException: net.minecraft.core.registries.BuiltInRegistries
[3590|t+18354ms|ThreadId(2)] [RsiftPlatformBridge] apply error: ClassNotFoundException: net.minecraft.core.registries.BuiltInRegistries
[3591|t+18659ms|ThreadId(2)] [RsiftPlatformBridge] apply error: ClassNotFoundException: net.minecraft.core.registries.BuiltInRegistries
[3592|t+18660ms|ThreadId(2)] [RsiftPlatformBridge] apply error: ClassNotFoundException: net.minecraft.core.registries.BuiltInRegistries
[3593|t+18964ms|ThreadId(2)] [RsiftPlatformBridge] apply error: ClassNotFoundException: net.minecraft.core.registries.BuiltInRegistries
[3594|t+18965ms|ThreadId(2)] [RsiftPlatformBridge] apply error: ClassNotFoundException: net.minecraft.core.registries.BuiltInRegistries
[3595|t+19270ms|ThreadId(2)] [RsiftPlatformBridge] apply error: ClassNotFoundException: net.minecraft.core.registries.BuiltInRegistries
[3596|t+19271ms|ThreadId(2)] [RsiftPlatformBridge] apply error: ClassNotFoundException: net.minecraft.core.registries.BuiltInRegistries
[3597|t+19575ms|ThreadId(2)] [RsiftPlatformBridge] apply error: ClassNotFoundException: net.minecraft.core.registries.BuiltInRegistries
[3598|t+19576ms|ThreadId(2)] [RsiftPlatformBridge] apply error: ClassNotFoundException: net.minecraft.core.registries.BuiltInRegistries
[3599|t+19880ms|ThreadId(2)] [RsiftPlatformBridge] apply error: ClassNotFoundException: net.minecraft.core.registries.BuiltInRegistries
[3600|t+19881ms|ThreadId(2)] [RsiftPlatformBridge] apply error: ClassNotFoundException: net.minecraft.core.registries.BuiltInRegistries
[3601|t+20185ms|ThreadId(2)] [RsiftPlatformBridge] apply error: ClassNotFoundException: net.minecraft.core.registries.BuiltInRegistries
[3602|t+20185ms|ThreadId(2)] [RsiftPlatformBridge] apply error: ClassNotFoundException: net.minecraft.core.registries.BuiltInRegistries
[3603|t+20490ms|ThreadId(2)] [RsiftPlatformBridge] apply error: ClassNotFoundException: net.minecraft.core.registries.BuiltInRegistries
[3604|t+20491ms|ThreadId(2)] [RsiftPlatformBridge] apply error: ClassNotFoundException: net.minecraft.core.registries.BuiltInRegistries
[3605|t+20796ms|ThreadId(2)] [RsiftPlatformBridge] apply error: ClassNotFoundException: net.minecraft.core.registries.BuiltInRegistries
[3606|t+20797ms|ThreadId(2)] [RsiftPlatformBridge] apply error: ClassNotFoundException: net.minecraft.core.registries.BuiltInRegistries
[3607|t+21102ms|ThreadId(2)] [RsiftPlatformBridge] apply error: ClassNotFoundException: net.minecraft.core.registries.BuiltInRegistries
[3608|t+21103ms|ThreadId(2)] [RsiftPlatformBridge] apply error: ClassNotFoundException: net.minecraft.core.registries.BuiltInRegistries
[3609|t+21407ms|ThreadId(2)] [RsiftPlatformBridge] apply error: ClassNotFoundException: net.minecraft.core.registries.BuiltInRegistries
[3610|t+21408ms|ThreadId(2)] [RsiftPlatformBridge] apply error: ClassNotFoundException: net.minecraft.core.registries.BuiltInRegistries
[3611|t+21713ms|ThreadId(2)] [RsiftPlatformBridge] apply error: ClassNotFoundException: net.minecraft.core.registries.BuiltInRegistries
[3612|t+21714ms|ThreadId(2)] [RsiftPlatformBridge] apply error: ClassNotFoundException: net.minecraft.core.registries.BuiltInRegistries
[3613|t+22020ms|ThreadId(2)] [RsiftPlatformBridge] apply error: ClassNotFoundException: net.minecraft.core.registries.BuiltInRegistries
[3614|t+22021ms|ThreadId(2)] [RsiftPlatformBridge] apply error: ClassNotFoundException: net.minecraft.core.registries.BuiltInRegistries
[3615|t+22327ms|ThreadId(2)] [RsiftPlatformBridge] apply error: ClassNotFoundException: net.minecraft.core.registries.BuiltInRegistries
[3616|t+22328ms|ThreadId(2)] [RsiftPlatformBridge] apply error: ClassNotFoundException: net.minecraft.core.registries.BuiltInRegistries
[3617|t+22633ms|ThreadId(2)] [RsiftPlatformBridge] apply error: ClassNotFoundException: net.minecraft.core.registries.BuiltInRegistries
[3618|t+22634ms|ThreadId(2)] [RsiftPlatformBridge] apply error: ClassNotFoundException: net.minecraft.core.registries.BuiltInRegistries
[3619|t+22941ms|ThreadId(2)] [RsiftPlatformBridge] apply error: ClassNotFoundException: net.minecraft.core.registries.BuiltInRegistries
[3620|t+22942ms|ThreadId(2)] [RsiftPlatformBridge] apply error: ClassNotFoundException: net.minecraft.core.registries.BuiltInRegistries
[3621|t+23248ms|ThreadId(2)] [RsiftPlatformBridge] apply error: ClassNotFoundException: net.minecraft.core.registries.BuiltInRegistries
[3622|t+23249ms|ThreadId(2)] [RsiftPlatformBridge] apply error: ClassNotFoundException: net.minecraft.core.registries.BuiltInRegistries
[3623|t+23554ms|ThreadId(2)] [RsiftPlatformBridge] apply error: ClassNotFoundException: net.minecraft.core.registries.BuiltInRegistries
[3624|t+23555ms|ThreadId(2)] [RsiftPlatformBridge] apply error: ClassNotFoundException: net.minecraft.core.registries.BuiltInRegistries
[3625|t+23860ms|ThreadId(2)] [RsiftPlatformBridge] apply error: ClassNotFoundException: net.minecraft.core.registries.BuiltInRegistries
[3626|t+23861ms|ThreadId(2)] [RsiftPlatformBridge] apply error: ClassNotFoundException: net.minecraft.core.registries.BuiltInRegistries
[3627|t+24166ms|ThreadId(2)] [RsiftPlatformBridge] apply error: ClassNotFoundException: net.minecraft.core.registries.BuiltInRegistries
[3628|t+24167ms|ThreadId(2)] [RsiftPlatformBridge] apply error: ClassNotFoundException: net.minecraft.core.registries.BuiltInRegistries
[3629|t+24472ms|ThreadId(2)] [RsiftPlatformBridge] apply error: ClassNotFoundException: net.minecraft.core.registries.BuiltInRegistries
[3630|t+24473ms|ThreadId(2)] [RsiftPlatformBridge] apply error: ClassNotFoundException: net.minecraft.core.registries.BuiltInRegistries
[3631|t+24777ms|ThreadId(2)] [RsiftPlatformBridge] apply error: ClassNotFoundException: net.minecraft.core.registries.BuiltInRegistries
[3632|t+24778ms|ThreadId(2)] [RsiftPlatformBridge] apply error: ClassNotFoundException: net.minecraft.core.registries.BuiltInRegistries
[3633|t+25084ms|ThreadId(2)] [RsiftPlatformBridge] apply error: ClassNotFoundException: net.minecraft.core.registries.BuiltInRegistries
[3634|t+25084ms|ThreadId(2)] [RsiftPlatformBridge] apply error: ClassNotFoundException: net.minecraft.core.registries.BuiltInRegistries
[3635|t+25388ms|ThreadId(2)] [RsiftPlatformBridge] apply error: ClassNotFoundException: net.minecraft.core.registries.BuiltInRegistries
[3636|t+25389ms|ThreadId(2)] [RsiftPlatformBridge] apply error: ClassNotFoundException: net.minecraft.core.registries.BuiltInRegistries
[3637|t+25693ms|ThreadId(2)] [RsiftPlatformBridge] apply error: ClassNotFoundException: net.minecraft.core.registries.BuiltInRegistries
[3638|t+25694ms|ThreadId(2)] [RsiftPlatformBridge] apply error: ClassNotFoundException: net.minecraft.core.registries.BuiltInRegistries
[3639|t+25999ms|ThreadId(2)] [RsiftPlatformBridge] apply error: ClassNotFoundException: net.minecraft.core.registries.BuiltInRegistries
[3640|t+26000ms|ThreadId(2)] [RsiftPlatformBridge] apply error: ClassNotFoundException: net.minecraft.core.registries.BuiltInRegistries
[3641|t+26304ms|ThreadId(2)] [RsiftPlatformBridge] apply error: ClassNotFoundException: net.minecraft.core.registries.BuiltInRegistries
[3642|t+26305ms|ThreadId(2)] [RsiftPlatformBridge] apply error: ClassNotFoundException: net.minecraft.core.registries.BuiltInRegistries
[3643|t+26306ms|ThreadId(2)] [step] tick_loop — alive tick=120
[3644|t+26612ms|ThreadId(2)] [RsiftPlatformBridge] apply error: ClassNotFoundException: net.minecraft.core.registries.BuiltInRegistries
[3645|t+26613ms|ThreadId(2)] [RsiftPlatformBridge] apply error: ClassNotFoundException: net.minecraft.core.registries.BuiltInRegistries
[3646|t+26916ms|ThreadId(2)] [RsiftPlatformBridge] apply error: ClassNotFoundException: net.minecraft.core.registries.BuiltInRegistries
[3647|t+26917ms|ThreadId(2)] [RsiftPlatformBridge] apply error: ClassNotFoundException: net.minecraft.core.registries.BuiltInRegistries
[3648|t+27222ms|ThreadId(2)] [RsiftPlatformBridge] apply error: ClassNotFoundException: net.minecraft.core.registries.BuiltInRegistries
[3649|t+27223ms|ThreadId(2)] [RsiftPlatformBridge] apply error: ClassNotFoundException: net.minecraft.core.registries.BuiltInRegistries
[3650|t+27527ms|ThreadId(2)] [RsiftPlatformBridge] apply error: ClassNotFoundException: net.minecraft.core.registries.BuiltInRegistries
[3651|t+27528ms|ThreadId(2)] [RsiftPlatformBridge] apply error: ClassNotFoundException: net.minecraft.core.registries.BuiltInRegistries
[3652|t+27832ms|ThreadId(2)] [RsiftPlatformBridge] apply error: ClassNotFoundException: net.minecraft.core.registries.BuiltInRegistries
[3653|t+27833ms|ThreadId(2)] [RsiftPlatformBridge] apply error: ClassNotFoundException: net.minecraft.core.registries.BuiltInRegistries
[3654|t+28138ms|ThreadId(2)] [RsiftPlatformBridge] apply error: ClassNotFoundException: net.minecraft.core.registries.BuiltInRegistries
[3655|t+28139ms|ThreadId(2)] [RsiftPlatformBridge] apply error: ClassNotFoundException: net.minecraft.core.registries.BuiltInRegistries
[3656|t+28444ms|ThreadId(2)] [RsiftPlatformBridge] apply error: ClassNotFoundException: net.minecraft.core.registries.BuiltInRegistries
[3657|t+28445ms|ThreadId(2)] [RsiftPlatformBridge] apply error: ClassNotFoundException: net.minecraft.core.registries.BuiltInRegistries
[3658|t+28751ms|ThreadId(2)] [RsiftPlatformBridge] apply error: ClassNotFoundException: net.minecraft.core.registries.BuiltInRegistries
[3659|t+28752ms|ThreadId(2)] [RsiftPlatformBridge] apply error: ClassNotFoundException: net.minecraft.core.registries.BuiltInRegistries
[3660|t+29056ms|ThreadId(2)] [RsiftPlatformBridge] apply error: ClassNotFoundException: net.minecraft.core.registries.BuiltInRegistries
[3661|t+29057ms|ThreadId(2)] [RsiftPlatformBridge] apply error: ClassNotFoundException: net.minecraft.core.registries.BuiltInRegistries
[3662|t+29361ms|ThreadId(2)] [RsiftPlatformBridge] apply error: ClassNotFoundException: net.minecraft.core.registries.BuiltInRegistries
[3663|t+29362ms|ThreadId(2)] [RsiftPlatformBridge] apply error: ClassNotFoundException: net.minecraft.core.registries.BuiltInRegistries
[3664|t+29667ms|ThreadId(2)] [RsiftPlatformBridge] apply error: ClassNotFoundException: net.minecraft.core.registries.BuiltInRegistries
[3665|t+29668ms|ThreadId(2)] [RsiftPlatformBridge] apply error: ClassNotFoundException: net.minecraft.core.registries.BuiltInRegistries
[3666|t+29973ms|ThreadId(2)] [RsiftPlatformBridge] apply error: ClassNotFoundException: net.minecraft.core.registries.BuiltInRegistries
[3667|t+29974ms|ThreadId(2)] [RsiftPlatformBridge] apply error: ClassNotFoundException: net.minecraft.core.registries.BuiltInRegistries
[3668|t+30278ms|ThreadId(2)] [RsiftPlatformBridge] apply error: ClassNotFoundException: net.minecraft.core.registries.BuiltInRegistries
[3669|t+30279ms|ThreadId(2)] [RsiftPlatformBridge] apply error: ClassNotFoundException: net.minecraft.core.registries.BuiltInRegistries
[3670|t+30584ms|ThreadId(2)] [RsiftPlatformBridge] apply error: ClassNotFoundException: net.minecraft.core.registries.BuiltInRegistries
[3671|t+30585ms|ThreadId(2)] [RsiftPlatformBridge] apply error: ClassNotFoundException: net.minecraft.core.registries.BuiltInRegistries
[3672|t+30890ms|ThreadId(2)] [RsiftPlatformBridge] apply error: ClassNotFoundException: net.minecraft.core.registries.BuiltInRegistries
[3673|t+30891ms|ThreadId(2)] [RsiftPlatformBridge] apply error: ClassNotFoundException: net.minecraft.core.registries.BuiltInRegistries
[3674|t+31195ms|ThreadId(2)] [step] screen_check — obf=gsd mojmap=net.minecraft.client.gui.screens.TitleScreen → injecting
[3675|t+31198ms|ThreadId(2)] [RsiftPlatformBridge] apply error: ClassNotFoundException: net.minecraft.core.registries.BuiltInRegistries
[3676|t+31199ms|ThreadId(2)] [RsiftPlatformBridge] apply error: ClassNotFoundException: net.minecraft.core.registries.BuiltInRegistries
[3677|t+31211ms|ThreadId(1)] [RsiftScreenHooks] injectCurrentScreen failed: gfj.screen()
[3678|t+31217ms|ThreadId(2)] [step] screen_check — obf=gsd mojmap=net.minecraft.client.gui.screens.TitleScreen → injecting
[3679|t+31230ms|ThreadId(1)] [RsiftScreenHooks] injectCurrentScreen failed: gfj.screen()
[3680|t+31235ms|ThreadId(2)] [step] screen_check — obf=gsd mojmap=net.minecraft.client.gui.screens.TitleScreen → injecting
[3681|t+31248ms|ThreadId(1)] [RsiftScreenHooks] injectCurrentScreen failed: gfj.screen()
[3682|t+31253ms|ThreadId(2)] [step] screen_check — obf=gsd mojmap=net.minecraft.client.gui.screens.TitleScreen → injecting
[3683|t+31265ms|ThreadId(1)] [RsiftScreenHooks] injectCurrentScreen failed: gfj.screen()
[3684|t+31506ms|ThreadId(2)] [step] screen_check — obf=gsd mojmap=net.minecraft.client.gui.screens.TitleScreen → injecting
[3685|t+31506ms|ThreadId(2)] [RsiftPlatformBridge] apply error: ClassNotFoundException: net.minecraft.core.registries.BuiltInRegistries
[3686|t+31507ms|ThreadId(2)] [RsiftPlatformBridge] apply error: ClassNotFoundException: net.minecraft.core.registries.BuiltInRegistries
[3687|t+31509ms|ThreadId(1)] [RsiftScreenHooks] injectCurrentScreen failed: gfj.screen()
[3688|t+31525ms|ThreadId(2)] [step] screen_check — obf=gsd mojmap=net.minecraft.client.gui.screens.TitleScreen → injecting
[3689|t+31536ms|ThreadId(1)] [RsiftScreenHooks] injectCurrentScreen failed: gfj.screen()
[3690|t+31542ms|ThreadId(2)] [step] screen_check — obf=gsd mojmap=net.minecraft.client.gui.screens.TitleScreen → injecting
[3691|t+31553ms|ThreadId(1)] [RsiftScreenHooks] injectCurrentScreen failed: gfj.screen()
[3692|t+31561ms|ThreadId(2)] [step] screen_check — obf=gsd mojmap=net.minecraft.client.gui.screens.TitleScreen → injecting
[3693|t+31570ms|ThreadId(1)] [RsiftScreenHooks] injectCurrentScreen failed: gfj.screen()
[3694|t+31813ms|ThreadId(2)] [step] screen_check — obf=gsd mojmap=net.minecraft.client.gui.screens.TitleScreen → injecting
[3695|t+31814ms|ThreadId(2)] [RsiftPlatformBridge] apply error: ClassNotFoundException: net.minecraft.core.registries.BuiltInRegistries
[3696|t+31814ms|ThreadId(2)] [RsiftPlatformBridge] apply error: ClassNotFoundException: net.minecraft.core.registries.BuiltInRegistries
[3697|t+31827ms|ThreadId(1)] [RsiftScreenHooks] injectCurrentScreen failed: gfj.screen()
[3698|t+31832ms|ThreadId(2)] [step] screen_check — obf=gsd mojmap=net.minecraft.client.gui.screens.TitleScreen → injecting
[3699|t+31850ms|ThreadId(2)] [step] screen_check — obf=gsd mojmap=net.minecraft.client.gui.screens.TitleScreen → injecting
[3700|t+31854ms|ThreadId(1)] [RsiftScreenHooks] injectCurrentScreen failed: gfj.screen()
[3701|t+31855ms|ThreadId(1)] [RsiftScreenHooks] injectCurrentScreen failed: gfj.screen()
[3702|t+31868ms|ThreadId(2)] [step] screen_check — obf=gsd mojmap=net.minecraft.client.gui.screens.TitleScreen → injecting
[3703|t+31871ms|ThreadId(1)] [RsiftScreenHooks] injectCurrentScreen failed: gfj.screen()
[3704|t+32119ms|ThreadId(2)] [step] screen_check — obf=gsd mojmap=net.minecraft.client.gui.screens.TitleScreen → injecting
[3705|t+32120ms|ThreadId(2)] [RsiftPlatformBridge] apply error: ClassNotFoundException: net.minecraft.core.registries.BuiltInRegistries
[3706|t+32121ms|ThreadId(2)] [RsiftPlatformBridge] apply error: ClassNotFoundException: net.minecraft.core.registries.BuiltInRegistries
[3707|t+32135ms|ThreadId(1)] [RsiftScreenHooks] injectCurrentScreen failed: gfj.screen()
[3708|t+32139ms|ThreadId(2)] [step] screen_check — obf=gsd mojmap=net.minecraft.client.gui.screens.TitleScreen → injecting
[3709|t+32157ms|ThreadId(2)] [step] screen_check — obf=gsd mojmap=net.minecraft.client.gui.screens.TitleScreen → injecting
[3710|t+32162ms|ThreadId(1)] [RsiftScreenHooks] injectCurrentScreen failed: gfj.screen()
[3711|t+32163ms|ThreadId(1)] [RsiftScreenHooks] injectCurrentScreen failed: gfj.screen()
[3712|t+32182ms|ThreadId(2)] [step] title_marker — window title set: Minecraft* 1.21.11 - Rsift (RsGraphics Render)
[3713|t+32183ms|ThreadId(2)] [step] screen_check — obf=gsd mojmap=net.minecraft.client.gui.screens.TitleScreen → injecting
[3714|t+32201ms|ThreadId(1)] [RsiftScreenHooks] injectCurrentScreen failed: gfj.screen()
[3715|t+32435ms|ThreadId(2)] [step] screen_check — obf=gsd mojmap=net.minecraft.client.gui.screens.TitleScreen → injecting
[3716|t+32436ms|ThreadId(2)] [RsiftPlatformBridge] apply error: ClassNotFoundException: net.minecraft.core.registries.BuiltInRegistries
[3717|t+32437ms|ThreadId(2)] [RsiftPlatformBridge] apply error: ClassNotFoundException: net.minecraft.core.registries.BuiltInRegistries
[3718|t+32438ms|ThreadId(1)] [RsiftScreenHooks] injectCurrentScreen failed: gfj.screen()
[3719|t+32454ms|ThreadId(2)] [step] screen_check — obf=gsd mojmap=net.minecraft.client.gui.screens.TitleScreen → injecting
[3720|t+32472ms|ThreadId(2)] [step] screen_check — obf=gsd mojmap=net.minecraft.client.gui.screens.TitleScreen → injecting
[3721|t+32480ms|ThreadId(1)] [RsiftScreenHooks] injectCurrentScreen failed: gfj.screen()
[3722|t+32480ms|ThreadId(1)] [RsiftScreenHooks] injectCurrentScreen failed: gfj.screen()
[3723|t+32490ms|ThreadId(2)] [step] screen_check — obf=gsd mojmap=net.minecraft.client.gui.screens.TitleScreen → injecting
[3724|t+32499ms|ThreadId(1)] [RsiftScreenHooks] injectCurrentScreen failed: gfj.screen()
[3725|t+32741ms|ThreadId(2)] [step] screen_check — obf=gsd mojmap=net.minecraft.client.gui.screens.TitleScreen → injecting
[3726|t+32743ms|ThreadId(2)] [RsiftPlatformBridge] apply error: ClassNotFoundException: net.minecraft.core.registries.BuiltInRegistries
[3727|t+32743ms|ThreadId(2)] [RsiftPlatformBridge] apply error: ClassNotFoundException: net.minecraft.core.registries.BuiltInRegistries
[3728|t+32753ms|ThreadId(1)] [RsiftScreenHooks] injectCurrentScreen failed: gfj.screen()
[3729|t+32761ms|ThreadId(2)] [step] screen_check — obf=gsd mojmap=net.minecraft.client.gui.screens.TitleScreen → injecting
[3730|t+32770ms|ThreadId(1)] [RsiftScreenHooks] injectCurrentScreen failed: gfj.screen()
[3731|t+32778ms|ThreadId(2)] [step] screen_check — obf=gsd mojmap=net.minecraft.client.gui.screens.TitleScreen → injecting
[3732|t+32796ms|ThreadId(2)] [step] screen_check — obf=gsd mojmap=net.minecraft.client.gui.screens.TitleScreen → injecting
[3733|t+32803ms|ThreadId(1)] [RsiftScreenHooks] injectCurrentScreen failed: gfj.screen()
[3734|t+32804ms|ThreadId(1)] [RsiftScreenHooks] injectCurrentScreen failed: gfj.screen()
[3735|t+33049ms|ThreadId(2)] [step] screen_check — obf=gsd mojmap=net.minecraft.client.gui.screens.TitleScreen → injecting
[3737|t+33050ms|ThreadId(1)] [RsiftScreenHooks] injectCurrentScreen failed: gfj.screen()[3736|t+33050ms|ThreadId(2)] [RsiftPlatformBridge] apply error: ClassNotFoundException: net.minecraft.core.registries.BuiltInRegistries

[3738|t+33051ms|ThreadId(2)] [RsiftPlatformBridge] apply error: ClassNotFoundException: net.minecraft.core.registries.BuiltInRegistries
[3739|t+33069ms|ThreadId(2)] [step] screen_check — obf=gsd mojmap=net.minecraft.client.gui.screens.TitleScreen → injecting
[3740|t+33085ms|ThreadId(1)] [RsiftScreenHooks] injectCurrentScreen failed: gfj.screen()
[3741|t+33088ms|ThreadId(2)] [step] screen_check — obf=gsd mojmap=net.minecraft.client.gui.screens.TitleScreen → injecting
[3742|t+33102ms|ThreadId(1)] [RsiftScreenHooks] injectCurrentScreen failed: gfj.screen()
[3743|t+33106ms|ThreadId(2)] [step] screen_check — obf=gsd mojmap=net.minecraft.client.gui.screens.TitleScreen → injecting
[3744|t+33139ms|ThreadId(1)] [RsiftScreenHooks] injectCurrentScreen failed: gfj.screen()
[3745|t+33359ms|ThreadId(2)] [RsiftPlatformBridge] apply error: ClassNotFoundException: net.minecraft.core.registries.BuiltInRegistries
[3746|t+33360ms|ThreadId(2)] [RsiftPlatformBridge] apply error: ClassNotFoundException: net.minecraft.core.registries.BuiltInRegistries
[3747|t+33422ms|ThreadId(1)] [hook] render_flip fired (count=600)
[3748|t+33663ms|ThreadId(2)] [RsiftPlatformBridge] apply error: ClassNotFoundException: net.minecraft.core.registries.BuiltInRegistries
[3749|t+33664ms|ThreadId(2)] [RsiftPlatformBridge] apply error: ClassNotFoundException: net.minecraft.core.registries.BuiltInRegistries
[3750|t+33969ms|ThreadId(2)] [RsiftPlatformBridge] apply error: ClassNotFoundException: net.minecraft.core.registries.BuiltInRegistries
[3751|t+33970ms|ThreadId(2)] [RsiftPlatformBridge] apply error: ClassNotFoundException: net.minecraft.core.registries.BuiltInRegistries
[3752|t+34274ms|ThreadId(2)] [RsiftPlatformBridge] apply error: ClassNotFoundException: net.minecraft.core.registries.BuiltInRegistries
[3753|t+34275ms|ThreadId(2)] [RsiftPlatformBridge] apply error: ClassNotFoundException: net.minecraft.core.registries.BuiltInRegistries
[3754|t+34579ms|ThreadId(2)] [RsiftPlatformBridge] apply error: ClassNotFoundException: net.minecraft.core.registries.BuiltInRegistries
[3755|t+34580ms|ThreadId(2)] [RsiftPlatformBridge] apply error: ClassNotFoundException: net.minecraft.core.registries.BuiltInRegistries
[3756|t+34885ms|ThreadId(2)] [RsiftPlatformBridge] apply error: ClassNotFoundException: net.minecraft.core.registries.BuiltInRegistries
[3757|t+34885ms|ThreadId(2)] [RsiftPlatformBridge] apply error: ClassNotFoundException: net.minecraft.core.registries.BuiltInRegistries
[3758|t+35190ms|ThreadId(2)] [RsiftPlatformBridge] apply error: ClassNotFoundException: net.minecraft.core.registries.BuiltInRegistries
[3759|t+35191ms|ThreadId(2)] [RsiftPlatformBridge] apply error: ClassNotFoundException: net.minecraft.core.registries.BuiltInRegistries
[3760|t+35495ms|ThreadId(2)] [RsiftPlatformBridge] apply error: ClassNotFoundException: net.minecraft.core.registries.BuiltInRegistries
[3761|t+35496ms|ThreadId(2)] [RsiftPlatformBridge] apply error: ClassNotFoundException: net.minecraft.core.registries.BuiltInRegistries
[3762|t+35497ms|ThreadId(2)] [step] tick_loop — alive tick=240
[3763|t+35800ms|ThreadId(2)] [RsiftPlatformBridge] apply error: ClassNotFoundException: net.minecraft.core.registries.BuiltInRegistries
[3764|t+35801ms|ThreadId(2)] [RsiftPlatformBridge] apply error: ClassNotFoundException: net.minecraft.core.registries.BuiltInRegistries
[3765|t+36106ms|ThreadId(2)] [RsiftPlatformBridge] apply error: ClassNotFoundException: net.minecraft.core.registries.BuiltInRegistries
[3766|t+36107ms|ThreadId(2)] [RsiftPlatformBridge] apply error: ClassNotFoundException: net.minecraft.core.registries.BuiltInRegistries
[3767|t+36411ms|ThreadId(2)] [RsiftPlatformBridge] apply error: ClassNotFoundException: net.minecraft.core.registries.BuiltInRegistries
[3768|t+36412ms|ThreadId(2)] [RsiftPlatformBridge] apply error: ClassNotFoundException: net.minecraft.core.registries.BuiltInRegistries
[3769|t+36718ms|ThreadId(2)] [RsiftPlatformBridge] apply error: ClassNotFoundException: net.minecraft.core.registries.BuiltInRegistries
[3770|t+36718ms|ThreadId(2)] [RsiftPlatformBridge] apply error: ClassNotFoundException: net.minecraft.core.registries.BuiltInRegistries
[3771|t+37022ms|ThreadId(2)] [RsiftPlatformBridge] apply error: ClassNotFoundException: net.minecraft.core.registries.BuiltInRegistries
[3772|t+37023ms|ThreadId(2)] [RsiftPlatformBridge] apply error: ClassNotFoundException: net.minecraft.core.registries.BuiltInRegistries
[3773|t+37327ms|ThreadId(2)] [RsiftPlatformBridge] apply error: ClassNotFoundException: net.minecraft.core.registries.BuiltInRegistries
[3774|t+37327ms|ThreadId(2)] [RsiftPlatformBridge] apply error: ClassNotFoundException: net.minecraft.core.registries.BuiltInRegistries
[3775|t+37632ms|ThreadId(2)] [RsiftPlatformBridge] apply error: ClassNotFoundException: net.minecraft.core.registries.BuiltInRegistries
[3776|t+37633ms|ThreadId(2)] [RsiftPlatformBridge] apply error: ClassNotFoundException: net.minecraft.core.registries.BuiltInRegistries
[3777|t+37937ms|ThreadId(2)] [RsiftPlatformBridge] apply error: ClassNotFoundException: net.minecraft.core.registries.BuiltInRegistries
[3778|t+37938ms|ThreadId(2)] [RsiftPlatformBridge] apply error: ClassNotFoundException: net.minecraft.core.registries.BuiltInRegistries
[3779|t+38254ms|ThreadId(2)] [RsiftPlatformBridge] apply error: ClassNotFoundException: net.minecraft.core.registries.BuiltInRegistries
[3780|t+38255ms|ThreadId(2)] [RsiftPlatformBridge] apply error: ClassNotFoundException: net.minecraft.core.registries.BuiltInRegistries
[3781|t+38563ms|ThreadId(2)] [RsiftPlatformBridge] apply error: ClassNotFoundException: net.minecraft.core.registries.BuiltInRegistries
[3782|t+38564ms|ThreadId(2)] [RsiftPlatformBridge] apply error: ClassNotFoundException: net.minecraft.core.registries.BuiltInRegistries
[3783|t+38833ms|ThreadId(15)] [hook] network_packet fired (count=1)
[3784|t+38867ms|ThreadId(2)] [RsiftPlatformBridge] apply error: ClassNotFoundException: net.minecraft.core.registries.BuiltInRegistries
[3785|t+38868ms|ThreadId(2)] [RsiftPlatformBridge] apply error: ClassNotFoundException: net.minecraft.core.registries.BuiltInRegistries
[3786|t+39172ms|ThreadId(2)] [RsiftPlatformBridge] apply error: ClassNotFoundException: net.minecraft.core.registries.BuiltInRegistries
[3787|t+39172ms|ThreadId(2)] [RsiftPlatformBridge] apply error: ClassNotFoundException: net.minecraft.core.registries.BuiltInRegistries
[3788|t+39477ms|ThreadId(2)] [RsiftPlatformBridge] apply error: ClassNotFoundException: net.minecraft.core.registries.BuiltInRegistries
[3789|t+39478ms|ThreadId(2)] [RsiftPlatformBridge] apply error: ClassNotFoundException: net.minecraft.core.registries.BuiltInRegistries
[3790|t+39782ms|ThreadId(2)] [RsiftPlatformBridge] apply error: ClassNotFoundException: net.minecraft.core.registries.BuiltInRegistries
[3791|t+39783ms|ThreadId(2)] [RsiftPlatformBridge] apply error: ClassNotFoundException: net.minecraft.core.registries.BuiltInRegistries
[3792|t+40087ms|ThreadId(2)] [RsiftPlatformBridge] apply error: ClassNotFoundException: net.minecraft.core.registries.BuiltInRegistries
[3793|t+40088ms|ThreadId(2)] [RsiftPlatformBridge] apply error: ClassNotFoundException: net.minecraft.core.registries.BuiltInRegistries
[3794|t+40391ms|ThreadId(2)] [RsiftPlatformBridge] apply error: ClassNotFoundException: net.minecraft.core.registries.BuiltInRegistries
[3795|t+40392ms|ThreadId(2)] [RsiftPlatformBridge] apply error: ClassNotFoundException: net.minecraft.core.registries.BuiltInRegistries
[3796|t+40695ms|ThreadId(2)] [RsiftPlatformBridge] apply error: ClassNotFoundException: net.minecraft.core.registries.BuiltInRegistries
[3797|t+40696ms|ThreadId(2)] [RsiftPlatformBridge] apply error: ClassNotFoundException: net.minecraft.core.registries.BuiltInRegistries
[3798|t+41001ms|ThreadId(2)] [RsiftPlatformBridge] apply error: ClassNotFoundException: net.minecraft.core.registries.BuiltInRegistries
[3799|t+41001ms|ThreadId(2)] [RsiftPlatformBridge] apply error: ClassNotFoundException: net.minecraft.core.registries.BuiltInRegistries
[3800|t+41305ms|ThreadId(2)] [RsiftPlatformBridge] apply error: ClassNotFoundException: net.minecraft.core.registries.BuiltInRegistries
[3801|t+41306ms|ThreadId(2)] [RsiftPlatformBridge] apply error: ClassNotFoundException: net.minecraft.core.registries.BuiltInRegistries
[3802|t+41612ms|ThreadId(2)] [RsiftPlatformBridge] apply error: ClassNotFoundException: net.minecraft.core.registries.BuiltInRegistries
[3803|t+41613ms|ThreadId(2)] [RsiftPlatformBridge] apply error: ClassNotFoundException: net.minecraft.core.registries.BuiltInRegistries
[3804|t+41888ms|ThreadId(15)] [hook] network_packet fired (count=600)
[3805|t+41917ms|ThreadId(2)] [RsiftPlatformBridge] apply error: ClassNotFoundException: net.minecraft.core.registries.BuiltInRegistries
[3806|t+41918ms|ThreadId(2)] [RsiftPlatformBridge] apply error: ClassNotFoundException: net.minecraft.core.registries.BuiltInRegistries
[3807|t+42136ms|ThreadId(1)] [hook] mob_ai_step fired (count=1)
[3808|t+42222ms|ThreadId(2)] [RsiftPlatformBridge] apply error: ClassNotFoundException: net.minecraft.core.registries.BuiltInRegistries
[3809|t+42223ms|ThreadId(2)] [RsiftPlatformBridge] apply error: ClassNotFoundException: net.minecraft.core.registries.BuiltInRegistries
[3810|t+42395ms|ThreadId(1)] [hook] mob_ai_step fired (count=600)
[3811|t+42427ms|ThreadId(15)] [hook] network_packet fired (count=1200)
[3812|t+42458ms|ThreadId(1)] [hook] mob_ai_step fired (count=1200)
[3813|t+42529ms|ThreadId(2)] [RsiftPlatformBridge] apply error: ClassNotFoundException: net.minecraft.core.registries.BuiltInRegistries
[3814|t+42530ms|ThreadId(2)] [RsiftPlatformBridge] apply error: ClassNotFoundException: net.minecraft.core.registries.BuiltInRegistries
[3815|t+42856ms|ThreadId(2)] [RsiftPlatformBridge] apply error: ClassNotFoundException: net.minecraft.core.registries.BuiltInRegistries
[3816|t+42857ms|ThreadId(2)] [RsiftPlatformBridge] apply error: ClassNotFoundException: net.minecraft.core.registries.BuiltInRegistries
[3817|t+42919ms|ThreadId(15)] [hook] network_packet fired (count=1800)
[3818|t+43004ms|ThreadId(1)] [hook] mob_ai_step fired (count=1800)
[3819|t+43104ms|ThreadId(1)] [hook] mob_ai_step fired (count=2400)
[3820|t+43174ms|ThreadId(2)] [RsiftPlatformBridge] apply error: ClassNotFoundException: net.minecraft.core.registries.BuiltInRegistries
[3821|t+43175ms|ThreadId(2)] [RsiftPlatformBridge] apply error: ClassNotFoundException: net.minecraft.core.registries.BuiltInRegistries
[3822|t+43290ms|ThreadId(15)] [hook] network_packet fired (count=2400)
[3823|t+43467ms|ThreadId(1)] [hook] mob_ai_step fired (count=3000)
[3824|t+43488ms|ThreadId(2)] [RsiftPlatformBridge] apply error: ClassNotFoundException: net.minecraft.core.registries.BuiltInRegistries
[3825|t+43489ms|ThreadId(2)] [RsiftPlatformBridge] apply error: ClassNotFoundException: net.minecraft.core.registries.BuiltInRegistries
[3826|t+43706ms|ThreadId(15)] [hook] network_packet fired (count=3000)
[3827|t+43780ms|ThreadId(1)] [hook] mob_ai_step fired (count=3600)
[3828|t+43885ms|ThreadId(2)] [RsiftPlatformBridge] apply error: ClassNotFoundException: net.minecraft.core.registries.BuiltInRegistries
[3829|t+43886ms|ThreadId(2)] [RsiftPlatformBridge] apply error: ClassNotFoundException: net.minecraft.core.registries.BuiltInRegistries
[3830|t+44052ms|ThreadId(1)] [hook] mob_ai_step fired (count=4200)
[3831|t+44198ms|ThreadId(2)] [RsiftPlatformBridge] apply error: ClassNotFoundException: net.minecraft.core.registries.BuiltInRegistries
[3832|t+44199ms|ThreadId(2)] [RsiftPlatformBridge] apply error: ClassNotFoundException: net.minecraft.core.registries.BuiltInRegistries
[3833|t+44225ms|ThreadId(15)] [hook] network_packet fired (count=3600)
[3834|t+44307ms|ThreadId(15)] [hook] network_packet fired (count=4200)
[3835|t+44327ms|ThreadId(1)] [hook] mob_ai_step fired (count=4800)
[3836|t+44508ms|ThreadId(2)] [RsiftPlatformBridge] apply error: ClassNotFoundException: net.minecraft.core.registries.BuiltInRegistries
[3837|t+44509ms|ThreadId(2)] [RsiftPlatformBridge] apply error: ClassNotFoundException: net.minecraft.core.registries.BuiltInRegistries
[3838|t+44611ms|ThreadId(15)] [hook] network_packet fired (count=4800)
[3839|t+44621ms|ThreadId(1)] [hook] mob_ai_step fired (count=5400)
[3840|t+44841ms|ThreadId(2)] [RsiftPlatformBridge] apply error: ClassNotFoundException: net.minecraft.core.registries.BuiltInRegistries
[3841|t+44842ms|ThreadId(2)] [RsiftPlatformBridge] apply error: ClassNotFoundException: net.minecraft.core.registries.BuiltInRegistries
[3842|t+44843ms|ThreadId(2)] [step] tick_loop — alive tick=360
[3843|t+44900ms|ThreadId(15)] [hook] network_packet fired (count=5400)
[3844|t+44925ms|ThreadId(1)] [hook] mob_ai_step fired (count=6000)
[3845|t+45156ms|ThreadId(2)] [RsiftPlatformBridge] apply error: ClassNotFoundException: net.minecraft.core.registries.BuiltInRegistries
[3846|t+45157ms|ThreadId(2)] [RsiftPlatformBridge] apply error: ClassNotFoundException: net.minecraft.core.registries.BuiltInRegistries
[3847|t+45191ms|ThreadId(15)] [hook] network_packet fired (count=6000)
[3848|t+45197ms|ThreadId(1)] [hook] mob_ai_step fired (count=6600)
[3849|t+45472ms|ThreadId(2)] [RsiftPlatformBridge] apply error: ClassNotFoundException: net.minecraft.core.registries.BuiltInRegistries
[3850|t+45473ms|ThreadId(2)] [RsiftPlatformBridge] apply error: ClassNotFoundException: net.minecraft.core.registries.BuiltInRegistries
[3851|t+45617ms|ThreadId(1)] [hook] mob_ai_step fired (count=7200)
[3852|t+45669ms|ThreadId(15)] [hook] network_packet fired (count=6600)
[3853|t+45763ms|ThreadId(15)] [hook] network_packet fired (count=7200)
[3854|t+45797ms|ThreadId(2)] [RsiftPlatformBridge] apply error: ClassNotFoundException: net.minecraft.core.registries.BuiltInRegistries
[3855|t+45798ms|ThreadId(2)] [RsiftPlatformBridge] apply error: ClassNotFoundException: net.minecraft.core.registries.BuiltInRegistries
[3856|t+45844ms|ThreadId(1)] [hook] mob_ai_step fired (count=7800)
[3857|t+46054ms|ThreadId(15)] [hook] network_packet fired (count=7800)
[3858|t+46114ms|ThreadId(1)] [hook] mob_ai_step fired (count=8400)
[3859|t+46117ms|ThreadId(2)] [RsiftPlatformBridge] apply error: ClassNotFoundException: net.minecraft.core.registries.BuiltInRegistries
[3860|t+46118ms|ThreadId(2)] [RsiftPlatformBridge] apply error: ClassNotFoundException: net.minecraft.core.registries.BuiltInRegistries
[3861|t+46428ms|ThreadId(2)] [RsiftPlatformBridge] apply error: ClassNotFoundException: net.minecraft.core.registries.BuiltInRegistries
[3862|t+46429ms|ThreadId(2)] [RsiftPlatformBridge] apply error: ClassNotFoundException: net.minecraft.core.registries.BuiltInRegistries
[3863|t+46435ms|ThreadId(15)] [hook] network_packet fired (count=8400)
[3864|t+46445ms|ThreadId(1)] [hook] mob_ai_step fired (count=9000)
[3865|t+46755ms|ThreadId(1)] [hook] mob_ai_step fired (count=9600)
[3866|t+46809ms|ThreadId(2)] [RsiftPlatformBridge] apply error: ClassNotFoundException: net.minecraft.core.registries.BuiltInRegistries
[3867|t+46810ms|ThreadId(2)] [RsiftPlatformBridge] apply error: ClassNotFoundException: net.minecraft.core.registries.BuiltInRegistries
[3868|t+46925ms|ThreadId(15)] [hook] network_packet fired (count=9000)
[3869|t+47021ms|ThreadId(1)] [hook] mob_ai_step fired (count=10200)
[3870|t+47137ms|ThreadId(2)] [RsiftPlatformBridge] apply error: ClassNotFoundException: net.minecraft.core.registries.BuiltInRegistries
[3871|t+47138ms|ThreadId(2)] [RsiftPlatformBridge] apply error: ClassNotFoundException: net.minecraft.core.registries.BuiltInRegistries
[3872|t+47326ms|ThreadId(15)] [hook] network_packet fired (count=9600)
[3873|t+47340ms|ThreadId(1)] [hook] mob_ai_step fired (count=10800)
[3874|t+47383ms|ThreadId(15)] [hook] network_packet fired (count=10200)
[3875|t+47404ms|ThreadId(15)] [hook] network_packet fired (count=10800)
[3876|t+47459ms|ThreadId(2)] [RsiftPlatformBridge] apply error: ClassNotFoundException: net.minecraft.core.registries.BuiltInRegistries
[3877|t+47460ms|ThreadId(2)] [RsiftPlatformBridge] apply error: ClassNotFoundException: net.minecraft.core.registries.BuiltInRegistries
[3878|t+47621ms|ThreadId(1)] [hook] mob_ai_step fired (count=11400)
[3879|t+47625ms|ThreadId(15)] [hook] network_packet fired (count=11400)
[3880|t+47817ms|ThreadId(15)] [hook] network_packet fired (count=12000)
[3881|t+47841ms|ThreadId(2)] [RsiftPlatformBridge] apply error: ClassNotFoundException: net.minecraft.core.registries.BuiltInRegistries
[3882|t+47842ms|ThreadId(2)] [RsiftPlatformBridge] apply error: ClassNotFoundException: net.minecraft.core.registries.BuiltInRegistries
[3883|t+47911ms|ThreadId(1)] [hook] mob_ai_step fired (count=12000)
[3884|t+47970ms|ThreadId(2)] [step] title_marker — window title set: Minecraft* 1.21.11 - Rsift (RsGraphics Render)
[3885|t+48223ms|ThreadId(2)] [RsiftPlatformBridge] apply error: ClassNotFoundException: net.minecraft.core.registries.BuiltInRegistries
[3886|t+48224ms|ThreadId(2)] [RsiftPlatformBridge] apply error: ClassNotFoundException: net.minecraft.core.registries.BuiltInRegistries
[3887|t+48254ms|ThreadId(1)] [hook] mob_ai_step fired (count=12600)
[3888|t+48373ms|ThreadId(15)] [hook] network_packet fired (count=12600)
[3889|t+48396ms|ThreadId(15)] [hook] network_packet fired (count=13200)
[3890|t+48521ms|ThreadId(1)] [hook] mob_ai_step fired (count=13200)
[3891|t+48565ms|ThreadId(2)] [RsiftPlatformBridge] apply error: ClassNotFoundException: net.minecraft.core.registries.BuiltInRegistries
[3892|t+48565ms|ThreadId(2)] [RsiftPlatformBridge] apply error: ClassNotFoundException: net.minecraft.core.registries.BuiltInRegistries
[3893|t+48652ms|ThreadId(15)] [hook] network_packet fired (count=13800)
[3894|t+48806ms|ThreadId(1)] [hook] mob_ai_step fired (count=13800)
[3895|t+48895ms|ThreadId(2)] [RsiftPlatformBridge] apply error: ClassNotFoundException: net.minecraft.core.registries.BuiltInRegistries
[3896|t+48896ms|ThreadId(2)] [RsiftPlatformBridge] apply error: ClassNotFoundException: net.minecraft.core.registries.BuiltInRegistries
[3897|t+48927ms|ThreadId(15)] [hook] network_packet fired (count=14400)
[3898|t+49102ms|ThreadId(1)] [hook] mob_ai_step fired (count=14400)
[3899|t+49156ms|ThreadId(15)] [hook] network_packet fired (count=15000)
[3900|t+49200ms|ThreadId(2)] [RsiftPlatformBridge] apply error: ClassNotFoundException: net.minecraft.core.registries.BuiltInRegistries
[3901|t+49200ms|ThreadId(2)] [RsiftPlatformBridge] apply error: ClassNotFoundException: net.minecraft.core.registries.BuiltInRegistries
[3902|t+49404ms|ThreadId(1)] [hook] mob_ai_step fired (count=15000)
[3903|t+49467ms|ThreadId(15)] [hook] network_packet fired (count=15600)
[3904|t+49507ms|ThreadId(2)] [RsiftPlatformBridge] apply error: ClassNotFoundException: net.minecraft.core.registries.BuiltInRegistries
[3905|t+49508ms|ThreadId(2)] [RsiftPlatformBridge] apply error: ClassNotFoundException: net.minecraft.core.registries.BuiltInRegistries
[3906|t+49544ms|ThreadId(1)] [hook] client_tick fired (count=600)
[3907|t+49694ms|ThreadId(1)] [hook] mob_ai_step fired (count=15600)
[3908|t+49806ms|ThreadId(15)] [hook] network_packet fired (count=16200)
[3909|t+49814ms|ThreadId(2)] [RsiftPlatformBridge] apply error: ClassNotFoundException: net.minecraft.core.registries.BuiltInRegistries
[3910|t+49815ms|ThreadId(2)] [RsiftPlatformBridge] apply error: ClassNotFoundException: net.minecraft.core.registries.BuiltInRegistries
[3911|t+49946ms|ThreadId(1)] [hook] mob_ai_step fired (count=16200)
[3912|t+50121ms|ThreadId(2)] [RsiftPlatformBridge] apply error: ClassNotFoundException: net.minecraft.core.registries.BuiltInRegistries
[3913|t+50122ms|ThreadId(2)] [RsiftPlatformBridge] apply error: ClassNotFoundException: net.minecraft.core.registries.BuiltInRegistries
[3914|t+50131ms|ThreadId(15)] [hook] network_packet fired (count=16800)
[3915|t+50278ms|ThreadId(1)] [hook] mob_ai_step fired (count=16800)
[3916|t+50421ms|ThreadId(15)] [hook] network_packet fired (count=17400)
[3917|t+50439ms|ThreadId(2)] [RsiftPlatformBridge] apply error: ClassNotFoundException: net.minecraft.core.registries.BuiltInRegistries
[3918|t+50440ms|ThreadId(2)] [RsiftPlatformBridge] apply error: ClassNotFoundException: net.minecraft.core.registries.BuiltInRegistries
[3919|t+50551ms|ThreadId(1)] [hook] mob_ai_step fired (count=17400)
[3920|t+50750ms|ThreadId(2)] [RsiftPlatformBridge] apply error: ClassNotFoundException: net.minecraft.core.registries.BuiltInRegistries
[3921|t+50750ms|ThreadId(2)] [RsiftPlatformBridge] apply error: ClassNotFoundException: net.minecraft.core.registries.BuiltInRegistries
[3922|t+50753ms|ThreadId(15)] [hook] network_packet fired (count=18000)
[3923|t+50896ms|ThreadId(1)] [hook] mob_ai_step fired (count=18000)
[3924|t+51064ms|ThreadId(2)] [RsiftPlatformBridge] apply error: ClassNotFoundException: net.minecraft.core.registries.BuiltInRegistries
[3925|t+51065ms|ThreadId(2)] [RsiftPlatformBridge] apply error: ClassNotFoundException: net.minecraft.core.registries.BuiltInRegistries
[3926|t+51152ms|ThreadId(15)] [hook] network_packet fired (count=18600)
[3927|t+51162ms|ThreadId(1)] [hook] mob_ai_step fired (count=18600)
[3928|t+51378ms|ThreadId(2)] [RsiftPlatformBridge] apply error: ClassNotFoundException: net.minecraft.core.registries.BuiltInRegistries
[3929|t+51379ms|ThreadId(2)] [RsiftPlatformBridge] apply error: ClassNotFoundException: net.minecraft.core.registries.BuiltInRegistries
[3930|t+51477ms|ThreadId(1)] [hook] mob_ai_step fired (count=19200)
[3931|t+51604ms|ThreadId(15)] [hook] network_packet fired (count=19200)
[3932|t+51684ms|ThreadId(2)] [RsiftPlatformBridge] apply error: ClassNotFoundException: net.minecraft.core.registries.BuiltInRegistries
[3933|t+51685ms|ThreadId(2)] [RsiftPlatformBridge] apply error: ClassNotFoundException: net.minecraft.core.registries.BuiltInRegistries
[3934|t+51748ms|ThreadId(1)] [hook] mob_ai_step fired (count=19800)
[3935|t+51988ms|ThreadId(2)] [RsiftPlatformBridge] apply error: ClassNotFoundException: net.minecraft.core.registries.BuiltInRegistries
[3936|t+51989ms|ThreadId(2)] [RsiftPlatformBridge] apply error: ClassNotFoundException: net.minecraft.core.registries.BuiltInRegistries
[3937|t+52049ms|ThreadId(1)] [hook] mob_ai_step fired (count=20400)
[3938|t+52117ms|ThreadId(15)] [hook] network_packet fired (count=19800)
[3939|t+52293ms|ThreadId(2)] [RsiftPlatformBridge] apply error: ClassNotFoundException: net.minecraft.core.registries.BuiltInRegistries
[3940|t+52294ms|ThreadId(2)] [RsiftPlatformBridge] apply error: ClassNotFoundException: net.minecraft.core.registries.BuiltInRegistries
[3941|t+52365ms|ThreadId(1)] [hook] mob_ai_step fired (count=21000)
[3942|t+52603ms|ThreadId(2)] [RsiftPlatformBridge] apply error: ClassNotFoundException: net.minecraft.core.registries.BuiltInRegistries
[3943|t+52603ms|ThreadId(2)] [RsiftPlatformBridge] apply error: ClassNotFoundException: net.minecraft.core.registries.BuiltInRegistries
[3944|t+52650ms|ThreadId(1)] [hook] mob_ai_step fired (count=21600)
[3945|t+52806ms|ThreadId(15)] [hook] network_packet fired (count=20400)
[3946|t+52906ms|ThreadId(2)] [RsiftPlatformBridge] apply error: ClassNotFoundException: net.minecraft.core.registries.BuiltInRegistries
[3947|t+52907ms|ThreadId(2)] [RsiftPlatformBridge] apply error: ClassNotFoundException: net.minecraft.core.registries.BuiltInRegistries
[3948|t+52971ms|ThreadId(1)] [hook] mob_ai_step fired (count=22200)
[3949|t+53020ms|ThreadId(1)] [hook] render_flip fired (count=1200)
[3950|t+53211ms|ThreadId(2)] [RsiftPlatformBridge] apply error: ClassNotFoundException: net.minecraft.core.registries.BuiltInRegistries
[3951|t+53212ms|ThreadId(2)] [RsiftPlatformBridge] apply error: ClassNotFoundException: net.minecraft.core.registries.BuiltInRegistries
[3952|t+53251ms|ThreadId(1)] [hook] mob_ai_step fired (count=22800)
[3953|t+53254ms|ThreadId(15)] [hook] network_packet fired (count=21000)
[3954|t+53516ms|ThreadId(2)] [RsiftPlatformBridge] apply error: ClassNotFoundException: net.minecraft.core.registries.BuiltInRegistries
[3955|t+53517ms|ThreadId(2)] [RsiftPlatformBridge] apply error: ClassNotFoundException: net.minecraft.core.registries.BuiltInRegistries
[3956|t+53568ms|ThreadId(1)] [hook] mob_ai_step fired (count=23400)
[3957|t+53704ms|ThreadId(15)] [hook] network_packet fired (count=21600)
[3958|t+53823ms|ThreadId(2)] [RsiftPlatformBridge] apply error: ClassNotFoundException: net.minecraft.core.registries.BuiltInRegistries
[3959|t+53824ms|ThreadId(2)] [RsiftPlatformBridge] apply error: ClassNotFoundException: net.minecraft.core.registries.BuiltInRegistries
[3960|t+53853ms|ThreadId(1)] [hook] mob_ai_step fired (count=24000)
[3961|t+54105ms|ThreadId(15)] [hook] network_packet fired (count=22200)
[3962|t+54127ms|ThreadId(2)] [RsiftPlatformBridge] apply error: ClassNotFoundException: net.minecraft.core.registries.BuiltInRegistries
[3963|t+54128ms|ThreadId(2)] [RsiftPlatformBridge] apply error: ClassNotFoundException: net.minecraft.core.registries.BuiltInRegistries
[3964|t+54143ms|ThreadId(1)] [hook] mob_ai_step fired (count=24600)
[3965|t+54432ms|ThreadId(2)] [RsiftPlatformBridge] apply error: ClassNotFoundException: net.minecraft.core.registries.BuiltInRegistries
[3966|t+54434ms|ThreadId(2)] [RsiftPlatformBridge] apply error: ClassNotFoundException: net.minecraft.core.registries.BuiltInRegistries
[3967|t+54435ms|ThreadId(2)] [step] tick_loop — alive tick=480
[3968|t+54450ms|ThreadId(1)] [hook] mob_ai_step fired (count=25200)
[3969|t+54504ms|ThreadId(15)] [hook] network_packet fired (count=22800)
[3970|t+54739ms|ThreadId(2)] [RsiftPlatformBridge] apply error: ClassNotFoundException: net.minecraft.core.registries.BuiltInRegistries
[3971|t+54740ms|ThreadId(2)] [RsiftPlatformBridge] apply error: ClassNotFoundException: net.minecraft.core.registries.BuiltInRegistries
[3972|t+54757ms|ThreadId(1)] [hook] mob_ai_step fired (count=25800)
[3973|t+54909ms|ThreadId(15)] [hook] network_packet fired (count=23400)
[3974|t+55044ms|ThreadId(2)] [RsiftPlatformBridge] apply error: ClassNotFoundException: net.minecraft.core.registries.BuiltInRegistries
[3975|t+55045ms|ThreadId(2)] [RsiftPlatformBridge] apply error: ClassNotFoundException: net.minecraft.core.registries.BuiltInRegistries
[3976|t+55058ms|ThreadId(1)] [hook] mob_ai_step fired (count=26400)
[3977|t+55217ms|ThreadId(15)] [hook] network_packet fired (count=24000)
[3978|t+55350ms|ThreadId(1)] [hook] mob_ai_step fired (count=27000)
[3979|t+55351ms|ThreadId(2)] [RsiftPlatformBridge] apply error: ClassNotFoundException: net.minecraft.core.registries.BuiltInRegistries
[3980|t+55352ms|ThreadId(2)] [RsiftPlatformBridge] apply error: ClassNotFoundException: net.minecraft.core.registries.BuiltInRegistries
[3981|t+55645ms|ThreadId(1)] [hook] mob_ai_step fired (count=27600)
[3982|t+55655ms|ThreadId(15)] [hook] network_packet fired (count=24600)
[3983|t+55657ms|ThreadId(2)] [RsiftPlatformBridge] apply error: ClassNotFoundException: net.minecraft.core.registries.BuiltInRegistries
[3984|t+55658ms|ThreadId(2)] [RsiftPlatformBridge] apply error: ClassNotFoundException: net.minecraft.core.registries.BuiltInRegistries
[3985|t+55962ms|ThreadId(2)] [RsiftPlatformBridge] apply error: ClassNotFoundException: net.minecraft.core.registries.BuiltInRegistries
[3986|t+55962ms|ThreadId(2)] [RsiftPlatformBridge] apply error: ClassNotFoundException: net.minecraft.core.registries.BuiltInRegistries
[3987|t+55980ms|ThreadId(1)] [hook] mob_ai_step fired (count=28200)
[3988|t+56020ms|ThreadId(15)] [hook] network_packet fired (count=25200)
[3989|t+56256ms|ThreadId(1)] [hook] mob_ai_step fired (count=28800)
[3990|t+56287ms|ThreadId(2)] [RsiftPlatformBridge] apply error: ClassNotFoundException: net.minecraft.core.registries.BuiltInRegistries
[3991|t+56288ms|ThreadId(2)] [RsiftPlatformBridge] apply error: ClassNotFoundException: net.minecraft.core.registries.BuiltInRegistries
[3992|t+56412ms|ThreadId(15)] [hook] network_packet fired (count=25800)
[3993|t+56555ms|ThreadId(1)] [hook] mob_ai_step fired (count=29400)
[3994|t+56620ms|ThreadId(2)] [RsiftPlatformBridge] apply error: ClassNotFoundException: net.minecraft.core.registries.BuiltInRegistries
[3995|t+56621ms|ThreadId(2)] [RsiftPlatformBridge] apply error: ClassNotFoundException: net.minecraft.core.registries.BuiltInRegistries
[3996|t+56756ms|ThreadId(15)] [hook] network_packet fired (count=26400)
[3997|t+56855ms|ThreadId(1)] [hook] mob_ai_step fired (count=30000)
[3998|t+56926ms|ThreadId(2)] [RsiftPlatformBridge] apply error: ClassNotFoundException: net.minecraft.core.registries.BuiltInRegistries
[3999|t+56927ms|ThreadId(2)] [RsiftPlatformBridge] apply error: ClassNotFoundException: net.minecraft.core.registries.BuiltInRegistries
[4000|t+57152ms|ThreadId(15)] [hook] network_packet fired (count=27000)
[4001|t+57156ms|ThreadId(1)] [hook] mob_ai_step fired (count=30600)
[4002|t+57233ms|ThreadId(2)] [RsiftPlatformBridge] apply error: ClassNotFoundException: net.minecraft.core.registries.BuiltInRegistries
[4003|t+57235ms|ThreadId(2)] [RsiftPlatformBridge] apply error: ClassNotFoundException: net.minecraft.core.registries.BuiltInRegistries
[4004|t+57408ms|ThreadId(1)] [hook] mob_ai_step fired (count=31200)
[4005|t+57519ms|ThreadId(15)] [hook] network_packet fired (count=27600)
[4006|t+57540ms|ThreadId(2)] [RsiftPlatformBridge] apply error: ClassNotFoundException: net.minecraft.core.registries.BuiltInRegistries
[4007|t+57541ms|ThreadId(2)] [RsiftPlatformBridge] apply error: ClassNotFoundException: net.minecraft.core.registries.BuiltInRegistries
[4008|t+57718ms|ThreadId(1)] [hook] mob_ai_step fired (count=31800)
[4009|t+57847ms|ThreadId(2)] [RsiftPlatformBridge] apply error: ClassNotFoundException: net.minecraft.core.registries.BuiltInRegistries
[4010|t+57848ms|ThreadId(2)] [RsiftPlatformBridge] apply error: ClassNotFoundException: net.minecraft.core.registries.BuiltInRegistries
[4011|t+57906ms|ThreadId(15)] [hook] network_packet fired (count=28200)
[4012|t+58007ms|ThreadId(1)] [hook] mob_ai_step fired (count=32400)
[4013|t+58152ms|ThreadId(2)] [RsiftPlatformBridge] apply error: ClassNotFoundException: net.minecraft.core.registries.BuiltInRegistries
[4014|t+58152ms|ThreadId(2)] [RsiftPlatformBridge] apply error: ClassNotFoundException: net.minecraft.core.registries.BuiltInRegistries
[4015|t+58307ms|ThreadId(1)] [hook] mob_ai_step fired (count=33000)
[4016|t+58354ms|ThreadId(15)] [hook] network_packet fired (count=28800)
[4017|t+58457ms|ThreadId(2)] [RsiftPlatformBridge] apply error: ClassNotFoundException: net.minecraft.core.registries.BuiltInRegistries
[4018|t+58458ms|ThreadId(2)] [RsiftPlatformBridge] apply error: ClassNotFoundException: net.minecraft.core.registries.BuiltInRegistries
[4019|t+58591ms|ThreadId(1)] [hook] mob_ai_step fired (count=33600)
[4020|t+58702ms|ThreadId(15)] [hook] network_packet fired (count=29400)
[4021|t+58763ms|ThreadId(2)] [RsiftPlatformBridge] apply error: ClassNotFoundException: net.minecraft.core.registries.BuiltInRegistries
[4022|t+58763ms|ThreadId(2)] [RsiftPlatformBridge] apply error: ClassNotFoundException: net.minecraft.core.registries.BuiltInRegistries
[4023|t+58913ms|ThreadId(1)] [hook] mob_ai_step fired (count=34200)
[4024|t+59067ms|ThreadId(2)] [RsiftPlatformBridge] apply error: ClassNotFoundException: net.minecraft.core.registries.BuiltInRegistries
[4025|t+59068ms|ThreadId(2)] [RsiftPlatformBridge] apply error: ClassNotFoundException: net.minecraft.core.registries.BuiltInRegistries
[4026|t+59156ms|ThreadId(15)] [hook] network_packet fired (count=30000)
[4027|t+59193ms|ThreadId(1)] [hook] mob_ai_step fired (count=34800)
[4028|t+59377ms|ThreadId(2)] [RsiftPlatformBridge] apply error: ClassNotFoundException: net.minecraft.core.registries.BuiltInRegistries
[4029|t+59378ms|ThreadId(2)] [RsiftPlatformBridge] apply error: ClassNotFoundException: net.minecraft.core.registries.BuiltInRegistries
[4030|t+59442ms|ThreadId(1)] [hook] mob_ai_step fired (count=35400)
[4031|t+59570ms|ThreadId(15)] [hook] network_packet fired (count=30600)
[4032|t+59685ms|ThreadId(2)] [RsiftPlatformBridge] apply error: ClassNotFoundException: net.minecraft.core.registries.BuiltInRegistries
[4033|t+59685ms|ThreadId(2)] [RsiftPlatformBridge] apply error: ClassNotFoundException: net.minecraft.core.registries.BuiltInRegistries
[4034|t+59743ms|ThreadId(1)] [hook] mob_ai_step fired (count=36000)
[4035|t+59902ms|ThreadId(15)] [hook] network_packet fired (count=31200)
[4036|t+59996ms|ThreadId(2)] [RsiftPlatformBridge] apply error: ClassNotFoundException: net.minecraft.core.registries.BuiltInRegistries
[4037|t+59997ms|ThreadId(2)] [RsiftPlatformBridge] apply error: ClassNotFoundException: net.minecraft.core.registries.BuiltInRegistries
[4038|t+60044ms|ThreadId(1)] [hook] mob_ai_step fired (count=36600)
[4039|t+60301ms|ThreadId(2)] [RsiftPlatformBridge] apply error: ClassNotFoundException: net.minecraft.core.registries.BuiltInRegistries
[4040|t+60302ms|ThreadId(2)] [RsiftPlatformBridge] apply error: ClassNotFoundException: net.minecraft.core.registries.BuiltInRegistries
[4041|t+60306ms|ThreadId(15)] [hook] network_packet fired (count=31800)
[4042|t+60393ms|ThreadId(1)] [hook] mob_ai_step fired (count=37200)
[4043|t+60606ms|ThreadId(2)] [RsiftPlatformBridge] apply error: ClassNotFoundException: net.minecraft.core.registries.BuiltInRegistries
[4044|t+60607ms|ThreadId(2)] [RsiftPlatformBridge] apply error: ClassNotFoundException: net.minecraft.core.registries.BuiltInRegistries
[4045|t+60693ms|ThreadId(1)] [hook] mob_ai_step fired (count=37800)
[4046|t+60703ms|ThreadId(15)] [hook] network_packet fired (count=32400)
[4047|t+60911ms|ThreadId(2)] [RsiftPlatformBridge] apply error: ClassNotFoundException: net.minecraft.core.registries.BuiltInRegistries
[4048|t+60912ms|ThreadId(2)] [RsiftPlatformBridge] apply error: ClassNotFoundException: net.minecraft.core.registries.BuiltInRegistries
[4049|t+60998ms|ThreadId(1)] [hook] mob_ai_step fired (count=38400)
[4050|t+61106ms|ThreadId(15)] [hook] network_packet fired (count=33000)
[4051|t+61216ms|ThreadId(2)] [RsiftPlatformBridge] apply error: ClassNotFoundException: net.minecraft.core.registries.BuiltInRegistries
[4052|t+61217ms|ThreadId(2)] [RsiftPlatformBridge] apply error: ClassNotFoundException: net.minecraft.core.registries.BuiltInRegistries
[4053|t+61292ms|ThreadId(1)] [hook] mob_ai_step fired (count=39000)
[4054|t+61520ms|ThreadId(2)] [RsiftPlatformBridge] apply error: ClassNotFoundException: net.minecraft.core.registries.BuiltInRegistries
[4055|t+61521ms|ThreadId(2)] [RsiftPlatformBridge] apply error: ClassNotFoundException: net.minecraft.core.registries.BuiltInRegistries
[4056|t+61552ms|ThreadId(15)] [hook] network_packet fired (count=33600)
[4057|t+61595ms|ThreadId(1)] [hook] mob_ai_step fired (count=39600)
[4058|t+61826ms|ThreadId(2)] [RsiftPlatformBridge] apply error: ClassNotFoundException: net.minecraft.core.registries.BuiltInRegistries
[4059|t+61826ms|ThreadId(2)] [RsiftPlatformBridge] apply error: ClassNotFoundException: net.minecraft.core.registries.BuiltInRegistries
[4060|t+61895ms|ThreadId(1)] [hook] mob_ai_step fired (count=40200)
[4061|t+61954ms|ThreadId(15)] [hook] network_packet fired (count=34200)
[4062|t+62130ms|ThreadId(2)] [RsiftPlatformBridge] apply error: ClassNotFoundException: net.minecraft.core.registries.BuiltInRegistries
[4063|t+62131ms|ThreadId(2)] [RsiftPlatformBridge] apply error: ClassNotFoundException: net.minecraft.core.registries.BuiltInRegistries
[4064|t+62197ms|ThreadId(1)] [hook] mob_ai_step fired (count=40800)
[4065|t+62435ms|ThreadId(2)] [RsiftPlatformBridge] apply error: ClassNotFoundException: net.minecraft.core.registries.BuiltInRegistries
[4066|t+62435ms|ThreadId(2)] [RsiftPlatformBridge] apply error: ClassNotFoundException: net.minecraft.core.registries.BuiltInRegistries
[4067|t+62452ms|ThreadId(15)] [hook] network_packet fired (count=34800)
[4068|t+62498ms|ThreadId(1)] [hook] mob_ai_step fired (count=41400)
[4069|t+62741ms|ThreadId(2)] [RsiftPlatformBridge] apply error: ClassNotFoundException: net.minecraft.core.registries.BuiltInRegistries
[4070|t+62742ms|ThreadId(2)] [RsiftPlatformBridge] apply error: ClassNotFoundException: net.minecraft.core.registries.BuiltInRegistries
[4071|t+62798ms|ThreadId(1)] [hook] mob_ai_step fired (count=42000)
[4072|t+62854ms|ThreadId(15)] [hook] network_packet fired (count=35400)
[4073|t+63046ms|ThreadId(2)] [RsiftPlatformBridge] apply error: ClassNotFoundException: net.minecraft.core.registries.BuiltInRegistries
[4074|t+63047ms|ThreadId(2)] [RsiftPlatformBridge] apply error: ClassNotFoundException: net.minecraft.core.registries.BuiltInRegistries
[4075|t+63116ms|ThreadId(1)] [hook] mob_ai_step fired (count=42600)
[4076|t+63206ms|ThreadId(15)] [hook] network_packet fired (count=36000)
[4077|t+63351ms|ThreadId(2)] [RsiftPlatformBridge] apply error: ClassNotFoundException: net.minecraft.core.registries.BuiltInRegistries
[4078|t+63352ms|ThreadId(2)] [RsiftPlatformBridge] apply error: ClassNotFoundException: net.minecraft.core.registries.BuiltInRegistries
[4079|t+63401ms|ThreadId(1)] [hook] mob_ai_step fired (count=43200)
[4080|t+63414ms|ThreadId(2)] [step] title_marker — window title set: Minecraft* 1.21.11 - Rsift (RsGraphics Render)
[4081|t+63634ms|ThreadId(15)] [hook] network_packet fired (count=36600)
[4082|t+63666ms|ThreadId(2)] [RsiftPlatformBridge] apply error: ClassNotFoundException: net.minecraft.core.registries.BuiltInRegistries
[4083|t+63667ms|ThreadId(2)] [RsiftPlatformBridge] apply error: ClassNotFoundException: net.minecraft.core.registries.BuiltInRegistries
[4084|t+63668ms|ThreadId(2)] [step] tick_loop — alive tick=600
[4085|t+63701ms|ThreadId(1)] [hook] mob_ai_step fired (count=43800)
[4086|t+63970ms|ThreadId(2)] [RsiftPlatformBridge] apply error: ClassNotFoundException: net.minecraft.core.registries.BuiltInRegistries
[4087|t+63971ms|ThreadId(2)] [RsiftPlatformBridge] apply error: ClassNotFoundException: net.minecraft.core.registries.BuiltInRegistries
[4088|t+64007ms|ThreadId(1)] [hook] mob_ai_step fired (count=44400)
[4089|t+64058ms|ThreadId(15)] [hook] network_packet fired (count=37200)
[4090|t+64276ms|ThreadId(2)] [RsiftPlatformBridge] apply error: ClassNotFoundException: net.minecraft.core.registries.BuiltInRegistries
[4091|t+64277ms|ThreadId(2)] [RsiftPlatformBridge] apply error: ClassNotFoundException: net.minecraft.core.registries.BuiltInRegistries
[4092|t+64292ms|ThreadId(1)] [hook] mob_ai_step fired (count=45000)
[4093|t+64504ms|ThreadId(15)] [hook] network_packet fired (count=37800)
[4094|t+64582ms|ThreadId(2)] [RsiftPlatformBridge] apply error: ClassNotFoundException: net.minecraft.core.registries.BuiltInRegistries
[4095|t+64584ms|ThreadId(2)] [RsiftPlatformBridge] apply error: ClassNotFoundException: net.minecraft.core.registries.BuiltInRegistries
[4096|t+64600ms|ThreadId(1)] [hook] mob_ai_step fired (count=45600)
[4097|t+64888ms|ThreadId(2)] [RsiftPlatformBridge] apply error: ClassNotFoundException: net.minecraft.core.registries.BuiltInRegistries
[4098|t+64889ms|ThreadId(2)] [RsiftPlatformBridge] apply error: ClassNotFoundException: net.minecraft.core.registries.BuiltInRegistries
[4099|t+64900ms|ThreadId(1)] [hook] mob_ai_step fired (count=46200)
[4100|t+64955ms|ThreadId(15)] [hook] network_packet fired (count=38400)
[4101|t+65192ms|ThreadId(2)] [RsiftPlatformBridge] apply error: ClassNotFoundException: net.minecraft.core.registries.BuiltInRegistries
[4102|t+65193ms|ThreadId(2)] [RsiftPlatformBridge] apply error: ClassNotFoundException: net.minecraft.core.registries.BuiltInRegistries
[4103|t+65213ms|ThreadId(1)] [hook] mob_ai_step fired (count=46800)
[4104|t+65496ms|ThreadId(2)] [RsiftPlatformBridge] apply error: ClassNotFoundException: net.minecraft.core.registries.BuiltInRegistries
[4105|t+65497ms|ThreadId(2)] [RsiftPlatformBridge] apply error: ClassNotFoundException: net.minecraft.core.registries.BuiltInRegistries
[4106|t+65512ms|ThreadId(1)] [hook] mob_ai_step fired (count=47400)
[4107|t+65556ms|ThreadId(15)] [hook] network_packet fired (count=39000)
[4108|t+65803ms|ThreadId(2)] [RsiftPlatformBridge] apply error: ClassNotFoundException: net.minecraft.core.registries.BuiltInRegistries
[4109|t+65803ms|ThreadId(2)] [RsiftPlatformBridge] apply error: ClassNotFoundException: net.minecraft.core.registries.BuiltInRegistries
[4110|t+65814ms|ThreadId(1)] [hook] mob_ai_step fired (count=48000)
[4111|t+66004ms|ThreadId(15)] [hook] network_packet fired (count=39600)
[4112|t+66104ms|ThreadId(1)] [hook] mob_ai_step fired (count=48600)
[4113|t+66108ms|ThreadId(2)] [RsiftPlatformBridge] apply error: ClassNotFoundException: net.minecraft.core.registries.BuiltInRegistries
[4114|t+66109ms|ThreadId(2)] [RsiftPlatformBridge] apply error: ClassNotFoundException: net.minecraft.core.registries.BuiltInRegistries
[4115|t+66394ms|ThreadId(1)] [hook] mob_ai_step fired (count=49200)
[4116|t+66412ms|ThreadId(2)] [RsiftPlatformBridge] apply error: ClassNotFoundException: net.minecraft.core.registries.BuiltInRegistries
[4117|t+66412ms|ThreadId(2)] [RsiftPlatformBridge] apply error: ClassNotFoundException: net.minecraft.core.registries.BuiltInRegistries
[4118|t+66454ms|ThreadId(15)] [hook] network_packet fired (count=40200)
[4119|t+66707ms|ThreadId(1)] [hook] mob_ai_step fired (count=49800)
[4120|t+66717ms|ThreadId(2)] [RsiftPlatformBridge] apply error: ClassNotFoundException: net.minecraft.core.registries.BuiltInRegistries
[4121|t+66718ms|ThreadId(2)] [RsiftPlatformBridge] apply error: ClassNotFoundException: net.minecraft.core.registries.BuiltInRegistries
[4122|t+66955ms|ThreadId(15)] [hook] network_packet fired (count=40800)
[4123|t+67008ms|ThreadId(1)] [hook] mob_ai_step fired (count=50400)
[4124|t+67022ms|ThreadId(2)] [RsiftPlatformBridge] apply error: ClassNotFoundException: net.minecraft.core.registries.BuiltInRegistries
[4125|t+67023ms|ThreadId(2)] [RsiftPlatformBridge] apply error: ClassNotFoundException: net.minecraft.core.registries.BuiltInRegistries
[4126|t+67314ms|ThreadId(1)] [hook] mob_ai_step fired (count=51000)
[4127|t+67327ms|ThreadId(2)] [RsiftPlatformBridge] apply error: ClassNotFoundException: net.minecraft.core.registries.BuiltInRegistries
[4128|t+67328ms|ThreadId(2)] [RsiftPlatformBridge] apply error: ClassNotFoundException: net.minecraft.core.registries.BuiltInRegistries
[4129|t+67370ms|ThreadId(15)] [hook] network_packet fired (count=41400)
[4130|t+67610ms|ThreadId(1)] [hook] mob_ai_step fired (count=51600)
[4131|t+67632ms|ThreadId(2)] [RsiftPlatformBridge] apply error: ClassNotFoundException: net.minecraft.core.registries.BuiltInRegistries
[4132|t+67633ms|ThreadId(2)] [RsiftPlatformBridge] apply error: ClassNotFoundException: net.minecraft.core.registries.BuiltInRegistries
[4133|t+67902ms|ThreadId(15)] [hook] network_packet fired (count=42000)
[4134|t+67907ms|ThreadId(1)] [hook] mob_ai_step fired (count=52200)
[4135|t+67937ms|ThreadId(2)] [RsiftPlatformBridge] apply error: ClassNotFoundException: net.minecraft.core.registries.BuiltInRegistries
[4136|t+67937ms|ThreadId(2)] [RsiftPlatformBridge] apply error: ClassNotFoundException: net.minecraft.core.registries.BuiltInRegistries
[4137|t+68142ms|ThreadId(1)] [hook] render_flip fired (count=1800)
[4138|t+68192ms|ThreadId(1)] [hook] mob_ai_step fired (count=52800)
[4139|t+68241ms|ThreadId(2)] [RsiftPlatformBridge] apply error: ClassNotFoundException: net.minecraft.core.registries.BuiltInRegistries
[4140|t+68243ms|ThreadId(2)] [RsiftPlatformBridge] apply error: ClassNotFoundException: net.minecraft.core.registries.BuiltInRegistries
[4141|t+68451ms|ThreadId(15)] [hook] network_packet fired (count=42600)
[4142|t+68490ms|ThreadId(1)] [hook] mob_ai_step fired (count=53400)
[4143|t+68547ms|ThreadId(2)] [RsiftPlatformBridge] apply error: ClassNotFoundException: net.minecraft.core.registries.BuiltInRegistries
[4144|t+68548ms|ThreadId(2)] [RsiftPlatformBridge] apply error: ClassNotFoundException: net.minecraft.core.registries.BuiltInRegistries
[4145|t+68795ms|ThreadId(1)] [hook] mob_ai_step fired (count=54000)
[4146|t+68851ms|ThreadId(2)] [RsiftPlatformBridge] apply error: ClassNotFoundException: net.minecraft.core.registries.BuiltInRegistries
[4147|t+68852ms|ThreadId(2)] [RsiftPlatformBridge] apply error: ClassNotFoundException: net.minecraft.core.registries.BuiltInRegistries
[4148|t+68951ms|ThreadId(15)] [hook] network_packet fired (count=43200)
[4149|t+69106ms|ThreadId(1)] [hook] mob_ai_step fired (count=54600)
[4150|t+69156ms|ThreadId(2)] [RsiftPlatformBridge] apply error: ClassNotFoundException: net.minecraft.core.registries.BuiltInRegistries
[4151|t+69157ms|ThreadId(2)] [RsiftPlatformBridge] apply error: ClassNotFoundException: net.minecraft.core.registries.BuiltInRegistries
[4152|t+69429ms|ThreadId(1)] [hook] mob_ai_step fired (count=55200)
[4153|t+69460ms|ThreadId(2)] [RsiftPlatformBridge] apply error: ClassNotFoundException: net.minecraft.core.registries.BuiltInRegistries
[4154|t+69461ms|ThreadId(2)] [RsiftPlatformBridge] apply error: ClassNotFoundException: net.minecraft.core.registries.BuiltInRegistries
[4155|t+69502ms|ThreadId(15)] [hook] network_packet fired (count=43800)
[4156|t+69696ms|ThreadId(1)] [hook] mob_ai_step fired (count=55800)
[4157|t+69765ms|ThreadId(2)] [RsiftPlatformBridge] apply error: ClassNotFoundException: net.minecraft.core.registries.BuiltInRegistries
[4158|t+69766ms|ThreadId(2)] [RsiftPlatformBridge] apply error: ClassNotFoundException: net.minecraft.core.registries.BuiltInRegistries
[4159|t+70007ms|ThreadId(1)] [hook] mob_ai_step fired (count=56400)
[4160|t+70054ms|ThreadId(15)] [hook] network_packet fired (count=44400)
[4161|t+70071ms|ThreadId(2)] [RsiftPlatformBridge] apply error: ClassNotFoundException: net.minecraft.core.registries.BuiltInRegistries
[4162|t+70071ms|ThreadId(2)] [RsiftPlatformBridge] apply error: ClassNotFoundException: net.minecraft.core.registries.BuiltInRegistries
[4163|t+70307ms|ThreadId(1)] [hook] mob_ai_step fired (count=57000)
[4164|t+70375ms|ThreadId(2)] [RsiftPlatformBridge] apply error: ClassNotFoundException: net.minecraft.core.registries.BuiltInRegistries
[4165|t+70376ms|ThreadId(2)] [RsiftPlatformBridge] apply error: ClassNotFoundException: net.minecraft.core.registries.BuiltInRegistries
[4166|t+70552ms|ThreadId(15)] [hook] network_packet fired (count=45000)
[4167|t+70591ms|ThreadId(1)] [hook] mob_ai_step fired (count=57600)
[4168|t+70679ms|ThreadId(2)] [RsiftPlatformBridge] apply error: ClassNotFoundException: net.minecraft.core.registries.BuiltInRegistries
[4169|t+70680ms|ThreadId(2)] [RsiftPlatformBridge] apply error: ClassNotFoundException: net.minecraft.core.registries.BuiltInRegistries
[4170|t+70891ms|ThreadId(1)] [hook] mob_ai_step fired (count=58200)
[4171|t+70984ms|ThreadId(2)] [RsiftPlatformBridge] apply error: ClassNotFoundException: net.minecraft.core.registries.BuiltInRegistries
[4172|t+70985ms|ThreadId(2)] [RsiftPlatformBridge] apply error: ClassNotFoundException: net.minecraft.core.registries.BuiltInRegistries
[4173|t+71051ms|ThreadId(15)] [hook] network_packet fired (count=45600)
[4174|t+71194ms|ThreadId(1)] [hook] mob_ai_step fired (count=58800)
[4175|t+71289ms|ThreadId(2)] [RsiftPlatformBridge] apply error: ClassNotFoundException: net.minecraft.core.registries.BuiltInRegistries
[4176|t+71290ms|ThreadId(2)] [RsiftPlatformBridge] apply error: ClassNotFoundException: net.minecraft.core.registries.BuiltInRegistries
[4177|t+71491ms|ThreadId(1)] [hook] mob_ai_step fired (count=59400)
[4178|t+71500ms|ThreadId(15)] [hook] network_packet fired (count=46200)
[4179|t+71593ms|ThreadId(2)] [RsiftPlatformBridge] apply error: ClassNotFoundException: net.minecraft.core.registries.BuiltInRegistries
[4180|t+71594ms|ThreadId(2)] [RsiftPlatformBridge] apply error: ClassNotFoundException: net.minecraft.core.registries.BuiltInRegistries
[4181|t+71743ms|ThreadId(1)] [hook] mob_ai_step fired (count=60000)
[4182|t+71898ms|ThreadId(2)] [RsiftPlatformBridge] apply error: ClassNotFoundException: net.minecraft.core.registries.BuiltInRegistries
[4183|t+71899ms|ThreadId(2)] [RsiftPlatformBridge] apply error: ClassNotFoundException: net.minecraft.core.registries.BuiltInRegistries
[4184|t+71905ms|ThreadId(15)] [hook] network_packet fired (count=46800)
[4185|t+72044ms|ThreadId(1)] [hook] mob_ai_step fired (count=60600)
[4186|t+72202ms|ThreadId(2)] [RsiftPlatformBridge] apply error: ClassNotFoundException: net.minecraft.core.registries.BuiltInRegistries
[4187|t+72203ms|ThreadId(2)] [RsiftPlatformBridge] apply error: ClassNotFoundException: net.minecraft.core.registries.BuiltInRegistries
[4188|t+72352ms|ThreadId(15)] [hook] network_packet fired (count=47400)
[4189|t+72360ms|ThreadId(1)] [hook] mob_ai_step fired (count=61200)
[4190|t+72507ms|ThreadId(2)] [RsiftPlatformBridge] apply error: ClassNotFoundException: net.minecraft.core.registries.BuiltInRegistries
[4191|t+72508ms|ThreadId(2)] [RsiftPlatformBridge] apply error: ClassNotFoundException: net.minecraft.core.registries.BuiltInRegistries
[4192|t+72644ms|ThreadId(1)] [hook] mob_ai_step fired (count=61800)
[4193|t+72803ms|ThreadId(15)] [hook] network_packet fired (count=48000)
[4194|t+72811ms|ThreadId(2)] [RsiftPlatformBridge] apply error: ClassNotFoundException: net.minecraft.core.registries.BuiltInRegistries
[4195|t+72812ms|ThreadId(2)] [RsiftPlatformBridge] apply error: ClassNotFoundException: net.minecraft.core.registries.BuiltInRegistries
[4196|t+72813ms|ThreadId(2)] [step] tick_loop — alive tick=720
[4197|t+72942ms|ThreadId(1)] [hook] mob_ai_step fired (count=62400)
[4198|t+73116ms|ThreadId(2)] [RsiftPlatformBridge] apply error: ClassNotFoundException: net.minecraft.core.registries.BuiltInRegistries
[4199|t+73117ms|ThreadId(2)] [RsiftPlatformBridge] apply error: ClassNotFoundException: net.minecraft.core.registries.BuiltInRegistries
[4200|t+73245ms|ThreadId(1)] [hook] mob_ai_step fired (count=63000)
[4201|t+73304ms|ThreadId(15)] [hook] network_packet fired (count=48600)
[4202|t+73420ms|ThreadId(2)] [RsiftPlatformBridge] apply error: ClassNotFoundException: net.minecraft.core.registries.BuiltInRegistries
[4203|t+73421ms|ThreadId(2)] [RsiftPlatformBridge] apply error: ClassNotFoundException: net.minecraft.core.registries.BuiltInRegistries
[4204|t+73546ms|ThreadId(1)] [hook] mob_ai_step fired (count=63600)
[4205|t+73724ms|ThreadId(2)] [RsiftPlatformBridge] apply error: ClassNotFoundException: net.minecraft.core.registries.BuiltInRegistries
[4206|t+73725ms|ThreadId(2)] [RsiftPlatformBridge] apply error: ClassNotFoundException: net.minecraft.core.registries.BuiltInRegistries
[4207|t+73846ms|ThreadId(1)] [hook] mob_ai_step fired (count=64200)
[4208|t+73852ms|ThreadId(15)] [hook] network_packet fired (count=49200)
[4209|t+74029ms|ThreadId(2)] [RsiftPlatformBridge] apply error: ClassNotFoundException: net.minecraft.core.registries.BuiltInRegistries
[4210|t+74029ms|ThreadId(2)] [RsiftPlatformBridge] apply error: ClassNotFoundException: net.minecraft.core.registries.BuiltInRegistries
[4211|t+74147ms|ThreadId(1)] [hook] mob_ai_step fired (count=64800)
[4212|t+74333ms|ThreadId(2)] [RsiftPlatformBridge] apply error: ClassNotFoundException: net.minecraft.core.registries.BuiltInRegistries
[4213|t+74334ms|ThreadId(2)] [RsiftPlatformBridge] apply error: ClassNotFoundException: net.minecraft.core.registries.BuiltInRegistries
[4214|t+74402ms|ThreadId(15)] [hook] network_packet fired (count=49800)
[4215|t+74460ms|ThreadId(1)] [hook] mob_ai_step fired (count=65400)
[4216|t+74637ms|ThreadId(2)] [RsiftPlatformBridge] apply error: ClassNotFoundException: net.minecraft.core.registries.BuiltInRegistries
[4217|t+74638ms|ThreadId(2)] [RsiftPlatformBridge] apply error: ClassNotFoundException: net.minecraft.core.registries.BuiltInRegistries
[4218|t+74815ms|ThreadId(1)] [hook] mob_ai_step fired (count=66000)
[4219|t+74905ms|ThreadId(15)] [hook] network_packet fired (count=50400)
[4220|t+74941ms|ThreadId(2)] [RsiftPlatformBridge] apply error: ClassNotFoundException: net.minecraft.core.registries.BuiltInRegistries
[4221|t+74942ms|ThreadId(2)] [RsiftPlatformBridge] apply error: ClassNotFoundException: net.minecraft.core.registries.BuiltInRegistries
[4222|t+75115ms|ThreadId(1)] [hook] mob_ai_step fired (count=66600)
[4223|t+75248ms|ThreadId(2)] [RsiftPlatformBridge] apply error: ClassNotFoundException: net.minecraft.core.registries.BuiltInRegistries
[4224|t+75248ms|ThreadId(2)] [RsiftPlatformBridge] apply error: ClassNotFoundException: net.minecraft.core.registries.BuiltInRegistries
[4225|t+75399ms|ThreadId(1)] [hook] mob_ai_step fired (count=67200)
[4226|t+75503ms|ThreadId(15)] [hook] network_packet fired (count=51000)
[4227|t+75552ms|ThreadId(2)] [RsiftPlatformBridge] apply error: ClassNotFoundException: net.minecraft.core.registries.BuiltInRegistries
[4228|t+75553ms|ThreadId(2)] [RsiftPlatformBridge] apply error: ClassNotFoundException: net.minecraft.core.registries.BuiltInRegistries
[4229|t+75698ms|ThreadId(1)] [hook] mob_ai_step fired (count=67800)
[4230|t+75857ms|ThreadId(2)] [RsiftPlatformBridge] apply error: ClassNotFoundException: net.minecraft.core.registries.BuiltInRegistries
[4231|t+75858ms|ThreadId(2)] [RsiftPlatformBridge] apply error: ClassNotFoundException: net.minecraft.core.registries.BuiltInRegistries
[4232|t+75950ms|ThreadId(1)] [hook] mob_ai_step fired (count=68400)
[4233|t+76102ms|ThreadId(15)] [hook] network_packet fired (count=51600)
[4234|t+76163ms|ThreadId(2)] [RsiftPlatformBridge] apply error: ClassNotFoundException: net.minecraft.core.registries.BuiltInRegistries
[4235|t+76164ms|ThreadId(2)] [RsiftPlatformBridge] apply error: ClassNotFoundException: net.minecraft.core.registries.BuiltInRegistries
[4236|t+76250ms|ThreadId(1)] [hook] mob_ai_step fired (count=69000)
[4237|t+76468ms|ThreadId(2)] [RsiftPlatformBridge] apply error: ClassNotFoundException: net.minecraft.core.registries.BuiltInRegistries
[4238|t+76469ms|ThreadId(2)] [RsiftPlatformBridge] apply error: ClassNotFoundException: net.minecraft.core.registries.BuiltInRegistries
[4239|t+76550ms|ThreadId(1)] [hook] mob_ai_step fired (count=69600)
[4240|t+76652ms|ThreadId(15)] [hook] network_packet fired (count=52200)
[4241|t+76774ms|ThreadId(2)] [RsiftPlatformBridge] apply error: ClassNotFoundException: net.minecraft.core.registries.BuiltInRegistries
[4242|t+76775ms|ThreadId(2)] [RsiftPlatformBridge] apply error: ClassNotFoundException: net.minecraft.core.registries.BuiltInRegistries
[4243|t+76851ms|ThreadId(1)] [hook] mob_ai_step fired (count=70200)
[4244|t+77080ms|ThreadId(2)] [RsiftPlatformBridge] apply error: ClassNotFoundException: net.minecraft.core.registries.BuiltInRegistries
[4245|t+77081ms|ThreadId(2)] [RsiftPlatformBridge] apply error: ClassNotFoundException: net.minecraft.core.registries.BuiltInRegistries
[4246|t+77149ms|ThreadId(1)] [hook] mob_ai_step fired (count=70800)
[4247|t+77252ms|ThreadId(15)] [hook] network_packet fired (count=52800)
[4248|t+77385ms|ThreadId(2)] [RsiftPlatformBridge] apply error: ClassNotFoundException: net.minecraft.core.registries.BuiltInRegistries
[4249|t+77386ms|ThreadId(2)] [RsiftPlatformBridge] apply error: ClassNotFoundException: net.minecraft.core.registries.BuiltInRegistries
[4250|t+77451ms|ThreadId(1)] [hook] mob_ai_step fired (count=71400)
[4251|t+77689ms|ThreadId(2)] [RsiftPlatformBridge] apply error: ClassNotFoundException: net.minecraft.core.registries.BuiltInRegistries
[4252|t+77691ms|ThreadId(2)] [RsiftPlatformBridge] apply error: ClassNotFoundException: net.minecraft.core.registries.BuiltInRegistries
[4253|t+77774ms|ThreadId(1)] [hook] mob_ai_step fired (count=72000)
[4254|t+77986ms|ThreadId(15)] [hook] network_packet fired (count=53400)
[4255|t+77994ms|ThreadId(2)] [RsiftPlatformBridge] apply error: ClassNotFoundException: net.minecraft.core.registries.BuiltInRegistries
[4256|t+77995ms|ThreadId(2)] [RsiftPlatformBridge] apply error: ClassNotFoundException: net.minecraft.core.registries.BuiltInRegistries
[4257|t+78077ms|ThreadId(1)] [hook] mob_ai_step fired (count=72600)
[4258|t+78299ms|ThreadId(2)] [step] screen_check — obf=grx mojmap=net.minecraft.client.gui.screens.PauseScreen → injecting
[4259|t+78300ms|ThreadId(2)] [RsiftPlatformBridge] apply error: ClassNotFoundException: net.minecraft.core.registries.BuiltInRegistries
[4260|t+78302ms|ThreadId(2)] [RsiftPlatformBridge] apply error: ClassNotFoundException: net.minecraft.core.registries.BuiltInRegistries
[4261|t+78303ms|ThreadId(15)] [hook] network_packet fired (count=54000)
[4262|t+78315ms|ThreadId(1)] [RsiftScreenHooks] injectCurrentScreen failed: gfj.screen()
[4263|t+78320ms|ThreadId(2)] [step] screen_check — obf=grx mojmap=net.minecraft.client.gui.screens.PauseScreen → injecting
[4264|t+78333ms|ThreadId(1)] [RsiftScreenHooks] injectCurrentScreen failed: gfj.screen()
[4265|t+78339ms|ThreadId(2)] [step] screen_check — obf=grx mojmap=net.minecraft.client.gui.screens.PauseScreen → injecting
[4266|t+78356ms|ThreadId(2)] [step] screen_check — obf=grx mojmap=net.minecraft.client.gui.screens.PauseScreen → injecting
[4267|t+78370ms|ThreadId(1)] [RsiftScreenHooks] injectCurrentScreen failed: gfj.screen()
[4268|t+78371ms|ThreadId(1)] [RsiftScreenHooks] injectCurrentScreen failed: gfj.screen()
[4269|t+78374ms|ThreadId(1)] [hook] mob_ai_step fired (count=73200)
[4270|t+78608ms|ThreadId(2)] [step] screen_check — obf=grx mojmap=net.minecraft.client.gui.screens.PauseScreen → injecting
[4271|t+78609ms|ThreadId(2)] [RsiftPlatformBridge] apply error: ClassNotFoundException: net.minecraft.core.registries.BuiltInRegistries
[4272|t+78610ms|ThreadId(2)] [RsiftPlatformBridge] apply error: ClassNotFoundException: net.minecraft.core.registries.BuiltInRegistries
[4273|t+78616ms|ThreadId(1)] [RsiftScreenHooks] injectCurrentScreen failed: gfj.screen()
[4274|t+78628ms|ThreadId(2)] [step] screen_check — obf=grx mojmap=net.minecraft.client.gui.screens.PauseScreen → injecting
[4275|t+78647ms|ThreadId(2)] [step] screen_check — obf=grx mojmap=net.minecraft.client.gui.screens.PauseScreen → injecting
[4276|t+78657ms|ThreadId(1)] [RsiftScreenHooks] injectCurrentScreen failed: gfj.screen()
[4277|t+78658ms|ThreadId(1)] [RsiftScreenHooks] injectCurrentScreen failed: gfj.screen()
[4278|t+78661ms|ThreadId(1)] [hook] mob_ai_step fired (count=73800)
[4279|t+78669ms|ThreadId(2)] [step] title_marker — window title set: Minecraft* 1.21.11 - Rsift (RsGraphics Render)
[4280|t+78670ms|ThreadId(2)] [step] screen_check — obf=grx mojmap=net.minecraft.client.gui.screens.PauseScreen → injecting
[4281|t+78684ms|ThreadId(1)] [RsiftScreenHooks] injectCurrentScreen failed: gfj.screen()
[4282|t+78855ms|ThreadId(15)] [hook] network_packet fired (count=54600)
[4283|t+78922ms|ThreadId(2)] [step] screen_check — obf=grx mojmap=net.minecraft.client.gui.screens.PauseScreen → injecting
[4284|t+78923ms|ThreadId(2)] [RsiftRuntimeHooks] install failed: gfj.getConnection()
[4285|t+78923ms|ThreadId(2)] [RsiftPlatformBridge] apply error: ClassNotFoundException: net.minecraft.core.registries.BuiltInRegistries
[4286|t+78924ms|ThreadId(2)] [RsiftPlatformBridge] apply error: ClassNotFoundException: net.minecraft.core.registries.BuiltInRegistries
[4287|t+78942ms|ThreadId(2)] [step] screen_check — obf=grx mojmap=net.minecraft.client.gui.screens.PauseScreen → injecting
[4288|t+78960ms|ThreadId(2)] [step] screen_check — obf=grx mojmap=net.minecraft.client.gui.screens.PauseScreen → injecting
[4289|t+78960ms|ThreadId(1)] [RsiftScreenHooks] injectCurrentScreen failed: gfj.screen()
[4290|t+78961ms|ThreadId(1)] [RsiftScreenHooks] injectCurrentScreen failed: gfj.screen()
[4291|t+78961ms|ThreadId(1)] [RsiftScreenHooks] injectCurrentScreen failed: gfj.screen()
[4292|t+78965ms|ThreadId(1)] [hook] mob_ai_step fired (count=74400)
[4293|t+78978ms|ThreadId(2)] [step] screen_check — obf=grx mojmap=net.minecraft.client.gui.screens.PauseScreen → injecting
[4294|t+79001ms|ThreadId(1)] [RsiftScreenHooks] injectCurrentScreen failed: gfj.screen()
[4295|t+79230ms|ThreadId(2)] [step] screen_check — obf=grx mojmap=net.minecraft.client.gui.screens.PauseScreen → injecting
[4296|t+79230ms|ThreadId(2)] [RsiftPlatformBridge] apply error: ClassNotFoundException: net.minecraft.core.registries.BuiltInRegistries
[4297|t+79231ms|ThreadId(2)] [RsiftPlatformBridge] apply error: ClassNotFoundException: net.minecraft.core.registries.BuiltInRegistries
[4298|t+79249ms|ThreadId(2)] [step] screen_check — obf=grx mojmap=net.minecraft.client.gui.screens.PauseScreen → injecting
[4299|t+79258ms|ThreadId(1)] [RsiftScreenHooks] injectCurrentScreen failed: gfj.screen()
[4300|t+79258ms|ThreadId(1)] [RsiftScreenHooks] injectCurrentScreen failed: gfj.screen()
[4301|t+79262ms|ThreadId(1)] [hook] mob_ai_step fired (count=75000)
[4302|t+79267ms|ThreadId(2)] [step] screen_check — obf=grx mojmap=net.minecraft.client.gui.screens.PauseScreen → injecting
[4303|t+79284ms|ThreadId(1)] [RsiftScreenHooks] injectCurrentScreen failed: gfj.screen()[4304|t+79285ms|ThreadId(2)] [step] screen_check — obf=grx mojmap=net.minecraft.client.gui.screens.PauseScreen → injecting

[4305|t+79285ms|ThreadId(1)] [RsiftScreenHooks] injectCurrentScreen failed: gfj.screen()
[4306|t+79351ms|ThreadId(15)] [hook] network_packet fired (count=55200)
[4307|t+79536ms|ThreadId(2)] [step] screen_check — obf=grx mojmap=net.minecraft.client.gui.screens.PauseScreen → injecting
[4308|t+79537ms|ThreadId(2)] [RsiftPlatformBridge] apply error: ClassNotFoundException: net.minecraft.core.registries.BuiltInRegistries
[4309|t+79538ms|ThreadId(2)] [RsiftPlatformBridge] apply error: ClassNotFoundException: net.minecraft.core.registries.BuiltInRegistries
[4310|t+79541ms|ThreadId(1)] [RsiftScreenHooks] injectCurrentScreen failed: gfj.screen()
[4311|t+79543ms|ThreadId(1)] [hook] client_tick fired (count=1200)
[4312|t+79545ms|ThreadId(1)] [hook] mob_ai_step fired (count=75600)
[4313|t+79555ms|ThreadId(2)] [step] screen_check — obf=grx mojmap=net.minecraft.client.gui.screens.PauseScreen → injecting
[4314|t+79568ms|ThreadId(1)] [RsiftScreenHooks] injectCurrentScreen failed: gfj.screen()
[4315|t+79573ms|ThreadId(2)] [step] screen_check — obf=grx mojmap=net.minecraft.client.gui.screens.PauseScreen → injecting
[4316|t+79585ms|ThreadId(1)] [RsiftScreenHooks] injectCurrentScreen failed: gfj.screen()
[4317|t+79592ms|ThreadId(2)] [step] screen_check — obf=grx mojmap=net.minecraft.client.gui.screens.PauseScreen → injecting
[4318|t+79601ms|ThreadId(1)] [RsiftScreenHooks] injectCurrentScreen failed: gfj.screen()
[4319|t+79844ms|ThreadId(2)] [step] screen_check — obf=grx mojmap=net.minecraft.client.gui.screens.PauseScreen → injecting
[4320|t+79845ms|ThreadId(2)] [RsiftPlatformBridge] apply error: ClassNotFoundException: net.minecraft.core.registries.BuiltInRegistries
[4321|t+79846ms|ThreadId(2)] [RsiftPlatformBridge] apply error: ClassNotFoundException: net.minecraft.core.registries.BuiltInRegistries
[4322|t+79851ms|ThreadId(1)] [RsiftScreenHooks] injectCurrentScreen failed: gfj.screen()
[4323|t+79855ms|ThreadId(1)] [hook] mob_ai_step fired (count=76200)
[4324|t+79863ms|ThreadId(2)] [step] screen_check — obf=grx mojmap=net.minecraft.client.gui.screens.PauseScreen → injecting
[4325|t+79868ms|ThreadId(1)] [RsiftScreenHooks] injectCurrentScreen failed: gfj.screen()
[4326|t+79881ms|ThreadId(2)] [step] screen_check — obf=grx mojmap=net.minecraft.client.gui.screens.PauseScreen → injecting
[4327|t+79885ms|ThreadId(1)] [RsiftScreenHooks] injectCurrentScreen failed: gfj.screen()
[4328|t+79899ms|ThreadId(2)] [step] screen_check — obf=grx mojmap=net.minecraft.client.gui.screens.PauseScreen → injecting
[4329|t+79905ms|ThreadId(15)] [hook] network_packet fired (count=55800)
[4330|t+79927ms|ThreadId(1)] [RsiftScreenHooks] injectCurrentScreen failed: gfj.screen()
[4331|t+80151ms|ThreadId(2)] [step] screen_check — obf=grx mojmap=net.minecraft.client.gui.screens.PauseScreen → injecting
[4332|t+80153ms|ThreadId(2)] [RsiftPlatformBridge] apply error: ClassNotFoundException: net.minecraft.core.registries.BuiltInRegistries
[4333|t+80153ms|ThreadId(1)] [RsiftScreenHooks] injectCurrentScreen failed: gfj.screen()
[4334|t+80153ms|ThreadId(2)] [RsiftPlatformBridge] apply error: ClassNotFoundException: net.minecraft.core.registries.BuiltInRegistries
[4335|t+80157ms|ThreadId(1)] [hook] mob_ai_step fired (count=76800)
[4336|t+80171ms|ThreadId(2)] [step] screen_check — obf=grx mojmap=net.minecraft.client.gui.screens.PauseScreen → injecting
[4337|t+80189ms|ThreadId(2)] [step] screen_check — obf=grx mojmap=net.minecraft.client.gui.screens.PauseScreen → injecting
[4338|t+80207ms|ThreadId(2)] [step] screen_check — obf=grx mojmap=net.minecraft.client.gui.screens.PauseScreen → injecting
[4339|t+80213ms|ThreadId(1)] [RsiftScreenHooks] injectCurrentScreen failed: gfj.screen()
[4340|t+80213ms|ThreadId(1)] [RsiftScreenHooks] injectCurrentScreen failed: gfj.screen()
[4341|t+80214ms|ThreadId(1)] [RsiftScreenHooks] injectCurrentScreen failed: gfj.screen()
[4342|t+80400ms|ThreadId(15)] [hook] network_packet fired (count=56400)
[4343|t+80459ms|ThreadId(2)] [RsiftPlatformBridge] apply error: ClassNotFoundException: net.minecraft.core.registries.BuiltInRegistries
[4344|t+80460ms|ThreadId(2)] [RsiftPlatformBridge] apply error: ClassNotFoundException: net.minecraft.core.registries.BuiltInRegistries
[4345|t+80763ms|ThreadId(2)] [RsiftPlatformBridge] apply error: ClassNotFoundException: net.minecraft.core.registries.BuiltInRegistries
[4346|t+80763ms|ThreadId(2)] [RsiftPlatformBridge] apply error: ClassNotFoundException: net.minecraft.core.registries.BuiltInRegistries
[4347|t+81066ms|ThreadId(2)] [RsiftPlatformBridge] apply error: ClassNotFoundException: net.minecraft.core.registries.BuiltInRegistries
[4348|t+81067ms|ThreadId(2)] [RsiftPlatformBridge] apply error: ClassNotFoundException: net.minecraft.core.registries.BuiltInRegistries
[4349|t+81370ms|ThreadId(2)] [RsiftPlatformBridge] apply error: ClassNotFoundException: net.minecraft.core.registries.BuiltInRegistries
[4350|t+81370ms|ThreadId(2)] [RsiftPlatformBridge] apply error: ClassNotFoundException: net.minecraft.core.registries.BuiltInRegistries
[4351|t+81674ms|ThreadId(2)] [RsiftPlatformBridge] apply error: ClassNotFoundException: net.minecraft.core.registries.BuiltInRegistries
[4352|t+81675ms|ThreadId(2)] [RsiftPlatformBridge] apply error: ClassNotFoundException: net.minecraft.core.registries.BuiltInRegistries
[4353|t+81949ms|ThreadId(1)] [hook] render_flip fired (count=2400)
[4354|t+81978ms|ThreadId(2)] [step] screen_check — obf=gsd mojmap=net.minecraft.client.gui.screens.TitleScreen → injecting
[4355|t+81979ms|ThreadId(2)] [RsiftPlatformBridge] apply error: ClassNotFoundException: net.minecraft.core.registries.BuiltInRegistries
[4356|t+81979ms|ThreadId(2)] [RsiftPlatformBridge] apply error: ClassNotFoundException: net.minecraft.core.registries.BuiltInRegistries
[4357|t+81979ms|ThreadId(2)] [step] tick_loop — alive tick=840
[4358|t+81992ms|ThreadId(1)] [RsiftScreenHooks] injectCurrentScreen failed: gfj.screen()
[4359|t+81998ms|ThreadId(2)] [step] screen_check — obf=gsd mojmap=net.minecraft.client.gui.screens.TitleScreen → injecting
[4360|t+82009ms|ThreadId(1)] [RsiftScreenHooks] injectCurrentScreen failed: gfj.screen()
[4361|t+82015ms|ThreadId(2)] [step] screen_check — obf=gsd mojmap=net.minecraft.client.gui.screens.TitleScreen → injecting
[4362|t+82026ms|ThreadId(1)] [RsiftScreenHooks] injectCurrentScreen failed: gfj.screen()
[4363|t+82034ms|ThreadId(2)] [step] screen_check — obf=gsd mojmap=net.minecraft.client.gui.screens.TitleScreen → injecting
[4364|t+82043ms|ThreadId(1)] [RsiftScreenHooks] injectCurrentScreen failed: gfj.screen()
[4365|t+82285ms|ThreadId(2)] [step] screen_check — obf=gsd mojmap=net.minecraft.client.gui.screens.TitleScreen → injecting
[4366|t+82286ms|ThreadId(2)] [RsiftPlatformBridge] apply error: ClassNotFoundException: net.minecraft.core.registries.BuiltInRegistries
[4367|t+82287ms|ThreadId(2)] [RsiftPlatformBridge] apply error: ClassNotFoundException: net.minecraft.core.registries.BuiltInRegistries
[4368|t+82292ms|ThreadId(1)] [RsiftScreenHooks] injectCurrentScreen failed: gfj.screen()
[4369|t+82305ms|ThreadId(2)] [step] screen_check — obf=gsd mojmap=net.minecraft.client.gui.screens.TitleScreen → injecting
[4370|t+82322ms|ThreadId(2)] [step] screen_check — obf=gsd mojmap=net.minecraft.client.gui.screens.TitleScreen → injecting
[4371|t+82329ms|ThreadId(1)] [RsiftScreenHooks] injectCurrentScreen failed: gfj.screen()
[4372|t+82330ms|ThreadId(1)] [RsiftScreenHooks] injectCurrentScreen failed: gfj.screen()
[4373|t+82340ms|ThreadId(2)] [step] screen_check — obf=gsd mojmap=net.minecraft.client.gui.screens.TitleScreen → injecting
[4374|t+82346ms|ThreadId(1)] [RsiftScreenHooks] injectCurrentScreen failed: gfj.screen()
[4375|t+82592ms|ThreadId(2)] [step] screen_check — obf=gsd mojmap=net.minecraft.client.gui.screens.TitleScreen → injecting
[4376|t+82656ms|ThreadId(2)] [RsiftPlatformBridge] apply error: ClassNotFoundException: net.minecraft.core.registries.BuiltInRegistries
[4377|t+82657ms|ThreadId(2)] [RsiftPlatformBridge] apply error: ClassNotFoundException: net.minecraft.core.registries.BuiltInRegistries
[4378|t+82666ms|ThreadId(1)] [RsiftScreenHooks] injectCurrentScreen failed: gfj.screen()
[4379|t+82675ms|ThreadId(2)] [step] screen_check — obf=gsd mojmap=net.minecraft.client.gui.screens.TitleScreen → injecting
[4380|t+82684ms|ThreadId(1)] [RsiftScreenHooks] injectCurrentScreen failed: gfj.screen()
[4381|t+82693ms|ThreadId(2)] [step] screen_check — obf=gsd mojmap=net.minecraft.client.gui.screens.TitleScreen → injecting
[4382|t+82700ms|ThreadId(1)] [RsiftScreenHooks] injectCurrentScreen failed: gfj.screen()
[4383|t+82710ms|ThreadId(2)] [step] screen_check — obf=gsd mojmap=net.minecraft.client.gui.screens.TitleScreen → injecting
[4384|t+82729ms|ThreadId(1)] [RsiftScreenHooks] injectCurrentScreen failed: gfj.screen()
[4385|t+82963ms|ThreadId(2)] [step] screen_check — obf=gsd mojmap=net.minecraft.client.gui.screens.TitleScreen → injecting
[4386|t+82964ms|ThreadId(2)] [RsiftPlatformBridge] apply error: ClassNotFoundException: net.minecraft.core.registries.BuiltInRegistries
[4387|t+82965ms|ThreadId(2)] [RsiftPlatformBridge] apply error: ClassNotFoundException: net.minecraft.core.registries.BuiltInRegistries
[4388|t+82979ms|ThreadId(1)] [RsiftScreenHooks] injectCurrentScreen failed: gfj.screen()
[4389|t+82982ms|ThreadId(2)] [step] screen_check — obf=gsd mojmap=net.minecraft.client.gui.screens.TitleScreen → injecting
[4390|t+82996ms|ThreadId(1)] [RsiftScreenHooks] injectCurrentScreen failed: gfj.screen()
[4391|t+83000ms|ThreadId(2)] [step] screen_check — obf=gsd mojmap=net.minecraft.client.gui.screens.TitleScreen → injecting
[4392|t+83013ms|ThreadId(1)] [RsiftScreenHooks] injectCurrentScreen failed: gfj.screen()
[4393|t+83018ms|ThreadId(2)] [step] screen_check — obf=gsd mojmap=net.minecraft.client.gui.screens.TitleScreen → injecting
[4394|t+83045ms|ThreadId(1)] [RsiftScreenHooks] injectCurrentScreen failed: gfj.screen()
[4395|t+83270ms|ThreadId(2)] [step] screen_check — obf=gsd mojmap=net.minecraft.client.gui.screens.TitleScreen → injecting
[4396|t+83271ms|ThreadId(2)] [RsiftPlatformBridge] apply error: ClassNotFoundException: net.minecraft.core.registries.BuiltInRegistries
[4397|t+83271ms|ThreadId(2)] [RsiftPlatformBridge] apply error: ClassNotFoundException: net.minecraft.core.registries.BuiltInRegistries
[4398|t+83286ms|ThreadId(1)] [RsiftScreenHooks] injectCurrentScreen failed: gfj.screen()
[4399|t+83290ms|ThreadId(2)] [step] screen_check — obf=gsd mojmap=net.minecraft.client.gui.screens.TitleScreen → injecting
[4400|t+83303ms|ThreadId(1)] [RsiftScreenHooks] injectCurrentScreen failed: gfj.screen()
[4401|t+83308ms|ThreadId(2)] [step] screen_check — obf=gsd mojmap=net.minecraft.client.gui.screens.TitleScreen → injecting
[4402|t+83319ms|ThreadId(1)] [RsiftScreenHooks] injectCurrentScreen failed: gfj.screen()
[4403|t+83326ms|ThreadId(2)] [step] screen_check — obf=gsd mojmap=net.minecraft.client.gui.screens.TitleScreen → injecting
[4404|t+83336ms|ThreadId(1)] [RsiftScreenHooks] injectCurrentScreen failed: gfj.screen()
[4405|t+83577ms|ThreadId(2)] [step] screen_check — obf=gsd mojmap=net.minecraft.client.gui.screens.TitleScreen → injecting
[4406|t+83578ms|ThreadId(2)] [RsiftPlatformBridge] apply error: ClassNotFoundException: net.minecraft.core.registries.BuiltInRegistries
[4407|t+83579ms|ThreadId(2)] [RsiftPlatformBridge] apply error: ClassNotFoundException: net.minecraft.core.registries.BuiltInRegistries
[4408|t+83596ms|ThreadId(2)] [step] screen_check — obf=gsd mojmap=net.minecraft.client.gui.screens.TitleScreen → injecting
[4409|t+83604ms|ThreadId(1)] [RsiftScreenHooks] injectCurrentScreen failed: gfj.screen()
[4410|t+83605ms|ThreadId(1)] [RsiftScreenHooks] injectCurrentScreen failed: gfj.screen()
[4411|t+83615ms|ThreadId(2)] [step] screen_check — obf=gsd mojmap=net.minecraft.client.gui.screens.TitleScreen → injecting
[4412|t+83623ms|ThreadId(1)] [RsiftScreenHooks] injectCurrentScreen failed: gfj.screen()
[4413|t+83632ms|ThreadId(2)] [step] screen_check — obf=gsd mojmap=net.minecraft.client.gui.screens.TitleScreen → injecting
[4414|t+83640ms|ThreadId(1)] [RsiftScreenHooks] injectCurrentScreen failed: gfj.screen()
[4415|t+83884ms|ThreadId(2)] [step] screen_check — obf=gsd mojmap=net.minecraft.client.gui.screens.TitleScreen → injecting
[4416|t+83885ms|ThreadId(2)] [RsiftPlatformBridge] apply error: ClassNotFoundException: net.minecraft.core.registries.BuiltInRegistries
[4417|t+83885ms|ThreadId(2)] [RsiftPlatformBridge] apply error: ClassNotFoundException: net.minecraft.core.registries.BuiltInRegistries
[4418|t+83891ms|ThreadId(1)] [RsiftScreenHooks] injectCurrentScreen failed: gfj.screen()
[4419|t+83904ms|ThreadId(2)] [step] screen_check — obf=gsd mojmap=net.minecraft.client.gui.screens.TitleScreen → injecting
[4420|t+83919ms|ThreadId(1)] [RsiftScreenHooks] injectCurrentScreen failed: gfj.screen()
[4421|t+83922ms|ThreadId(2)] [step] screen_check — obf=gsd mojmap=net.minecraft.client.gui.screens.TitleScreen → injecting
[4422|t+83936ms|ThreadId(1)] [RsiftScreenHooks] injectCurrentScreen failed: gfj.screen()
[4423|t+83939ms|ThreadId(2)] [step] screen_check — obf=gsd mojmap=net.minecraft.client.gui.screens.TitleScreen → injecting
[4424|t+83952ms|ThreadId(1)] [RsiftScreenHooks] injectCurrentScreen failed: gfj.screen()
[4425|t+84192ms|ThreadId(2)] [step] screen_check — obf=gsd mojmap=net.minecraft.client.gui.screens.TitleScreen → injecting
[4426|t+84192ms|ThreadId(2)] [RsiftPlatformBridge] apply error: ClassNotFoundException: net.minecraft.core.registries.BuiltInRegistries
[4427|t+84193ms|ThreadId(2)] [RsiftPlatformBridge] apply error: ClassNotFoundException: net.minecraft.core.registries.BuiltInRegistries
[4428|t+84202ms|ThreadId(1)] [RsiftScreenHooks] injectCurrentScreen failed: gfj.screen()
[4429|t+84211ms|ThreadId(2)] [step] screen_check — obf=gsd mojmap=net.minecraft.client.gui.screens.TitleScreen → injecting
[4430|t+84228ms|ThreadId(2)] [step] screen_check — obf=gsd mojmap=net.minecraft.client.gui.screens.TitleScreen → injecting
[4431|t+84230ms|ThreadId(1)] [RsiftScreenHooks] injectCurrentScreen failed: gfj.screen()
[4432|t+84231ms|ThreadId(1)] [RsiftScreenHooks] injectCurrentScreen failed: gfj.screen()
[4433|t+84246ms|ThreadId(2)] [step] screen_check — obf=gsd mojmap=net.minecraft.client.gui.screens.TitleScreen → injecting
[4434|t+84247ms|ThreadId(1)] [RsiftScreenHooks] injectCurrentScreen failed: gfj.screen()
[4435|t+84498ms|ThreadId(2)] [step] screen_check — obf=gsd mojmap=net.minecraft.client.gui.screens.TitleScreen → injecting
[4436|t+84498ms|ThreadId(2)] [RsiftPlatformBridge] apply error: ClassNotFoundException: net.minecraft.core.registries.BuiltInRegistries
[4437|t+84499ms|ThreadId(2)] [RsiftPlatformBridge] apply error: ClassNotFoundException: net.minecraft.core.registries.BuiltInRegistries
[4438|t+84508ms|ThreadId(1)] [RsiftScreenHooks] injectCurrentScreen failed: gfj.screen()
[4439|t+84516ms|ThreadId(2)] [step] screen_check — obf=gsd mojmap=net.minecraft.client.gui.screens.TitleScreen → injecting
[4440|t+84525ms|ThreadId(1)] [RsiftScreenHooks] injectCurrentScreen failed: gfj.screen()
[4441|t+84534ms|ThreadId(2)] [step] screen_check — obf=gsd mojmap=net.minecraft.client.gui.screens.TitleScreen → injecting
[4442|t+84552ms|ThreadId(2)] [step] screen_check — obf=gsd mojmap=net.minecraft.client.gui.screens.TitleScreen → injecting
[4443|t+84601ms|ThreadId(1)] [RsiftScreenHooks] injectCurrentScreen failed: gfj.screen()
[4444|t+84602ms|ThreadId(1)] [RsiftScreenHooks] injectCurrentScreen failed: gfj.screen()
[4445|t+84803ms|ThreadId(2)] [step] screen_check — obf=gsd mojmap=net.minecraft.client.gui.screens.TitleScreen → injecting
[4446|t+84804ms|ThreadId(2)] [RsiftPlatformBridge] apply error: ClassNotFoundException: net.minecraft.core.registries.BuiltInRegistries
[4447|t+84805ms|ThreadId(2)] [RsiftPlatformBridge] apply error: ClassNotFoundException: net.minecraft.core.registries.BuiltInRegistries
[4448|t+84809ms|ThreadId(1)] [RsiftScreenHooks] injectCurrentScreen failed: gfj.screen()
[4449|t+84822ms|ThreadId(2)] [step] screen_check — obf=gsd mojmap=net.minecraft.client.gui.screens.TitleScreen → injecting
[4450|t+84826ms|ThreadId(1)] [RsiftScreenHooks] injectCurrentScreen failed: gfj.screen()
[4451|t+84840ms|ThreadId(2)] [step] screen_check — obf=gsd mojmap=net.minecraft.client.gui.screens.TitleScreen → injecting
[4452|t+84854ms|ThreadId(1)] [RsiftScreenHooks] injectCurrentScreen failed: gfj.screen()
[4453|t+84858ms|ThreadId(2)] [step] screen_check — obf=gsd mojmap=net.minecraft.client.gui.screens.TitleScreen → injecting
[4454|t+84871ms|ThreadId(1)] [RsiftScreenHooks] injectCurrentScreen failed: gfj.screen()
[4455|t+85111ms|ThreadId(2)] [step] screen_check — obf=gsd mojmap=net.minecraft.client.gui.screens.TitleScreen → injecting
[4456|t+85112ms|ThreadId(2)] [RsiftPlatformBridge] apply error: ClassNotFoundException: net.minecraft.core.registries.BuiltInRegistries
[4457|t+85113ms|ThreadId(2)] [RsiftPlatformBridge] apply error: ClassNotFoundException: net.minecraft.core.registries.BuiltInRegistries
[4458|t+85126ms|ThreadId(1)] [RsiftScreenHooks] injectCurrentScreen failed: gfj.screen()
[4459|t+85131ms|ThreadId(2)] [step] screen_check — obf=gsd mojmap=net.minecraft.client.gui.screens.TitleScreen → injecting
[4460|t+85143ms|ThreadId(1)] [RsiftScreenHooks] injectCurrentScreen failed: gfj.screen()
[4461|t+85148ms|ThreadId(2)] [step] screen_check — obf=gsd mojmap=net.minecraft.client.gui.screens.TitleScreen → injecting
[4462|t+85166ms|ThreadId(2)] [step] screen_check — obf=gsd mojmap=net.minecraft.client.gui.screens.TitleScreen → injecting
[4463|t+85173ms|ThreadId(1)] [RsiftScreenHooks] injectCurrentScreen failed: gfj.screen()
[4464|t+85174ms|ThreadId(1)] [RsiftScreenHooks] injectCurrentScreen failed: gfj.screen()
[4465|t+85418ms|ThreadId(2)] [step] screen_check — obf=gsd mojmap=net.minecraft.client.gui.screens.TitleScreen → injecting
[4466|t+85419ms|ThreadId(2)] [RsiftPlatformBridge] apply error: ClassNotFoundException: net.minecraft.core.registries.BuiltInRegistries
[4467|t+85420ms|ThreadId(2)] [RsiftPlatformBridge] apply error: ClassNotFoundException: net.minecraft.core.registries.BuiltInRegistries
[4468|t+85430ms|ThreadId(1)] [RsiftScreenHooks] injectCurrentScreen failed: gfj.screen()
[4469|t+85437ms|ThreadId(2)] [step] screen_check — obf=gsd mojmap=net.minecraft.client.gui.screens.TitleScreen → injecting
[4470|t+85447ms|ThreadId(1)] [RsiftScreenHooks] injectCurrentScreen failed: gfj.screen()
[4471|t+85455ms|ThreadId(2)] [step] screen_check — obf=gsd mojmap=net.minecraft.client.gui.screens.TitleScreen → injecting
[4472|t+85464ms|ThreadId(1)] [RsiftScreenHooks] injectCurrentScreen failed: gfj.screen()
[4473|t+85473ms|ThreadId(2)] [step] screen_check — obf=gsd mojmap=net.minecraft.client.gui.screens.TitleScreen → injecting
[4474|t+85492ms|ThreadId(1)] [RsiftScreenHooks] injectCurrentScreen failed: gfj.screen()
[4475|t+85725ms|ThreadId(2)] [step] screen_check — obf=gsd mojmap=net.minecraft.client.gui.screens.TitleScreen → injecting
[4476|t+85726ms|ThreadId(2)] [RsiftPlatformBridge] apply error: ClassNotFoundException: net.minecraft.core.registries.BuiltInRegistries
[4477|t+85726ms|ThreadId(2)] [RsiftPlatformBridge] apply error: ClassNotFoundException: net.minecraft.core.registries.BuiltInRegistries
[4478|t+85744ms|ThreadId(1)] [RsiftScreenHooks] injectCurrentScreen failed: gfj.screen()
[4479|t+85744ms|ThreadId(2)] [step] screen_check — obf=gsd mojmap=net.minecraft.client.gui.screens.TitleScreen → injecting
[4480|t+85761ms|ThreadId(2)] [step] screen_check — obf=gsd mojmap=net.minecraft.client.gui.screens.TitleScreen → injecting
[4481|t+85762ms|ThreadId(1)] [RsiftScreenHooks] injectCurrentScreen failed: gfj.screen()
[4482|t+85763ms|ThreadId(1)] [RsiftScreenHooks] injectCurrentScreen failed: gfj.screen()
[4483|t+85779ms|ThreadId(2)] [step] screen_check — obf=gsd mojmap=net.minecraft.client.gui.screens.TitleScreen → injecting
[4484|t+85796ms|ThreadId(1)] [RsiftScreenHooks] injectCurrentScreen failed: gfj.screen()
[4485|t+86032ms|ThreadId(2)] [step] screen_check — obf=gsd mojmap=net.minecraft.client.gui.screens.TitleScreen → injecting
[4486|t+86032ms|ThreadId(2)] [RsiftPlatformBridge] apply error: ClassNotFoundException: net.minecraft.core.registries.BuiltInRegistries
[4487|t+86033ms|ThreadId(2)] [RsiftPlatformBridge] apply error: ClassNotFoundException: net.minecraft.core.registries.BuiltInRegistries
[4488|t+86038ms|ThreadId(1)] [RsiftScreenHooks] injectCurrentScreen failed: gfj.screen()
[4489|t+86050ms|ThreadId(2)] [step] screen_check — obf=gsd mojmap=net.minecraft.client.gui.screens.TitleScreen → injecting
[4490|t+86055ms|ThreadId(1)] [RsiftScreenHooks] injectCurrentScreen failed: gfj.screen()
[4491|t+86068ms|ThreadId(2)] [step] screen_check — obf=gsd mojmap=net.minecraft.client.gui.screens.TitleScreen → injecting
[4492|t+86072ms|ThreadId(1)] [RsiftScreenHooks] injectCurrentScreen failed: gfj.screen()
[4493|t+86086ms|ThreadId(2)] [step] screen_check — obf=gsd mojmap=net.minecraft.client.gui.screens.TitleScreen → injecting
[4494|t+86104ms|ThreadId(1)] [RsiftScreenHooks] injectCurrentScreen failed: gfj.screen()
[4495|t+86338ms|ThreadId(2)] [step] screen_check — obf=gsd mojmap=net.minecraft.client.gui.screens.TitleScreen → injecting
[4496|t+86339ms|ThreadId(2)] [RsiftPlatformBridge] apply error: ClassNotFoundException: net.minecraft.core.registries.BuiltInRegistries
[4497|t+86339ms|ThreadId(2)] [RsiftPlatformBridge] apply error: ClassNotFoundException: net.minecraft.core.registries.BuiltInRegistries
[4498|t+86346ms|ThreadId(1)] [RsiftScreenHooks] injectCurrentScreen failed: gfj.screen()
[4499|t+86357ms|ThreadId(2)] [step] screen_check — obf=gsd mojmap=net.minecraft.client.gui.screens.TitleScreen → injecting
[4500|t+86363ms|ThreadId(1)] [RsiftScreenHooks] injectCurrentScreen failed: gfj.screen()
[4501|t+86374ms|ThreadId(2)] [step] screen_check — obf=gsd mojmap=net.minecraft.client.gui.screens.TitleScreen → injecting
[4502|t+86380ms|ThreadId(1)] [RsiftScreenHooks] injectCurrentScreen failed: gfj.screen()
[4503|t+86392ms|ThreadId(2)] [step] screen_check — obf=gsd mojmap=net.minecraft.client.gui.screens.TitleScreen → injecting
[4504|t+86398ms|ThreadId(1)] [RsiftScreenHooks] injectCurrentScreen failed: gfj.screen()
[4505|t+86643ms|ThreadId(2)] [step] screen_check — obf=gsd mojmap=net.minecraft.client.gui.screens.TitleScreen → injecting
[4506|t+86645ms|ThreadId(2)] [RsiftPlatformBridge] apply error: ClassNotFoundException: net.minecraft.core.registries.BuiltInRegistries
[4507|t+86645ms|ThreadId(2)] [RsiftPlatformBridge] apply error: ClassNotFoundException: net.minecraft.core.registries.BuiltInRegistries
[4508|t+86648ms|ThreadId(1)] [RsiftScreenHooks] injectCurrentScreen failed: gfj.screen()
[4509|t+86663ms|ThreadId(2)] [step] screen_check — obf=gsd mojmap=net.minecraft.client.gui.screens.TitleScreen → injecting
[4510|t+86664ms|ThreadId(1)] [RsiftScreenHooks] injectCurrentScreen failed: gfj.screen()
[4511|t+86682ms|ThreadId(2)] [step] screen_check — obf=gsd mojmap=net.minecraft.client.gui.screens.TitleScreen → injecting
[4512|t+86695ms|ThreadId(1)] [RsiftScreenHooks] injectCurrentScreen failed: gfj.screen()
[4513|t+86699ms|ThreadId(2)] [step] screen_check — obf=gsd mojmap=net.minecraft.client.gui.screens.TitleScreen → injecting
[4514|t+86715ms|ThreadId(1)] [RsiftScreenHooks] injectCurrentScreen failed: gfj.screen()
[4515|t+86950ms|ThreadId(2)] [step] screen_check — obf=gsd mojmap=net.minecraft.client.gui.screens.TitleScreen → injecting
[4516|t+86951ms|ThreadId(2)] [RsiftPlatformBridge] apply error: ClassNotFoundException: net.minecraft.core.registries.BuiltInRegistries
[4517|t+86952ms|ThreadId(2)] [RsiftPlatformBridge] apply error: ClassNotFoundException: net.minecraft.core.registries.BuiltInRegistries
[4518|t+86963ms|ThreadId(1)] [RsiftScreenHooks] injectCurrentScreen failed: gfj.screen()
[4519|t+86969ms|ThreadId(2)] [step] screen_check — obf=gsd mojmap=net.minecraft.client.gui.screens.TitleScreen → injecting
[4520|t+86982ms|ThreadId(1)] [RsiftScreenHooks] injectCurrentScreen failed: gfj.screen()
[4521|t+86987ms|ThreadId(2)] [step] screen_check — obf=gsd mojmap=net.minecraft.client.gui.screens.TitleScreen → injecting
[4522|t+86999ms|ThreadId(1)] [RsiftScreenHooks] injectCurrentScreen failed: gfj.screen()
[4523|t+87006ms|ThreadId(2)] [step] screen_check — obf=gsd mojmap=net.minecraft.client.gui.screens.TitleScreen → injecting
[4524|t+87033ms|ThreadId(1)] [RsiftScreenHooks] injectCurrentScreen failed: gfj.screen()
[4525|t+87258ms|ThreadId(2)] [step] screen_check — obf=gsd mojmap=net.minecraft.client.gui.screens.TitleScreen → injecting
[4526|t+87259ms|ThreadId(2)] [RsiftPlatformBridge] apply error: ClassNotFoundException: net.minecraft.core.registries.BuiltInRegistries
[4527|t+87259ms|ThreadId(2)] [RsiftPlatformBridge] apply error: ClassNotFoundException: net.minecraft.core.registries.BuiltInRegistries
[4528|t+87277ms|ThreadId(2)] [step] screen_check — obf=gsd mojmap=net.minecraft.client.gui.screens.TitleScreen → injecting
[4529|t+87286ms|ThreadId(1)] [RsiftScreenHooks] injectCurrentScreen failed: gfj.screen()
[4530|t+87287ms|ThreadId(1)] [RsiftScreenHooks] injectCurrentScreen failed: gfj.screen()
[4531|t+87294ms|ThreadId(2)] [step] screen_check — obf=gsd mojmap=net.minecraft.client.gui.screens.TitleScreen → injecting
[4532|t+87303ms|ThreadId(1)] [RsiftScreenHooks] injectCurrentScreen failed: gfj.screen()
[4533|t+87313ms|ThreadId(2)] [step] screen_check — obf=gsd mojmap=net.minecraft.client.gui.screens.TitleScreen → injecting
[4534|t+87320ms|ThreadId(1)] [RsiftScreenHooks] injectCurrentScreen failed: gfj.screen()
[4535|t+87565ms|ThreadId(2)] [step] screen_check — obf=gsd mojmap=net.minecraft.client.gui.screens.TitleScreen → injecting
[4536|t+87565ms|ThreadId(2)] [RsiftPlatformBridge] apply error: ClassNotFoundException: net.minecraft.core.registries.BuiltInRegistries
[4537|t+87565ms|ThreadId(1)] [RsiftScreenHooks] injectCurrentScreen failed: gfj.screen()
[4538|t+87566ms|ThreadId(2)] [RsiftPlatformBridge] apply error: ClassNotFoundException: net.minecraft.core.registries.BuiltInRegistries
[4539|t+87584ms|ThreadId(2)] [step] screen_check — obf=gsd mojmap=net.minecraft.client.gui.screens.TitleScreen → injecting
[4540|t+87602ms|ThreadId(2)] [step] screen_check — obf=gsd mojmap=net.minecraft.client.gui.screens.TitleScreen → injecting
[4541|t+87618ms|ThreadId(1)] [RsiftScreenHooks] injectCurrentScreen failed: gfj.screen()
[4542|t+87618ms|ThreadId(1)] [RsiftScreenHooks] injectCurrentScreen failed: gfj.screen()
[4543|t+87619ms|ThreadId(2)] [step] screen_check — obf=gsd mojmap=net.minecraft.client.gui.screens.TitleScreen → injecting
[4544|t+87635ms|ThreadId(1)] [RsiftScreenHooks] injectCurrentScreen failed: gfj.screen()
[4545|t+87871ms|ThreadId(2)] [step] screen_check — obf=gsd mojmap=net.minecraft.client.gui.screens.TitleScreen → injecting
[4546|t+87872ms|ThreadId(2)] [RsiftPlatformBridge] apply error: ClassNotFoundException: net.minecraft.core.registries.BuiltInRegistries
[4547|t+87873ms|ThreadId(2)] [RsiftPlatformBridge] apply error: ClassNotFoundException: net.minecraft.core.registries.BuiltInRegistries
[4548|t+87886ms|ThreadId(1)] [RsiftScreenHooks] injectCurrentScreen failed: gfj.screen()
[4549|t+87891ms|ThreadId(2)] [step] screen_check — obf=gsd mojmap=net.minecraft.client.gui.screens.TitleScreen → injecting
[4550|t+87903ms|ThreadId(1)] [RsiftScreenHooks] injectCurrentScreen failed: gfj.screen()
[4551|t+87909ms|ThreadId(2)] [step] screen_check — obf=gsd mojmap=net.minecraft.client.gui.screens.TitleScreen → injecting
[4552|t+87920ms|ThreadId(1)] [RsiftScreenHooks] injectCurrentScreen failed: gfj.screen()
[4553|t+87927ms|ThreadId(2)] [step] screen_check — obf=gsd mojmap=net.minecraft.client.gui.screens.TitleScreen → injecting
[4554|t+87956ms|ThreadId(1)] [RsiftScreenHooks] injectCurrentScreen failed: gfj.screen()
[4555|t+88178ms|ThreadId(2)] [step] screen_check — obf=gsd mojmap=net.minecraft.client.gui.screens.TitleScreen → injecting
[4556|t+88179ms|ThreadId(2)] [RsiftPlatformBridge] apply error: ClassNotFoundException: net.minecraft.core.registries.BuiltInRegistries
[4557|t+88180ms|ThreadId(2)] [RsiftPlatformBridge] apply error: ClassNotFoundException: net.minecraft.core.registries.BuiltInRegistries
[4558|t+88198ms|ThreadId(2)] [step] screen_check — obf=gsd mojmap=net.minecraft.client.gui.screens.TitleScreen → injecting
[4559|t+88202ms|ThreadId(1)] [RsiftScreenHooks] injectCurrentScreen failed: gfj.screen()
[4560|t+88202ms|ThreadId(1)] [RsiftScreenHooks] injectCurrentScreen failed: gfj.screen()
[4561|t+88216ms|ThreadId(2)] [step] screen_check — obf=gsd mojmap=net.minecraft.client.gui.screens.TitleScreen → injecting
[4562|t+88219ms|ThreadId(1)] [RsiftScreenHooks] injectCurrentScreen failed: gfj.screen()
[4563|t+88233ms|ThreadId(2)] [step] screen_check — obf=gsd mojmap=net.minecraft.client.gui.screens.TitleScreen → injecting
[4564|t+88236ms|ThreadId(1)] [RsiftScreenHooks] injectCurrentScreen failed: gfj.screen()
[4565|t+88489ms|ThreadId(2)] [step] screen_check — obf=gsd mojmap=net.minecraft.client.gui.screens.TitleScreen → injecting
[4566|t+88490ms|ThreadId(2)] [RsiftPlatformBridge] apply error: ClassNotFoundException: net.minecraft.core.registries.BuiltInRegistries
[4567|t+88491ms|ThreadId(2)] [RsiftPlatformBridge] apply error: ClassNotFoundException: net.minecraft.core.registries.BuiltInRegistries
[4568|t+88499ms|ThreadId(1)] [RsiftScreenHooks] injectCurrentScreen failed: gfj.screen()
[4569|t+88509ms|ThreadId(2)] [step] screen_check — obf=gsd mojmap=net.minecraft.client.gui.screens.TitleScreen → injecting
[4570|t+88527ms|ThreadId(2)] [step] screen_check — obf=gsd mojmap=net.minecraft.client.gui.screens.TitleScreen → injecting
[4571|t+88534ms|ThreadId(1)] [RsiftScreenHooks] injectCurrentScreen failed: gfj.screen()
[4572|t+88535ms|ThreadId(1)] [RsiftScreenHooks] injectCurrentScreen failed: gfj.screen()
[4573|t+88545ms|ThreadId(2)] [step] screen_check — obf=gsd mojmap=net.minecraft.client.gui.screens.TitleScreen → injecting
[4574|t+88552ms|ThreadId(1)] [RsiftScreenHooks] injectCurrentScreen failed: gfj.screen()
[4575|t+88796ms|ThreadId(2)] [step] screen_check — obf=gsd mojmap=net.minecraft.client.gui.screens.TitleScreen → injecting
[4576|t+88797ms|ThreadId(2)] [RsiftPlatformBridge] apply error: ClassNotFoundException: net.minecraft.core.registries.BuiltInRegistries
[4577|t+88798ms|ThreadId(2)] [RsiftPlatformBridge] apply error: ClassNotFoundException: net.minecraft.core.registries.BuiltInRegistries
[4578|t+88804ms|ThreadId(1)] [RsiftScreenHooks] injectCurrentScreen failed: gfj.screen()
[4579|t+88816ms|ThreadId(2)] [step] screen_check — obf=gsd mojmap=net.minecraft.client.gui.screens.TitleScreen → injecting
[4580|t+88821ms|ThreadId(1)] [RsiftScreenHooks] injectCurrentScreen failed: gfj.screen()
[4581|t+88833ms|ThreadId(2)] [step] screen_check — obf=gsd mojmap=net.minecraft.client.gui.screens.TitleScreen → injecting
[4582|t+88838ms|ThreadId(1)] [RsiftScreenHooks] injectCurrentScreen failed: gfj.screen()
[4583|t+88851ms|ThreadId(2)] [step] screen_check — obf=gsd mojmap=net.minecraft.client.gui.screens.TitleScreen → injecting
[4584|t+88871ms|ThreadId(1)] [RsiftScreenHooks] injectCurrentScreen failed: gfj.screen()
[4585|t+89103ms|ThreadId(2)] [step] screen_check — obf=gsd mojmap=net.minecraft.client.gui.screens.TitleScreen → injecting
[4586|t+89104ms|ThreadId(2)] [RsiftPlatformBridge] apply error: ClassNotFoundException: net.minecraft.core.registries.BuiltInRegistries
[4587|t+89105ms|ThreadId(2)] [RsiftPlatformBridge] apply error: ClassNotFoundException: net.minecraft.core.registries.BuiltInRegistries
[4588|t+89119ms|ThreadId(1)] [RsiftScreenHooks] injectCurrentScreen failed: gfj.screen()
[4589|t+89122ms|ThreadId(2)] [step] screen_check — obf=gsd mojmap=net.minecraft.client.gui.screens.TitleScreen → injecting
[4590|t+89136ms|ThreadId(1)] [RsiftScreenHooks] injectCurrentScreen failed: gfj.screen()
[4591|t+89139ms|ThreadId(2)] [step] screen_check — obf=gsd mojmap=net.minecraft.client.gui.screens.TitleScreen → injecting
[4592|t+89153ms|ThreadId(1)] [RsiftScreenHooks] injectCurrentScreen failed: gfj.screen()
[4593|t+89157ms|ThreadId(2)] [step] screen_check — obf=gsd mojmap=net.minecraft.client.gui.screens.TitleScreen → injecting
[4594|t+89169ms|ThreadId(1)] [RsiftScreenHooks] injectCurrentScreen failed: gfj.screen()
[4595|t+89408ms|ThreadId(2)] [step] screen_check — obf=gsd mojmap=net.minecraft.client.gui.screens.TitleScreen → injecting
[4596|t+89409ms|ThreadId(2)] [RsiftPlatformBridge] apply error: ClassNotFoundException: net.minecraft.core.registries.BuiltInRegistries
[4597|t+89410ms|ThreadId(2)] [RsiftPlatformBridge] apply error: ClassNotFoundException: net.minecraft.core.registries.BuiltInRegistries
[4598|t+89423ms|ThreadId(1)] [RsiftScreenHooks] injectCurrentScreen failed: gfj.screen()
[4599|t+89427ms|ThreadId(2)] [step] screen_check — obf=gsd mojmap=net.minecraft.client.gui.screens.TitleScreen → injecting
[4600|t+89445ms|ThreadId(2)] [step] screen_check — obf=gsd mojmap=net.minecraft.client.gui.screens.TitleScreen → injecting
[4601|t+89452ms|ThreadId(1)] [RsiftScreenHooks] injectCurrentScreen failed: gfj.screen()
[4602|t+89453ms|ThreadId(1)] [RsiftScreenHooks] injectCurrentScreen failed: gfj.screen()
[4603|t+89462ms|ThreadId(2)] [step] screen_check — obf=gsd mojmap=net.minecraft.client.gui.screens.TitleScreen → injecting
[4604|t+89469ms|ThreadId(1)] [RsiftScreenHooks] injectCurrentScreen failed: gfj.screen()
[4605|t+89714ms|ThreadId(2)] [step] screen_check — obf=gsd mojmap=net.minecraft.client.gui.screens.TitleScreen → injecting
[4606|t+89715ms|ThreadId(2)] [RsiftPlatformBridge] apply error: ClassNotFoundException: net.minecraft.core.registries.BuiltInRegistries
[4607|t+89716ms|ThreadId(2)] [RsiftPlatformBridge] apply error: ClassNotFoundException: net.minecraft.core.registries.BuiltInRegistries
[4608|t+89724ms|ThreadId(1)] [RsiftScreenHooks] injectCurrentScreen failed: gfj.screen()
[4609|t+89734ms|ThreadId(2)] [step] screen_check — obf=gsd mojmap=net.minecraft.client.gui.screens.TitleScreen → injecting
[4610|t+89742ms|ThreadId(1)] [RsiftScreenHooks] injectCurrentScreen failed: gfj.screen()
[4611|t+89751ms|ThreadId(2)] [step] screen_check — obf=gsd mojmap=net.minecraft.client.gui.screens.TitleScreen → injecting
[4612|t+89758ms|ThreadId(1)] [RsiftScreenHooks] injectCurrentScreen failed: gfj.screen()
[4613|t+89769ms|ThreadId(2)] [step] screen_check — obf=gsd mojmap=net.minecraft.client.gui.screens.TitleScreen → injecting
[4614|t+89789ms|ThreadId(1)] [RsiftScreenHooks] injectCurrentScreen failed: gfj.screen()
[4615|t+90021ms|ThreadId(2)] [step] screen_check — obf=gsd mojmap=net.minecraft.client.gui.screens.TitleScreen → injecting
[4616|t+90022ms|ThreadId(2)] [RsiftPlatformBridge] apply error: ClassNotFoundException: net.minecraft.core.registries.BuiltInRegistries
[4617|t+90022ms|ThreadId(2)] [RsiftPlatformBridge] apply error: ClassNotFoundException: net.minecraft.core.registries.BuiltInRegistries
[4618|t+90037ms|ThreadId(1)] [RsiftScreenHooks] injectCurrentScreen failed: gfj.screen()
[4619|t+90039ms|ThreadId(2)] [step] screen_check — obf=gsd mojmap=net.minecraft.client.gui.screens.TitleScreen → injecting
[4620|t+90054ms|ThreadId(1)] [RsiftScreenHooks] injectCurrentScreen failed: gfj.screen()
[4621|t+90057ms|ThreadId(2)] [step] screen_check — obf=gsd mojmap=net.minecraft.client.gui.screens.TitleScreen → injecting
[4622|t+90072ms|ThreadId(1)] [RsiftScreenHooks] injectCurrentScreen failed: gfj.screen()
[4623|t+90075ms|ThreadId(2)] [step] screen_check — obf=gsd mojmap=net.minecraft.client.gui.screens.TitleScreen → injecting
[4624|t+90088ms|ThreadId(1)] [RsiftScreenHooks] injectCurrentScreen failed: gfj.screen()
[4625|t+90327ms|ThreadId(2)] [step] screen_check — obf=gsd mojmap=net.minecraft.client.gui.screens.TitleScreen → injecting
[4626|t+90328ms|ThreadId(2)] [RsiftPlatformBridge] apply error: ClassNotFoundException: net.minecraft.core.registries.BuiltInRegistries
[4627|t+90328ms|ThreadId(2)] [RsiftPlatformBridge] apply error: ClassNotFoundException: net.minecraft.core.registries.BuiltInRegistries
[4628|t+90337ms|ThreadId(1)] [RsiftScreenHooks] injectCurrentScreen failed: gfj.screen()
[4629|t+90346ms|ThreadId(2)] [step] screen_check — obf=gsd mojmap=net.minecraft.client.gui.screens.TitleScreen → injecting
[4630|t+90354ms|ThreadId(1)] [RsiftScreenHooks] injectCurrentScreen failed: gfj.screen()
[4631|t+90363ms|ThreadId(2)] [step] screen_check — obf=gsd mojmap=net.minecraft.client.gui.screens.TitleScreen → injecting
[4632|t+90381ms|ThreadId(2)] [step] screen_check — obf=gsd mojmap=net.minecraft.client.gui.screens.TitleScreen → injecting
[4633|t+90384ms|ThreadId(1)] [RsiftScreenHooks] injectCurrentScreen failed: gfj.screen()
[4634|t+90385ms|ThreadId(1)] [RsiftScreenHooks] injectCurrentScreen failed: gfj.screen()
[4635|t+90632ms|ThreadId(2)] [step] screen_check — obf=gsd mojmap=net.minecraft.client.gui.screens.TitleScreen → injecting
[4636|t+90633ms|ThreadId(2)] [RsiftPlatformBridge] apply error: ClassNotFoundException: net.minecraft.core.registries.BuiltInRegistries
[4637|t+90634ms|ThreadId(2)] [RsiftPlatformBridge] apply error: ClassNotFoundException: net.minecraft.core.registries.BuiltInRegistries
[4638|t+90636ms|ThreadId(1)] [RsiftScreenHooks] injectCurrentScreen failed: gfj.screen()
[4639|t+90651ms|ThreadId(2)] [step] screen_check — obf=gsd mojmap=net.minecraft.client.gui.screens.TitleScreen → injecting
[4640|t+90652ms|ThreadId(1)] [RsiftScreenHooks] injectCurrentScreen failed: gfj.screen()
[4641|t+90669ms|ThreadId(2)] [step] screen_check — obf=gsd mojmap=net.minecraft.client.gui.screens.TitleScreen → injecting
[4642|t+90687ms|ThreadId(1)] [RsiftScreenHooks] injectCurrentScreen failed: gfj.screen()
[4643|t+90687ms|ThreadId(2)] [step] screen_check — obf=gsd mojmap=net.minecraft.client.gui.screens.TitleScreen → injecting
[4644|t+90714ms|ThreadId(1)] [RsiftScreenHooks] injectCurrentScreen failed: gfj.screen()
[4645|t+90939ms|ThreadId(2)] [step] screen_check — obf=gsd mojmap=net.minecraft.client.gui.screens.TitleScreen → injecting
[4646|t+90940ms|ThreadId(2)] [RsiftPlatformBridge] apply error: ClassNotFoundException: net.minecraft.core.registries.BuiltInRegistries
[4647|t+90940ms|ThreadId(2)] [RsiftPlatformBridge] apply error: ClassNotFoundException: net.minecraft.core.registries.BuiltInRegistries
[4648|t+90950ms|ThreadId(1)] [RsiftScreenHooks] injectCurrentScreen failed: gfj.screen()
[4649|t+90958ms|ThreadId(2)] [step] screen_check — obf=gsd mojmap=net.minecraft.client.gui.screens.TitleScreen → injecting
[4650|t+90968ms|ThreadId(1)] [RsiftScreenHooks] injectCurrentScreen failed: gfj.screen()
[4651|t+90975ms|ThreadId(2)] [step] screen_check — obf=gsd mojmap=net.minecraft.client.gui.screens.TitleScreen → injecting
[4652|t+90984ms|ThreadId(1)] [RsiftScreenHooks] injectCurrentScreen failed: gfj.screen()
[4653|t+90993ms|ThreadId(2)] [step] screen_check — obf=gsd mojmap=net.minecraft.client.gui.screens.TitleScreen → injecting
[4654|t+91001ms|ThreadId(1)] [RsiftScreenHooks] injectCurrentScreen failed: gfj.screen()
[4655|t+91244ms|ThreadId(2)] [step] screen_check — obf=gsd mojmap=net.minecraft.client.gui.screens.TitleScreen → injecting
[4656|t+91245ms|ThreadId(2)] [RsiftPlatformBridge] apply error: ClassNotFoundException: net.minecraft.core.registries.BuiltInRegistries
[4657|t+91246ms|ThreadId(2)] [RsiftPlatformBridge] apply error: ClassNotFoundException: net.minecraft.core.registries.BuiltInRegistries
[4658|t+91247ms|ThreadId(2)] [step] tick_loop — alive tick=960
[4659|t+91252ms|ThreadId(1)] [RsiftScreenHooks] injectCurrentScreen failed: gfj.screen()
[4660|t+91264ms|ThreadId(2)] [step] screen_check — obf=gsd mojmap=net.minecraft.client.gui.screens.TitleScreen → injecting
[4661|t+91280ms|ThreadId(1)] [RsiftScreenHooks] injectCurrentScreen failed: gfj.screen()
[4662|t+91282ms|ThreadId(2)] [step] screen_check — obf=gsd mojmap=net.minecraft.client.gui.screens.TitleScreen → injecting
[4663|t+91297ms|ThreadId(1)] [RsiftScreenHooks] injectCurrentScreen failed: gfj.screen()
[4664|t+91300ms|ThreadId(2)] [step] screen_check — obf=gsd mojmap=net.minecraft.client.gui.screens.TitleScreen → injecting
[4665|t+91313ms|ThreadId(1)] [RsiftScreenHooks] injectCurrentScreen failed: gfj.screen()
[4666|t+91552ms|ThreadId(2)] [step] screen_check — obf=gsd mojmap=net.minecraft.client.gui.screens.TitleScreen → injecting
[4667|t+91553ms|ThreadId(2)] [RsiftPlatformBridge] apply error: ClassNotFoundException: net.minecraft.core.registries.BuiltInRegistries
[4668|t+91554ms|ThreadId(2)] [RsiftPlatformBridge] apply error: ClassNotFoundException: net.minecraft.core.registries.BuiltInRegistries
[4669|t+91569ms|ThreadId(1)] [RsiftScreenHooks] injectCurrentScreen failed: gfj.screen()
[4670|t+91572ms|ThreadId(2)] [step] screen_check — obf=gsd mojmap=net.minecraft.client.gui.screens.TitleScreen → injecting
[4671|t+91589ms|ThreadId(2)] [step] screen_check — obf=gsd mojmap=net.minecraft.client.gui.screens.TitleScreen → injecting
[4672|t+91601ms|ThreadId(1)] [RsiftScreenHooks] injectCurrentScreen failed: gfj.screen()
[4673|t+91601ms|ThreadId(1)] [RsiftScreenHooks] injectCurrentScreen failed: gfj.screen()
[4674|t+91608ms|ThreadId(2)] [step] screen_check — obf=gsd mojmap=net.minecraft.client.gui.screens.TitleScreen → injecting
[4675|t+91618ms|ThreadId(1)] [RsiftScreenHooks] injectCurrentScreen failed: gfj.screen()
[4676|t+91859ms|ThreadId(2)] [step] screen_check — obf=gsd mojmap=net.minecraft.client.gui.screens.TitleScreen → injecting
[4677|t+91860ms|ThreadId(2)] [RsiftPlatformBridge] apply error: ClassNotFoundException: net.minecraft.core.registries.BuiltInRegistries
[4678|t+91861ms|ThreadId(2)] [RsiftPlatformBridge] apply error: ClassNotFoundException: net.minecraft.core.registries.BuiltInRegistries
[4679|t+91877ms|ThreadId(1)] [RsiftScreenHooks] injectCurrentScreen failed: gfj.screen()
[4680|t+91879ms|ThreadId(2)] [step] screen_check — obf=gsd mojmap=net.minecraft.client.gui.screens.TitleScreen → injecting
[4681|t+91893ms|ThreadId(1)] [RsiftScreenHooks] injectCurrentScreen failed: gfj.screen()
[4682|t+91896ms|ThreadId(2)] [step] screen_check — obf=gsd mojmap=net.minecraft.client.gui.screens.TitleScreen → injecting
[4683|t+91910ms|ThreadId(1)] [RsiftScreenHooks] injectCurrentScreen failed: gfj.screen()
[4684|t+91914ms|ThreadId(2)] [step] screen_check — obf=gsd mojmap=net.minecraft.client.gui.screens.TitleScreen → injecting
[4685|t+91938ms|ThreadId(1)] [RsiftScreenHooks] injectCurrentScreen failed: gfj.screen()
[4686|t+92166ms|ThreadId(2)] [step] screen_check — obf=gsd mojmap=net.minecraft.client.gui.screens.TitleScreen → injecting
[4687|t+92166ms|ThreadId(2)] [RsiftPlatformBridge] apply error: ClassNotFoundException: net.minecraft.core.registries.BuiltInRegistries
[4688|t+92167ms|ThreadId(2)] [RsiftPlatformBridge] apply error: ClassNotFoundException: net.minecraft.core.registries.BuiltInRegistries
[4689|t+92183ms|ThreadId(1)] [RsiftScreenHooks] injectCurrentScreen failed: gfj.screen()
[4690|t+92184ms|ThreadId(2)] [step] screen_check — obf=gsd mojmap=net.minecraft.client.gui.screens.TitleScreen → injecting
[4691|t+92199ms|ThreadId(1)] [RsiftScreenHooks] injectCurrentScreen failed: gfj.screen()
[4692|t+92202ms|ThreadId(2)] [step] screen_check — obf=gsd mojmap=net.minecraft.client.gui.screens.TitleScreen → injecting
[4693|t+92217ms|ThreadId(1)] [RsiftScreenHooks] injectCurrentScreen failed: gfj.screen()
[4694|t+92220ms|ThreadId(2)] [step] screen_check — obf=gsd mojmap=net.minecraft.client.gui.screens.TitleScreen → injecting
[4695|t+92235ms|ThreadId(1)] [RsiftScreenHooks] injectCurrentScreen failed: gfj.screen()
[4696|t+92472ms|ThreadId(2)] [step] screen_check — obf=gsd mojmap=net.minecraft.client.gui.screens.TitleScreen → injecting
[4697|t+92474ms|ThreadId(2)] [RsiftPlatformBridge] apply error: ClassNotFoundException: net.minecraft.core.registries.BuiltInRegistries
[4698|t+92474ms|ThreadId(2)] [RsiftPlatformBridge] apply error: ClassNotFoundException: net.minecraft.core.registries.BuiltInRegistries
[4699|t+92484ms|ThreadId(1)] [RsiftScreenHooks] injectCurrentScreen failed: gfj.screen()
[4700|t+92491ms|ThreadId(2)] [step] screen_check — obf=gsd mojmap=net.minecraft.client.gui.screens.TitleScreen → injecting
[4701|t+92509ms|ThreadId(2)] [step] screen_check — obf=gsd mojmap=net.minecraft.client.gui.screens.TitleScreen → injecting
[4702|t+92512ms|ThreadId(1)] [RsiftScreenHooks] injectCurrentScreen failed: gfj.screen()
[4703|t+92513ms|ThreadId(1)] [RsiftScreenHooks] injectCurrentScreen failed: gfj.screen()
[4704|t+92527ms|ThreadId(2)] [step] screen_check — obf=gsd mojmap=net.minecraft.client.gui.screens.TitleScreen → injecting
[4705|t+92529ms|ThreadId(1)] [RsiftScreenHooks] injectCurrentScreen failed: gfj.screen()
[4706|t+92778ms|ThreadId(2)] [step] screen_check — obf=gsd mojmap=net.minecraft.client.gui.screens.TitleScreen → injecting
[4707|t+92779ms|ThreadId(2)] [RsiftPlatformBridge] apply error: ClassNotFoundException: net.minecraft.core.registries.BuiltInRegistries
[4708|t+92780ms|ThreadId(2)] [RsiftPlatformBridge] apply error: ClassNotFoundException: net.minecraft.core.registries.BuiltInRegistries
[4709|t+92787ms|ThreadId(1)] [RsiftScreenHooks] injectCurrentScreen failed: gfj.screen()
[4710|t+92798ms|ThreadId(2)] [step] screen_check — obf=gsd mojmap=net.minecraft.client.gui.screens.TitleScreen → injecting
[4711|t+92804ms|ThreadId(1)] [RsiftScreenHooks] injectCurrentScreen failed: gfj.screen()
[4712|t+92816ms|ThreadId(2)] [step] screen_check — obf=gsd mojmap=net.minecraft.client.gui.screens.TitleScreen → injecting
[4713|t+92834ms|ThreadId(1)] [RsiftScreenHooks] injectCurrentScreen failed: gfj.screen()[4714|t+92834ms|ThreadId(2)] [step] screen_check — obf=gsd mojmap=net.minecraft.client.gui.screens.TitleScreen → injecting

[4715|t+92853ms|ThreadId(1)] [RsiftScreenHooks] injectCurrentScreen failed: gfj.screen()
