Prism Launcher version: 10.0.5 (official)


Launched instance in online mode

login.microsoftonline.com resolves to:
    [20.190.141.38, 20.190.141.36, 20.190.141.37, 40.126.13.8, 20.190.141.39, 40.126.13.9, 20.190.141.34, 20.190.141.33]


session.minecraft.net resolves to:
    [150.171.110.137]


textures.minecraft.net resolves to:
    [150.171.110.136]


api.mojang.com resolves to:
    [150.171.110.136]


Minecraft folder is:
C:/Users/********/AppData/Roaming/PrismLauncher/instances/rsift/.minecraft


Java path is:
C:/Users/********/AppData/Roaming/PrismLauncher/java/java-runtime-delta/bin/javaw.exe


Java is version 21.0.7, using 64 (amd64) architecture, from Microsoft.


Main Class:
  net.minecraft.client.main.Main

Native path:
  C:/Users/********/AppData/Roaming/PrismLauncher/instances/rsift/natives

Traits:
traits feature:is_quick_play_singleplayer
traits feature:is_quick_play_multiplayer
traits FirstThreadOnMacOS
traits XR:Initial

Libraries:
  C:/Users/********/AppData/Roaming/PrismLauncher/libraries/org/lwjgl/lwjgl-freetype-natives-windows-arm64/3.3.3/lwjgl-freetype-natives-windows-arm64-3.3.3.jar
  C:/Users/********/AppData/Roaming/PrismLauncher/libraries/org/lwjgl/lwjgl-freetype-natives-windows-x86/3.3.3/lwjgl-freetype-natives-windows-x86-3.3.3.jar
  C:/Users/********/AppData/Roaming/PrismLauncher/libraries/org/lwjgl/lwjgl-freetype-natives-windows/3.3.3/lwjgl-freetype-natives-windows-3.3.3.jar
  C:/Users/********/AppData/Roaming/PrismLauncher/libraries/org/lwjgl/lwjgl-freetype/3.3.3/lwjgl-freetype-3.3.3.jar
  C:/Users/********/AppData/Roaming/PrismLauncher/libraries/org/lwjgl/lwjgl-glfw-natives-windows-arm64/3.3.3/lwjgl-glfw-natives-windows-arm64-3.3.3.jar
  C:/Users/********/AppData/Roaming/PrismLauncher/libraries/org/lwjgl/lwjgl-glfw-natives-windows-x86/3.3.3/lwjgl-glfw-natives-windows-x86-3.3.3.jar
  C:/Users/********/AppData/Roaming/PrismLauncher/libraries/org/lwjgl/lwjgl-glfw-natives-windows/3.3.3/lwjgl-glfw-natives-windows-3.3.3.jar
  C:/Users/********/AppData/Roaming/PrismLauncher/libraries/org/lwjgl/lwjgl-glfw/3.3.3/lwjgl-glfw-3.3.3.jar
  C:/Users/********/AppData/Roaming/PrismLauncher/libraries/org/lwjgl/lwjgl-jemalloc-natives-windows-arm64/3.3.3/lwjgl-jemalloc-natives-windows-arm64-3.3.3.jar
  C:/Users/********/AppData/Roaming/PrismLauncher/libraries/org/lwjgl/lwjgl-jemalloc-natives-windows-x86/3.3.3/lwjgl-jemalloc-natives-windows-x86-3.3.3.jar
  C:/Users/********/AppData/Roaming/PrismLauncher/libraries/org/lwjgl/lwjgl-jemalloc-natives-windows/3.3.3/lwjgl-jemalloc-natives-windows-3.3.3.jar
  C:/Users/********/AppData/Roaming/PrismLauncher/libraries/org/lwjgl/lwjgl-jemalloc/3.3.3/lwjgl-jemalloc-3.3.3.jar
  C:/Users/********/AppData/Roaming/PrismLauncher/libraries/org/lwjgl/lwjgl-natives-windows-arm64/3.3.3/lwjgl-natives-windows-arm64-3.3.3.jar
  C:/Users/********/AppData/Roaming/PrismLauncher/libraries/org/lwjgl/lwjgl-natives-windows-x86/3.3.3/lwjgl-natives-windows-x86-3.3.3.jar
  C:/Users/********/AppData/Roaming/PrismLauncher/libraries/org/lwjgl/lwjgl-natives-windows/3.3.3/lwjgl-natives-windows-3.3.3.jar
  C:/Users/********/AppData/Roaming/PrismLauncher/libraries/org/lwjgl/lwjgl-openal-natives-windows-arm64/3.3.3/lwjgl-openal-natives-windows-arm64-3.3.3.jar
  C:/Users/********/AppData/Roaming/PrismLauncher/libraries/org/lwjgl/lwjgl-openal-natives-windows-x86/3.3.3/lwjgl-openal-natives-windows-x86-3.3.3.jar
  C:/Users/********/AppData/Roaming/PrismLauncher/libraries/org/lwjgl/lwjgl-openal-natives-windows/3.3.3/lwjgl-openal-natives-windows-3.3.3.jar
  C:/Users/********/AppData/Roaming/PrismLauncher/libraries/org/lwjgl/lwjgl-openal/3.3.3/lwjgl-openal-3.3.3.jar
  C:/Users/********/AppData/Roaming/PrismLauncher/libraries/org/lwjgl/lwjgl-opengl-natives-windows-arm64/3.3.3/lwjgl-opengl-natives-windows-arm64-3.3.3.jar
  C:/Users/********/AppData/Roaming/PrismLauncher/libraries/org/lwjgl/lwjgl-opengl-natives-windows-x86/3.3.3/lwjgl-opengl-natives-windows-x86-3.3.3.jar
  C:/Users/********/AppData/Roaming/PrismLauncher/libraries/org/lwjgl/lwjgl-opengl-natives-windows/3.3.3/lwjgl-opengl-natives-windows-3.3.3.jar
  C:/Users/********/AppData/Roaming/PrismLauncher/libraries/org/lwjgl/lwjgl-opengl/3.3.3/lwjgl-opengl-3.3.3.jar
  C:/Users/********/AppData/Roaming/PrismLauncher/libraries/org/lwjgl/lwjgl-stb-natives-windows-arm64/3.3.3/lwjgl-stb-natives-windows-arm64-3.3.3.jar
  C:/Users/********/AppData/Roaming/PrismLauncher/libraries/org/lwjgl/lwjgl-stb-natives-windows-x86/3.3.3/lwjgl-stb-natives-windows-x86-3.3.3.jar
  C:/Users/********/AppData/Roaming/PrismLauncher/libraries/org/lwjgl/lwjgl-stb-natives-windows/3.3.3/lwjgl-stb-natives-windows-3.3.3.jar
  C:/Users/********/AppData/Roaming/PrismLauncher/libraries/org/lwjgl/lwjgl-stb/3.3.3/lwjgl-stb-3.3.3.jar
  C:/Users/********/AppData/Roaming/PrismLauncher/libraries/org/lwjgl/lwjgl-tinyfd-natives-windows-arm64/3.3.3/lwjgl-tinyfd-natives-windows-arm64-3.3.3.jar
  C:/Users/********/AppData/Roaming/PrismLauncher/libraries/org/lwjgl/lwjgl-tinyfd-natives-windows-x86/3.3.3/lwjgl-tinyfd-natives-windows-x86-3.3.3.jar
  C:/Users/********/AppData/Roaming/PrismLauncher/libraries/org/lwjgl/lwjgl-tinyfd-natives-windows/3.3.3/lwjgl-tinyfd-natives-windows-3.3.3.jar
  C:/Users/********/AppData/Roaming/PrismLauncher/libraries/org/lwjgl/lwjgl-tinyfd/3.3.3/lwjgl-tinyfd-3.3.3.jar
  C:/Users/********/AppData/Roaming/PrismLauncher/libraries/org/lwjgl/lwjgl/3.3.3/lwjgl-3.3.3.jar
  C:/Users/********/AppData/Roaming/PrismLauncher/libraries/at/yawk/lz4/lz4-java/1.8.1/lz4-java-1.8.1.jar
  C:/Users/********/AppData/Roaming/PrismLauncher/libraries/com/azure/azure-json/1.4.0/azure-json-1.4.0.jar
  C:/Users/********/AppData/Roaming/PrismLauncher/libraries/com/github/oshi/oshi-core/6.9.0/oshi-core-6.9.0.jar
  C:/Users/********/AppData/Roaming/PrismLauncher/libraries/com/google/code/gson/gson/2.13.2/gson-2.13.2.jar
  C:/Users/********/AppData/Roaming/PrismLauncher/libraries/com/google/guava/failureaccess/1.0.3/failureaccess-1.0.3.jar
  C:/Users/********/AppData/Roaming/PrismLauncher/libraries/com/google/guava/guava/33.5.0-jre/guava-33.5.0-jre.jar
  C:/Users/********/AppData/Roaming/PrismLauncher/libraries/com/ibm/icu/icu4j/77.1/icu4j-77.1.jar
  C:/Users/********/AppData/Roaming/PrismLauncher/libraries/com/microsoft/azure/msal4j/1.23.1/msal4j-1.23.1.jar
  C:/Users/********/AppData/Roaming/PrismLauncher/libraries/com/mojang/authlib/7.0.61/authlib-7.0.61.jar
  C:/Users/********/AppData/Roaming/PrismLauncher/libraries/com/mojang/blocklist/1.0.10/blocklist-1.0.10.jar
  C:/Users/********/AppData/Roaming/PrismLauncher/libraries/com/mojang/brigadier/1.3.10/brigadier-1.3.10.jar
  C:/Users/********/AppData/Roaming/PrismLauncher/libraries/com/mojang/datafixerupper/9.0.19/datafixerupper-9.0.19.jar
  C:/Users/********/AppData/Roaming/PrismLauncher/libraries/com/mojang/jtracy/1.0.37/jtracy-1.0.37.jar
  C:/Users/********/AppData/Roaming/PrismLauncher/libraries/com/mojang/jtracy-natives-windows/1.0.37/jtracy-natives-windows-1.0.37.jar
  C:/Users/********/AppData/Roaming/PrismLauncher/libraries/com/mojang/logging/1.6.11/logging-1.6.11.jar
  C:/Users/********/AppData/Roaming/PrismLauncher/libraries/com/mojang/patchy/2.2.10/patchy-2.2.10.jar
  C:/Users/********/AppData/Roaming/PrismLauncher/libraries/com/mojang/text2speech/1.18.11/text2speech-1.18.11.jar
  C:/Users/********/AppData/Roaming/PrismLauncher/libraries/commons-codec/commons-codec/1.19.0/commons-codec-1.19.0.jar
  C:/Users/********/AppData/Roaming/PrismLauncher/libraries/commons-io/commons-io/2.20.0/commons-io-2.20.0.jar
  C:/Users/********/AppData/Roaming/PrismLauncher/libraries/io/netty/netty-buffer/4.2.7.Final/netty-buffer-4.2.7.Final.jar
  C:/Users/********/AppData/Roaming/PrismLauncher/libraries/io/netty/netty-codec-base/4.2.7.Final/netty-codec-base-4.2.7.Final.jar
  C:/Users/********/AppData/Roaming/PrismLauncher/libraries/io/netty/netty-codec-compression/4.2.7.Final/netty-codec-compression-4.2.7.Final.jar
  C:/Users/********/AppData/Roaming/PrismLauncher/libraries/io/netty/netty-codec-http/4.2.7.Final/netty-codec-http-4.2.7.Final.jar
  C:/Users/********/AppData/Roaming/PrismLauncher/libraries/io/netty/netty-common/4.2.7.Final/netty-common-4.2.7.Final.jar
  C:/Users/********/AppData/Roaming/PrismLauncher/libraries/io/netty/netty-handler/4.2.7.Final/netty-handler-4.2.7.Final.jar
  C:/Users/********/AppData/Roaming/PrismLauncher/libraries/io/netty/netty-resolver/4.2.7.Final/netty-resolver-4.2.7.Final.jar
  C:/Users/********/AppData/Roaming/PrismLauncher/libraries/io/netty/netty-transport-classes-epoll/4.2.7.Final/netty-transport-classes-epoll-4.2.7.Final.jar
  C:/Users/********/AppData/Roaming/PrismLauncher/libraries/io/netty/netty-transport-classes-kqueue/4.2.7.Final/netty-transport-classes-kqueue-4.2.7.Final.jar
  C:/Users/********/AppData/Roaming/PrismLauncher/libraries/io/netty/netty-transport-native-unix-common/4.2.7.Final/netty-transport-native-unix-common-4.2.7.Final.jar
  C:/Users/********/AppData/Roaming/PrismLauncher/libraries/io/netty/netty-transport/4.2.7.Final/netty-transport-4.2.7.Final.jar
  C:/Users/********/AppData/Roaming/PrismLauncher/libraries/it/unimi/dsi/fastutil/8.5.18/fastutil-8.5.18.jar
  C:/Users/********/AppData/Roaming/PrismLauncher/libraries/net/java/dev/jna/jna-platform/5.17.0/jna-platform-5.17.0.jar
  C:/Users/********/AppData/Roaming/PrismLauncher/libraries/net/java/dev/jna/jna/5.17.0/jna-5.17.0.jar
  C:/Users/********/AppData/Roaming/PrismLauncher/libraries/net/sf/jopt-simple/jopt-simple/5.0.4/jopt-simple-5.0.4.jar
  C:/Users/********/AppData/Roaming/PrismLauncher/libraries/org/apache/commons/commons-compress/1.28.0/commons-compress-1.28.0.jar
  C:/Users/********/AppData/Roaming/PrismLauncher/libraries/org/apache/commons/commons-lang3/3.19.0/commons-lang3-3.19.0.jar
  C:/Users/********/AppData/Roaming/PrismLauncher/libraries/org/apache/logging/log4j/log4j-api/2.25.2/log4j-api-2.25.2.jar
  C:/Users/********/AppData/Roaming/PrismLauncher/libraries/org/apache/logging/log4j/log4j-core/2.25.2/log4j-core-2.25.2.jar
  C:/Users/********/AppData/Roaming/PrismLauncher/libraries/org/apache/logging/log4j/log4j-slf4j2-impl/2.25.2/log4j-slf4j2-impl-2.25.2.jar
  C:/Users/********/AppData/Roaming/PrismLauncher/libraries/org/jcraft/jorbis/0.0.17/jorbis-0.0.17.jar
  C:/Users/********/AppData/Roaming/PrismLauncher/libraries/org/joml/joml/1.10.8/joml-1.10.8.jar
  C:/Users/********/AppData/Roaming/PrismLauncher/libraries/org/jspecify/jspecify/1.0.0/jspecify-1.0.0.jar
  C:/Users/********/AppData/Roaming/PrismLauncher/libraries/org/slf4j/slf4j-api/2.0.17/slf4j-api-2.0.17.jar
  C:/Users/********/AppData/Roaming/PrismLauncher/libraries/com/mojang/minecraft/1.21.11/minecraft-1.21.11-client.jar

Native libraries:

Mods:
  [✔] .rsift_mod_perms
  [✔] rsgraphics
  [✔] rsreplay
  [✔] rszoom

Params:
  --username  --version 1.21.11 --gameDir C:/Users/********/AppData/Roaming/PrismLauncher/instances/rsift/.minecraft --assetsDir C:/Users/********/AppData/Roaming/PrismLauncher/assets --assetIndex 29 --uuid  --accessToken  --versionType release

Window size: 854 x 480

Launcher: standard

Java Arguments:
[-agentpath:C:\Users\********\AppData\Roaming\PrismLauncher\instances\rsift\rsift-natives\rsift_jvm.dll, -Drsift.gfx=vulkan, -Drsift.home=C:\Users\********\AppData\Roaming\PrismLauncher\instances\rsift\rsift-natives, -XX:HeapDumpPath=MojangTricksIntelDriversForPerformance_javaw.exe_minecraft.exe.heapdump, -Xms512m, -Xmx4096m, -Duser.language=en]


Minecraft process ID: 16084


[0001|t+0ms|ThreadId(1)] ==========================================================================
[0002|t+1ms|ThreadId(1)] [Rsift] session start: agentpath opts=
[0003|t+1ms|ThreadId(1)] [Rsift] log file: "C:\\Users\\Junji\\AppData\\Roaming\\PrismLauncher\\instances\\rsift\\rsift-natives\\rsift-bootstrap.log"
[0004|t+1ms|ThreadId(1)] [Rsift] dll directory: "C:\\Users\\Junji\\AppData\\Roaming\\PrismLauncher\\instances\\rsift\\rsift-natives"
[0005|t+2ms|ThreadId(1)] [Rsift] bootstrap jar: exists=true size=Some(43992)
[0006|t+2ms|ThreadId(1)] [Rsift] rsift_jvm.dll: exists=true size=Some(11701760)
[0007|t+2ms|ThreadId(1)] ==========================================================================
[0008|t+3ms|ThreadId(1)] [step] Agent_OnLoad — entered
[0009|t+3ms|ThreadId(1)] [step] Agent_OnLoad — options=""
[0010|t+3ms|ThreadId(1)] [step] jvmti — Agent_OnLoad: AddToBootstrapClassLoaderSearch rc=0 — RsiftHooks 可視化 (bootstrap CL): C:\Users\********\AppData\Roaming\PrismLauncher\instances\rsift\rsift-natives\rsift-bootstrap.jar
[0011|t+4ms|ThreadId(1)] [step] Agent_OnLoad — bootstrap classpath ensure rc=0
[0012|t+4ms|ThreadId(1)] [step] Agent_OnLoad — scheduling deferred init thread (mods load in background thread)
[0013|t+4ms|ThreadId(1)] [step] schedule_deferred_init — from_agentpath=true opts_len=0 agentpath_active=false
[0014|t+5ms|ThreadId(1)] [step] agentpath — marker written "C:\\Users\\Junji\\AppData\\Roaming\\PrismLauncher\\instances\\rsift\\rsift-natives\\.rsift-agentpath-active"
[0015|t+5ms|ThreadId(1)] [step] schedule_deferred_init — thread spawn OK
[0016|t+5ms|ThreadId(2)] [step] deferred_init — thread entered
[0017|t+6ms|ThreadId(1)] [step] Agent_OnLoad — complete — returning 0 to JVM
[0018|t+6ms|ThreadId(2)] [step] deferred_init — brief wait before JNI (agentpath-only, no javaagent)
[0019|t+1006ms|ThreadId(2)] [step] deferred_init — pre-JNI wait complete
[0020|t+1007ms|ThreadId(2)] [step] boot_markers — agentpath=true javaagent=false
[0021|t+1007ms|ThreadId(2)] [step] deferred_init — loading mods
[0022|t+1008ms|ThreadId(2)] [step] agent_premain — loading mods args=
[0023|t+1008ms|ThreadId(2)] [Rsift] mod_dir from game cwd: "C:\\Users\\Junji\\AppData\\Roaming\\PrismLauncher\\instances\\rsift\\.minecraft\\mods"
[0024|t+1008ms|ThreadId(2)] [step] agent_premain — mod_dir="C:\\Users\\Junji\\AppData\\Roaming\\PrismLauncher\\instances\\rsift\\.minecraft\\mods"
[0025|t+1009ms|ThreadId(2)] [step] agent_premain — mod candidates (3): ["rsgraphics.dll", "rsreplay.dll", "rszoom.dll"]
[0026|t+1010ms|ThreadId(2)] [step] agent_premain — official mod restore: all official mods already present
[0027|t+1010ms|ThreadId(2)] [step] agent_premain — abi table installed v1.21.11
[0028|t+1011ms|ThreadId(2)] [step] agent_premain — sim runtime ready backend=std_seek cores=8
[0029|t+1478ms|ThreadId(2)] [step] agent_premain — mods loaded OK: ["rsgraphics", "rsreplay", "rszoom"]
[0030|t+1479ms|ThreadId(2)] [step] deferred_init — JavaVM::from_raw addr=0x7ff89ff137b0
[0031|t+1772ms|ThreadId(2)] [Rsift] [obf_map] client.txt loaded → Obfuscated mode (classes=10291 methods=89557 fields=45679)
[0032|t+1773ms|ThreadId(2)] [step] deferred_init — obf_map mode = Obfuscated
[0033|t+1773ms|ThreadId(2)] [step] obf_method_aliases — registered 5 / 11 runtime method aliases [net/minecraft/client/Minecraft#tick=x, net/minecraft/client/Minecraft#run=j, net/minecraft/client/gui/screens/Screen#init=<FAIL: ambiguous(2+ overloads) or not in client.txt>, net/minecraft/network/Connection#channelRead0=<FAIL: ambiguous(2+ overloads) or not in client.txt>, net/minecraft/world/entity/Mob#aiStep=d_, net/minecraft/world/entity/Entity#travel=<FAIL: ambiguous(2+ overloads) or not in client.txt>, net/minecraft/world/level/redstone/RedstoneWireBlock#calculateTargetStrength=<FAIL: ambiguous(2+ overloads) or not in client.txt>, net/minecraft/world/level/chunk/LevelChunk#tick=<FAIL: ambiguous(2+ overloads) or not in client.txt>, net/minecraft/world/level/block/entity/HopperBlockEntity#tick=<FAIL: ambiguous(2+ overloads) or not in client.txt>, net/minecraft/server/level/ServerLevel#tick=a, net/minecraft/world/level/material/FlowingFluid#tick=b]
[0034|t+1774ms|ThreadId(2)] [step] classloader_probe — attempt 0 attach OK
[0035|t+1775ms|ThreadId(2)] [step] jvmti — AddCapabilities request all_hook=true early_hook=false redefine=true retransform=true retransform_any=true (potential ∩ desired)
[0036|t+1775ms|ThreadId(2)] [step] jvmti — AddCapabilities rc=0 (全請求受理)
[0037|t+1775ms|ThreadId(2)] [step] jvmti — GetCapabilities rc=0 all_hook=true early_hook=false redefine=true retransform=true retransform_any=true
[0038|t+1776ms|ThreadId(2)] [JVMTI] ClassFileLoadHook + ClassLoad enabled (exact-spec indices)
[0039|t+1776ms|ThreadId(2)] [step] f3_marker — static spec pre-registered (load-free, reflection-independent): glz#getLines ()Ljava/util/List; (mojmap DebugScreenEntryList#getLines)
[0040|t+1776ms|ThreadId(2)] [step] deferred_init — JVMTI CFLH install (attached thread, attempt 0) = true
[0041|t+1777ms|ThreadId(2)] [step] classloader — attempt 0 — game still booting, deferring JNI probes
[0042|t+1777ms|ThreadId(2)] [step] classloader_probe — attempt 0 — not ready yet
[09:26:41] [Datafixer Bootstrap/INFO]: 287 Datafixer optimizations took 694 milliseconds
[0043|t+4212ms|ThreadId(1)] [CFLH] net/minecraft/world/entity/Entity (runtime=cgk) matched target but NOT modified (method name/desc not found or refused) — 106567 bytes
[0044|t+4277ms|ThreadId(1)] [CFLH] net/minecraft/server/level/ServerLevel (runtime=axf) matched target but NOT modified (method name/desc not found or refused) — 58743 bytes
[0045|t+4659ms|ThreadId(1)] [CFLH] net/minecraft/world/level/material/FlowingFluid (runtime=fkz) matched target but NOT modified (method name/desc not found or refused) — 14050 bytes
[0046|t+5048ms|ThreadId(1)] [CFLH] net/minecraft/world/entity/Mob (runtime=chn) matched target but NOT modified (method name/desc not found or refused) — 38522 bytes
[0047|t+5536ms|ThreadId(1)] [CFLH] net/minecraft/world/level/block/entity/HopperBlockEntity (runtime=emf) matched target but NOT modified (method name/desc not found or refused) — 12215 bytes
[0048|t+6781ms|ThreadId(2)] [step] classloader_probe — attempt 5 attach OK
[0049|t+6796ms|ThreadId(2)] [CFLH] net/minecraft/client/Minecraft (runtime=gfj) matched target but NOT modified (method name/desc not found or refused) — 88505 bytes
[0050|t+6799ms|ThreadId(2)] [JVMTI] wanted class captured at ClassLoad (loader-independent): gfj
[0051|t+6799ms|ThreadId(2)] [Rsift] game ClassLoader cached
[0052|t+6800ms|ThreadId(2)] [step] classloader — FOUND via named thread context ClassLoader
[0053|t+6800ms|ThreadId(2)] [step] classloader_probe — FOUND on attempt 5
[0054|t+6801ms|ThreadId(2)] [Rsift] RsiftScreenHooks ready (minimal bootstrap)
[0055|t+6803ms|ThreadId(2)] [Rsift] RsiftPacketTap は同梱 bootstrap jar に未収録のためパケットタップは無効 (継続)
[0056|t+6804ms|ThreadId(2)] [Rsift] RsiftModBridge loaded
[0057|t+6805ms|ThreadId(2)] [Rsift] RsiftPlatformBridge loaded
[0058|t+6806ms|ThreadId(2)] [step] bridge_load — UiBridge=true ModBridge=true
[0059|t+6808ms|ThreadId(2)] [JVMTI] wanted class captured at ClassLoad (loader-independent): gjm
[0060|t+6813ms|ThreadId(2)] [CFLH] net/minecraft/world/level/chunk/LevelChunk (runtime=eqq) matched target but NOT modified (method name/desc not found or refused) — 23059 bytes
[0061|t+6816ms|ThreadId(2)] [JVMTI] game ClassLoader captured via CFLH (first class: net/minecraft/server/MinecraftServer)
[0062|t+6824ms|ThreadId(2)] [warn] jni_exc — loadClass(net.minecraft.client.gui.components.debug.DebugScreenOverlay [from mojmap net.minecraft.client.gui.components.debug.DebugScreenOverlay]) via game loader — returning None to caller: java.lang.ClassNotFoundException: net.minecraft.client.gui.components.debug.DebugScreenOverlay
[0063|t+6824ms|ThreadId(2)] [step] f3_marker — no F3-lines method (0-arg, List<String|Component>) found via reflection — F3 marker skipped honestly (window title marker remains)
[0064|t+6825ms|ThreadId(2)] [CFLH] PATCHED com/mojang/blaze3d/systems/RenderSystem (runtime=com/mojang/blaze3d/systems/RenderSystem) 11688 → 11742 bytes
[0065|t+6826ms|ThreadId(2)] [CFLH] net/minecraft/client/gui/screens/Screen (runtime=gsb) matched target but NOT modified (method name/desc not found or refused) — 19699 bytes
[0066|t+6831ms|ThreadId(2)] [JVMTI] wanted class captured at ClassLoad (loader-independent): gsb
[0067|t+6832ms|ThreadId(2)] [CFLH] net/minecraft/network/Connection (runtime=wu) matched target but NOT modified (method name/desc not found or refused) — 22766 bytes
[0068|t+6836ms|ThreadId(2)] [JVMTI] wanted class captured at ClassLoad (loader-independent): wu
[0069|t+6837ms|ThreadId(2)] [warn] jni_exc — loadClass(net.minecraft.world.level.redstone.RedstoneWireBlock [from mojmap net.minecraft.world.level.redstone.RedstoneWireBlock]) via game loader — returning None to caller: java.lang.ClassNotFoundException: net.minecraft.world.level.redstone.RedstoneWireBlock
[0070|t+6837ms|ThreadId(2)] [warn] jni_exc — retransform sweep: could not obtain jclass for net.minecraft.world.level.redstone.RedstoneWireBlock: java.lang.ClassNotFoundException: net.minecraft.world.level.redstone.RedstoneWireBlock
[0071|t+6979ms|ThreadId(2)] [step] retransform — RetransformClasses rc=0 (10 of 11 target classes already loaded)
[0072|t+7087ms|ThreadId(2)] [step] class_dump — 1851 interesting classes loaded (of 10385 total)
[0073|t+7088ms|ThreadId(2)] [class_dump] [B
[0074|t+7089ms|ThreadId(2)] [class_dump] [C
[0075|t+7089ms|ThreadId(2)] [class_dump] [D
[0076|t+7089ms|ThreadId(2)] [class_dump] [F
[0077|t+7090ms|ThreadId(2)] [class_dump] [I
[0078|t+7091ms|ThreadId(2)] [class_dump] [J
[0079|t+7093ms|ThreadId(2)] [class_dump] [Lbhh;
[0080|t+7093ms|ThreadId(2)] [class_dump] [Lbhr;
[0081|t+7094ms|ThreadId(2)] [class_dump] [Lbhz;
[0082|t+7094ms|ThreadId(2)] [class_dump] [Lbyo;
[0083|t+7095ms|ThreadId(2)] [class_dump] [Lcev;
[0084|t+7095ms|ThreadId(2)] [class_dump] [Lcew;
[0085|t+7096ms|ThreadId(2)] [class_dump] [Lcfb;
[0086|t+7096ms|ThreadId(2)] [class_dump] [Lcfl;
[0087|t+7097ms|ThreadId(2)] [class_dump] [Lcgv;
[0088|t+7097ms|ThreadId(2)] [class_dump] [Lcgw;
[0089|t+7097ms|ThreadId(2)] [class_dump] [Ldkr;
[0090|t+7098ms|ThreadId(2)] [class_dump] [Ldmp;
[0091|t+7098ms|ThreadId(2)] [class_dump] [Ldss;
[0092|t+7098ms|ThreadId(2)] [class_dump] [Ldvt;
[0093|t+7099ms|ThreadId(2)] [class_dump] [Ldwf;
[0094|t+7099ms|ThreadId(2)] [class_dump] [Ldwq;
[0095|t+7099ms|ThreadId(2)] [class_dump] [Leev;
[0096|t+7100ms|ThreadId(2)] [class_dump] [Legm;
[0097|t+7100ms|ThreadId(2)] [class_dump] [Leig;
[0098|t+7100ms|ThreadId(2)] [class_dump] [Lenk;
[0099|t+7101ms|ThreadId(2)] [class_dump] [Lens;
[0100|t+7101ms|ThreadId(2)] [class_dump] [Leos;
[0101|t+7101ms|ThreadId(2)] [class_dump] [Leot;
[0102|t+7102ms|ThreadId(2)] [class_dump] [Leou;
[0103|t+7102ms|ThreadId(2)] [class_dump] [Leov;
[0104|t+7102ms|ThreadId(2)] [class_dump] [Leoy;
[0105|t+7103ms|ThreadId(2)] [class_dump] [Leoz;
[0106|t+7103ms|ThreadId(2)] [class_dump] [Lepa;
[0107|t+7103ms|ThreadId(2)] [class_dump] [Lepb;
[0108|t+7104ms|ThreadId(2)] [class_dump] [Lepc;
[0109|t+7104ms|ThreadId(2)] [class_dump] [Lepd;
[0110|t+7104ms|ThreadId(2)] [class_dump] [Lepe;
[0111|t+7105ms|ThreadId(2)] [class_dump] [Lepg;
[0112|t+7105ms|ThreadId(2)] [class_dump] [Lepi;
[0113|t+7105ms|ThreadId(2)] [class_dump] [Lepj;
[0114|t+7106ms|ThreadId(2)] [class_dump] [Lepk;
[0115|t+7106ms|ThreadId(2)] [class_dump] [Lepl;
[0116|t+7106ms|ThreadId(2)] [class_dump] [Lepm;
[0117|t+7106ms|ThreadId(2)] [class_dump] [Lepo;
[0118|t+7107ms|ThreadId(2)] [class_dump] [Lepp;
[0119|t+7107ms|ThreadId(2)] [class_dump] [Lepq;
[0120|t+7108ms|ThreadId(2)] [class_dump] [Lepr;
[0121|t+7108ms|ThreadId(2)] [class_dump] [Leps;
[0122|t+7109ms|ThreadId(2)] [class_dump] [Lept;
[0123|t+7109ms|ThreadId(2)] [class_dump] [Lepu;
[0124|t+7110ms|ThreadId(2)] [class_dump] [Lepv;
[0125|t+7110ms|ThreadId(2)] [class_dump] [Lf;
[0126|t+7111ms|ThreadId(2)] [class_dump] [Lflf;
[0127|t+7111ms|ThreadId(2)] [class_dump] [Lflg;
[0128|t+7111ms|ThreadId(2)] [class_dump] [Lflq;
[0129|t+7112ms|ThreadId(2)] [class_dump] [Lfug;
[0130|t+7112ms|ThreadId(2)] [class_dump] [Lh;
[0131|t+7113ms|ThreadId(2)] [class_dump] [Lip;
[0132|t+7113ms|ThreadId(2)] [class_dump] [Liz;
[0133|t+7113ms|ThreadId(2)] [class_dump] [Ljb;
[0134|t+7114ms|ThreadId(2)] [class_dump] [Ljd;
[0135|t+7114ms|ThreadId(2)] [class_dump] [Ll;
[0136|t+7114ms|ThreadId(2)] [class_dump] [Lux;
[0137|t+7115ms|ThreadId(2)] [class_dump] [Lvp;
[0138|t+7115ms|ThreadId(2)] [class_dump] [Lvq;
[0139|t+7115ms|ThreadId(2)] [class_dump] [Lvz;
[0140|t+7116ms|ThreadId(2)] [class_dump] [S
[0141|t+7116ms|ThreadId(2)] [class_dump] [Z
[0142|t+7116ms|ThreadId(2)] [class_dump] [[B
[0143|t+7117ms|ThreadId(2)] [class_dump] [[C
[0144|t+7117ms|ThreadId(2)] [class_dump] [[I
[0145|t+7117ms|ThreadId(2)] [class_dump] [[J
[0146|t+7118ms|ThreadId(2)] [class_dump] [[Lbhh;
[0147|t+7118ms|ThreadId(2)] [class_dump] [[Lf;
[0148|t+7118ms|ThreadId(2)] [class_dump] [[Lh;
[0149|t+7119ms|ThreadId(2)] [class_dump] [[S
[0150|t+7119ms|ThreadId(2)] [class_dump] [[[C
[0151|t+7120ms|ThreadId(2)] [class_dump] aa → net.minecraft.WorldVersion
[0152|t+7121ms|ThreadId(2)] [class_dump] aah → net.minecraft.network.chat.numbers.NumberFormatType
[0153|t+7122ms|ThreadId(2)] [class_dump] aai → net.minecraft.network.chat.numbers.NumberFormatTypes
[0154|t+7123ms|ThreadId(2)] [class_dump] aam → net.minecraft.network.codec.ByteBufCodecs
[0155|t+7123ms|ThreadId(2)] [class_dump] aao → net.minecraft.network.codec.StreamCodec
[0156|t+7124ms|ThreadId(2)] [class_dump] aap → net.minecraft.network.codec.StreamDecoder
[0157|t+7124ms|ThreadId(2)] [class_dump] aaq → net.minecraft.network.codec.StreamEncoder
[0158|t+7124ms|ThreadId(2)] [class_dump] aay → net.minecraft.network.protocol.Packet
[0159|t+7125ms|ThreadId(2)] [class_dump] abk → net.minecraft.network.protocol.common.ClientboundDisconnectPacket
[0160|t+7125ms|ThreadId(2)] [class_dump] acv → net.minecraft.network.protocol.cookie.ClientCookiePacketListener
[0161|t+7125ms|ThreadId(2)] [class_dump] aj → net.minecraft.advancements.CriteriaTriggers
[0162|t+7126ms|ThreadId(2)] [class_dump] ako → net.minecraft.network.protocol.login.ClientLoginPacketListener
[0163|t+7126ms|ThreadId(2)] [class_dump] aks → net.minecraft.network.protocol.login.ClientboundLoginDisconnectPacket
[0164|t+7126ms|ThreadId(2)] [class_dump] alz → net.minecraft.network.syncher.SyncedDataHolder
[0165|t+7127ms|ThreadId(2)] [class_dump] am → net.minecraft.advancements.CriterionTrigger
[0166|t+7127ms|ThreadId(2)] [class_dump] amh → net.minecraft.references.Blocks
[0167|t+7127ms|ThreadId(2)] [class_dump] ami → net.minecraft.references.Items
[0168|t+7128ms|ThreadId(2)] [class_dump] aml → net.minecraft.resources.DependantName
[0169|t+7128ms|ThreadId(2)] [class_dump] amn → net.minecraft.resources.HolderSetCodec
[0170|t+7128ms|ThreadId(2)] [class_dump] amo → net.minecraft.resources.Identifier
[0171|t+7129ms|ThreadId(2)] [class_dump] amq → net.minecraft.resources.RegistryFileCodec
[0172|t+7129ms|ThreadId(2)] [class_dump] amr → net.minecraft.resources.RegistryFixedCodec
[0173|t+7129ms|ThreadId(2)] [class_dump] amt → net.minecraft.resources.ResourceKey
[0174|t+7130ms|ThreadId(2)] [class_dump] amv → net.minecraft.server.Bootstrap
[0175|t+7130ms|ThreadId(2)] [class_dump] amy → net.minecraft.server.DebugLoggedPrintStream
[0176|t+7130ms|ThreadId(2)] [class_dump] ana → net.minecraft.server.LoggedPrintStream
[0177|t+7131ms|ThreadId(2)] [class_dump] anf → net.minecraft.server.RunningOnDifferentThreadException
[0178|t+7131ms|ThreadId(2)] [class_dump] anj → net.minecraft.server.ServerInfo
[0179|t+7131ms|ThreadId(2)] [class_dump] anm → net.minecraft.server.ServerScoreboard
[0180|t+7132ms|ThreadId(2)] [class_dump] ann → net.minecraft.server.ServerTickRateManager
[0181|t+7132ms|ThreadId(2)] [class_dump] asm → net.minecraft.server.dialog.DialogTypes
[0182|t+7132ms|ThreadId(2)] [class_dump] asu → net.minecraft.server.dialog.action.ActionTypes
[0183|t+7133ms|ThreadId(2)] [class_dump] atb → net.minecraft.server.dialog.body.DialogBodyTypes
[0184|t+7133ms|ThreadId(2)] [class_dump] ath → net.minecraft.server.dialog.input.InputControlTypes
[0185|t+7133ms|ThreadId(2)] [class_dump] ats → net.minecraft.server.jsonrpc.IncomingRpcMethod
[0186|t+7134ms|ThreadId(2)] [class_dump] att → net.minecraft.server.jsonrpc.IncomingRpcMethods
[0187|t+7134ms|ThreadId(2)] [class_dump] awk → net.minecraft.server.level.ChunkResult
[0188|t+7134ms|ThreadId(2)] [class_dump] axc → net.minecraft.server.level.ServerChunkCache
[0189|t+7134ms|ThreadId(2)] [class_dump] axe → net.minecraft.server.level.ServerEntityGetter
[0190|t+7135ms|ThreadId(2)] [class_dump] axf → net.minecraft.server.level.ServerLevel
[0191|t+7135ms|ThreadId(2)] [class_dump] axg → net.minecraft.server.level.ServerPlayer
[0192|t+7136ms|ThreadId(2)] [class_dump] axq → net.minecraft.server.level.progress.LevelLoadListener
[0193|t+7136ms|ThreadId(2)] [class_dump] azl → net.minecraft.server.packs.PackResources
[0194|t+7136ms|ThreadId(2)] [class_dump] azz → net.minecraft.server.packs.metadata.pack.PackFormat
[0195|t+7137ms|ThreadId(2)] [class_dump] bat → net.minecraft.server.packs.resources.PreparableReloadListener
[0196|t+7137ms|ThreadId(2)] [class_dump] baz → net.minecraft.server.packs.resources.ResourceManager
[0197|t+7138ms|ThreadId(2)] [class_dump] bbc → net.minecraft.server.packs.resources.ResourceProvider
[0198|t+7138ms|ThreadId(2)] [class_dump] bbk → net.minecraft.server.permissions.PermissionCheckTypes
[0199|t+7138ms|ThreadId(2)] [class_dump] bbq → net.minecraft.server.permissions.PermissionTypes
[0200|t+7139ms|ThreadId(2)] [class_dump] bca → net.minecraft.server.players.ProfileResolver
[0201|t+7139ms|ThreadId(2)] [class_dump] bcz → net.minecraft.sounds.SoundEvent
[0202|t+7139ms|ThreadId(2)] [class_dump] bda → net.minecraft.sounds.SoundEvents
[0203|t+7140ms|ThreadId(2)] [class_dump] bef → net.minecraft.tags.TagKey
[0204|t+7140ms|ThreadId(2)] [class_dump] bel → net.minecraft.util.ARGB
[0205|t+7140ms|ThreadId(2)] [class_dump] beu → net.minecraft.util.ByIdMap
[0206|t+7141ms|ThreadId(2)] [class_dump] bex → net.minecraft.util.ColorRGBA
[0207|t+7141ms|ThreadId(2)] [class_dump] bfk → net.minecraft.util.EncoderCache
[0208|t+7141ms|ThreadId(2)] [class_dump] bfm → net.minecraft.util.ExtraCodecs
[0209|t+7142ms|ThreadId(2)] [class_dump] bfr → net.minecraft.util.FormattedCharSequence
[0210|t+7142ms|ThreadId(2)] [class_dump] bfs → net.minecraft.util.FormattedCharSink
[0211|t+7142ms|ThreadId(2)] [class_dump] bfv → net.minecraft.util.GsonHelper
[0212|t+7143ms|ThreadId(2)] [class_dump] bgh → net.minecraft.util.MemoryReserve
[0213|t+7143ms|ThreadId(2)] [class_dump] bgj → net.minecraft.util.Mth
[0214|t+7143ms|ThreadId(2)] [class_dump] bgp → net.minecraft.util.ProblemReporter
[0215|t+7143ms|ThreadId(2)] [class_dump] bgq → net.minecraft.util.ProgressListener
[0216|t+7144ms|ThreadId(2)] [class_dump] bgr → net.minecraft.util.RandomSource
[0217|t+7144ms|ThreadId(2)] [class_dump] bgt → net.minecraft.util.SegmentedAnglePrecision
[0218|t+7144ms|ThreadId(2)] [class_dump] bhh → net.minecraft.util.StringRepresentable
[0219|t+7145ms|ThreadId(2)] [class_dump] bhm → net.minecraft.util.TimeSource
[0220|t+7145ms|ThreadId(2)] [class_dump] bhr → net.minecraft.util.Unit
[0221|t+7145ms|ThreadId(2)] [class_dump] bhs → net.minecraft.util.Util
[0222|t+7145ms|ThreadId(2)] [class_dump] bhv → net.minecraft.util.context.ContextKey
[0223|t+7146ms|ThreadId(2)] [class_dump] bhw → net.minecraft.util.context.ContextKeySet
[0224|t+7146ms|ThreadId(2)] [class_dump] bhz → net.minecraft.util.datafix.DataFixTypes
[0225|t+7146ms|ThreadId(2)] [class_dump] bia → net.minecraft.util.datafix.DataFixers
[0226|t+7146ms|ThreadId(2)] [class_dump] bib → net.minecraft.util.datafix.ExtraDataFixUtils
[0227|t+7147ms|ThreadId(2)] [class_dump] bie → net.minecraft.util.datafix.fixes.AbstractArrowPickupFix
[0228|t+7147ms|ThreadId(2)] [class_dump] bif → net.minecraft.util.datafix.fixes.AbstractBlockPropertyFix
[0229|t+7147ms|ThreadId(2)] [class_dump] big → net.minecraft.util.datafix.fixes.AbstractPoiSectionFix
[0230|t+7148ms|ThreadId(2)] [class_dump] bih → net.minecraft.util.datafix.fixes.AbstractUUIDFix
[0231|t+7148ms|ThreadId(2)] [class_dump] bii → net.minecraft.util.datafix.fixes.AddFieldFix
[0232|t+7148ms|ThreadId(2)] [class_dump] bij → net.minecraft.util.datafix.fixes.AddFlagIfNotPresentFix
[0233|t+7148ms|ThreadId(2)] [class_dump] bik → net.minecraft.util.datafix.fixes.AddNewChoices
[0234|t+7149ms|ThreadId(2)] [class_dump] bil → net.minecraft.util.datafix.fixes.AdvancementsFix
[0235|t+7149ms|ThreadId(2)] [class_dump] bim → net.minecraft.util.datafix.fixes.AdvancementsRenameFix
[0236|t+7149ms|ThreadId(2)] [class_dump] bin → net.minecraft.util.datafix.fixes.AreaEffectCloudDurationScaleFix
[0237|t+7149ms|ThreadId(2)] [class_dump] bio → net.minecraft.util.datafix.fixes.AreaEffectCloudPotionFix
[0238|t+7150ms|ThreadId(2)] [class_dump] bip → net.minecraft.util.datafix.fixes.AttributeIdPrefixFix
[0239|t+7150ms|ThreadId(2)] [class_dump] biq → net.minecraft.util.datafix.fixes.AttributeModifierIdFix
[0240|t+7150ms|ThreadId(2)] [class_dump] bir → net.minecraft.util.datafix.fixes.AttributesRenameFix
[0241|t+7151ms|ThreadId(2)] [class_dump] bis → net.minecraft.util.datafix.fixes.AttributesRenameLegacy
[0242|t+7151ms|ThreadId(2)] [class_dump] bit → net.minecraft.util.datafix.fixes.BannerEntityCustomNameToOverrideComponentFix
[0243|t+7151ms|ThreadId(2)] [class_dump] biu → net.minecraft.util.datafix.fixes.BannerPatternFormatFix
[0244|t+7152ms|ThreadId(2)] [class_dump] biv → net.minecraft.util.datafix.fixes.BedItemColorFix
[0245|t+7152ms|ThreadId(2)] [class_dump] biw → net.minecraft.util.datafix.fixes.BeehiveFieldRenameFix
[0246|t+7152ms|ThreadId(2)] [class_dump] bix → net.minecraft.util.datafix.fixes.BiomeFix
[0247|t+7152ms|ThreadId(2)] [class_dump] biy → net.minecraft.util.datafix.fixes.BitStorageAlignFix
[0248|t+7153ms|ThreadId(2)] [class_dump] biz → net.minecraft.util.datafix.fixes.BlendingDataFix
[0249|t+7153ms|ThreadId(2)] [class_dump] bja → net.minecraft.util.datafix.fixes.BlendingDataRemoveFromNetherEndFix
[0250|t+7153ms|ThreadId(2)] [class_dump] bjb → net.minecraft.util.datafix.fixes.BlockEntityBannerColorFix
[0251|t+7154ms|ThreadId(2)] [class_dump] bjc → net.minecraft.util.datafix.fixes.BlockEntityBlockStateFix
[0252|t+7154ms|ThreadId(2)] [class_dump] bjd → net.minecraft.util.datafix.fixes.BlockEntityCustomNameToComponentFix
[0253|t+7154ms|ThreadId(2)] [class_dump] bje → net.minecraft.util.datafix.fixes.BlockEntityFurnaceBurnTimeFix
[0254|t+7154ms|ThreadId(2)] [class_dump] bjf → net.minecraft.util.datafix.fixes.BlockEntityIdFix
[0255|t+7155ms|ThreadId(2)] [class_dump] bjg → net.minecraft.util.datafix.fixes.BlockEntityJukeboxFix
[0256|t+7155ms|ThreadId(2)] [class_dump] bjh → net.minecraft.util.datafix.fixes.BlockEntityKeepPacked
[0257|t+7155ms|ThreadId(2)] [class_dump] bji → net.minecraft.util.datafix.fixes.BlockEntityRenameFix
[0258|t+7156ms|ThreadId(2)] [class_dump] bjj → net.minecraft.util.datafix.fixes.BlockEntityShulkerBoxColorFix
[0259|t+7156ms|ThreadId(2)] [class_dump] bjk → net.minecraft.util.datafix.fixes.BlockEntitySignDoubleSidedEditableTextFix
[0260|t+7156ms|ThreadId(2)] [class_dump] bjl → net.minecraft.util.datafix.fixes.BlockEntityUUIDFix
[0261|t+7156ms|ThreadId(2)] [class_dump] bjm → net.minecraft.util.datafix.fixes.BlockNameFlatteningFix
[0262|t+7157ms|ThreadId(2)] [class_dump] bjn → net.minecraft.util.datafix.fixes.BlockPosFormatAndRenamesFix
[0263|t+7157ms|ThreadId(2)] [class_dump] bjo → net.minecraft.util.datafix.fixes.BlockPropertyRenameAndFix
[0264|t+7157ms|ThreadId(2)] [class_dump] bjp → net.minecraft.util.datafix.fixes.BlockRenameFix
[0265|t+7158ms|ThreadId(2)] [class_dump] bjr → net.minecraft.util.datafix.fixes.BlockStateStructureTemplateFix
[0266|t+7158ms|ThreadId(2)] [class_dump] bjs → net.minecraft.util.datafix.fixes.BoatSplitFix
[0267|t+7159ms|ThreadId(2)] [class_dump] bjt → net.minecraft.util.datafix.fixes.CarvingStepRemoveFix
[0268|t+7159ms|ThreadId(2)] [class_dump] bju → net.minecraft.util.datafix.fixes.CatTypeFix
[0269|t+7159ms|ThreadId(2)] [class_dump] bjv → net.minecraft.util.datafix.fixes.CauldronRenameFix
[0270|t+7159ms|ThreadId(2)] [class_dump] bjw → net.minecraft.util.datafix.fixes.CavesAndCliffsRenames
[0271|t+7160ms|ThreadId(2)] [class_dump] bjx → net.minecraft.util.datafix.fixes.ChestedHorsesInventoryZeroIndexingFix
[0272|t+7160ms|ThreadId(2)] [class_dump] bjy → net.minecraft.util.datafix.fixes.ChunkBedBlockEntityInjecterFix
[0273|t+7160ms|ThreadId(2)] [class_dump] bjz → net.minecraft.util.datafix.fixes.ChunkBiomeFix
[0274|t+7160ms|ThreadId(2)] [class_dump] bka → net.minecraft.util.datafix.fixes.ChunkDeleteIgnoredLightDataFix
[0275|t+7161ms|ThreadId(2)] [class_dump] bkb → net.minecraft.util.datafix.fixes.ChunkDeleteLightFix
[0276|t+7161ms|ThreadId(2)] [class_dump] bkc → net.minecraft.util.datafix.fixes.ChunkHeightAndBiomeFix
[0277|t+7161ms|ThreadId(2)] [class_dump] bkd → net.minecraft.util.datafix.fixes.ChunkLightRemoveFix
[0278|t+7161ms|ThreadId(2)] [class_dump] bke → net.minecraft.util.datafix.fixes.ChunkPalettedStorageFix
[0279|t+7162ms|ThreadId(2)] [class_dump] bkf → net.minecraft.util.datafix.fixes.ChunkProtoTickListFix
[0280|t+7162ms|ThreadId(2)] [class_dump] bkg → net.minecraft.util.datafix.fixes.ChunkRenamesFix
[0281|t+7162ms|ThreadId(2)] [class_dump] bkh → net.minecraft.util.datafix.fixes.ChunkStatusFix
[0282|t+7162ms|ThreadId(2)] [class_dump] bki → net.minecraft.util.datafix.fixes.ChunkStatusFix2
[0283|t+7163ms|ThreadId(2)] [class_dump] bkj → net.minecraft.util.datafix.fixes.ChunkStructuresTemplateRenameFix
[0284|t+7163ms|ThreadId(2)] [class_dump] bkk → net.minecraft.util.datafix.fixes.ChunkTicketUnpackPosFix
[0285|t+7163ms|ThreadId(2)] [class_dump] bkl → net.minecraft.util.datafix.fixes.ChunkToProtochunkFix
[0286|t+7164ms|ThreadId(2)] [class_dump] bkm → net.minecraft.util.datafix.fixes.ColorlessShulkerEntityFix
[0287|t+7164ms|ThreadId(2)] [class_dump] bkn → net.minecraft.util.datafix.fixes.ContainerBlockEntityLockPredicateFix
[0288|t+7164ms|ThreadId(2)] [class_dump] bko → net.minecraft.util.datafix.fixes.CopperGolemWeatherStateFix
[0289|t+7164ms|ThreadId(2)] [class_dump] bkp → net.minecraft.util.datafix.fixes.CriteriaRenameFix
[0290|t+7165ms|ThreadId(2)] [class_dump] bkq → net.minecraft.util.datafix.fixes.CustomModelDataExpandFix
[0291|t+7165ms|ThreadId(2)] [class_dump] bkr → net.minecraft.util.datafix.fixes.DataComponentRemainderFix
[0292|t+7165ms|ThreadId(2)] [class_dump] bks → net.minecraft.util.datafix.fixes.DebugProfileOverlayReferenceFix
[0293|t+7166ms|ThreadId(2)] [class_dump] bkt → net.minecraft.util.datafix.fixes.DecoratedPotFieldRenameFix
[0294|t+7166ms|ThreadId(2)] [class_dump] bku → net.minecraft.util.datafix.fixes.DropChancesFormatFix
[0295|t+7166ms|ThreadId(2)] [class_dump] bkv → net.minecraft.util.datafix.fixes.DropInvalidSignDataFix
[0296|t+7167ms|ThreadId(2)] [class_dump] bkw → net.minecraft.util.datafix.fixes.DyeItemRenameFix
[0297|t+7167ms|ThreadId(2)] [class_dump] bkx → net.minecraft.util.datafix.fixes.EffectDurationFix
[0298|t+7167ms|ThreadId(2)] [class_dump] bky → net.minecraft.util.datafix.fixes.EmptyItemInHotbarFix
[0299|t+7167ms|ThreadId(2)] [class_dump] bkz → net.minecraft.util.datafix.fixes.EmptyItemInVillagerTradeFix
[0300|t+7168ms|ThreadId(2)] [class_dump] bla → net.minecraft.util.datafix.fixes.EntityArmorStandSilentFix
[0301|t+7168ms|ThreadId(2)] [class_dump] blb → net.minecraft.util.datafix.fixes.EntityAttributeBaseValueFix
[0302|t+7168ms|ThreadId(2)] [class_dump] blc → net.minecraft.util.datafix.fixes.EntityBlockStateFix
[0303|t+7169ms|ThreadId(2)] [class_dump] bld → net.minecraft.util.datafix.fixes.EntityBrushableBlockFieldsRenameFix
[0304|t+7169ms|ThreadId(2)] [class_dump] ble → net.minecraft.util.datafix.fixes.EntityCatSplitFix
[0305|t+7169ms|ThreadId(2)] [class_dump] blf → net.minecraft.util.datafix.fixes.EntityCodSalmonFix
[0306|t+7170ms|ThreadId(2)] [class_dump] blg → net.minecraft.util.datafix.fixes.EntityCustomNameToComponentFix
[0307|t+7170ms|ThreadId(2)] [class_dump] blh → net.minecraft.util.datafix.fixes.EntityElderGuardianSplitFix
[0308|t+7171ms|ThreadId(2)] [class_dump] bli → net.minecraft.util.datafix.fixes.EntityEquipmentToArmorAndHandFix
[0309|t+7171ms|ThreadId(2)] [class_dump] blj → net.minecraft.util.datafix.fixes.EntityFallDistanceFloatToDoubleFix
[0310|t+7171ms|ThreadId(2)] [class_dump] blk → net.minecraft.util.datafix.fixes.EntityFieldsRenameFix
[0311|t+7172ms|ThreadId(2)] [class_dump] bll → net.minecraft.util.datafix.fixes.EntityGoatMissingStateFix
[0312|t+7172ms|ThreadId(2)] [class_dump] blm → net.minecraft.util.datafix.fixes.EntityHealthFix
[0313|t+7172ms|ThreadId(2)] [class_dump] bln → net.minecraft.util.datafix.fixes.EntityHorseSaddleFix
[0314|t+7172ms|ThreadId(2)] [class_dump] blo → net.minecraft.util.datafix.fixes.EntityHorseSplitFix
[0315|t+7173ms|ThreadId(2)] [class_dump] blp → net.minecraft.util.datafix.fixes.EntityIdFix
[0316|t+7173ms|ThreadId(2)] [class_dump] blq → net.minecraft.util.datafix.fixes.EntityItemFrameDirectionFix
[0317|t+7173ms|ThreadId(2)] [class_dump] blr → net.minecraft.util.datafix.fixes.EntityMinecartIdentifiersFix
[0318|t+7174ms|ThreadId(2)] [class_dump] bls → net.minecraft.util.datafix.fixes.EntityPaintingItemFrameDirectionFix
[0319|t+7174ms|ThreadId(2)] [class_dump] blt → net.minecraft.util.datafix.fixes.EntityPaintingMotiveFix
[0320|t+7175ms|ThreadId(2)] [class_dump] blu → net.minecraft.util.datafix.fixes.EntityProjectileOwnerFix
[0321|t+7175ms|ThreadId(2)] [class_dump] blv → net.minecraft.util.datafix.fixes.EntityPufferfishRenameFix
[0322|t+7175ms|ThreadId(2)] [class_dump] blw → net.minecraft.util.datafix.fixes.EntityRavagerRenameFix
[0323|t+7175ms|ThreadId(2)] [class_dump] blx → net.minecraft.util.datafix.fixes.EntityRedundantChanceTagsFix
[0324|t+7176ms|ThreadId(2)] [class_dump] bly → net.minecraft.util.datafix.fixes.EntityRenameFix
[0325|t+7176ms|ThreadId(2)] [class_dump] blz → net.minecraft.util.datafix.fixes.EntityRidingToPassengersFix
[0326|t+7176ms|ThreadId(2)] [class_dump] bma → net.minecraft.util.datafix.fixes.EntitySalmonSizeFix
[0327|t+7176ms|ThreadId(2)] [class_dump] bmb → net.minecraft.util.datafix.fixes.EntityShulkerColorFix
[0328|t+7177ms|ThreadId(2)] [class_dump] bmc → net.minecraft.util.datafix.fixes.EntityShulkerRotationFix
[0329|t+7177ms|ThreadId(2)] [class_dump] bmd → net.minecraft.util.datafix.fixes.EntitySkeletonSplitFix
[0330|t+7177ms|ThreadId(2)] [class_dump] bme → net.minecraft.util.datafix.fixes.EntitySpawnerItemVariantComponentFix
[0331|t+7177ms|ThreadId(2)] [class_dump] bmf → net.minecraft.util.datafix.fixes.EntityStringUuidFix
[0332|t+7178ms|ThreadId(2)] [class_dump] bmg → net.minecraft.util.datafix.fixes.EntityTheRenameningFix
[0333|t+7178ms|ThreadId(2)] [class_dump] bmh → net.minecraft.util.datafix.fixes.EntityTippedArrowFix
[0334|t+7178ms|ThreadId(2)] [class_dump] bmi → net.minecraft.util.datafix.fixes.EntityUUIDFix
[0335|t+7178ms|ThreadId(2)] [class_dump] bmj → net.minecraft.util.datafix.fixes.EntityVariantFix
[0336|t+7179ms|ThreadId(2)] [class_dump] bmk → net.minecraft.util.datafix.fixes.EntityWolfColorFix
[0337|t+7179ms|ThreadId(2)] [class_dump] bml → net.minecraft.util.datafix.fixes.EntityZombieSplitFix
[0338|t+7179ms|ThreadId(2)] [class_dump] bmm → net.minecraft.util.datafix.fixes.EntityZombieVillagerTypeFix
[0339|t+7179ms|ThreadId(2)] [class_dump] bmn → net.minecraft.util.datafix.fixes.EntityZombifiedPiglinRenameFix
[0340|t+7180ms|ThreadId(2)] [class_dump] bmo → net.minecraft.util.datafix.fixes.EquipmentFormatFix
[0341|t+7180ms|ThreadId(2)] [class_dump] bmp → net.minecraft.util.datafix.fixes.EquippableAssetRenameFix
[0342|t+7180ms|ThreadId(2)] [class_dump] bmq → net.minecraft.util.datafix.fixes.FeatureFlagRemoveFix
[0343|t+7181ms|ThreadId(2)] [class_dump] bmr → net.minecraft.util.datafix.fixes.FilteredBooksFix
[0344|t+7181ms|ThreadId(2)] [class_dump] bms → net.minecraft.util.datafix.fixes.FilteredSignsFix
[0345|t+7181ms|ThreadId(2)] [class_dump] bmt → net.minecraft.util.datafix.fixes.FireResistantToDamageResistantComponentFix
[0346|t+7182ms|ThreadId(2)] [class_dump] bmu → net.minecraft.util.datafix.fixes.FixProjectileStoredItem
[0347|t+7182ms|ThreadId(2)] [class_dump] bmv → net.minecraft.util.datafix.fixes.FixWolfHealth
[0348|t+7182ms|ThreadId(2)] [class_dump] bmw → net.minecraft.util.datafix.fixes.FoodToConsumableFix
[0349|t+7182ms|ThreadId(2)] [class_dump] bmx → net.minecraft.util.datafix.fixes.ForcePoiRebuild
[0350|t+7183ms|ThreadId(2)] [class_dump] bmy → net.minecraft.util.datafix.fixes.ForcedChunkToTicketFix
[0351|t+7183ms|ThreadId(2)] [class_dump] bmz → net.minecraft.util.datafix.fixes.FurnaceRecipeFix
[0352|t+7183ms|ThreadId(2)] [class_dump] bna → net.minecraft.util.datafix.fixes.GameRuleRegistryFix
[0353|t+7184ms|ThreadId(2)] [class_dump] bnb → net.minecraft.util.datafix.fixes.GoatHornIdFix
[0354|t+7184ms|ThreadId(2)] [class_dump] bnc → net.minecraft.util.datafix.fixes.GossipUUIDFix
[0355|t+7184ms|ThreadId(2)] [class_dump] bnd → net.minecraft.util.datafix.fixes.HeightmapRenamingFix
[0356|t+7184ms|ThreadId(2)] [class_dump] bne → net.minecraft.util.datafix.fixes.HorseBodyArmorItemFix
[0357|t+7185ms|ThreadId(2)] [class_dump] bnf → net.minecraft.util.datafix.fixes.IglooMetadataRemovalFix
[0358|t+7185ms|ThreadId(2)] [class_dump] bng → net.minecraft.util.datafix.fixes.InlineBlockPosFormatFix
[0359|t+7185ms|ThreadId(2)] [class_dump] bnh → net.minecraft.util.datafix.fixes.InvalidBlockEntityLockFix
[0360|t+7186ms|ThreadId(2)] [class_dump] bni → net.minecraft.util.datafix.fixes.InvalidLockComponentFix
[0361|t+7186ms|ThreadId(2)] [class_dump] bnj → net.minecraft.util.datafix.fixes.ItemBannerColorFix
[0362|t+7186ms|ThreadId(2)] [class_dump] bnk → net.minecraft.util.datafix.fixes.ItemCustomNameToComponentFix
[0363|t+7186ms|ThreadId(2)] [class_dump] bnl → net.minecraft.util.datafix.fixes.ItemIdFix
[0364|t+7187ms|ThreadId(2)] [class_dump] bnm → net.minecraft.util.datafix.fixes.ItemLoreFix
[0365|t+7187ms|ThreadId(2)] [class_dump] bnn → net.minecraft.util.datafix.fixes.ItemPotionFix
[0366|t+7187ms|ThreadId(2)] [class_dump] bno → net.minecraft.util.datafix.fixes.ItemRenameFix
[0367|t+7187ms|ThreadId(2)] [class_dump] bnp → net.minecraft.util.datafix.fixes.ItemShulkerBoxColorFix
[0368|t+7188ms|ThreadId(2)] [class_dump] bnq → net.minecraft.util.datafix.fixes.ItemSpawnEggFix
[0369|t+7188ms|ThreadId(2)] [class_dump] bnr → net.minecraft.util.datafix.fixes.ItemStackComponentizationFix
[0370|t+7188ms|ThreadId(2)] [class_dump] bns → net.minecraft.util.datafix.fixes.ItemStackCustomNameToOverrideComponentFix
[0371|t+7189ms|ThreadId(2)] [class_dump] bnt → net.minecraft.util.datafix.fixes.ItemStackEnchantmentNamesFix
[0372|t+7189ms|ThreadId(2)] [class_dump] bnu → net.minecraft.util.datafix.fixes.ItemStackMapIdFix
[0373|t+7189ms|ThreadId(2)] [class_dump] bnv → net.minecraft.util.datafix.fixes.ItemStackSpawnEggFix
[0374|t+7190ms|ThreadId(2)] [class_dump] bnw → net.minecraft.util.datafix.fixes.ItemStackTagFix
[0375|t+7190ms|ThreadId(2)] [class_dump] bnx → net.minecraft.util.datafix.fixes.ItemStackTagRemainderFix
[0376|t+7190ms|ThreadId(2)] [class_dump] bny → net.minecraft.util.datafix.fixes.ItemStackTheFlatteningFix
[0377|t+7191ms|ThreadId(2)] [class_dump] bnz → net.minecraft.util.datafix.fixes.ItemStackUUIDFix
[0378|t+7191ms|ThreadId(2)] [class_dump] boa → net.minecraft.util.datafix.fixes.ItemWaterPotionFix
[0379|t+7192ms|ThreadId(2)] [class_dump] bob → net.minecraft.util.datafix.fixes.JigsawPropertiesFix
[0380|t+7192ms|ThreadId(2)] [class_dump] boc → net.minecraft.util.datafix.fixes.JigsawRotationFix
[0381|t+7192ms|ThreadId(2)] [class_dump] bod → net.minecraft.util.datafix.fixes.JukeboxTicksSinceSongStartedFix
[0382|t+7193ms|ThreadId(2)] [class_dump] boe → net.minecraft.util.datafix.fixes.LeavesFix
[0383|t+7193ms|ThreadId(2)] [class_dump] bof → net.minecraft.util.datafix.fixes.LegacyDimensionIdFix
[0384|t+7193ms|ThreadId(2)] [class_dump] bog → net.minecraft.util.datafix.fixes.LegacyDragonFightFix
[0385|t+7194ms|ThreadId(2)] [class_dump] boh → net.minecraft.util.datafix.fixes.LegacyHoverEventFix
[0386|t+7194ms|ThreadId(2)] [class_dump] boi → net.minecraft.util.datafix.fixes.LegacyWorldBorderFix
[0387|t+7194ms|ThreadId(2)] [class_dump] boj → net.minecraft.util.datafix.fixes.LevelDataGeneratorOptionsFix
[0388|t+7195ms|ThreadId(2)] [class_dump] bok → net.minecraft.util.datafix.fixes.LevelFlatGeneratorInfoFix
[0389|t+7195ms|ThreadId(2)] [class_dump] bol → net.minecraft.util.datafix.fixes.LevelLegacyWorldGenSettingsFix
[0390|t+7195ms|ThreadId(2)] [class_dump] bom → net.minecraft.util.datafix.fixes.LevelUUIDFix
[0391|t+7195ms|ThreadId(2)] [class_dump] bon → net.minecraft.util.datafix.fixes.LockComponentPredicateFix
[0392|t+7196ms|ThreadId(2)] [class_dump] boo → net.minecraft.util.datafix.fixes.LodestoneCompassComponentFix
[0393|t+7196ms|ThreadId(2)] [class_dump] bop → net.minecraft.util.datafix.fixes.MapBannerBlockPosFormatFix
[0394|t+7196ms|ThreadId(2)] [class_dump] boq → net.minecraft.util.datafix.fixes.MapIdFix
[0395|t+7197ms|ThreadId(2)] [class_dump] bor → net.minecraft.util.datafix.fixes.MemoryExpiryDataFix
[0396|t+7197ms|ThreadId(2)] [class_dump] bos → net.minecraft.util.datafix.fixes.MissingDimensionFix
[0397|t+7197ms|ThreadId(2)] [class_dump] bot → net.minecraft.util.datafix.fixes.MobEffectIdFix
[0398|t+7198ms|ThreadId(2)] [class_dump] bou → net.minecraft.util.datafix.fixes.MobSpawnerEntityIdentifiersFix
[0399|t+7198ms|ThreadId(2)] [class_dump] bov → net.minecraft.util.datafix.fixes.NamedEntityConvertUncheckedFix
[0400|t+7198ms|ThreadId(2)] [class_dump] bow → net.minecraft.util.datafix.fixes.NamedEntityFix
[0401|t+7198ms|ThreadId(2)] [class_dump] box → net.minecraft.util.datafix.fixes.NamedEntityWriteReadFix
[0402|t+7199ms|ThreadId(2)] [class_dump] boy → net.minecraft.util.datafix.fixes.NamespacedTypeRenameFix
[0403|t+7199ms|ThreadId(2)] [class_dump] boz → net.minecraft.util.datafix.fixes.NewVillageFix
[0404|t+7199ms|ThreadId(2)] [class_dump] bpa → net.minecraft.util.datafix.fixes.ObjectiveRenderTypeFix
[0405|t+7200ms|ThreadId(2)] [class_dump] bpb → net.minecraft.util.datafix.fixes.OminousBannerBlockEntityRenameFix
[0406|t+7200ms|ThreadId(2)] [class_dump] bpc → net.minecraft.util.datafix.fixes.OminousBannerRarityFix
[0407|t+7200ms|ThreadId(2)] [class_dump] bpd → net.minecraft.util.datafix.fixes.OminousBannerRenameFix
[0408|t+7201ms|ThreadId(2)] [class_dump] bpe → net.minecraft.util.datafix.fixes.OptionsAccessibilityOnboardFix
[0409|t+7201ms|ThreadId(2)] [class_dump] bpf → net.minecraft.util.datafix.fixes.OptionsAddTextBackgroundFix
[0410|t+7201ms|ThreadId(2)] [class_dump] bpg → net.minecraft.util.datafix.fixes.OptionsAmbientOcclusionFix
[0411|t+7201ms|ThreadId(2)] [class_dump] bph → net.minecraft.util.datafix.fixes.OptionsFancyGraphicsToGraphicsModeFix
[0412|t+7202ms|ThreadId(2)] [class_dump] bpi → net.minecraft.util.datafix.fixes.OptionsForceVBOFix
[0413|t+7202ms|ThreadId(2)] [class_dump] bpj → net.minecraft.util.datafix.fixes.OptionsGraphicsModeSplitFix
[0414|t+7202ms|ThreadId(2)] [class_dump] bpk → net.minecraft.util.datafix.fixes.OptionsKeyLwjgl3Fix
[0415|t+7202ms|ThreadId(2)] [class_dump] bpl → net.minecraft.util.datafix.fixes.OptionsKeyTranslationFix
[0416|t+7203ms|ThreadId(2)] [class_dump] bpm → net.minecraft.util.datafix.fixes.OptionsLowerCaseLanguageFix
[0417|t+7203ms|ThreadId(2)] [class_dump] bpn → net.minecraft.util.datafix.fixes.OptionsMenuBlurrinessFix
[0418|t+7203ms|ThreadId(2)] [class_dump] bpo → net.minecraft.util.datafix.fixes.OptionsMusicToastFix
[0419|t+7204ms|ThreadId(2)] [class_dump] bpp → net.minecraft.util.datafix.fixes.OptionsProgrammerArtFix
[0420|t+7204ms|ThreadId(2)] [class_dump] bpq → net.minecraft.util.datafix.fixes.OptionsRenameFieldFix
[0421|t+7204ms|ThreadId(2)] [class_dump] bpr → net.minecraft.util.datafix.fixes.OptionsSetGraphicsPresetToCustomFix
[0422|t+7205ms|ThreadId(2)] [class_dump] bps → net.minecraft.util.datafix.fixes.OverreachingTickFix
[0423|t+7205ms|ThreadId(2)] [class_dump] bpt → net.minecraft.util.datafix.fixes.ParticleUnflatteningFix
[0424|t+7205ms|ThreadId(2)] [class_dump] bpu → net.minecraft.util.datafix.fixes.PlayerEquipmentFix
[0425|t+7205ms|ThreadId(2)] [class_dump] bpv → net.minecraft.util.datafix.fixes.PlayerHeadBlockProfileFix
[0426|t+7206ms|ThreadId(2)] [class_dump] bpw → net.minecraft.util.datafix.fixes.PlayerRespawnDataFix
[0427|t+7206ms|ThreadId(2)] [class_dump] bpx → net.minecraft.util.datafix.fixes.PlayerUUIDFix
[0428|t+7206ms|ThreadId(2)] [class_dump] bpy → net.minecraft.util.datafix.fixes.PoiTypeRemoveFix
[0429|t+7207ms|ThreadId(2)] [class_dump] bpz → net.minecraft.util.datafix.fixes.PoiTypeRenameFix
[0430|t+7207ms|ThreadId(2)] [class_dump] bqa → net.minecraft.util.datafix.fixes.PrimedTntBlockStateFixer
[0431|t+7207ms|ThreadId(2)] [class_dump] bqb → net.minecraft.util.datafix.fixes.ProjectileStoredWeaponFix
[0432|t+7208ms|ThreadId(2)] [class_dump] bqc → net.minecraft.util.datafix.fixes.RaidRenamesDataFix
[0433|t+7208ms|ThreadId(2)] [class_dump] bqd → net.minecraft.util.datafix.fixes.RandomSequenceSettingsFix
[0434|t+7208ms|ThreadId(2)] [class_dump] bqe → net.minecraft.util.datafix.fixes.RecipesFix
[0435|t+7209ms|ThreadId(2)] [class_dump] bqf → net.minecraft.util.datafix.fixes.RecipesRenameningFix
[0436|t+7209ms|ThreadId(2)] [class_dump] bqg → net.minecraft.util.datafix.fixes.RedstoneWireConnectionsFix
[0437|t+7209ms|ThreadId(2)] [class_dump] bqh → net.minecraft.util.datafix.fixes.References
[0438|t+7209ms|ThreadId(2)] [class_dump] bqi → net.minecraft.util.datafix.fixes.RemapChunkStatusFix
[0439|t+7210ms|ThreadId(2)] [class_dump] bqj → net.minecraft.util.datafix.fixes.RemoveBlockEntityTagFix
[0440|t+7210ms|ThreadId(2)] [class_dump] bqk → net.minecraft.util.datafix.fixes.RemoveEmptyItemInBrushableBlockFix
[0441|t+7210ms|ThreadId(2)] [class_dump] bql → net.minecraft.util.datafix.fixes.RemoveGolemGossipFix
[0442|t+7210ms|ThreadId(2)] [class_dump] bqm → net.minecraft.util.datafix.fixes.RenameEnchantmentsFix
[0443|t+7211ms|ThreadId(2)] [class_dump] bqn → net.minecraft.util.datafix.fixes.RenamedCoralFansFix
[0444|t+7211ms|ThreadId(2)] [class_dump] bqo → net.minecraft.util.datafix.fixes.RenamedCoralFix
[0445|t+7211ms|ThreadId(2)] [class_dump] bqp → net.minecraft.util.datafix.fixes.ReorganizePoi
[0446|t+7211ms|ThreadId(2)] [class_dump] bqq → net.minecraft.util.datafix.fixes.SaddleEquipmentSlotFix
[0447|t+7212ms|ThreadId(2)] [class_dump] bqr → net.minecraft.util.datafix.fixes.SavedDataFeaturePoolElementFix
[0448|t+7212ms|ThreadId(2)] [class_dump] bqs → net.minecraft.util.datafix.fixes.SavedDataUUIDFix
[0449|t+7212ms|ThreadId(2)] [class_dump] bqt → net.minecraft.util.datafix.fixes.ScoreboardDisplayNameFix
[0450|t+7212ms|ThreadId(2)] [class_dump] bqu → net.minecraft.util.datafix.fixes.ScoreboardDisplaySlotFix
[0451|t+7213ms|ThreadId(2)] [class_dump] bqv → net.minecraft.util.datafix.fixes.SignTextStrictJsonFix
[0452|t+7213ms|ThreadId(2)] [class_dump] bqw → net.minecraft.util.datafix.fixes.SimpleEntityRenameFix
[0453|t+7213ms|ThreadId(2)] [class_dump] bqx → net.minecraft.util.datafix.fixes.SimplestEntityRenameFix
[0454|t+7214ms|ThreadId(2)] [class_dump] bqy → net.minecraft.util.datafix.fixes.SpawnerDataFix
[0455|t+7214ms|ThreadId(2)] [class_dump] bqz → net.minecraft.util.datafix.fixes.StatsCounterFix
[0456|t+7214ms|ThreadId(2)] [class_dump] bra → net.minecraft.util.datafix.fixes.StatsRenameFix
[0457|t+7215ms|ThreadId(2)] [class_dump] brb → net.minecraft.util.datafix.fixes.StriderGravityFix
[0458|t+7215ms|ThreadId(2)] [class_dump] brc → net.minecraft.util.datafix.fixes.StructureReferenceCountFix
[0459|t+7215ms|ThreadId(2)] [class_dump] brd → net.minecraft.util.datafix.fixes.StructureSettingsFlattenFix
[0460|t+7215ms|ThreadId(2)] [class_dump] bre → net.minecraft.util.datafix.fixes.StructuresBecomeConfiguredFix
[0461|t+7216ms|ThreadId(2)] [class_dump] brf → net.minecraft.util.datafix.fixes.TextComponentHoverAndClickEventFix
[0462|t+7216ms|ThreadId(2)] [class_dump] brg → net.minecraft.util.datafix.fixes.TextComponentStringifiedFlagsFix
[0463|t+7216ms|ThreadId(2)] [class_dump] brh → net.minecraft.util.datafix.fixes.ThrownPotionSplitFix
[0464|t+7217ms|ThreadId(2)] [class_dump] bri → net.minecraft.util.datafix.fixes.TippedArrowPotionToItemFix
[0465|t+7217ms|ThreadId(2)] [class_dump] brj → net.minecraft.util.datafix.fixes.TooltipDisplayComponentFix
[0466|t+7217ms|ThreadId(2)] [class_dump] brk → net.minecraft.util.datafix.fixes.TrappedChestBlockEntityFix
[0467|t+7218ms|ThreadId(2)] [class_dump] brl → net.minecraft.util.datafix.fixes.TrialSpawnerConfigFix
[0468|t+7218ms|ThreadId(2)] [class_dump] brm → net.minecraft.util.datafix.fixes.TrialSpawnerConfigInRegistryFix
[0469|t+7218ms|ThreadId(2)] [class_dump] brn → net.minecraft.util.datafix.fixes.TridentAnimationFix
[0470|t+7219ms|ThreadId(2)] [class_dump] bro → net.minecraft.util.datafix.fixes.UnflattenTextComponentFix
[0471|t+7219ms|ThreadId(2)] [class_dump] brp → net.minecraft.util.datafix.fixes.VariantRenameFix
[0472|t+7219ms|ThreadId(2)] [class_dump] brq → net.minecraft.util.datafix.fixes.VillagerDataFix
[0473|t+7220ms|ThreadId(2)] [class_dump] brr → net.minecraft.util.datafix.fixes.VillagerFollowRangeFix
[0474|t+7220ms|ThreadId(2)] [class_dump] brs → net.minecraft.util.datafix.fixes.VillagerRebuildLevelAndXpFix
[0475|t+7220ms|ThreadId(2)] [class_dump] brt → net.minecraft.util.datafix.fixes.VillagerSetCanPickUpLootFix
[0476|t+7221ms|ThreadId(2)] [class_dump] bru → net.minecraft.util.datafix.fixes.VillagerTradeFix
[0477|t+7221ms|ThreadId(2)] [class_dump] brv → net.minecraft.util.datafix.fixes.WallPropertyFix
[0478|t+7221ms|ThreadId(2)] [class_dump] brw → net.minecraft.util.datafix.fixes.WeaponSmithChestLootTableFix
[0479|t+7222ms|ThreadId(2)] [class_dump] brx → net.minecraft.util.datafix.fixes.WorldBorderWarningTimeFix
[0480|t+7222ms|ThreadId(2)] [class_dump] bry → net.minecraft.util.datafix.fixes.WorldGenSettingsDisallowOldCustomWorldsFix
[0481|t+7222ms|ThreadId(2)] [class_dump] brz → net.minecraft.util.datafix.fixes.WorldGenSettingsFix
[0482|t+7223ms|ThreadId(2)] [class_dump] bsa → net.minecraft.util.datafix.fixes.WorldGenSettingsHeightAndBiomeFix
[0483|t+7223ms|ThreadId(2)] [class_dump] bsb → net.minecraft.util.datafix.fixes.WorldSpawnDataFix
[0484|t+7223ms|ThreadId(2)] [class_dump] bsc → net.minecraft.util.datafix.fixes.WriteAndReadFix
[0485|t+7224ms|ThreadId(2)] [class_dump] bsd → net.minecraft.util.datafix.fixes.WrittenBookPagesStrictJsonFix
[0486|t+7224ms|ThreadId(2)] [class_dump] bse → net.minecraft.util.datafix.fixes.ZombieVillagerRebuildXpFix
[0487|t+7225ms|ThreadId(2)] [class_dump] bsh → net.minecraft.util.datafix.schemas.NamespacedSchema
[0488|t+7225ms|ThreadId(2)] [class_dump] bsi → net.minecraft.util.datafix.schemas.V100
[0489|t+7225ms|ThreadId(2)] [class_dump] bsj → net.minecraft.util.datafix.schemas.V102
[0490|t+7226ms|ThreadId(2)] [class_dump] bsk → net.minecraft.util.datafix.schemas.V1022
[0491|t+7226ms|ThreadId(2)] [class_dump] bsl → net.minecraft.util.datafix.schemas.V106
[0492|t+7227ms|ThreadId(2)] [class_dump] bsm → net.minecraft.util.datafix.schemas.V107
[0493|t+7227ms|ThreadId(2)] [class_dump] bsn → net.minecraft.util.datafix.schemas.V1125
[0494|t+7227ms|ThreadId(2)] [class_dump] bso → net.minecraft.util.datafix.schemas.V135
[0495|t+7227ms|ThreadId(2)] [class_dump] bsp → net.minecraft.util.datafix.schemas.V143
[0496|t+7228ms|ThreadId(2)] [class_dump] bsq → net.minecraft.util.datafix.schemas.V1451
[0497|t+7228ms|ThreadId(2)] [class_dump] bsr → net.minecraft.util.datafix.schemas.V1451_1
[0498|t+7229ms|ThreadId(2)] [class_dump] bss → net.minecraft.util.datafix.schemas.V1451_2
[0499|t+7229ms|ThreadId(2)] [class_dump] bst → net.minecraft.util.datafix.schemas.V1451_3
[0500|t+7229ms|ThreadId(2)] [class_dump] bsu → net.minecraft.util.datafix.schemas.V1451_4
[0501|t+7230ms|ThreadId(2)] [class_dump] bsv → net.minecraft.util.datafix.schemas.V1451_5
[0502|t+7230ms|ThreadId(2)] [class_dump] bsw → net.minecraft.util.datafix.schemas.V1451_6
[0503|t+7230ms|ThreadId(2)] [class_dump] bsx → net.minecraft.util.datafix.schemas.V1458
[0504|t+7231ms|ThreadId(2)] [class_dump] bsy → net.minecraft.util.datafix.schemas.V1460
[0505|t+7231ms|ThreadId(2)] [class_dump] bsz → net.minecraft.util.datafix.schemas.V1466
[0506|t+7231ms|ThreadId(2)] [class_dump] bta → net.minecraft.util.datafix.schemas.V1470
[0507|t+7232ms|ThreadId(2)] [class_dump] btb → net.minecraft.util.datafix.schemas.V1481
[0508|t+7232ms|ThreadId(2)] [class_dump] btc → net.minecraft.util.datafix.schemas.V1483
[0509|t+7232ms|ThreadId(2)] [class_dump] btd → net.minecraft.util.datafix.schemas.V1486
[0510|t+7233ms|ThreadId(2)] [class_dump] bte → net.minecraft.util.datafix.schemas.V1488
[0511|t+7233ms|ThreadId(2)] [class_dump] btf → net.minecraft.util.datafix.schemas.V1510
[0512|t+7233ms|ThreadId(2)] [class_dump] btg → net.minecraft.util.datafix.schemas.V1800
[0513|t+7234ms|ThreadId(2)] [class_dump] bth → net.minecraft.util.datafix.schemas.V1801
[0514|t+7234ms|ThreadId(2)] [class_dump] bti → net.minecraft.util.datafix.schemas.V1904
[0515|t+7234ms|ThreadId(2)] [class_dump] btj → net.minecraft.util.datafix.schemas.V1906
[0516|t+7234ms|ThreadId(2)] [class_dump] btk → net.minecraft.util.datafix.schemas.V1909
[0517|t+7235ms|ThreadId(2)] [class_dump] btl → net.minecraft.util.datafix.schemas.V1920
[0518|t+7235ms|ThreadId(2)] [class_dump] btm → net.minecraft.util.datafix.schemas.V1928
[0519|t+7235ms|ThreadId(2)] [class_dump] btn → net.minecraft.util.datafix.schemas.V1929
[0520|t+7236ms|ThreadId(2)] [class_dump] bto → net.minecraft.util.datafix.schemas.V1931
[0521|t+7236ms|ThreadId(2)] [class_dump] btp → net.minecraft.util.datafix.schemas.V2100
[0522|t+7236ms|ThreadId(2)] [class_dump] btq → net.minecraft.util.datafix.schemas.V2501
[0523|t+7237ms|ThreadId(2)] [class_dump] btr → net.minecraft.util.datafix.schemas.V2502
[0524|t+7237ms|ThreadId(2)] [class_dump] bts → net.minecraft.util.datafix.schemas.V2505
[0525|t+7237ms|ThreadId(2)] [class_dump] btt → net.minecraft.util.datafix.schemas.V2509
[0526|t+7237ms|ThreadId(2)] [class_dump] btu → net.minecraft.util.datafix.schemas.V2511_1
[0527|t+7238ms|ThreadId(2)] [class_dump] btv → net.minecraft.util.datafix.schemas.V2519
[0528|t+7238ms|ThreadId(2)] [class_dump] btw → net.minecraft.util.datafix.schemas.V2522
[0529|t+7238ms|ThreadId(2)] [class_dump] btx → net.minecraft.util.datafix.schemas.V2551
[0530|t+7238ms|ThreadId(2)] [class_dump] bty → net.minecraft.util.datafix.schemas.V2568
[0531|t+7239ms|ThreadId(2)] [class_dump] btz → net.minecraft.util.datafix.schemas.V2571
[0532|t+7239ms|ThreadId(2)] [class_dump] bu → net.minecraft.advancements.criterion.EntitySubPredicates
[0533|t+7239ms|ThreadId(2)] [class_dump] bua → net.minecraft.util.datafix.schemas.V2684
[0534|t+7239ms|ThreadId(2)] [class_dump] bub → net.minecraft.util.datafix.schemas.V2686
[0535|t+7240ms|ThreadId(2)] [class_dump] buc → net.minecraft.util.datafix.schemas.V2688
[0536|t+7240ms|ThreadId(2)] [class_dump] bud → net.minecraft.util.datafix.schemas.V2704
[0537|t+7240ms|ThreadId(2)] [class_dump] bue → net.minecraft.util.datafix.schemas.V2707
[0538|t+7240ms|ThreadId(2)] [class_dump] buf → net.minecraft.util.datafix.schemas.V2831
[0539|t+7241ms|ThreadId(2)] [class_dump] bug → net.minecraft.util.datafix.schemas.V2832
[0540|t+7241ms|ThreadId(2)] [class_dump] buh → net.minecraft.util.datafix.schemas.V2842
[0541|t+7242ms|ThreadId(2)] [class_dump] bui → net.minecraft.util.datafix.schemas.V3076
[0542|t+7242ms|ThreadId(2)] [class_dump] buj → net.minecraft.util.datafix.schemas.V3078
[0543|t+7242ms|ThreadId(2)] [class_dump] buk → net.minecraft.util.datafix.schemas.V3081
[0544|t+7242ms|ThreadId(2)] [class_dump] bul → net.minecraft.util.datafix.schemas.V3082
[0545|t+7243ms|ThreadId(2)] [class_dump] bum → net.minecraft.util.datafix.schemas.V3083
[0546|t+7243ms|ThreadId(2)] [class_dump] bun → net.minecraft.util.datafix.schemas.V3202
[0547|t+7243ms|ThreadId(2)] [class_dump] buo → net.minecraft.util.datafix.schemas.V3203
[0548|t+7244ms|ThreadId(2)] [class_dump] bup → net.minecraft.util.datafix.schemas.V3204
[0549|t+7244ms|ThreadId(2)] [class_dump] buq → net.minecraft.util.datafix.schemas.V3325
[0550|t+7244ms|ThreadId(2)] [class_dump] bur → net.minecraft.util.datafix.schemas.V3326
[0551|t+7244ms|ThreadId(2)] [class_dump] bus → net.minecraft.util.datafix.schemas.V3327
[0552|t+7245ms|ThreadId(2)] [class_dump] but → net.minecraft.util.datafix.schemas.V3328
[0553|t+7245ms|ThreadId(2)] [class_dump] buu → net.minecraft.util.datafix.schemas.V3438
[0554|t+7245ms|ThreadId(2)] [class_dump] buv → net.minecraft.util.datafix.schemas.V3439
[0555|t+7245ms|ThreadId(2)] [class_dump] buw → net.minecraft.util.datafix.schemas.V3439_1
[0556|t+7246ms|ThreadId(2)] [class_dump] bux → net.minecraft.util.datafix.schemas.V3448
[0557|t+7246ms|ThreadId(2)] [class_dump] buy → net.minecraft.util.datafix.schemas.V3682
[0558|t+7246ms|ThreadId(2)] [class_dump] buz → net.minecraft.util.datafix.schemas.V3683
[0559|t+7247ms|ThreadId(2)] [class_dump] bva → net.minecraft.util.datafix.schemas.V3685
[0560|t+7247ms|ThreadId(2)] [class_dump] bvb → net.minecraft.util.datafix.schemas.V3689
[0561|t+7247ms|ThreadId(2)] [class_dump] bvc → net.minecraft.util.datafix.schemas.V3799
[0562|t+7247ms|ThreadId(2)] [class_dump] bvd → net.minecraft.util.datafix.schemas.V3807
[0563|t+7248ms|ThreadId(2)] [class_dump] bve → net.minecraft.util.datafix.schemas.V3808
[0564|t+7248ms|ThreadId(2)] [class_dump] bvf → net.minecraft.util.datafix.schemas.V3808_1
[0565|t+7248ms|ThreadId(2)] [class_dump] bvg → net.minecraft.util.datafix.schemas.V3808_2
[0566|t+7248ms|ThreadId(2)] [class_dump] bvh → net.minecraft.util.datafix.schemas.V3813
[0567|t+7248ms|ThreadId(2)] [class_dump] bvi → net.minecraft.util.datafix.schemas.V3816
[0568|t+7249ms|ThreadId(2)] [class_dump] bvj → net.minecraft.util.datafix.schemas.V3818
[0569|t+7249ms|ThreadId(2)] [class_dump] bvk → net.minecraft.util.datafix.schemas.V3818_3
[0570|t+7249ms|ThreadId(2)] [class_dump] bvl → net.minecraft.util.datafix.schemas.V3818_4
[0571|t+7249ms|ThreadId(2)] [class_dump] bvm → net.minecraft.util.datafix.schemas.V3818_5
[0572|t+7250ms|ThreadId(2)] [class_dump] bvn → net.minecraft.util.datafix.schemas.V3825
[0573|t+7250ms|ThreadId(2)] [class_dump] bvo → net.minecraft.util.datafix.schemas.V3938
[0574|t+7251ms|ThreadId(2)] [class_dump] bvp → net.minecraft.util.datafix.schemas.V4059
[0575|t+7251ms|ThreadId(2)] [class_dump] bvq → net.minecraft.util.datafix.schemas.V4067
[0576|t+7251ms|ThreadId(2)] [class_dump] bvr → net.minecraft.util.datafix.schemas.V4070
[0577|t+7252ms|ThreadId(2)] [class_dump] bvs → net.minecraft.util.datafix.schemas.V4071
[0578|t+7252ms|ThreadId(2)] [class_dump] bvt → net.minecraft.util.datafix.schemas.V4290
[0579|t+7252ms|ThreadId(2)] [class_dump] bvu → net.minecraft.util.datafix.schemas.V4292
[0580|t+7253ms|ThreadId(2)] [class_dump] bvv → net.minecraft.util.datafix.schemas.V4300
[0581|t+7253ms|ThreadId(2)] [class_dump] bvw → net.minecraft.util.datafix.schemas.V4301
[0582|t+7253ms|ThreadId(2)] [class_dump] bvx → net.minecraft.util.datafix.schemas.V4302
[0583|t+7253ms|ThreadId(2)] [class_dump] bvy → net.minecraft.util.datafix.schemas.V4306
[0584|t+7254ms|ThreadId(2)] [class_dump] bvz → net.minecraft.util.datafix.schemas.V4307
[0585|t+7254ms|ThreadId(2)] [class_dump] bwa → net.minecraft.util.datafix.schemas.V4312
[0586|t+7254ms|ThreadId(2)] [class_dump] bwb → net.minecraft.util.datafix.schemas.V4420
[0587|t+7255ms|ThreadId(2)] [class_dump] bwc → net.minecraft.util.datafix.schemas.V4421
[0588|t+7255ms|ThreadId(2)] [class_dump] bwd → net.minecraft.util.datafix.schemas.V4531
[0589|t+7255ms|ThreadId(2)] [class_dump] bwe → net.minecraft.util.datafix.schemas.V4532
[0590|t+7256ms|ThreadId(2)] [class_dump] bwf → net.minecraft.util.datafix.schemas.V4533
[0591|t+7256ms|ThreadId(2)] [class_dump] bwg → net.minecraft.util.datafix.schemas.V4543
[0592|t+7256ms|ThreadId(2)] [class_dump] bwh → net.minecraft.util.datafix.schemas.V4648
[0593|t+7257ms|ThreadId(2)] [class_dump] bwi → net.minecraft.util.datafix.schemas.V4656
[0594|t+7257ms|ThreadId(2)] [class_dump] bwj → net.minecraft.util.datafix.schemas.V501
[0595|t+7257ms|ThreadId(2)] [class_dump] bwk → net.minecraft.util.datafix.schemas.V700
[0596|t+7258ms|ThreadId(2)] [class_dump] bwl → net.minecraft.util.datafix.schemas.V701
[0597|t+7258ms|ThreadId(2)] [class_dump] bwm → net.minecraft.util.datafix.schemas.V702
[0598|t+7258ms|ThreadId(2)] [class_dump] bwn → net.minecraft.util.datafix.schemas.V703
[0599|t+7259ms|ThreadId(2)] [class_dump] bwo → net.minecraft.util.datafix.schemas.V704
[0600|t+7259ms|ThreadId(2)] [class_dump] bwp → net.minecraft.util.datafix.schemas.V705
[0601|t+7259ms|ThreadId(2)] [class_dump] bwq → net.minecraft.util.datafix.schemas.V808
[0602|t+7260ms|ThreadId(2)] [class_dump] bwr → net.minecraft.util.datafix.schemas.V99
[0603|t+7260ms|ThreadId(2)] [class_dump] bxe → net.minecraft.util.debug.DebugSubscription
[0604|t+7260ms|ThreadId(2)] [class_dump] bxf → net.minecraft.util.debug.DebugSubscriptions
[0605|t+7260ms|ThreadId(2)] [class_dump] bxh → net.minecraft.util.debug.DebugValueSource
[0606|t+7261ms|ThreadId(2)] [class_dump] bxm → net.minecraft.util.debugchart.AbstractSampleLogger
[0607|t+7261ms|ThreadId(2)] [class_dump] bxn → net.minecraft.util.debugchart.LocalSampleLogger
[0608|t+7261ms|ThreadId(2)] [class_dump] bxo → net.minecraft.util.debugchart.RemoteDebugSampleType
[0609|t+7261ms|ThreadId(2)] [class_dump] bxq → net.minecraft.util.debugchart.SampleLogger
[0610|t+7262ms|ThreadId(2)] [class_dump] bxr → net.minecraft.util.debugchart.SampleStorage
[0611|t+7262ms|ThreadId(2)] [class_dump] byc → net.minecraft.util.parsing.packrat.Atom
[0612|t+7262ms|ThreadId(2)] [class_dump] byf → net.minecraft.util.parsing.packrat.DelayedException
[0613|t+7262ms|ThreadId(2)] [class_dump] byg → net.minecraft.util.parsing.packrat.Dictionary
[0614|t+7263ms|ThreadId(2)] [class_dump] byh → net.minecraft.util.parsing.packrat.ErrorCollector
[0615|t+7263ms|ThreadId(2)] [class_dump] byj → net.minecraft.util.parsing.packrat.NamedRule
[0616|t+7263ms|ThreadId(2)] [class_dump] byk → net.minecraft.util.parsing.packrat.ParseState
[0617|t+7263ms|ThreadId(2)] [class_dump] byl → net.minecraft.util.parsing.packrat.Rule
[0618|t+7264ms|ThreadId(2)] [class_dump] bym → net.minecraft.util.parsing.packrat.Scope
[0619|t+7264ms|ThreadId(2)] [class_dump] byn → net.minecraft.util.parsing.packrat.SuggestionSupplier
[0620|t+7264ms|ThreadId(2)] [class_dump] byo → net.minecraft.util.parsing.packrat.Term
[0621|t+7264ms|ThreadId(2)] [class_dump] byp → net.minecraft.util.parsing.packrat.commands.CommandArgumentParser
[0622|t+7265ms|ThreadId(2)] [class_dump] byq → net.minecraft.util.parsing.packrat.commands.Grammar
[0623|t+7265ms|ThreadId(2)] [class_dump] byr → net.minecraft.util.parsing.packrat.commands.GreedyPatternParseRule
[0624|t+7265ms|ThreadId(2)] [class_dump] bys → net.minecraft.util.parsing.packrat.commands.GreedyPredicateParseRule
[0625|t+7266ms|ThreadId(2)] [class_dump] byu → net.minecraft.util.parsing.packrat.commands.NumberRunParseRule
[0626|t+7266ms|ThreadId(2)] [class_dump] byz → net.minecraft.util.parsing.packrat.commands.StringReaderTerms
[0627|t+7266ms|ThreadId(2)] [class_dump] bzb → net.minecraft.util.parsing.packrat.commands.UnquotedStringParseRule
[0628|t+7267ms|ThreadId(2)] [class_dump] bzm → net.minecraft.util.profiling.ProfilerFiller
[0629|t+7267ms|ThreadId(2)] [class_dump] caz → net.minecraft.util.profiling.metrics.MetricsSamplerProvider
[0630|t+7267ms|ThreadId(2)] [class_dump] cba → net.minecraft.util.profiling.metrics.ProfilerMeasured
[0631|t+7268ms|ThreadId(2)] [class_dump] cbe → net.minecraft.util.profiling.metrics.profiling.MetricsRecorder
[0632|t+7268ms|ThreadId(2)] [class_dump] cbr → net.minecraft.util.thread.BlockableEventLoop
[0633|t+7268ms|ThreadId(2)] [class_dump] cbv → net.minecraft.util.thread.ReentrantBlockableEventLoop
[0634|t+7268ms|ThreadId(2)] [class_dump] cbx → net.minecraft.util.thread.TaskScheduler
[0635|t+7269ms|ThreadId(2)] [class_dump] cbz → net.minecraft.util.valueproviders.BiasedToBottomInt
[0636|t+7269ms|ThreadId(2)] [class_dump] ccb → net.minecraft.util.valueproviders.ClampedNormalFloat
[0637|t+7269ms|ThreadId(2)] [class_dump] cce → net.minecraft.util.valueproviders.ConstantInt
[0638|t+7270ms|ThreadId(2)] [class_dump] ccf → net.minecraft.util.valueproviders.FloatProvider
[0639|t+7270ms|ThreadId(2)] [class_dump] cch → net.minecraft.util.valueproviders.IntProvider
[0640|t+7270ms|ThreadId(2)] [class_dump] cci → net.minecraft.util.valueproviders.IntProviderType
[0641|t+7271ms|ThreadId(2)] [class_dump] cck → net.minecraft.util.valueproviders.SampledFloat
[0642|t+7271ms|ThreadId(2)] [class_dump] ccm → net.minecraft.util.valueproviders.UniformFloat
[0643|t+7271ms|ThreadId(2)] [class_dump] ccn → net.minecraft.util.valueproviders.UniformInt
[0644|t+7271ms|ThreadId(2)] [class_dump] cco → net.minecraft.util.valueproviders.WeightedListInt
[0645|t+7272ms|ThreadId(2)] [class_dump] cct → net.minecraft.world.Clearable
[0646|t+7272ms|ThreadId(2)] [class_dump] ccv → net.minecraft.world.Container
[0647|t+7272ms|ThreadId(2)] [class_dump] cdb → net.minecraft.world.InteractionHand
[0648|t+7272ms|ThreadId(2)] [class_dump] cdc → net.minecraft.world.InteractionResult
[0649|t+7273ms|ThreadId(2)] [class_dump] cdf → net.minecraft.world.MenuProvider
[0650|t+7273ms|ThreadId(2)] [class_dump] cdg → net.minecraft.world.Nameable
[0651|t+7273ms|ThreadId(2)] [class_dump] cdj → net.minecraft.world.RandomizableContainer
[0652|t+7274ms|ThreadId(2)] [class_dump] cdo → net.minecraft.world.TickRateManager
[0653|t+7274ms|ThreadId(2)] [class_dump] cdp → net.minecraft.world.WorldlyContainer
[0654|t+7275ms|ThreadId(2)] [class_dump] cdq → net.minecraft.world.WorldlyContainerHolder
[0655|t+7275ms|ThreadId(2)] [class_dump] cdw → net.minecraft.world.attribute.AttributeType
[0656|t+7275ms|ThreadId(2)] [class_dump] cdx → net.minecraft.world.attribute.AttributeTypes
[0657|t+7276ms|ThreadId(2)] [class_dump] cea → net.minecraft.world.attribute.EnvironmentAttribute
[0658|t+7276ms|ThreadId(2)] [class_dump] cee → net.minecraft.world.attribute.EnvironmentAttributeReader
[0659|t+7276ms|ThreadId(2)] [class_dump] ceg → net.minecraft.world.attribute.EnvironmentAttributes
[0660|t+7277ms|ThreadId(2)] [class_dump] cev → net.minecraft.world.damagesource.DamageEffects
[0661|t+7277ms|ThreadId(2)] [class_dump] cew → net.minecraft.world.damagesource.DamageScaling
[0662|t+7277ms|ThreadId(2)] [class_dump] cez → net.minecraft.world.damagesource.DamageType
[0663|t+7278ms|ThreadId(2)] [class_dump] cfb → net.minecraft.world.damagesource.DeathMessageType
[0664|t+7278ms|ThreadId(2)] [class_dump] cfe → net.minecraft.world.effect.AbsorptionMobEffect
[0665|t+7278ms|ThreadId(2)] [class_dump] cff → net.minecraft.world.effect.BadOmenMobEffect
[0666|t+7279ms|ThreadId(2)] [class_dump] cfg → net.minecraft.world.effect.HealOrHarmMobEffect
[0667|t+7279ms|ThreadId(2)] [class_dump] cfh → net.minecraft.world.effect.HungerMobEffect
[0668|t+7279ms|ThreadId(2)] [class_dump] cfi → net.minecraft.world.effect.InfestedMobEffect
[0669|t+7280ms|ThreadId(2)] [class_dump] cfj → net.minecraft.world.effect.InstantenousMobEffect
[0670|t+7280ms|ThreadId(2)] [class_dump] cfk → net.minecraft.world.effect.MobEffect
[0671|t+7280ms|ThreadId(2)] [class_dump] cfl → net.minecraft.world.effect.MobEffectCategory
[0672|t+7281ms|ThreadId(2)] [class_dump] cfm → net.minecraft.world.effect.MobEffectInstance
[0673|t+7281ms|ThreadId(2)] [class_dump] cfo → net.minecraft.world.effect.MobEffects
[0674|t+7281ms|ThreadId(2)] [class_dump] cfp → net.minecraft.world.effect.OozingMobEffect
[0675|t+7281ms|ThreadId(2)] [class_dump] cfq → net.minecraft.world.effect.PoisonMobEffect
[0676|t+7282ms|ThreadId(2)] [class_dump] cfr → net.minecraft.world.effect.RaidOmenMobEffect
[0677|t+7282ms|ThreadId(2)] [class_dump] cfs → net.minecraft.world.effect.RegenerationMobEffect
[0678|t+7282ms|ThreadId(2)] [class_dump] cft → net.minecraft.world.effect.SaturationMobEffect
[0679|t+7283ms|ThreadId(2)] [class_dump] cfu → net.minecraft.world.effect.WeavingMobEffect
[0680|t+7283ms|ThreadId(2)] [class_dump] cfv → net.minecraft.world.effect.WindChargedMobEffect
[0681|t+7283ms|ThreadId(2)] [class_dump] cfw → net.minecraft.world.effect.WitherMobEffect
[0682|t+7283ms|ThreadId(2)] [class_dump] cfy → net.minecraft.world.entity.AgeableMob
[0683|t+7284ms|ThreadId(2)] [class_dump] cgb → net.minecraft.world.entity.Attackable
[0684|t+7284ms|ThreadId(2)] [class_dump] cgc → net.minecraft.world.entity.Avatar
[0685|t+7284ms|ThreadId(2)] [class_dump] cgd → net.minecraft.world.entity.ContainerUser
[0686|t+7285ms|ThreadId(2)] [class_dump] cgk → net.minecraft.world.entity.Entity
[0687|t+7285ms|ThreadId(2)] [class_dump] cgu → net.minecraft.world.entity.EntityType
[0688|t+7285ms|ThreadId(2)] [class_dump] cgv → net.minecraft.world.entity.EquipmentSlot
[0689|t+7285ms|ThreadId(2)] [class_dump] cgw → net.minecraft.world.entity.EquipmentSlotGroup
[0690|t+7286ms|ThreadId(2)] [class_dump] cgy → net.minecraft.world.entity.EquipmentUser
[0691|t+7286ms|ThreadId(2)] [class_dump] cha → net.minecraft.world.entity.HasCustomInventoryScreen
[0692|t+7286ms|ThreadId(2)] [class_dump] chc → net.minecraft.world.entity.InsideBlockEffectApplier
[0693|t+7287ms|ThreadId(2)] [class_dump] chh → net.minecraft.world.entity.ItemOwner
[0694|t+7287ms|ThreadId(2)] [class_dump] chj → net.minecraft.world.entity.Leashable
[0695|t+7287ms|ThreadId(2)] [class_dump] chk → net.minecraft.world.entity.LightningBolt
[0696|t+7287ms|ThreadId(2)] [class_dump] chl → net.minecraft.world.entity.LivingEntity
[0697|t+7288ms|ThreadId(2)] [class_dump] chn → net.minecraft.world.entity.Mob
[0698|t+7288ms|ThreadId(2)] [class_dump] chq → net.minecraft.world.entity.NeutralMob
[0699|t+7288ms|ThreadId(2)] [class_dump] chr → net.minecraft.world.entity.OminousItemSpawner
[0700|t+7288ms|ThreadId(2)] [class_dump] chs → net.minecraft.world.entity.OwnableEntity
[0701|t+7289ms|ThreadId(2)] [class_dump] cht → net.minecraft.world.entity.PathfinderMob
[0702|t+7289ms|ThreadId(2)] [class_dump] chu → net.minecraft.world.entity.PlayerRideable
[0703|t+7289ms|ThreadId(2)] [class_dump] chv → net.minecraft.world.entity.PlayerRideableJumping
[0704|t+7289ms|ThreadId(2)] [class_dump] cib → net.minecraft.world.entity.Shearable
[0705|t+7290ms|ThreadId(2)] [class_dump] cic → net.minecraft.world.entity.SlotAccess
[0706|t+7290ms|ThreadId(2)] [class_dump] cid → net.minecraft.world.entity.SlotProvider
[0707|t+7290ms|ThreadId(2)] [class_dump] cij → net.minecraft.world.entity.Targeting
[0708|t+7291ms|ThreadId(2)] [class_dump] cik → net.minecraft.world.entity.TraceableEntity
[0709|t+7291ms|ThreadId(2)] [class_dump] cin → net.minecraft.world.entity.ai.attributes.Attribute
[0710|t+7291ms|ThreadId(2)] [class_dump] ciq → net.minecraft.world.entity.ai.attributes.AttributeModifier
[0711|t+7292ms|ThreadId(2)] [class_dump] cis → net.minecraft.world.entity.ai.attributes.Attributes
[0712|t+7292ms|ThreadId(2)] [class_dump] ciu → net.minecraft.world.entity.ai.attributes.RangedAttribute
[0713|t+7292ms|ThreadId(2)] [class_dump] com.mojang.authlib.GameProfile
[0714|t+7293ms|ThreadId(2)] [class_dump] com.mojang.authlib.exceptions.AuthenticationException
[0715|t+7294ms|ThreadId(2)] [class_dump] com.mojang.authlib.minecraft.TelemetryPropertyContainer
[0716|t+7294ms|ThreadId(2)] [class_dump] com.mojang.authlib.properties.Property
[0717|t+7294ms|ThreadId(2)] [class_dump] com.mojang.authlib.properties.PropertyMap
[0718|t+7295ms|ThreadId(2)] [class_dump] com.mojang.blaze3d.systems.GpuDevice → com.mojang.blaze3d.systems.GpuDevice
[0719|t+7295ms|ThreadId(2)] [class_dump] com.mojang.blaze3d.systems.RenderSystem → com.mojang.blaze3d.systems.RenderSystem
[0720|t+7295ms|ThreadId(2)] [class_dump] com.mojang.brigadier.ImmutableStringReader
[0721|t+7296ms|ThreadId(2)] [class_dump] com.mojang.brigadier.LiteralMessage
[0722|t+7296ms|ThreadId(2)] [class_dump] com.mojang.brigadier.Message
[0723|t+7296ms|ThreadId(2)] [class_dump] com.mojang.brigadier.arguments.ArgumentType
[0724|t+7297ms|ThreadId(2)] [class_dump] com.mojang.brigadier.exceptions.BuiltInExceptionProvider
[0725|t+7297ms|ThreadId(2)] [class_dump] com.mojang.brigadier.exceptions.BuiltInExceptions
[0726|t+7297ms|ThreadId(2)] [class_dump] com.mojang.brigadier.exceptions.BuiltInExceptions$$Lambda/0x00000008002575f0
[0727|t+7298ms|ThreadId(2)] [class_dump] com.mojang.brigadier.exceptions.BuiltInExceptions$$Lambda/0x0000000800258000
[0728|t+7298ms|ThreadId(2)] [class_dump] com.mojang.brigadier.exceptions.BuiltInExceptions$$Lambda/0x0000000800258210
[0729|t+7298ms|ThreadId(2)] [class_dump] com.mojang.brigadier.exceptions.BuiltInExceptions$$Lambda/0x0000000800258420
[0730|t+7299ms|ThreadId(2)] [class_dump] com.mojang.brigadier.exceptions.BuiltInExceptions$$Lambda/0x0000000800258630
[0731|t+7299ms|ThreadId(2)] [class_dump] com.mojang.brigadier.exceptions.BuiltInExceptions$$Lambda/0x0000000800258840
[0732|t+7299ms|ThreadId(2)] [class_dump] com.mojang.brigadier.exceptions.BuiltInExceptions$$Lambda/0x0000000800258a50
[0733|t+7300ms|ThreadId(2)] [class_dump] com.mojang.brigadier.exceptions.BuiltInExceptions$$Lambda/0x0000000800258c60
[0734|t+7300ms|ThreadId(2)] [class_dump] com.mojang.brigadier.exceptions.BuiltInExceptions$$Lambda/0x0000000800259080
[0735|t+7300ms|ThreadId(2)] [class_dump] com.mojang.brigadier.exceptions.BuiltInExceptions$$Lambda/0x00000008002596e0
[0736|t+7301ms|ThreadId(2)] [class_dump] com.mojang.brigadier.exceptions.BuiltInExceptions$$Lambda/0x0000000800259910
[0737|t+7301ms|ThreadId(2)] [class_dump] com.mojang.brigadier.exceptions.BuiltInExceptions$$Lambda/0x0000000800259b40
[0738|t+7301ms|ThreadId(2)] [class_dump] com.mojang.brigadier.exceptions.BuiltInExceptions$$Lambda/0x0000000800259d70
[0739|t+7302ms|ThreadId(2)] [class_dump] com.mojang.brigadier.exceptions.BuiltInExceptions$$Lambda/0x0000000800259fa0
[0740|t+7302ms|ThreadId(2)] [class_dump] com.mojang.brigadier.exceptions.BuiltInExceptions$$Lambda/0x000000080025a1d0
[0741|t+7302ms|ThreadId(2)] [class_dump] com.mojang.brigadier.exceptions.BuiltInExceptions$$Lambda/0x000000080025a400
[0742|t+7303ms|ThreadId(2)] [class_dump] com.mojang.brigadier.exceptions.BuiltInExceptions$$Lambda/0x000000080025a630
[0743|t+7303ms|ThreadId(2)] [class_dump] com.mojang.brigadier.exceptions.CommandExceptionType
[0744|t+7303ms|ThreadId(2)] [class_dump] com.mojang.brigadier.exceptions.CommandSyntaxException
[0745|t+7304ms|ThreadId(2)] [class_dump] com.mojang.brigadier.exceptions.Dynamic2CommandExceptionType
[0746|t+7304ms|ThreadId(2)] [class_dump] com.mojang.brigadier.exceptions.Dynamic2CommandExceptionType$Function
[0747|t+7305ms|ThreadId(2)] [class_dump] com.mojang.brigadier.exceptions.DynamicCommandExceptionType
[0748|t+7305ms|ThreadId(2)] [class_dump] com.mojang.brigadier.exceptions.SimpleCommandExceptionType
[0749|t+7305ms|ThreadId(2)] [class_dump] com.mojang.datafixers.DSL
[0750|t+7306ms|ThreadId(2)] [class_dump] com.mojang.datafixers.DSL$$Lambda/0x00000008002d2388
[0751|t+7306ms|ThreadId(2)] [class_dump] com.mojang.datafixers.DSL$$Lambda/0x00000008002d6520
[0752|t+7306ms|ThreadId(2)] [class_dump] com.mojang.datafixers.DSL$$Lambda/0x00000008002d6750
[0753|t+7306ms|ThreadId(2)] [class_dump] com.mojang.datafixers.DSL$$Lambda/0x00000008003291f0
[0754|t+7307ms|ThreadId(2)] [class_dump] com.mojang.datafixers.DSL$$Lambda/0x0000000800369f68
[0755|t+7307ms|ThreadId(2)] [class_dump] com.mojang.datafixers.DSL$Instances
[0756|t+7307ms|ThreadId(2)] [class_dump] com.mojang.datafixers.DSL$Instances$TaggedChoiceCacheKey
[0757|t+7308ms|ThreadId(2)] [class_dump] com.mojang.datafixers.DSL$TypeReference
[0758|t+7308ms|ThreadId(2)] [class_dump] com.mojang.datafixers.DataFix
[0759|t+7309ms|ThreadId(2)] [class_dump] com.mojang.datafixers.DataFix$$Lambda/0x0000000800383560
[0760|t+7309ms|ThreadId(2)] [class_dump] com.mojang.datafixers.DataFix$$Lambda/0x0000000800387988
[0761|t+7309ms|ThreadId(2)] [class_dump] com.mojang.datafixers.DataFix$$Lambda/0x000000080038a920
[0762|t+7309ms|ThreadId(2)] [class_dump] com.mojang.datafixers.DataFix$$Lambda/0x00000008003a1610
[0763|t+7310ms|ThreadId(2)] [class_dump] com.mojang.datafixers.DataFix$NamedFunctionWrapper
[0764|t+7310ms|ThreadId(2)] [class_dump] com.mojang.datafixers.DataFixUtils
[0765|t+7310ms|ThreadId(2)] [class_dump] com.mojang.datafixers.DataFixUtils$$Lambda/0x0000000800385fc8
[0766|t+7311ms|ThreadId(2)] [class_dump] com.mojang.datafixers.DataFixUtils$$Lambda/0x0000000800386888
[0767|t+7311ms|ThreadId(2)] [class_dump] com.mojang.datafixers.DataFixUtils$$Lambda/0x00000008004f0000
[0768|t+7311ms|ThreadId(2)] [class_dump] com.mojang.datafixers.DataFixer
[0769|t+7312ms|ThreadId(2)] [class_dump] com.mojang.datafixers.DataFixerBuilder
[0770|t+7312ms|ThreadId(2)] [class_dump] com.mojang.datafixers.DataFixerBuilder$Result
[0771|t+7312ms|ThreadId(2)] [class_dump] com.mojang.datafixers.DataFixerBuilder$Result$$Lambda/0x000000080037f448
[0772|t+7312ms|ThreadId(2)] [class_dump] com.mojang.datafixers.DataFixerBuilder$Result$$Lambda/0x000000080037f678
[0773|t+7312ms|ThreadId(2)] [class_dump] com.mojang.datafixers.DataFixerBuilder$Result$$Lambda/0x000000080037f890
[0774|t+7313ms|ThreadId(2)] [class_dump] com.mojang.datafixers.DataFixerBuilder$Result$$Lambda/0x000000080037fac8
[0775|t+7313ms|ThreadId(2)] [class_dump] com.mojang.datafixers.DataFixerBuilder$Result$$Lambda/0x0000000800385258
[0776|t+7313ms|ThreadId(2)] [class_dump] com.mojang.datafixers.DataFixerBuilder$Result$$Lambda/0x0000000800385688
[0777|t+7314ms|ThreadId(2)] [class_dump] com.mojang.datafixers.DataFixerBuilder$Result$$Lambda/0x0000000800385ba0
[0778|t+7314ms|ThreadId(2)] [class_dump] com.mojang.datafixers.DataFixerUpper
[0779|t+7314ms|ThreadId(2)] [class_dump] com.mojang.datafixers.DataFixerUpper$$Lambda/0x0000000800306850
[0780|t+7315ms|ThreadId(2)] [class_dump] com.mojang.datafixers.DataFixerUpper$$Lambda/0x00000008003841f0
[0781|t+7315ms|ThreadId(2)] [class_dump] com.mojang.datafixers.FieldFinder
[0782|t+7315ms|ThreadId(2)] [class_dump] com.mojang.datafixers.NamedChoiceFinder
[0783|t+7315ms|ThreadId(2)] [class_dump] com.mojang.datafixers.OpticFinder
[0784|t+7316ms|ThreadId(2)] [class_dump] com.mojang.datafixers.Products$P1
[0785|t+7316ms|ThreadId(2)] [class_dump] com.mojang.datafixers.Products$P2
[0786|t+7316ms|ThreadId(2)] [class_dump] com.mojang.datafixers.Products$P3
[0787|t+7317ms|ThreadId(2)] [class_dump] com.mojang.datafixers.Products$P4
[0788|t+7317ms|ThreadId(2)] [class_dump] com.mojang.datafixers.Products$P5
[0789|t+7317ms|ThreadId(2)] [class_dump] com.mojang.datafixers.Products$P6
[0790|t+7318ms|ThreadId(2)] [class_dump] com.mojang.datafixers.Products$P8
[0791|t+7318ms|ThreadId(2)] [class_dump] com.mojang.datafixers.RewriteResult
[0792|t+7318ms|ThreadId(2)] [class_dump] com.mojang.datafixers.TypeRewriteRule
[0793|t+7319ms|ThreadId(2)] [class_dump] com.mojang.datafixers.TypeRewriteRule$All
[0794|t+7319ms|ThreadId(2)] [class_dump] com.mojang.datafixers.TypeRewriteRule$Everywhere
[0795|t+7319ms|ThreadId(2)] [class_dump] com.mojang.datafixers.TypeRewriteRule$IfSame
[0796|t+7320ms|ThreadId(2)] [class_dump] com.mojang.datafixers.TypeRewriteRule$Nop
[0797|t+7320ms|ThreadId(2)] [class_dump] com.mojang.datafixers.TypeRewriteRule$OrElse
[0798|t+7320ms|ThreadId(2)] [class_dump] com.mojang.datafixers.TypeRewriteRule$Seq
[0799|t+7320ms|ThreadId(2)] [class_dump] com.mojang.datafixers.TypeRewriteRule$Seq$$Lambda/0x0000000800394448
[0800|t+7321ms|ThreadId(2)] [class_dump] com.mojang.datafixers.Typed
[0801|t+7321ms|ThreadId(2)] [class_dump] com.mojang.datafixers.TypedOptic
[0802|t+7321ms|ThreadId(2)] [class_dump] com.mojang.datafixers.TypedOptic$Element
[0803|t+7322ms|ThreadId(2)] [class_dump] com.mojang.datafixers.View
[0804|t+7322ms|ThreadId(2)] [class_dump] com.mojang.datafixers.View$$Lambda/0x0000000800395700
[0805|t+7322ms|ThreadId(2)] [class_dump] com.mojang.datafixers.functions.Apply
[0806|t+7322ms|ThreadId(2)] [class_dump] com.mojang.datafixers.functions.Comp
[0807|t+7323ms|ThreadId(2)] [class_dump] com.mojang.datafixers.functions.Comp$$Lambda/0x00000008003d1330
[0808|t+7323ms|ThreadId(2)] [class_dump] com.mojang.datafixers.functions.Fold
[0809|t+7323ms|ThreadId(2)] [class_dump] com.mojang.datafixers.functions.FunctionWrapper
[0810|t+7324ms|ThreadId(2)] [class_dump] com.mojang.datafixers.functions.Functions
[0811|t+7325ms|ThreadId(2)] [class_dump] com.mojang.datafixers.functions.Id
[0812|t+7325ms|ThreadId(2)] [class_dump] com.mojang.datafixers.functions.In
[0813|t+7325ms|ThreadId(2)] [class_dump] com.mojang.datafixers.functions.Out
[0814|t+7326ms|ThreadId(2)] [class_dump] com.mojang.datafixers.functions.PointFree
[0815|t+7326ms|ThreadId(2)] [class_dump] com.mojang.datafixers.functions.PointFreeRule
[0816|t+7326ms|ThreadId(2)] [class_dump] com.mojang.datafixers.functions.PointFreeRule$AppNest
[0817|t+7327ms|ThreadId(2)] [class_dump] com.mojang.datafixers.functions.PointFreeRule$CataFuseDifferent
[0818|t+7327ms|ThreadId(2)] [class_dump] com.mojang.datafixers.functions.PointFreeRule$CataFuseSame
[0819|t+7327ms|ThreadId(2)] [class_dump] com.mojang.datafixers.functions.PointFreeRule$CompRewrite
[0820|t+7328ms|ThreadId(2)] [class_dump] com.mojang.datafixers.functions.PointFreeRule$CompRewrite$$Lambda/0x0000000800303cf8
[0821|t+7328ms|ThreadId(2)] [class_dump] com.mojang.datafixers.functions.PointFreeRule$CompRewrite$$Lambda/0x00000008003d0ef0
[0822|t+7328ms|ThreadId(2)] [class_dump] com.mojang.datafixers.functions.PointFreeRule$CompRewrite$$Lambda/0x00000008003d1120
[0823|t+7329ms|ThreadId(2)] [class_dump] com.mojang.datafixers.functions.PointFreeRule$Everywhere
[0824|t+7329ms|ThreadId(2)] [class_dump] com.mojang.datafixers.functions.PointFreeRule$LensComp
[0825|t+7329ms|ThreadId(2)] [class_dump] com.mojang.datafixers.functions.PointFreeRule$Nop
[0826|t+7330ms|ThreadId(2)] [class_dump] com.mojang.datafixers.functions.PointFreeRule$Seq
[0827|t+7330ms|ThreadId(2)] [class_dump] com.mojang.datafixers.functions.PointFreeRule$SortInj
[0828|t+7330ms|ThreadId(2)] [class_dump] com.mojang.datafixers.functions.PointFreeRule$SortProj
[0829|t+7330ms|ThreadId(2)] [class_dump] com.mojang.datafixers.functions.ProfunctorTransformer
[0830|t+7331ms|ThreadId(2)] [class_dump] com.mojang.datafixers.kinds.App
[0831|t+7331ms|ThreadId(2)] [class_dump] com.mojang.datafixers.kinds.App2
[0832|t+7331ms|ThreadId(2)] [class_dump] com.mojang.datafixers.kinds.Applicative
[0833|t+7332ms|ThreadId(2)] [class_dump] com.mojang.datafixers.kinds.Applicative$$Lambda/0x00000008004aa488
[0834|t+7332ms|ThreadId(2)] [class_dump] com.mojang.datafixers.kinds.Applicative$$Lambda/0x00000008006e9da0
[0835|t+7332ms|ThreadId(2)] [class_dump] com.mojang.datafixers.kinds.Applicative$$Lambda/0x0000000800706788
[0836|t+7332ms|ThreadId(2)] [class_dump] com.mojang.datafixers.kinds.Functor
[0837|t+7333ms|ThreadId(2)] [class_dump] com.mojang.datafixers.kinds.K1
[0838|t+7333ms|ThreadId(2)] [class_dump] com.mojang.datafixers.kinds.Kind1
[0839|t+7333ms|ThreadId(2)] [class_dump] com.mojang.datafixers.kinds.Kind2$Mu
[0840|t+7333ms|ThreadId(2)] [class_dump] com.mojang.datafixers.optics.Adapter
[0841|t+7334ms|ThreadId(2)] [class_dump] com.mojang.datafixers.optics.Affine
[0842|t+7334ms|ThreadId(2)] [class_dump] com.mojang.datafixers.optics.IdAdapter
[0843|t+7334ms|ThreadId(2)] [class_dump] com.mojang.datafixers.optics.Inj1
[0844|t+7334ms|ThreadId(2)] [class_dump] com.mojang.datafixers.optics.Inj2
[0845|t+7335ms|ThreadId(2)] [class_dump] com.mojang.datafixers.optics.Lens
[0846|t+7335ms|ThreadId(2)] [class_dump] com.mojang.datafixers.optics.ListTraversal
[0847|t+7335ms|ThreadId(2)] [class_dump] com.mojang.datafixers.optics.Optic
[0848|t+7335ms|ThreadId(2)] [class_dump] com.mojang.datafixers.optics.Optics
[0849|t+7336ms|ThreadId(2)] [class_dump] com.mojang.datafixers.optics.PStore
[0850|t+7336ms|ThreadId(2)] [class_dump] com.mojang.datafixers.optics.Prism
[0851|t+7336ms|ThreadId(2)] [class_dump] com.mojang.datafixers.optics.Proj1
[0852|t+7336ms|ThreadId(2)] [class_dump] com.mojang.datafixers.optics.Proj2
[0853|t+7337ms|ThreadId(2)] [class_dump] com.mojang.datafixers.optics.ReForgetC
[0854|t+7337ms|ThreadId(2)] [class_dump] com.mojang.datafixers.optics.ReForgetE
[0855|t+7337ms|ThreadId(2)] [class_dump] com.mojang.datafixers.optics.ReForgetEP
[0856|t+7337ms|ThreadId(2)] [class_dump] com.mojang.datafixers.optics.ReForgetP
[0857|t+7338ms|ThreadId(2)] [class_dump] com.mojang.datafixers.optics.Traversal
[0858|t+7338ms|ThreadId(2)] [class_dump] com.mojang.datafixers.optics.Wander
[0859|t+7338ms|ThreadId(2)] [class_dump] com.mojang.datafixers.optics.profunctors.AffineP$Mu
[0860|t+7338ms|ThreadId(2)] [class_dump] com.mojang.datafixers.optics.profunctors.AffineP$Mu$1
[0861|t+7339ms|ThreadId(2)] [class_dump] com.mojang.datafixers.optics.profunctors.Cartesian$Mu
[0862|t+7339ms|ThreadId(2)] [class_dump] com.mojang.datafixers.optics.profunctors.Cartesian$Mu$1
[0863|t+7339ms|ThreadId(2)] [class_dump] com.mojang.datafixers.optics.profunctors.Cocartesian$Mu
[0864|t+7340ms|ThreadId(2)] [class_dump] com.mojang.datafixers.optics.profunctors.Cocartesian$Mu$1
[0865|t+7340ms|ThreadId(2)] [class_dump] com.mojang.datafixers.optics.profunctors.Profunctor$Mu
[0866|t+7340ms|ThreadId(2)] [class_dump] com.mojang.datafixers.optics.profunctors.Profunctor$Mu$1
[0867|t+7341ms|ThreadId(2)] [class_dump] com.mojang.datafixers.optics.profunctors.TraversalP$Mu
[0868|t+7341ms|ThreadId(2)] [class_dump] com.mojang.datafixers.optics.profunctors.TraversalP$Mu$1
[0869|t+7342ms|ThreadId(2)] [class_dump] com.mojang.datafixers.schemas.Schema
[0870|t+7342ms|ThreadId(2)] [class_dump] com.mojang.datafixers.schemas.Schema$$Lambda/0x00000008002c1c70
[0871|t+7343ms|ThreadId(2)] [class_dump] com.mojang.datafixers.schemas.Schema$$Lambda/0x00000008002c3100
[0872|t+7343ms|ThreadId(2)] [class_dump] com.mojang.datafixers.schemas.Schema$$Lambda/0x00000008002d0cd8
[0873|t+7343ms|ThreadId(2)] [class_dump] com.mojang.datafixers.schemas.Schema$$Lambda/0x00000008002d6dc0
[0874|t+7343ms|ThreadId(2)] [class_dump] com.mojang.datafixers.schemas.Schema$$Lambda/0x000000080037fcf0
[0875|t+7344ms|ThreadId(2)] [class_dump] com.mojang.datafixers.schemas.Schema$$Lambda/0x00000008003861f8
[0876|t+7344ms|ThreadId(2)] [class_dump] com.mojang.datafixers.schemas.Schema$$Lambda/0x0000000800386cd0
[0877|t+7344ms|ThreadId(2)] [class_dump] com.mojang.datafixers.schemas.Schema$$Lambda/0x0000000800388448
[0878|t+7345ms|ThreadId(2)] [class_dump] com.mojang.datafixers.types.Func
[0879|t+7345ms|ThreadId(2)] [class_dump] com.mojang.datafixers.types.Type
[0880|t+7346ms|ThreadId(2)] [class_dump] com.mojang.datafixers.types.Type$$Lambda/0x0000000800381c30
[0881|t+7346ms|ThreadId(2)] [class_dump] com.mojang.datafixers.types.Type$$Lambda/0x000000080038ad48
[0882|t+7346ms|ThreadId(2)] [class_dump] com.mojang.datafixers.types.Type$$Lambda/0x0000000800394000
[0883|t+7346ms|ThreadId(2)] [class_dump] com.mojang.datafixers.types.Type$$Lambda/0x0000000800394cb0
[0884|t+7347ms|ThreadId(2)] [class_dump] com.mojang.datafixers.types.Type$$Lambda/0x0000000800394ec8
[0885|t+7347ms|ThreadId(2)] [class_dump] com.mojang.datafixers.types.Type$$Lambda/0x0000000800395b20
[0886|t+7347ms|ThreadId(2)] [class_dump] com.mojang.datafixers.types.Type$RewriteCacheKey
[0887|t+7348ms|ThreadId(2)] [class_dump] com.mojang.datafixers.types.Type$TypeMatcher
[0888|t+7348ms|ThreadId(2)] [class_dump] com.mojang.datafixers.types.constant.EmptyPart
[0889|t+7348ms|ThreadId(2)] [class_dump] com.mojang.datafixers.types.constant.EmptyPartPassthrough
[0890|t+7349ms|ThreadId(2)] [class_dump] com.mojang.datafixers.types.families.Algebra
[0891|t+7349ms|ThreadId(2)] [class_dump] com.mojang.datafixers.types.families.ListAlgebra
[0892|t+7349ms|ThreadId(2)] [class_dump] com.mojang.datafixers.types.families.RecursiveTypeFamily
[0893|t+7349ms|ThreadId(2)] [class_dump] com.mojang.datafixers.types.families.RecursiveTypeFamily$$Lambda/0x0000000800304948
[0894|t+7350ms|ThreadId(2)] [class_dump] com.mojang.datafixers.types.families.RecursiveTypeFamily$$Lambda/0x0000000800304e10
[0895|t+7350ms|ThreadId(2)] [class_dump] com.mojang.datafixers.types.families.RecursiveTypeFamily$$Lambda/0x00000008003a8708
[0896|t+7350ms|ThreadId(2)] [class_dump] com.mojang.datafixers.types.families.TypeFamily
[0897|t+7351ms|ThreadId(2)] [class_dump] com.mojang.datafixers.types.templates.Check
[0898|t+7351ms|ThreadId(2)] [class_dump] com.mojang.datafixers.types.templates.Check$1
[0899|t+7351ms|ThreadId(2)] [class_dump] com.mojang.datafixers.types.templates.Check$CheckType
[0900|t+7352ms|ThreadId(2)] [class_dump] com.mojang.datafixers.types.templates.CompoundList
[0901|t+7352ms|ThreadId(2)] [class_dump] com.mojang.datafixers.types.templates.CompoundList$$Lambda/0x0000000800305248
[0902|t+7352ms|ThreadId(2)] [class_dump] com.mojang.datafixers.types.templates.CompoundList$CompoundListType
[0903|t+7353ms|ThreadId(2)] [class_dump] com.mojang.datafixers.types.templates.Const
[0904|t+7353ms|ThreadId(2)] [class_dump] com.mojang.datafixers.types.templates.Const$1
[0905|t+7353ms|ThreadId(2)] [class_dump] com.mojang.datafixers.types.templates.Const$PrimitiveType
[0906|t+7353ms|ThreadId(2)] [class_dump] com.mojang.datafixers.types.templates.Hook
[0907|t+7354ms|ThreadId(2)] [class_dump] com.mojang.datafixers.types.templates.Hook$$Lambda/0x0000000800327270
[0908|t+7354ms|ThreadId(2)] [class_dump] com.mojang.datafixers.types.templates.Hook$HookFunction
[0909|t+7354ms|ThreadId(2)] [class_dump] com.mojang.datafixers.types.templates.Hook$HookFunction$1
[0910|t+7354ms|ThreadId(2)] [class_dump] com.mojang.datafixers.types.templates.Hook$HookType
[0911|t+7355ms|ThreadId(2)] [class_dump] com.mojang.datafixers.types.templates.List
[0912|t+7355ms|ThreadId(2)] [class_dump] com.mojang.datafixers.types.templates.List$1
[0913|t+7355ms|ThreadId(2)] [class_dump] com.mojang.datafixers.types.templates.List$ListType
[0914|t+7355ms|ThreadId(2)] [class_dump] com.mojang.datafixers.types.templates.Named
[0915|t+7356ms|ThreadId(2)] [class_dump] com.mojang.datafixers.types.templates.Named$$Lambda/0x00000008002d9808
[0916|t+7356ms|ThreadId(2)] [class_dump] com.mojang.datafixers.types.templates.Named$NamedType
[0917|t+7356ms|ThreadId(2)] [class_dump] com.mojang.datafixers.types.templates.Product
[0918|t+7356ms|ThreadId(2)] [class_dump] com.mojang.datafixers.types.templates.Product$1
[0919|t+7357ms|ThreadId(2)] [class_dump] com.mojang.datafixers.types.templates.Product$ProductType
[0920|t+7357ms|ThreadId(2)] [class_dump] com.mojang.datafixers.types.templates.Product$ProductType$$Lambda/0x0000000800381a18
[0921|t+7357ms|ThreadId(2)] [class_dump] com.mojang.datafixers.types.templates.Product$ProductType$$Lambda/0x0000000800386ab8
[0922|t+7358ms|ThreadId(2)] [class_dump] com.mojang.datafixers.types.templates.RecursivePoint
[0923|t+7358ms|ThreadId(2)] [class_dump] com.mojang.datafixers.types.templates.RecursivePoint$1
[0924|t+7359ms|ThreadId(2)] [class_dump] com.mojang.datafixers.types.templates.RecursivePoint$RecursivePointType
[0925|t+7359ms|ThreadId(2)] [class_dump] com.mojang.datafixers.types.templates.RecursivePoint$RecursivePointType$$Lambda/0x00000008003a0000
[0926|t+7359ms|ThreadId(2)] [class_dump] com.mojang.datafixers.types.templates.Sum
[0927|t+7359ms|ThreadId(2)] [class_dump] com.mojang.datafixers.types.templates.Sum$1
[0928|t+7360ms|ThreadId(2)] [class_dump] com.mojang.datafixers.types.templates.Sum$SumType
[0929|t+7360ms|ThreadId(2)] [class_dump] com.mojang.datafixers.types.templates.Sum$SumType$$Lambda/0x0000000800381800
[0930|t+7361ms|ThreadId(2)] [class_dump] com.mojang.datafixers.types.templates.Sum$SumType$$Lambda/0x0000000800385db0
[0931|t+7361ms|ThreadId(2)] [class_dump] com.mojang.datafixers.types.templates.Sum$SumType$$Lambda/0x0000000800386408
[0932|t+7361ms|ThreadId(2)] [class_dump] com.mojang.datafixers.types.templates.Tag
[0933|t+7361ms|ThreadId(2)] [class_dump] com.mojang.datafixers.types.templates.Tag$1
[0934|t+7362ms|ThreadId(2)] [class_dump] com.mojang.datafixers.types.templates.Tag$TagType
[0935|t+7362ms|ThreadId(2)] [class_dump] com.mojang.datafixers.types.templates.TaggedChoice
[0936|t+7362ms|ThreadId(2)] [class_dump] com.mojang.datafixers.types.templates.TaggedChoice$$Lambda/0x00000008002d57c8
[0937|t+7362ms|ThreadId(2)] [class_dump] com.mojang.datafixers.types.templates.TaggedChoice$$Lambda/0x0000000800327488
[0938|t+7363ms|ThreadId(2)] [class_dump] com.mojang.datafixers.types.templates.TaggedChoice$$Lambda/0x00000008003276a0
[0939|t+7363ms|ThreadId(2)] [class_dump] com.mojang.datafixers.types.templates.TaggedChoice$TaggedChoiceType
[0940|t+7363ms|ThreadId(2)] [class_dump] com.mojang.datafixers.types.templates.TaggedChoice$TaggedChoiceType$$Lambda/0x00000008003d19b0
[0941|t+7363ms|ThreadId(2)] [class_dump] com.mojang.datafixers.types.templates.TaggedChoice$TaggedChoiceType$$Lambda/0x00000008003d1be8
[0942|t+7364ms|ThreadId(2)] [class_dump] com.mojang.datafixers.types.templates.TaggedChoice$TaggedChoiceType$RewriteFunc
[0943|t+7364ms|ThreadId(2)] [class_dump] com.mojang.datafixers.types.templates.TypeTemplate
[0944|t+7364ms|ThreadId(2)] [class_dump] com.mojang.datafixers.util.Either
[0945|t+7364ms|ThreadId(2)] [class_dump] com.mojang.datafixers.util.Either$Left
[0946|t+7365ms|ThreadId(2)] [class_dump] com.mojang.datafixers.util.Either$Right
[0947|t+7365ms|ThreadId(2)] [class_dump] com.mojang.datafixers.util.Function3
[0948|t+7365ms|ThreadId(2)] [class_dump] com.mojang.datafixers.util.Function4
[0949|t+7366ms|ThreadId(2)] [class_dump] com.mojang.datafixers.util.Function5
[0950|t+7366ms|ThreadId(2)] [class_dump] com.mojang.datafixers.util.Function6
[0951|t+7366ms|ThreadId(2)] [class_dump] com.mojang.datafixers.util.Function8
[0952|t+7366ms|ThreadId(2)] [class_dump] com.mojang.datafixers.util.Pair
[0953|t+7367ms|ThreadId(2)] [class_dump] com.mojang.datafixers.util.Pair$$Lambda/0x00000008002d25b8
[0954|t+7367ms|ThreadId(2)] [class_dump] com.mojang.datafixers.util.Pair$$Lambda/0x00000008002d27e8
[0955|t+7367ms|ThreadId(2)] [class_dump] com.mojang.datafixers.util.Unit
[0956|t+7367ms|ThreadId(2)] [class_dump] com.mojang.jtracy.TracyClient
[0957|t+7368ms|ThreadId(2)] [class_dump] com.mojang.logging.LogListeners
[0958|t+7368ms|ThreadId(2)] [class_dump] com.mojang.logging.LogListeners$$Lambda/0x00000008001b7a50
[0959|t+7368ms|ThreadId(2)] [class_dump] com.mojang.logging.LogListeners$Target
[0960|t+7368ms|ThreadId(2)] [class_dump] com.mojang.logging.LogQueues
[0961|t+7369ms|ThreadId(2)] [class_dump] com.mojang.logging.LogQueues$$Lambda/0x00000008001a9588
[0962|t+7369ms|ThreadId(2)] [class_dump] com.mojang.logging.LogUtils
[0963|t+7369ms|ThreadId(2)] [class_dump] com.mojang.logging.plugins.LegacyXMLLayout
[0964|t+7370ms|ThreadId(2)] [class_dump] com.mojang.logging.plugins.ListenerLogAppender
[0965|t+7370ms|ThreadId(2)] [class_dump] com.mojang.logging.plugins.QueueLogAppender
[0966|t+7370ms|ThreadId(2)] [class_dump] com.mojang.serialization.Codec
[0967|t+7371ms|ThreadId(2)] [class_dump] com.mojang.serialization.Codec$$Lambda/0x0000000800212d38
[0968|t+7371ms|ThreadId(2)] [class_dump] com.mojang.serialization.Codec$$Lambda/0x0000000800212f68
[0969|t+7371ms|ThreadId(2)] [class_dump] com.mojang.serialization.Codec$$Lambda/0x000000080021fa90
[0970|t+7372ms|ThreadId(2)] [class_dump] com.mojang.serialization.Codec$$Lambda/0x000000080021fcc8
[0971|t+7372ms|ThreadId(2)] [class_dump] com.mojang.serialization.Codec$$Lambda/0x0000000800224ad0
[0972|t+7372ms|ThreadId(2)] [class_dump] com.mojang.serialization.Codec$$Lambda/0x000000080022bd68
[0973|t+7372ms|ThreadId(2)] [class_dump] com.mojang.serialization.Codec$$Lambda/0x000000080022f000
[0974|t+7373ms|ThreadId(2)] [class_dump] com.mojang.serialization.Codec$$Lambda/0x000000080023cd20
[0975|t+7373ms|ThreadId(2)] [class_dump] com.mojang.serialization.Codec$$Lambda/0x0000000800243ce8
[0976|t+7373ms|ThreadId(2)] [class_dump] com.mojang.serialization.Codec$$Lambda/0x0000000800248900
[0977|t+7374ms|ThreadId(2)] [class_dump] com.mojang.serialization.Codec$$Lambda/0x000000080058d748
[0978|t+7375ms|ThreadId(2)] [class_dump] com.mojang.serialization.Codec$$Lambda/0x000000080069c450
[0979|t+7375ms|ThreadId(2)] [class_dump] com.mojang.serialization.Codec$1
[0980|t+7375ms|ThreadId(2)] [class_dump] com.mojang.serialization.Codec$10
[0981|t+7376ms|ThreadId(2)] [class_dump] com.mojang.serialization.Codec$11
[0982|t+7376ms|ThreadId(2)] [class_dump] com.mojang.serialization.Codec$12
[0983|t+7376ms|ThreadId(2)] [class_dump] com.mojang.serialization.Codec$13
[0984|t+7376ms|ThreadId(2)] [class_dump] com.mojang.serialization.Codec$14
[0985|t+7377ms|ThreadId(2)] [class_dump] com.mojang.serialization.Codec$15
[0986|t+7377ms|ThreadId(2)] [class_dump] com.mojang.serialization.Codec$16
[0987|t+7377ms|ThreadId(2)] [class_dump] com.mojang.serialization.Codec$17
[0988|t+7378ms|ThreadId(2)] [class_dump] com.mojang.serialization.Codec$18
[0989|t+7378ms|ThreadId(2)] [class_dump] com.mojang.serialization.Codec$19
[0990|t+7378ms|ThreadId(2)] [class_dump] com.mojang.serialization.Codec$2
[0991|t+7379ms|ThreadId(2)] [class_dump] com.mojang.serialization.Codec$20
[0992|t+7379ms|ThreadId(2)] [class_dump] com.mojang.serialization.Codec$3
[0993|t+7379ms|ThreadId(2)] [class_dump] com.mojang.serialization.Codec$4
[0994|t+7379ms|ThreadId(2)] [class_dump] com.mojang.serialization.Codec$9
[0995|t+7380ms|ThreadId(2)] [class_dump] com.mojang.serialization.Codec$RecursiveCodec
[0996|t+7380ms|ThreadId(2)] [class_dump] com.mojang.serialization.Codec$RecursiveCodec$$Lambda/0x000000080025df50
[0997|t+7380ms|ThreadId(2)] [class_dump] com.mojang.serialization.Codec$ResultFunction
[0998|t+7381ms|ThreadId(2)] [class_dump] com.mojang.serialization.Compressable
[0999|t+7381ms|ThreadId(2)] [class_dump] com.mojang.serialization.CompressorHolder
[1000|t+7381ms|ThreadId(2)] [class_dump] com.mojang.serialization.DataResult
[1001|t+7382ms|ThreadId(2)] [class_dump] com.mojang.serialization.Decoder
[1002|t+7382ms|ThreadId(2)] [class_dump] com.mojang.serialization.Decoder$$Lambda/0x0000000800228f20
[1003|t+7382ms|ThreadId(2)] [class_dump] com.mojang.serialization.Decoder$1
[1004|t+7382ms|ThreadId(2)] [class_dump] com.mojang.serialization.Decoder$2
[1005|t+7383ms|ThreadId(2)] [class_dump] com.mojang.serialization.Decoder$5
[1006|t+7383ms|ThreadId(2)] [class_dump] com.mojang.serialization.Dynamic
[1007|t+7383ms|ThreadId(2)] [class_dump] com.mojang.serialization.DynamicLike
[1008|t+7384ms|ThreadId(2)] [class_dump] com.mojang.serialization.DynamicOps
[1009|t+7384ms|ThreadId(2)] [class_dump] com.mojang.serialization.Encoder
[1010|t+7384ms|ThreadId(2)] [class_dump] com.mojang.serialization.Encoder$1
[1011|t+7384ms|ThreadId(2)] [class_dump] com.mojang.serialization.Encoder$2
[1012|t+7385ms|ThreadId(2)] [class_dump] com.mojang.serialization.Encoder$4
[1013|t+7385ms|ThreadId(2)] [class_dump] com.mojang.serialization.JavaOps
[1014|t+7385ms|ThreadId(2)] [class_dump] com.mojang.serialization.JsonOps
[1015|t+7386ms|ThreadId(2)] [class_dump] com.mojang.serialization.Keyable
[1016|t+7386ms|ThreadId(2)] [class_dump] com.mojang.serialization.Lifecycle
[1017|t+7386ms|ThreadId(2)] [class_dump] com.mojang.serialization.Lifecycle$1
[1018|t+7386ms|ThreadId(2)] [class_dump] com.mojang.serialization.Lifecycle$2
[1019|t+7386ms|ThreadId(2)] [class_dump] com.mojang.serialization.Lifecycle$Deprecated
[1020|t+7387ms|ThreadId(2)] [class_dump] com.mojang.serialization.ListBuilder
[1021|t+7387ms|ThreadId(2)] [class_dump] com.mojang.serialization.MapCodec
[1022|t+7387ms|ThreadId(2)] [class_dump] com.mojang.serialization.MapCodec$$Lambda/0x0000000800206fe8
[1023|t+7387ms|ThreadId(2)] [class_dump] com.mojang.serialization.MapCodec$$Lambda/0x00000008002490c8
[1024|t+7388ms|ThreadId(2)] [class_dump] com.mojang.serialization.MapCodec$$Lambda/0x0000000800269660
[1025|t+7388ms|ThreadId(2)] [class_dump] com.mojang.serialization.MapCodec$$Lambda/0x00000008004e5ba8
[1026|t+7388ms|ThreadId(2)] [class_dump] com.mojang.serialization.MapCodec$$Lambda/0x00000008004ec698
[1027|t+7389ms|ThreadId(2)] [class_dump] com.mojang.serialization.MapCodec$$Lambda/0x00000008004ec8c8
[1028|t+7389ms|ThreadId(2)] [class_dump] com.mojang.serialization.MapCodec$$Lambda/0x00000008005052d0
[1029|t+7389ms|ThreadId(2)] [class_dump] com.mojang.serialization.MapCodec$1
[1030|t+7389ms|ThreadId(2)] [class_dump] com.mojang.serialization.MapCodec$10
[1031|t+7390ms|ThreadId(2)] [class_dump] com.mojang.serialization.MapCodec$11
[1032|t+7390ms|ThreadId(2)] [class_dump] com.mojang.serialization.MapCodec$2
[1033|t+7390ms|ThreadId(2)] [class_dump] com.mojang.serialization.MapCodec$3
[1034|t+7390ms|ThreadId(2)] [class_dump] com.mojang.serialization.MapCodec$4
[1035|t+7391ms|ThreadId(2)] [class_dump] com.mojang.serialization.MapCodec$6
[1036|t+7391ms|ThreadId(2)] [class_dump] com.mojang.serialization.MapCodec$Dependent
[1037|t+7392ms|ThreadId(2)] [class_dump] com.mojang.serialization.MapCodec$MapCodecCodec
[1038|t+7392ms|ThreadId(2)] [class_dump] com.mojang.serialization.MapCodec$RecursiveMapCodec
[1039|t+7392ms|ThreadId(2)] [class_dump] com.mojang.serialization.MapCodec$RecursiveMapCodec$$Lambda/0x000000080069c000
[1040|t+7392ms|ThreadId(2)] [class_dump] com.mojang.serialization.MapCodec$ResultFunction
[1041|t+7393ms|ThreadId(2)] [class_dump] com.mojang.serialization.MapDecoder
[1042|t+7393ms|ThreadId(2)] [class_dump] com.mojang.serialization.MapDecoder$3
[1043|t+7393ms|ThreadId(2)] [class_dump] com.mojang.serialization.MapDecoder$4
[1044|t+7393ms|ThreadId(2)] [class_dump] com.mojang.serialization.MapDecoder$Implementation
[1045|t+7394ms|ThreadId(2)] [class_dump] com.mojang.serialization.MapEncoder
[1046|t+7394ms|ThreadId(2)] [class_dump] com.mojang.serialization.MapEncoder$1
[1047|t+7394ms|ThreadId(2)] [class_dump] com.mojang.serialization.MapEncoder$2
[1048|t+7394ms|ThreadId(2)] [class_dump] com.mojang.serialization.MapEncoder$Implementation
[1049|t+7395ms|ThreadId(2)] [class_dump] com.mojang.serialization.MapLike
[1050|t+7395ms|ThreadId(2)] [class_dump] com.mojang.serialization.RecordBuilder
[1051|t+7395ms|ThreadId(2)] [class_dump] com.mojang.serialization.codecs.BaseMapCodec
[1052|t+7395ms|ThreadId(2)] [class_dump] com.mojang.serialization.codecs.DispatchedMapCodec
[1053|t+7396ms|ThreadId(2)] [class_dump] com.mojang.serialization.codecs.EitherCodec
[1054|t+7396ms|ThreadId(2)] [class_dump] com.mojang.serialization.codecs.EitherMapCodec
[1055|t+7396ms|ThreadId(2)] [class_dump] com.mojang.serialization.codecs.FieldDecoder
[1056|t+7396ms|ThreadId(2)] [class_dump] com.mojang.serialization.codecs.FieldEncoder
[1057|t+7397ms|ThreadId(2)] [class_dump] com.mojang.serialization.codecs.KeyDispatchCodec
[1058|t+7397ms|ThreadId(2)] [class_dump] com.mojang.serialization.codecs.KeyDispatchCodec$$Lambda/0x00000008004ecaf8
[1059|t+7397ms|ThreadId(2)] [class_dump] com.mojang.serialization.codecs.ListCodec
[1060|t+7397ms|ThreadId(2)] [class_dump] com.mojang.serialization.codecs.OptionalFieldCodec
[1061|t+7398ms|ThreadId(2)] [class_dump] com.mojang.serialization.codecs.PairMapCodec
[1062|t+7398ms|ThreadId(2)] [class_dump] com.mojang.serialization.codecs.PrimitiveCodec
[1063|t+7398ms|ThreadId(2)] [class_dump] com.mojang.serialization.codecs.RecordCodecBuilder
[1064|t+7398ms|ThreadId(2)] [class_dump] com.mojang.serialization.codecs.RecordCodecBuilder$$Lambda/0x0000000800228230
[1065|t+7399ms|ThreadId(2)] [class_dump] com.mojang.serialization.codecs.RecordCodecBuilder$$Lambda/0x0000000800228ab8
[1066|t+7399ms|ThreadId(2)] [class_dump] com.mojang.serialization.codecs.RecordCodecBuilder$$Lambda/0x0000000800228cf0
[1067|t+7399ms|ThreadId(2)] [class_dump] com.mojang.serialization.codecs.RecordCodecBuilder$2
[1068|t+7399ms|ThreadId(2)] [class_dump] com.mojang.serialization.codecs.RecordCodecBuilder$Instance
[1069|t+7400ms|ThreadId(2)] [class_dump] com.mojang.serialization.codecs.RecordCodecBuilder$Instance$$Lambda/0x0000000800229408
[1070|t+7400ms|ThreadId(2)] [class_dump] com.mojang.serialization.codecs.RecordCodecBuilder$Instance$$Lambda/0x0000000800229640
[1071|t+7400ms|ThreadId(2)] [class_dump] com.mojang.serialization.codecs.RecordCodecBuilder$Instance$$Lambda/0x000000080023de00
[1072|t+7401ms|ThreadId(2)] [class_dump] com.mojang.serialization.codecs.RecordCodecBuilder$Instance$$Lambda/0x000000080023e038
[1073|t+7401ms|ThreadId(2)] [class_dump] com.mojang.serialization.codecs.RecordCodecBuilder$Instance$$Lambda/0x0000000800487000
[1074|t+7402ms|ThreadId(2)] [class_dump] com.mojang.serialization.codecs.RecordCodecBuilder$Instance$$Lambda/0x0000000800487238
[1075|t+7402ms|ThreadId(2)] [class_dump] com.mojang.serialization.codecs.RecordCodecBuilder$Instance$$Lambda/0x0000000800487470
[1076|t+7402ms|ThreadId(2)] [class_dump] com.mojang.serialization.codecs.RecordCodecBuilder$Instance$$Lambda/0x00000008004aa6b8
[1077|t+7403ms|ThreadId(2)] [class_dump] com.mojang.serialization.codecs.RecordCodecBuilder$Instance$$Lambda/0x0000000800501f98
[1078|t+7403ms|ThreadId(2)] [class_dump] com.mojang.serialization.codecs.RecordCodecBuilder$Instance$$Lambda/0x00000008005021d0
[1079|t+7403ms|ThreadId(2)] [class_dump] com.mojang.serialization.codecs.RecordCodecBuilder$Instance$1
[1080|t+7404ms|ThreadId(2)] [class_dump] com.mojang.serialization.codecs.RecordCodecBuilder$Instance$3
[1081|t+7404ms|ThreadId(2)] [class_dump] com.mojang.serialization.codecs.RecordCodecBuilder$Instance$5
[1082|t+7404ms|ThreadId(2)] [class_dump] com.mojang.serialization.codecs.RecordCodecBuilder$Instance$7
[1083|t+7405ms|ThreadId(2)] [class_dump] com.mojang.serialization.codecs.UnboundedMapCodec
[1084|t+7405ms|ThreadId(2)] [class_dump] com.mojang.util.UndashedUuid
[1085|t+7405ms|ThreadId(2)] [class_dump] crd → net.minecraft.world.entity.ai.navigation.GroundPathNavigation
[1086|t+7405ms|ThreadId(2)] [class_dump] cre → net.minecraft.world.entity.ai.navigation.PathNavigation
[1087|t+7406ms|ThreadId(2)] [class_dump] cta → net.minecraft.world.entity.ai.village.poi.PoiType
[1088|t+7406ms|ThreadId(2)] [class_dump] ctb → net.minecraft.world.entity.ai.village.poi.PoiTypes
[1089|t+7406ms|ThreadId(2)] [class_dump] cth → net.minecraft.world.entity.animal.Animal
[1090|t+7406ms|ThreadId(2)] [class_dump] cti → net.minecraft.world.entity.animal.Bucketable
[1091|t+7407ms|ThreadId(2)] [class_dump] cup → net.minecraft.world.entity.animal.equine.AbstractHorse
[1092|t+7407ms|ThreadId(2)] [class_dump] cuv → net.minecraft.world.entity.animal.equine.SkeletonHorse
[1093|t+7407ms|ThreadId(2)] [class_dump] cvg → net.minecraft.world.entity.animal.fish.AbstractFish
[1094|t+7408ms|ThreadId(2)] [class_dump] cvm → net.minecraft.world.entity.animal.fish.WaterAnimal
[1095|t+7408ms|ThreadId(2)] [class_dump] cvv → net.minecraft.world.entity.animal.frog.Tadpole
[1096|t+7408ms|ThreadId(2)] [class_dump] cwb → net.minecraft.world.entity.animal.golem.AbstractGolem
[1097|t+7409ms|ThreadId(2)] [class_dump] cwc → net.minecraft.world.entity.animal.golem.CopperGolem
[1098|t+7409ms|ThreadId(2)] [class_dump] cwh → net.minecraft.world.entity.animal.golem.IronGolem
[1099|t+7409ms|ThreadId(2)] [class_dump] cwi → net.minecraft.world.entity.animal.golem.SnowGolem
[1100|t+7409ms|ThreadId(2)] [class_dump] cwk → net.minecraft.world.entity.animal.happyghast.HappyGhast
[1101|t+7410ms|ThreadId(2)] [class_dump] cxm → net.minecraft.world.entity.animal.sniffer.Sniffer
[1102|t+7410ms|ThreadId(2)] [class_dump] cxs → net.minecraft.world.entity.animal.turtle.Turtle
[1103|t+7410ms|ThreadId(2)] [class_dump] cxv → net.minecraft.world.entity.animal.wolf.WolfSoundVariant
[1104|t+7411ms|ThreadId(2)] [class_dump] cyw → net.minecraft.world.entity.boss.wither.WitherBoss
[1105|t+7411ms|ThreadId(2)] [class_dump] cyz → net.minecraft.world.entity.decoration.BlockAttachedEntity
[1106|t+7411ms|ThreadId(2)] [class_dump] czd → net.minecraft.world.entity.decoration.LeashFenceKnotEntity
[1107|t+7412ms|ThreadId(2)] [class_dump] czk → net.minecraft.world.entity.item.FallingBlockEntity
[1108|t+7412ms|ThreadId(2)] [class_dump] czl → net.minecraft.world.entity.item.ItemEntity
[1109|t+7412ms|ThreadId(2)] [class_dump] czm → net.minecraft.world.entity.item.PrimedTnt
[1110|t+7413ms|ThreadId(2)] [class_dump] czu → net.minecraft.world.entity.monster.Enemy
[1111|t+7413ms|ThreadId(2)] [class_dump] czz → net.minecraft.world.entity.monster.Monster
[1112|t+7413ms|ThreadId(2)] [class_dump] dac → net.minecraft.world.entity.monster.RangedAttackMob
[1113|t+7413ms|ThreadId(2)] [class_dump] daf → net.minecraft.world.entity.monster.Silverfish
[1114|t+7414ms|ThreadId(2)] [class_dump] dag → net.minecraft.world.entity.monster.Slime
[1115|t+7414ms|ThreadId(2)] [class_dump] dda → net.minecraft.world.entity.npc.villager.VillagerProfession
[1116|t+7414ms|ThreadId(2)] [class_dump] ddc → net.minecraft.world.entity.npc.villager.VillagerType
[1117|t+7415ms|ThreadId(2)] [class_dump] ddm → net.minecraft.world.entity.player.Player
[1118|t+7415ms|ThreadId(2)] [class_dump] dec → net.minecraft.world.entity.projectile.Projectile
[1119|t+7415ms|ThreadId(2)] [class_dump] deh → net.minecraft.world.entity.projectile.arrow.AbstractArrow
[1120|t+7415ms|ThreadId(2)] [class_dump] dfs → net.minecraft.world.entity.variant.SpawnConditions
[1121|t+7416ms|ThreadId(2)] [class_dump] dgw → net.minecraft.world.flag.FeatureElement
[1122|t+7416ms|ThreadId(2)] [class_dump] dgx → net.minecraft.world.flag.FeatureFlag
[1123|t+7417ms|ThreadId(2)] [class_dump] dgy → net.minecraft.world.flag.FeatureFlagRegistry
[1124|t+7417ms|ThreadId(2)] [class_dump] dgz → net.minecraft.world.flag.FeatureFlagSet
[1125|t+7418ms|ThreadId(2)] [class_dump] dha → net.minecraft.world.flag.FeatureFlagUniverse
[1126|t+7418ms|ThreadId(2)] [class_dump] dhb → net.minecraft.world.flag.FeatureFlags
[1127|t+7418ms|ThreadId(2)] [class_dump] dhi → net.minecraft.world.inventory.AbstractContainerMenu
[1128|t+7419ms|ThreadId(2)] [class_dump] dhj → net.minecraft.world.inventory.AbstractCraftingMenu
[1129|t+7419ms|ThreadId(2)] [class_dump] dhm → net.minecraft.world.inventory.AnvilMenu
[1130|t+7419ms|ThreadId(2)] [class_dump] dhr → net.minecraft.world.inventory.CartographyTableMenu
[1131|t+7420ms|ThreadId(2)] [class_dump] dhs → net.minecraft.world.inventory.ChestMenu
[1132|t+7420ms|ThreadId(2)] [class_dump] dib → net.minecraft.world.inventory.CraftingContainer
[1133|t+7420ms|ThreadId(2)] [class_dump] dic → net.minecraft.world.inventory.CraftingMenu
[1134|t+7420ms|ThreadId(2)] [class_dump] dif → net.minecraft.world.inventory.EnchantmentMenu
[1135|t+7421ms|ThreadId(2)] [class_dump] dij → net.minecraft.world.inventory.GrindstoneMenu
[1136|t+7421ms|ThreadId(2)] [class_dump] dik → net.minecraft.world.inventory.HopperMenu
[1137|t+7421ms|ThreadId(2)] [class_dump] din → net.minecraft.world.inventory.ItemCombinerMenu
[1138|t+7422ms|ThreadId(2)] [class_dump] diq → net.minecraft.world.inventory.LoomMenu
[1139|t+7422ms|ThreadId(2)] [class_dump] dir → net.minecraft.world.inventory.MenuConstructor
[1140|t+7422ms|ThreadId(2)] [class_dump] diz → net.minecraft.world.inventory.RecipeBookMenu
[1141|t+7423ms|ThreadId(2)] [class_dump] djb → net.minecraft.world.inventory.RecipeCraftingHolder
[1142|t+7423ms|ThreadId(2)] [class_dump] djl → net.minecraft.world.inventory.SmithingMenu
[1143|t+7423ms|ThreadId(2)] [class_dump] djn → net.minecraft.world.inventory.StackedContentsCompatible
[1144|t+7424ms|ThreadId(2)] [class_dump] djo → net.minecraft.world.inventory.StonecutterMenu
[1145|t+7424ms|ThreadId(2)] [class_dump] djv → net.minecraft.world.item.AirItem
[1146|t+7424ms|ThreadId(2)] [class_dump] djy → net.minecraft.world.item.AxeItem
[1147|t+7425ms|ThreadId(2)] [class_dump] djz → net.minecraft.world.item.BannerItem
[1148|t+7425ms|ThreadId(2)] [class_dump] dkb → net.minecraft.world.item.BlockItem
[1149|t+7426ms|ThreadId(2)] [class_dump] dkc → net.minecraft.world.item.BoatItem
[1150|t+7426ms|ThreadId(2)] [class_dump] dkh → net.minecraft.world.item.BucketItem
[1151|t+7426ms|ThreadId(2)] [class_dump] dkk → net.minecraft.world.item.CreativeModeTab
[1152|t+7427ms|ThreadId(2)] [class_dump] dkl → net.minecraft.world.item.CreativeModeTabs
[1153|t+7427ms|ThreadId(2)] [class_dump] dkp → net.minecraft.world.item.DispensibleContainerItem
[1154|t+7427ms|ThreadId(2)] [class_dump] dkr → net.minecraft.world.item.DyeColor
[1155|t+7428ms|ThreadId(2)] [class_dump] dks → net.minecraft.world.item.DyeItem
[1156|t+7428ms|ThreadId(2)] [class_dump] dku → net.minecraft.world.item.EitherHolder
[1157|t+7428ms|ThreadId(2)] [class_dump] dle → net.minecraft.world.item.FoodOnAStickItem
[1158|t+7428ms|ThreadId(2)] [class_dump] dlh → net.minecraft.world.item.HangingEntityItem
[1159|t+7429ms|ThreadId(2)] [class_dump] dli → net.minecraft.world.item.HangingSignItem
[1160|t+7429ms|ThreadId(2)] [class_dump] dlj → net.minecraft.world.item.HoeItem
[1161|t+7429ms|ThreadId(2)] [class_dump] dlp → net.minecraft.world.item.Item
[1162|t+7429ms|ThreadId(2)] [class_dump] dls → net.minecraft.world.item.ItemFrameItem
[1163|t+7430ms|ThreadId(2)] [class_dump] dlt → net.minecraft.world.item.ItemStack
[1164|t+7430ms|ThreadId(2)] [class_dump] dlx → net.minecraft.world.item.Items
[1165|t+7430ms|ThreadId(2)] [class_dump] dmh → net.minecraft.world.item.MinecartItem
[1166|t+7430ms|ThreadId(2)] [class_dump] dmi → net.minecraft.world.item.MobBucketItem
[1167|t+7431ms|ThreadId(2)] [class_dump] dml → net.minecraft.world.item.PlayerHeadItem
[1168|t+7431ms|ThreadId(2)] [class_dump] dmp → net.minecraft.world.item.Rarity
[1169|t+7431ms|ThreadId(2)] [class_dump] dmu → net.minecraft.world.item.ShovelItem
[1170|t+7432ms|ThreadId(2)] [class_dump] dmv → net.minecraft.world.item.SignApplicator
[1171|t+7432ms|ThreadId(2)] [class_dump] dmw → net.minecraft.world.item.SignItem
[1172|t+7432ms|ThreadId(2)] [class_dump] dmz → net.minecraft.world.item.SolidBucketItem
[1173|t+7433ms|ThreadId(2)] [class_dump] dne → net.minecraft.world.item.StandingAndWallBlockItem
[1174|t+7433ms|ThreadId(2)] [class_dump] dnj → net.minecraft.world.item.TooltipFlag
[1175|t+7433ms|ThreadId(2)] [class_dump] dns → net.minecraft.world.item.alchemy.Potions
[1176|t+7433ms|ThreadId(2)] [class_dump] doc → net.minecraft.world.item.component.ConsumableListener
[1177|t+7434ms|ThreadId(2)] [class_dump] doe → net.minecraft.world.item.component.CustomData
[1178|t+7434ms|ThreadId(2)] [class_dump] dop → net.minecraft.world.item.component.ItemLore
[1179|t+7434ms|ThreadId(2)] [class_dump] dpa → net.minecraft.world.item.component.SuspiciousStewEffects
[1180|t+7434ms|ThreadId(2)] [class_dump] dpe → net.minecraft.world.item.component.TooltipProvider
[1181|t+7435ms|ThreadId(2)] [class_dump] dph → net.minecraft.world.item.component.UseEffects
[1182|t+7435ms|ThreadId(2)] [class_dump] dqk → net.minecraft.world.item.crafting.ExtendedRecipeBookCategory
[1183|t+7435ms|ThreadId(2)] [class_dump] dqt → net.minecraft.world.item.crafting.RecipeAccess
[1184|t+7435ms|ThreadId(2)] [class_dump] dqu → net.minecraft.world.item.crafting.RecipeBookCategories
[1185|t+7436ms|ThreadId(2)] [class_dump] dqv → net.minecraft.world.item.crafting.RecipeBookCategory
[1186|t+7436ms|ThreadId(2)] [class_dump] dqw → net.minecraft.world.item.crafting.RecipeCache
[1187|t+7436ms|ThreadId(2)] [class_dump] dqy → net.minecraft.world.item.crafting.RecipeInput
[1188|t+7436ms|ThreadId(2)] [class_dump] dsb → net.minecraft.world.item.crafting.display.RecipeDisplays
[1189|t+7437ms|ThreadId(2)] [class_dump] dsg → net.minecraft.world.item.crafting.display.SlotDisplays
[1190|t+7437ms|ThreadId(2)] [class_dump] dsl → net.minecraft.world.item.enchantment.ConditionalEffect
[1191|t+7437ms|ThreadId(2)] [class_dump] dso → net.minecraft.world.item.enchantment.Enchantment
[1192|t+7437ms|ThreadId(2)] [class_dump] dsp → net.minecraft.world.item.enchantment.EnchantmentEffectComponents
[1193|t+7437ms|ThreadId(2)] [class_dump] dss → net.minecraft.world.item.enchantment.EnchantmentTarget
[1194|t+7438ms|ThreadId(2)] [class_dump] dsu → net.minecraft.world.item.enchantment.ItemEnchantments
[1195|t+7438ms|ThreadId(2)] [class_dump] dsv → net.minecraft.world.item.enchantment.LevelBasedValue
[1196|t+7438ms|ThreadId(2)] [class_dump] dsx → net.minecraft.world.item.enchantment.TargetedConditionalEffect
[1197|t+7438ms|ThreadId(2)] [class_dump] dtf → net.minecraft.world.item.enchantment.effects.DamageImmunity
[1198|t+7439ms|ThreadId(2)] [class_dump] dtg → net.minecraft.world.item.enchantment.effects.EnchantmentAttributeEffect
[1199|t+7439ms|ThreadId(2)] [class_dump] dth → net.minecraft.world.item.enchantment.effects.EnchantmentEntityEffect
[1200|t+7439ms|ThreadId(2)] [class_dump] dti → net.minecraft.world.item.enchantment.effects.EnchantmentLocationBasedEffect
[1201|t+7439ms|ThreadId(2)] [class_dump] dtj → net.minecraft.world.item.enchantment.effects.EnchantmentValueEffect
[1202|t+7440ms|ThreadId(2)] [class_dump] dua → net.minecraft.world.item.enchantment.providers.EnchantmentProviderTypes
[1203|t+7440ms|ThreadId(2)] [class_dump] dvg → net.minecraft.world.item.slot.SlotSources
[1204|t+7441ms|ThreadId(2)] [class_dump] dvq → net.minecraft.world.level.BlockAndTintGetter
[1205|t+7441ms|ThreadId(2)] [class_dump] dvt → net.minecraft.world.level.BlockGetter
[1206|t+7442ms|ThreadId(2)] [class_dump] dvx → net.minecraft.world.level.CollisionGetter
[1207|t+7442ms|ThreadId(2)] [class_dump] dwa → net.minecraft.world.level.CommonLevelAccessor
[1208|t+7442ms|ThreadId(2)] [class_dump] dwf → net.minecraft.world.level.EmptyBlockGetter
[1209|t+7443ms|ThreadId(2)] [class_dump] dwh → net.minecraft.world.level.EntityGetter
[1210|t+7443ms|ThreadId(2)] [class_dump] dwj → net.minecraft.world.level.ExplosionDamageCalculator
[1211|t+7443ms|ThreadId(2)] [class_dump] dwn → net.minecraft.world.level.ItemLike
[1212|t+7444ms|ThreadId(2)] [class_dump] dwo → net.minecraft.world.level.Level
[1213|t+7444ms|ThreadId(2)] [class_dump] dwp → net.minecraft.world.level.LevelAccessor
[1214|t+7444ms|ThreadId(2)] [class_dump] dwq → net.minecraft.world.level.LevelHeightAccessor
[1215|t+7445ms|ThreadId(2)] [class_dump] dwr → net.minecraft.world.level.LevelReader
[1216|t+7445ms|ThreadId(2)] [class_dump] dwt → net.minecraft.world.level.LevelSimulatedRW
[1217|t+7445ms|ThreadId(2)] [class_dump] dwu → net.minecraft.world.level.LevelSimulatedReader
[1218|t+7446ms|ThreadId(2)] [class_dump] dwv → net.minecraft.world.level.LevelWriter
[1219|t+7446ms|ThreadId(2)] [class_dump] dx → net.minecraft.commands.BrigadierExceptions
[1220|t+7446ms|ThreadId(2)] [class_dump] dxd → net.minecraft.world.level.ScheduledTickAccess
[1221|t+7447ms|ThreadId(2)] [class_dump] dxf → net.minecraft.world.level.ServerLevelAccessor
[1222|t+7447ms|ThreadId(2)] [class_dump] dxg → net.minecraft.world.level.SignalGetter
[1223|t+7447ms|ThreadId(2)] [class_dump] dxj → net.minecraft.world.level.Spawner
[1224|t+7448ms|ThreadId(2)] [class_dump] dxn → net.minecraft.world.level.WorldGenLevel
[1225|t+7448ms|ThreadId(2)] [class_dump] dxo → net.minecraft.world.level.biome.Biome
[1226|t+7448ms|ThreadId(2)] [class_dump] dxt → net.minecraft.world.level.biome.BiomeSources
[1227|t+7448ms|ThreadId(2)] [class_dump] dyh → net.minecraft.world.level.block.AbstractBannerBlock
[1228|t+7449ms|ThreadId(2)] [class_dump] dyi → net.minecraft.world.level.block.AbstractCandleBlock
[1229|t+7449ms|ThreadId(2)] [class_dump] dyj → net.minecraft.world.level.block.AbstractCauldronBlock
[1230|t+7449ms|ThreadId(2)] [class_dump] dyk → net.minecraft.world.level.block.AbstractChestBlock
[1231|t+7450ms|ThreadId(2)] [class_dump] dyl → net.minecraft.world.level.block.AbstractFurnaceBlock
[1232|t+7450ms|ThreadId(2)] [class_dump] dym → net.minecraft.world.level.block.AbstractSkullBlock
[1233|t+7450ms|ThreadId(2)] [class_dump] dyn → net.minecraft.world.level.block.AirBlock
[1234|t+7451ms|ThreadId(2)] [class_dump] dyo → net.minecraft.world.level.block.AmethystBlock
[1235|t+7451ms|ThreadId(2)] [class_dump] dyp → net.minecraft.world.level.block.AmethystClusterBlock
[1236|t+7451ms|ThreadId(2)] [class_dump] dyq → net.minecraft.world.level.block.AnvilBlock
[1237|t+7451ms|ThreadId(2)] [class_dump] dyr → net.minecraft.world.level.block.AttachedStemBlock
[1238|t+7452ms|ThreadId(2)] [class_dump] dys → net.minecraft.world.level.block.AzaleaBlock
[1239|t+7452ms|ThreadId(2)] [class_dump] dyt → net.minecraft.world.level.block.BambooSaplingBlock
[1240|t+7452ms|ThreadId(2)] [class_dump] dyu → net.minecraft.world.level.block.BambooStalkBlock
[1241|t+7453ms|ThreadId(2)] [class_dump] dyv → net.minecraft.world.level.block.BannerBlock
[1242|t+7453ms|ThreadId(2)] [class_dump] dyw → net.minecraft.world.level.block.BarrelBlock
[1243|t+7453ms|ThreadId(2)] [class_dump] dyx → net.minecraft.world.level.block.BarrierBlock
[1244|t+7453ms|ThreadId(2)] [class_dump] dyy → net.minecraft.world.level.block.BaseCoralFanBlock
[1245|t+7453ms|ThreadId(2)] [class_dump] dyz → net.minecraft.world.level.block.BaseCoralPlantBlock
[1246|t+7454ms|ThreadId(2)] [class_dump] dza → net.minecraft.world.level.block.BaseCoralPlantTypeBlock
[1247|t+7454ms|ThreadId(2)] [class_dump] dzb → net.minecraft.world.level.block.BaseCoralWallFanBlock
[1248|t+7454ms|ThreadId(2)] [class_dump] dzc → net.minecraft.world.level.block.BaseEntityBlock
[1249|t+7454ms|ThreadId(2)] [class_dump] dzd → net.minecraft.world.level.block.BaseFireBlock
[1250|t+7455ms|ThreadId(2)] [class_dump] dze → net.minecraft.world.level.block.BasePressurePlateBlock
[1251|t+7455ms|ThreadId(2)] [class_dump] dzf → net.minecraft.world.level.block.BaseRailBlock
[1252|t+7455ms|ThreadId(2)] [class_dump] dzg → net.minecraft.world.level.block.BaseTorchBlock
[1253|t+7455ms|ThreadId(2)] [class_dump] dzh → net.minecraft.world.level.block.BeaconBeamBlock
[1254|t+7456ms|ThreadId(2)] [class_dump] dzi → net.minecraft.world.level.block.BeaconBlock
[1255|t+7456ms|ThreadId(2)] [class_dump] dzj → net.minecraft.world.level.block.BedBlock
[1256|t+7456ms|ThreadId(2)] [class_dump] dzk → net.minecraft.world.level.block.BeehiveBlock
[1257|t+7457ms|ThreadId(2)] [class_dump] dzl → net.minecraft.world.level.block.BeetrootBlock
[1258|t+7457ms|ThreadId(2)] [class_dump] dzm → net.minecraft.world.level.block.BellBlock
[1259|t+7457ms|ThreadId(2)] [class_dump] dzn → net.minecraft.world.level.block.BigDripleafBlock
[1260|t+7458ms|ThreadId(2)] [class_dump] dzo → net.minecraft.world.level.block.BigDripleafStemBlock
[1261|t+7458ms|ThreadId(2)] [class_dump] dzp → net.minecraft.world.level.block.BlastFurnaceBlock
[1262|t+7458ms|ThreadId(2)] [class_dump] dzq → net.minecraft.world.level.block.Block
[1263|t+7459ms|ThreadId(2)] [class_dump] dzr → net.minecraft.world.level.block.BlockTypes
[1264|t+7459ms|ThreadId(2)] [class_dump] dzs → net.minecraft.world.level.block.Blocks
[1265|t+7459ms|ThreadId(2)] [class_dump] dzt → net.minecraft.world.level.block.BonemealableBlock
[1266|t+7460ms|ThreadId(2)] [class_dump] dzu → net.minecraft.world.level.block.BonemealableFeaturePlacerBlock
[1267|t+7460ms|ThreadId(2)] [class_dump] dzv → net.minecraft.world.level.block.BrewingStandBlock
[1268|t+7460ms|ThreadId(2)] [class_dump] dzw → net.minecraft.world.level.block.BrushableBlock
[1269|t+7460ms|ThreadId(2)] [class_dump] dzx → net.minecraft.world.level.block.BubbleColumnBlock
[1270|t+7461ms|ThreadId(2)] [class_dump] dzy → net.minecraft.world.level.block.BucketPickup
[1271|t+7461ms|ThreadId(2)] [class_dump] dzz → net.minecraft.world.level.block.BuddingAmethystBlock
[1272|t+7461ms|ThreadId(2)] [class_dump] eaa → net.minecraft.world.level.block.BushBlock
[1273|t+7461ms|ThreadId(2)] [class_dump] eab → net.minecraft.world.level.block.ButtonBlock
[1274|t+7462ms|ThreadId(2)] [class_dump] eac → net.minecraft.world.level.block.CactusBlock
[1275|t+7462ms|ThreadId(2)] [class_dump] ead → net.minecraft.world.level.block.CactusFlowerBlock
[1276|t+7462ms|ThreadId(2)] [class_dump] eae → net.minecraft.world.level.block.CakeBlock
[1277|t+7463ms|ThreadId(2)] [class_dump] eaf → net.minecraft.world.level.block.CalibratedSculkSensorBlock
[1278|t+7463ms|ThreadId(2)] [class_dump] eag → net.minecraft.world.level.block.CampfireBlock
[1279|t+7463ms|ThreadId(2)] [class_dump] eah → net.minecraft.world.level.block.CandleBlock
[1280|t+7463ms|ThreadId(2)] [class_dump] eai → net.minecraft.world.level.block.CandleCakeBlock
[1281|t+7464ms|ThreadId(2)] [class_dump] eaj → net.minecraft.world.level.block.CarpetBlock
[1282|t+7464ms|ThreadId(2)] [class_dump] eak → net.minecraft.world.level.block.CarrotBlock
[1283|t+7464ms|ThreadId(2)] [class_dump] eal → net.minecraft.world.level.block.CartographyTableBlock
[1284|t+7465ms|ThreadId(2)] [class_dump] eam → net.minecraft.world.level.block.CarvedPumpkinBlock
[1285|t+7465ms|ThreadId(2)] [class_dump] ean → net.minecraft.world.level.block.CauldronBlock
[1286|t+7465ms|ThreadId(2)] [class_dump] eao → net.minecraft.world.level.block.CaveVines
[1287|t+7466ms|ThreadId(2)] [class_dump] eap → net.minecraft.world.level.block.CaveVinesBlock
[1288|t+7466ms|ThreadId(2)] [class_dump] eaq → net.minecraft.world.level.block.CaveVinesPlantBlock
[1289|t+7466ms|ThreadId(2)] [class_dump] ear → net.minecraft.world.level.block.CeilingHangingSignBlock
[1290|t+7466ms|ThreadId(2)] [class_dump] eas → net.minecraft.world.level.block.ChainBlock
[1291|t+7467ms|ThreadId(2)] [class_dump] eat → net.minecraft.world.level.block.ChangeOverTimeBlock
[1292|t+7467ms|ThreadId(2)] [class_dump] eau → net.minecraft.world.level.block.ChestBlock
[1293|t+7467ms|ThreadId(2)] [class_dump] eav → net.minecraft.world.level.block.ChiseledBookShelfBlock
[1294|t+7468ms|ThreadId(2)] [class_dump] eaw → net.minecraft.world.level.block.ChorusFlowerBlock
[1295|t+7468ms|ThreadId(2)] [class_dump] eax → net.minecraft.world.level.block.ChorusPlantBlock
[1296|t+7468ms|ThreadId(2)] [class_dump] eay → net.minecraft.world.level.block.CocoaBlock
[1297|t+7469ms|ThreadId(2)] [class_dump] eaz → net.minecraft.world.level.block.ColoredFallingBlock
[1298|t+7469ms|ThreadId(2)] [class_dump] eba → net.minecraft.world.level.block.CommandBlock
[1299|t+7469ms|ThreadId(2)] [class_dump] ebb → net.minecraft.world.level.block.ComparatorBlock
[1300|t+7469ms|ThreadId(2)] [class_dump] ebc → net.minecraft.world.level.block.ComposterBlock
[1301|t+7470ms|ThreadId(2)] [class_dump] ebd → net.minecraft.world.level.block.ConcretePowderBlock
[1302|t+7470ms|ThreadId(2)] [class_dump] ebe → net.minecraft.world.level.block.ConduitBlock
[1303|t+7470ms|ThreadId(2)] [class_dump] ebf → net.minecraft.world.level.block.CopperBulbBlock
[1304|t+7470ms|ThreadId(2)] [class_dump] ebg → net.minecraft.world.level.block.CopperChestBlock
[1305|t+7471ms|ThreadId(2)] [class_dump] ebh → net.minecraft.world.level.block.CopperGolemStatueBlock
[1306|t+7471ms|ThreadId(2)] [class_dump] ebi → net.minecraft.world.level.block.CoralBlock
[1307|t+7471ms|ThreadId(2)] [class_dump] ebj → net.minecraft.world.level.block.CoralFanBlock
[1308|t+7471ms|ThreadId(2)] [class_dump] ebk → net.minecraft.world.level.block.CoralPlantBlock
[1309|t+7472ms|ThreadId(2)] [class_dump] ebl → net.minecraft.world.level.block.CoralWallFanBlock
[1310|t+7472ms|ThreadId(2)] [class_dump] ebm → net.minecraft.world.level.block.CrafterBlock
[1311|t+7472ms|ThreadId(2)] [class_dump] ebn → net.minecraft.world.level.block.CraftingTableBlock
[1312|t+7472ms|ThreadId(2)] [class_dump] ebo → net.minecraft.world.level.block.CreakingHeartBlock
[1313|t+7473ms|ThreadId(2)] [class_dump] ebp → net.minecraft.world.level.block.CropBlock
[1314|t+7473ms|ThreadId(2)] [class_dump] ebq → net.minecraft.world.level.block.CrossCollisionBlock
[1315|t+7473ms|ThreadId(2)] [class_dump] ebr → net.minecraft.world.level.block.CryingObsidianBlock
[1316|t+7473ms|ThreadId(2)] [class_dump] ebs → net.minecraft.world.level.block.DaylightDetectorBlock
[1317|t+7474ms|ThreadId(2)] [class_dump] ebt → net.minecraft.world.level.block.DecoratedPotBlock
[1318|t+7474ms|ThreadId(2)] [class_dump] ebu → net.minecraft.world.level.block.DetectorRailBlock
[1319|t+7475ms|ThreadId(2)] [class_dump] ebv → net.minecraft.world.level.block.DiodeBlock
[1320|t+7475ms|ThreadId(2)] [class_dump] ebw → net.minecraft.world.level.block.DirectionalBlock
[1321|t+7475ms|ThreadId(2)] [class_dump] ebx → net.minecraft.world.level.block.DirtPathBlock
[1322|t+7476ms|ThreadId(2)] [class_dump] eby → net.minecraft.world.level.block.DispenserBlock
[1323|t+7476ms|ThreadId(2)] [class_dump] ebz → net.minecraft.world.level.block.DoorBlock
[1324|t+7476ms|ThreadId(2)] [class_dump] ec → net.minecraft.commands.CommandSource
[1325|t+7476ms|ThreadId(2)] [class_dump] ecb → net.minecraft.world.level.block.DoublePlantBlock
[1326|t+7477ms|ThreadId(2)] [class_dump] ecc → net.minecraft.world.level.block.DragonEggBlock
[1327|t+7477ms|ThreadId(2)] [class_dump] ecd → net.minecraft.world.level.block.DriedGhastBlock
[1328|t+7478ms|ThreadId(2)] [class_dump] ece → net.minecraft.world.level.block.DropExperienceBlock
[1329|t+7478ms|ThreadId(2)] [class_dump] ecf → net.minecraft.world.level.block.DropperBlock
[1330|t+7478ms|ThreadId(2)] [class_dump] ecg → net.minecraft.world.level.block.DryVegetationBlock
[1331|t+7479ms|ThreadId(2)] [class_dump] ech → net.minecraft.world.level.block.EnchantingTableBlock
[1332|t+7479ms|ThreadId(2)] [class_dump] eci → net.minecraft.world.level.block.EndGatewayBlock
[1333|t+7479ms|ThreadId(2)] [class_dump] ecj → net.minecraft.world.level.block.EndPortalBlock
[1334|t+7480ms|ThreadId(2)] [class_dump] eck → net.minecraft.world.level.block.EndPortalFrameBlock
[1335|t+7480ms|ThreadId(2)] [class_dump] ecl → net.minecraft.world.level.block.EndRodBlock
[1336|t+7480ms|ThreadId(2)] [class_dump] ecm → net.minecraft.world.level.block.EnderChestBlock
[1337|t+7481ms|ThreadId(2)] [class_dump] ecn → net.minecraft.world.level.block.EntityBlock
[1338|t+7481ms|ThreadId(2)] [class_dump] eco → net.minecraft.world.level.block.EyeblossomBlock
[1339|t+7482ms|ThreadId(2)] [class_dump] ecp → net.minecraft.world.level.block.FaceAttachedHorizontalDirectionalBlock
[1340|t+7482ms|ThreadId(2)] [class_dump] ecq → net.minecraft.world.level.block.Fallable
[1341|t+7482ms|ThreadId(2)] [class_dump] ecr → net.minecraft.world.level.block.FallingBlock
[1342|t+7482ms|ThreadId(2)] [class_dump] ecs → net.minecraft.world.level.block.FarmBlock
[1343|t+7483ms|ThreadId(2)] [class_dump] ect → net.minecraft.world.level.block.FenceBlock
[1344|t+7483ms|ThreadId(2)] [class_dump] ecu → net.minecraft.world.level.block.FenceGateBlock
[1345|t+7483ms|ThreadId(2)] [class_dump] ecv → net.minecraft.world.level.block.FireBlock
[1346|t+7483ms|ThreadId(2)] [class_dump] ecw → net.minecraft.world.level.block.FireflyBushBlock
[1347|t+7484ms|ThreadId(2)] [class_dump] ecx → net.minecraft.world.level.block.FlowerBedBlock
[1348|t+7484ms|ThreadId(2)] [class_dump] ecy → net.minecraft.world.level.block.FlowerBlock
[1349|t+7484ms|ThreadId(2)] [class_dump] ecz → net.minecraft.world.level.block.FlowerPotBlock
[1350|t+7485ms|ThreadId(2)] [class_dump] eda → net.minecraft.world.level.block.FrogspawnBlock
[1351|t+7485ms|ThreadId(2)] [class_dump] edb → net.minecraft.world.level.block.FrostedIceBlock
[1352|t+7485ms|ThreadId(2)] [class_dump] edc → net.minecraft.world.level.block.FungusBlock
[1353|t+7485ms|ThreadId(2)] [class_dump] edd → net.minecraft.world.level.block.FurnaceBlock
[1354|t+7486ms|ThreadId(2)] [class_dump] ede → net.minecraft.world.level.block.GameMasterBlock
[1355|t+7486ms|ThreadId(2)] [class_dump] edf → net.minecraft.world.level.block.GlazedTerracottaBlock
[1356|t+7486ms|ThreadId(2)] [class_dump] edg → net.minecraft.world.level.block.GlowLichenBlock
[1357|t+7486ms|ThreadId(2)] [class_dump] edh → net.minecraft.world.level.block.GrassBlock
[1358|t+7487ms|ThreadId(2)] [class_dump] edi → net.minecraft.world.level.block.GrindstoneBlock
[1359|t+7487ms|ThreadId(2)] [class_dump] edj → net.minecraft.world.level.block.GrowingPlantBlock
[1360|t+7487ms|ThreadId(2)] [class_dump] edk → net.minecraft.world.level.block.GrowingPlantBodyBlock
[1361|t+7487ms|ThreadId(2)] [class_dump] edl → net.minecraft.world.level.block.GrowingPlantHeadBlock
[1362|t+7488ms|ThreadId(2)] [class_dump] edm → net.minecraft.world.level.block.HalfTransparentBlock
[1363|t+7488ms|ThreadId(2)] [class_dump] edn → net.minecraft.world.level.block.HangingMossBlock
[1364|t+7488ms|ThreadId(2)] [class_dump] edo → net.minecraft.world.level.block.HangingRootsBlock
[1365|t+7488ms|ThreadId(2)] [class_dump] edp → net.minecraft.world.level.block.HayBlock
[1366|t+7489ms|ThreadId(2)] [class_dump] edq → net.minecraft.world.level.block.HeavyCoreBlock
[1367|t+7489ms|ThreadId(2)] [class_dump] edr → net.minecraft.world.level.block.HoneyBlock
[1368|t+7489ms|ThreadId(2)] [class_dump] eds → net.minecraft.world.level.block.HopperBlock
[1369|t+7490ms|ThreadId(2)] [class_dump] edt → net.minecraft.world.level.block.HorizontalDirectionalBlock
[1370|t+7490ms|ThreadId(2)] [class_dump] edu → net.minecraft.world.level.block.HugeMushroomBlock
[1371|t+7490ms|ThreadId(2)] [class_dump] edv → net.minecraft.world.level.block.IceBlock
[1372|t+7490ms|ThreadId(2)] [class_dump] edw → net.minecraft.world.level.block.InfestedBlock
[1373|t+7491ms|ThreadId(2)] [class_dump] edx → net.minecraft.world.level.block.InfestedRotatedPillarBlock
[1374|t+7491ms|ThreadId(2)] [class_dump] edy → net.minecraft.world.level.block.IronBarsBlock
[1375|t+7492ms|ThreadId(2)] [class_dump] edz → net.minecraft.world.level.block.JigsawBlock
[1376|t+7492ms|ThreadId(2)] [class_dump] eea → net.minecraft.world.level.block.JukeboxBlock
[1377|t+7492ms|ThreadId(2)] [class_dump] eeb → net.minecraft.world.level.block.KelpBlock
[1378|t+7492ms|ThreadId(2)] [class_dump] eec → net.minecraft.world.level.block.KelpPlantBlock
[1379|t+7493ms|ThreadId(2)] [class_dump] eed → net.minecraft.world.level.block.LadderBlock
[1380|t+7493ms|ThreadId(2)] [class_dump] eee → net.minecraft.world.level.block.LanternBlock
[1381|t+7493ms|ThreadId(2)] [class_dump] eef → net.minecraft.world.level.block.LavaCauldronBlock
[1382|t+7494ms|ThreadId(2)] [class_dump] eeg → net.minecraft.world.level.block.LayeredCauldronBlock
[1383|t+7494ms|ThreadId(2)] [class_dump] eeh → net.minecraft.world.level.block.LeafLitterBlock
[1384|t+7495ms|ThreadId(2)] [class_dump] eei → net.minecraft.world.level.block.LeavesBlock
[1385|t+7495ms|ThreadId(2)] [class_dump] eej → net.minecraft.world.level.block.LecternBlock
[1386|t+7495ms|ThreadId(2)] [class_dump] eel → net.minecraft.world.level.block.LeverBlock
[1387|t+7496ms|ThreadId(2)] [class_dump] eem → net.minecraft.world.level.block.LightBlock
[1388|t+7496ms|ThreadId(2)] [class_dump] een → net.minecraft.world.level.block.LightningRodBlock
[1389|t+7496ms|ThreadId(2)] [class_dump] eeo → net.minecraft.world.level.block.LiquidBlock
[1390|t+7497ms|ThreadId(2)] [class_dump] eep → net.minecraft.world.level.block.LiquidBlockContainer
[1391|t+7497ms|ThreadId(2)] [class_dump] eeq → net.minecraft.world.level.block.LoomBlock
[1392|t+7497ms|ThreadId(2)] [class_dump] eer → net.minecraft.world.level.block.MagmaBlock
[1393|t+7498ms|ThreadId(2)] [class_dump] ees → net.minecraft.world.level.block.MangroveLeavesBlock
[1394|t+7498ms|ThreadId(2)] [class_dump] eet → net.minecraft.world.level.block.MangrovePropaguleBlock
[1395|t+7498ms|ThreadId(2)] [class_dump] eeu → net.minecraft.world.level.block.MangroveRootsBlock
[1396|t+7498ms|ThreadId(2)] [class_dump] eev → net.minecraft.world.level.block.Mirror
[1397|t+7499ms|ThreadId(2)] [class_dump] eew → net.minecraft.world.level.block.MossyCarpetBlock
[1398|t+7499ms|ThreadId(2)] [class_dump] eex → net.minecraft.world.level.block.MudBlock
[1399|t+7499ms|ThreadId(2)] [class_dump] eey → net.minecraft.world.level.block.MultifaceBlock
[1400|t+7499ms|ThreadId(2)] [class_dump] eez → net.minecraft.world.level.block.MultifaceSpreadeableBlock
[1401|t+7500ms|ThreadId(2)] [class_dump] efa → net.minecraft.world.level.block.MultifaceSpreader
[1402|t+7500ms|ThreadId(2)] [class_dump] efb → net.minecraft.world.level.block.MushroomBlock
[1403|t+7500ms|ThreadId(2)] [class_dump] efc → net.minecraft.world.level.block.MyceliumBlock
[1404|t+7500ms|ThreadId(2)] [class_dump] efd → net.minecraft.world.level.block.NetherPortalBlock
[1405|t+7501ms|ThreadId(2)] [class_dump] efe → net.minecraft.world.level.block.NetherSproutsBlock
[1406|t+7501ms|ThreadId(2)] [class_dump] efg → net.minecraft.world.level.block.NetherWartBlock
[1407|t+7501ms|ThreadId(2)] [class_dump] efh → net.minecraft.world.level.block.NetherrackBlock
[1408|t+7501ms|ThreadId(2)] [class_dump] efi → net.minecraft.world.level.block.NoteBlock
[1409|t+7502ms|ThreadId(2)] [class_dump] efj → net.minecraft.world.level.block.NyliumBlock
[1410|t+7502ms|ThreadId(2)] [class_dump] efk → net.minecraft.world.level.block.ObserverBlock
[1411|t+7502ms|ThreadId(2)] [class_dump] efl → net.minecraft.world.level.block.PiglinWallSkullBlock
[1412|t+7502ms|ThreadId(2)] [class_dump] efm → net.minecraft.world.level.block.PipeBlock
[1413|t+7503ms|ThreadId(2)] [class_dump] efn → net.minecraft.world.level.block.PitcherCropBlock
[1414|t+7503ms|ThreadId(2)] [class_dump] efo → net.minecraft.world.level.block.PlayerHeadBlock
[1415|t+7503ms|ThreadId(2)] [class_dump] efp → net.minecraft.world.level.block.PlayerWallHeadBlock
[1416|t+7503ms|ThreadId(2)] [class_dump] efq → net.minecraft.world.level.block.PointedDripstoneBlock
[1417|t+7504ms|ThreadId(2)] [class_dump] efr → net.minecraft.world.level.block.Portal
[1418|t+7504ms|ThreadId(2)] [class_dump] efs → net.minecraft.world.level.block.PotatoBlock
[1419|t+7504ms|ThreadId(2)] [class_dump] eft → net.minecraft.world.level.block.PowderSnowBlock
[1420|t+7504ms|ThreadId(2)] [class_dump] efu → net.minecraft.world.level.block.PoweredBlock
[1421|t+7505ms|ThreadId(2)] [class_dump] efv → net.minecraft.world.level.block.PoweredRailBlock
[1422|t+7505ms|ThreadId(2)] [class_dump] efw → net.minecraft.world.level.block.PressurePlateBlock
[1423|t+7505ms|ThreadId(2)] [class_dump] efx → net.minecraft.world.level.block.PumpkinBlock
[1424|t+7506ms|ThreadId(2)] [class_dump] efy → net.minecraft.world.level.block.RailBlock
[1425|t+7506ms|ThreadId(2)] [class_dump] ega → net.minecraft.world.level.block.RedStoneOreBlock
[1426|t+7506ms|ThreadId(2)] [class_dump] egb → net.minecraft.world.level.block.RedStoneWireBlock
[1427|t+7506ms|ThreadId(2)] [class_dump] egc → net.minecraft.world.level.block.RedstoneLampBlock
[1428|t+7507ms|ThreadId(2)] [class_dump] egd → net.minecraft.world.level.block.RedstoneTorchBlock
[1429|t+7507ms|ThreadId(2)] [class_dump] ege → net.minecraft.world.level.block.RedstoneWallTorchBlock
[1430|t+7507ms|ThreadId(2)] [class_dump] egg → net.minecraft.world.level.block.RepeaterBlock
[1431|t+7507ms|ThreadId(2)] [class_dump] egh → net.minecraft.world.level.block.RespawnAnchorBlock
[1432|t+7508ms|ThreadId(2)] [class_dump] egi → net.minecraft.world.level.block.RodBlock
[1433|t+7508ms|ThreadId(2)] [class_dump] egj → net.minecraft.world.level.block.RootedDirtBlock
[1434|t+7509ms|ThreadId(2)] [class_dump] egk → net.minecraft.world.level.block.RootsBlock
[1435|t+7509ms|ThreadId(2)] [class_dump] egl → net.minecraft.world.level.block.RotatedPillarBlock
[1436|t+7509ms|ThreadId(2)] [class_dump] egm → net.minecraft.world.level.block.Rotation
[1437|t+7510ms|ThreadId(2)] [class_dump] egn → net.minecraft.world.level.block.SandBlock
[1438|t+7510ms|ThreadId(2)] [class_dump] ego → net.minecraft.world.level.block.SaplingBlock
[1439|t+7510ms|ThreadId(2)] [class_dump] egp → net.minecraft.world.level.block.ScaffoldingBlock
[1440|t+7510ms|ThreadId(2)] [class_dump] egq → net.minecraft.world.level.block.SculkBehaviour
[1441|t+7511ms|ThreadId(2)] [class_dump] egr → net.minecraft.world.level.block.SculkBlock
[1442|t+7511ms|ThreadId(2)] [class_dump] egs → net.minecraft.world.level.block.SculkCatalystBlock
[1443|t+7511ms|ThreadId(2)] [class_dump] egt → net.minecraft.world.level.block.SculkSensorBlock
[1444|t+7512ms|ThreadId(2)] [class_dump] egu → net.minecraft.world.level.block.SculkShriekerBlock
[1445|t+7512ms|ThreadId(2)] [class_dump] egw → net.minecraft.world.level.block.SculkVeinBlock
[1446|t+7512ms|ThreadId(2)] [class_dump] egx → net.minecraft.world.level.block.SeaPickleBlock
[1447|t+7512ms|ThreadId(2)] [class_dump] egy → net.minecraft.world.level.block.SeagrassBlock
[1448|t+7513ms|ThreadId(2)] [class_dump] egz → net.minecraft.world.level.block.SegmentableBlock
[1449|t+7513ms|ThreadId(2)] [class_dump] eha → net.minecraft.world.level.block.SelectableSlotContainer
[1450|t+7513ms|ThreadId(2)] [class_dump] ehb → net.minecraft.world.level.block.ShelfBlock
[1451|t+7513ms|ThreadId(2)] [class_dump] ehc → net.minecraft.world.level.block.ShortDryGrassBlock
[1452|t+7514ms|ThreadId(2)] [class_dump] ehd → net.minecraft.world.level.block.ShulkerBoxBlock
[1453|t+7514ms|ThreadId(2)] [class_dump] ehe → net.minecraft.world.level.block.SideChainPartBlock
[1454|t+7514ms|ThreadId(2)] [class_dump] ehf → net.minecraft.world.level.block.SignBlock
[1455|t+7514ms|ThreadId(2)] [class_dump] ehg → net.minecraft.world.level.block.SimpleWaterloggedBlock
[1456|t+7515ms|ThreadId(2)] [class_dump] ehh → net.minecraft.world.level.block.SkullBlock
[1457|t+7515ms|ThreadId(2)] [class_dump] ehi → net.minecraft.world.level.block.SlabBlock
[1458|t+7515ms|ThreadId(2)] [class_dump] ehj → net.minecraft.world.level.block.SlimeBlock
[1459|t+7516ms|ThreadId(2)] [class_dump] ehk → net.minecraft.world.level.block.SmallDripleafBlock
[1460|t+7516ms|ThreadId(2)] [class_dump] ehl → net.minecraft.world.level.block.SmithingTableBlock
[1461|t+7516ms|ThreadId(2)] [class_dump] ehm → net.minecraft.world.level.block.SmokerBlock
[1462|t+7517ms|ThreadId(2)] [class_dump] ehn → net.minecraft.world.level.block.SnifferEggBlock
[1463|t+7517ms|ThreadId(2)] [class_dump] eho → net.minecraft.world.level.block.SnowLayerBlock
[1464|t+7517ms|ThreadId(2)] [class_dump] ehp → net.minecraft.world.level.block.SnowyDirtBlock
[1465|t+7518ms|ThreadId(2)] [class_dump] ehq → net.minecraft.world.level.block.SoulFireBlock
[1466|t+7518ms|ThreadId(2)] [class_dump] ehr → net.minecraft.world.level.block.SoulSandBlock
[1467|t+7518ms|ThreadId(2)] [class_dump] ehs → net.minecraft.world.level.block.SoundType
[1468|t+7518ms|ThreadId(2)] [class_dump] eht → net.minecraft.world.level.block.SpawnerBlock
[1469|t+7519ms|ThreadId(2)] [class_dump] ehu → net.minecraft.world.level.block.SpongeBlock
[1470|t+7519ms|ThreadId(2)] [class_dump] ehv → net.minecraft.world.level.block.SporeBlossomBlock
[1471|t+7519ms|ThreadId(2)] [class_dump] ehw → net.minecraft.world.level.block.SpreadingSnowyDirtBlock
[1472|t+7519ms|ThreadId(2)] [class_dump] ehx → net.minecraft.world.level.block.StainedGlassBlock
[1473|t+7520ms|ThreadId(2)] [class_dump] ehy → net.minecraft.world.level.block.StainedGlassPaneBlock
[1474|t+7520ms|ThreadId(2)] [class_dump] ehz → net.minecraft.world.level.block.StairBlock
[1475|t+7520ms|ThreadId(2)] [class_dump] eia → net.minecraft.world.level.block.StandingSignBlock
[1476|t+7520ms|ThreadId(2)] [class_dump] eib → net.minecraft.world.level.block.StemBlock
[1477|t+7521ms|ThreadId(2)] [class_dump] eic → net.minecraft.world.level.block.StonecutterBlock
[1478|t+7521ms|ThreadId(2)] [class_dump] eid → net.minecraft.world.level.block.StructureBlock
[1479|t+7521ms|ThreadId(2)] [class_dump] eie → net.minecraft.world.level.block.StructureVoidBlock
[1480|t+7521ms|ThreadId(2)] [class_dump] eif → net.minecraft.world.level.block.SugarCaneBlock
[1481|t+7522ms|ThreadId(2)] [class_dump] eig → net.minecraft.world.level.block.SupportType
[1482|t+7522ms|ThreadId(2)] [class_dump] eih → net.minecraft.world.level.block.SuspiciousEffectHolder
[1483|t+7522ms|ThreadId(2)] [class_dump] eii → net.minecraft.world.level.block.SweetBerryBushBlock
[1484|t+7522ms|ThreadId(2)] [class_dump] eij → net.minecraft.world.level.block.TallDryGrassBlock
[1485|t+7523ms|ThreadId(2)] [class_dump] eik → net.minecraft.world.level.block.TallFlowerBlock
[1486|t+7523ms|ThreadId(2)] [class_dump] eil → net.minecraft.world.level.block.TallGrassBlock
[1487|t+7523ms|ThreadId(2)] [class_dump] eim → net.minecraft.world.level.block.TallSeagrassBlock
[1488|t+7523ms|ThreadId(2)] [class_dump] ein → net.minecraft.world.level.block.TargetBlock
[1489|t+7524ms|ThreadId(2)] [class_dump] eio → net.minecraft.world.level.block.TestBlock
[1490|t+7524ms|ThreadId(2)] [class_dump] eip → net.minecraft.world.level.block.TestInstanceBlock
[1491|t+7525ms|ThreadId(2)] [class_dump] eiq → net.minecraft.world.level.block.TintedGlassBlock
[1492|t+7525ms|ThreadId(2)] [class_dump] eir → net.minecraft.world.level.block.TintedParticleLeavesBlock
[1493|t+7525ms|ThreadId(2)] [class_dump] eis → net.minecraft.world.level.block.TntBlock
[1494|t+7526ms|ThreadId(2)] [class_dump] eit → net.minecraft.world.level.block.TorchBlock
[1495|t+7526ms|ThreadId(2)] [class_dump] eiu → net.minecraft.world.level.block.TorchflowerCropBlock
[1496|t+7526ms|ThreadId(2)] [class_dump] eiv → net.minecraft.world.level.block.TransparentBlock
[1497|t+7526ms|ThreadId(2)] [class_dump] eiw → net.minecraft.world.level.block.TrapDoorBlock
[1498|t+7527ms|ThreadId(2)] [class_dump] eix → net.minecraft.world.level.block.TrappedChestBlock
[1499|t+7527ms|ThreadId(2)] [class_dump] eiy → net.minecraft.world.level.block.TrialSpawnerBlock
[1500|t+7527ms|ThreadId(2)] [class_dump] eiz → net.minecraft.world.level.block.TripWireBlock
[1501|t+7528ms|ThreadId(2)] [class_dump] eja → net.minecraft.world.level.block.TripWireHookBlock
[1502|t+7528ms|ThreadId(2)] [class_dump] ejb → net.minecraft.world.level.block.TurtleEggBlock
[1503|t+7528ms|ThreadId(2)] [class_dump] ejc → net.minecraft.world.level.block.TwistingVinesBlock
[1504|t+7529ms|ThreadId(2)] [class_dump] ejd → net.minecraft.world.level.block.TwistingVinesPlantBlock
[1505|t+7529ms|ThreadId(2)] [class_dump] eje → net.minecraft.world.level.block.UntintedParticleLeavesBlock
[1506|t+7530ms|ThreadId(2)] [class_dump] ejf → net.minecraft.world.level.block.VaultBlock
[1507|t+7530ms|ThreadId(2)] [class_dump] ejg → net.minecraft.world.level.block.VegetationBlock
[1508|t+7530ms|ThreadId(2)] [class_dump] ejh → net.minecraft.world.level.block.VineBlock
[1509|t+7530ms|ThreadId(2)] [class_dump] eji → net.minecraft.world.level.block.WallBannerBlock
[1510|t+7531ms|ThreadId(2)] [class_dump] ejj → net.minecraft.world.level.block.WallBlock
[1511|t+7531ms|ThreadId(2)] [class_dump] ejk → net.minecraft.world.level.block.WallHangingSignBlock
[1512|t+7531ms|ThreadId(2)] [class_dump] ejl → net.minecraft.world.level.block.WallSignBlock
[1513|t+7531ms|ThreadId(2)] [class_dump] ejm → net.minecraft.world.level.block.WallSkullBlock
[1514|t+7532ms|ThreadId(2)] [class_dump] ejn → net.minecraft.world.level.block.WallTorchBlock
[1515|t+7532ms|ThreadId(2)] [class_dump] ejo → net.minecraft.world.level.block.WaterlilyBlock
[1516|t+7532ms|ThreadId(2)] [class_dump] ejp → net.minecraft.world.level.block.WaterloggedTransparentBlock
[1517|t+7532ms|ThreadId(2)] [class_dump] ejq → net.minecraft.world.level.block.WeatheringCopper
[1518|t+7533ms|ThreadId(2)] [class_dump] ejr → net.minecraft.world.level.block.WeatheringCopperBarsBlock
[1519|t+7533ms|ThreadId(2)] [class_dump] ejs → net.minecraft.world.level.block.WeatheringCopperBlocks
[1520|t+7533ms|ThreadId(2)] [class_dump] ejt → net.minecraft.world.level.block.WeatheringCopperBulbBlock
[1521|t+7533ms|ThreadId(2)] [class_dump] eju → net.minecraft.world.level.block.WeatheringCopperChainBlock
[1522|t+7534ms|ThreadId(2)] [class_dump] ejv → net.minecraft.world.level.block.WeatheringCopperChestBlock
[1523|t+7534ms|ThreadId(2)] [class_dump] ejw → net.minecraft.world.level.block.WeatheringCopperDoorBlock
[1524|t+7534ms|ThreadId(2)] [class_dump] ejx → net.minecraft.world.level.block.WeatheringCopperFullBlock
[1525|t+7534ms|ThreadId(2)] [class_dump] ejy → net.minecraft.world.level.block.WeatheringCopperGolemStatueBlock
[1526|t+7535ms|ThreadId(2)] [class_dump] ejz → net.minecraft.world.level.block.WeatheringCopperGrateBlock
[1527|t+7535ms|ThreadId(2)] [class_dump] eka → net.minecraft.world.level.block.WeatheringCopperSlabBlock
[1528|t+7535ms|ThreadId(2)] [class_dump] ekb → net.minecraft.world.level.block.WeatheringCopperStairBlock
[1529|t+7535ms|ThreadId(2)] [class_dump] ekc → net.minecraft.world.level.block.WeatheringCopperTrapDoorBlock
[1530|t+7536ms|ThreadId(2)] [class_dump] ekd → net.minecraft.world.level.block.WeatheringLanternBlock
[1531|t+7536ms|ThreadId(2)] [class_dump] eke → net.minecraft.world.level.block.WeatheringLightningRodBlock
[1532|t+7536ms|ThreadId(2)] [class_dump] ekf → net.minecraft.world.level.block.WebBlock
[1533|t+7536ms|ThreadId(2)] [class_dump] ekg → net.minecraft.world.level.block.WeepingVinesBlock
[1534|t+7537ms|ThreadId(2)] [class_dump] ekh → net.minecraft.world.level.block.WeepingVinesPlantBlock
[1535|t+7537ms|ThreadId(2)] [class_dump] eki → net.minecraft.world.level.block.WeightedPressurePlateBlock
[1536|t+7537ms|ThreadId(2)] [class_dump] ekj → net.minecraft.world.level.block.WetSpongeBlock
[1537|t+7537ms|ThreadId(2)] [class_dump] ekk → net.minecraft.world.level.block.WitherRoseBlock
[1538|t+7538ms|ThreadId(2)] [class_dump] ekl → net.minecraft.world.level.block.WitherSkullBlock
[1539|t+7538ms|ThreadId(2)] [class_dump] ekm → net.minecraft.world.level.block.WitherWallSkullBlock
[1540|t+7538ms|ThreadId(2)] [class_dump] ekn → net.minecraft.world.level.block.WoolCarpetBlock
[1541|t+7538ms|ThreadId(2)] [class_dump] eko → net.minecraft.world.level.block.entity.AbstractFurnaceBlockEntity
[1542|t+7539ms|ThreadId(2)] [class_dump] ekp → net.minecraft.world.level.block.entity.BannerBlockEntity
[1543|t+7539ms|ThreadId(2)] [class_dump] ekt → net.minecraft.world.level.block.entity.BarrelBlockEntity
[1544|t+7539ms|ThreadId(2)] [class_dump] eku → net.minecraft.world.level.block.entity.BaseContainerBlockEntity
[1545|t+7539ms|ThreadId(2)] [class_dump] ekv → net.minecraft.world.level.block.entity.BeaconBeamOwner
[1546|t+7540ms|ThreadId(2)] [class_dump] ekw → net.minecraft.world.level.block.entity.BeaconBlockEntity
[1547|t+7540ms|ThreadId(2)] [class_dump] ekx → net.minecraft.world.level.block.entity.BedBlockEntity
[1548|t+7540ms|ThreadId(2)] [class_dump] eky → net.minecraft.world.level.block.entity.BeehiveBlockEntity
[1549|t+7541ms|ThreadId(2)] [class_dump] ekz → net.minecraft.world.level.block.entity.BellBlockEntity
[1550|t+7541ms|ThreadId(2)] [class_dump] ela → net.minecraft.world.level.block.entity.BlastFurnaceBlockEntity
[1551|t+7542ms|ThreadId(2)] [class_dump] elb → net.minecraft.world.level.block.entity.BlockEntity
[1552|t+7542ms|ThreadId(2)] [class_dump] eld → net.minecraft.world.level.block.entity.BlockEntityType
[1553|t+7542ms|ThreadId(2)] [class_dump] ele → net.minecraft.world.level.block.entity.BoundingBoxRenderable
[1554|t+7543ms|ThreadId(2)] [class_dump] elf → net.minecraft.world.level.block.entity.BrewingStandBlockEntity
[1555|t+7543ms|ThreadId(2)] [class_dump] elg → net.minecraft.world.level.block.entity.BrushableBlockEntity
[1556|t+7543ms|ThreadId(2)] [class_dump] elh → net.minecraft.world.level.block.entity.CalibratedSculkSensorBlockEntity
[1557|t+7544ms|ThreadId(2)] [class_dump] eli → net.minecraft.world.level.block.entity.CampfireBlockEntity
[1558|t+7544ms|ThreadId(2)] [class_dump] elj → net.minecraft.world.level.block.entity.ChestBlockEntity
[1559|t+7544ms|ThreadId(2)] [class_dump] ell → net.minecraft.world.level.block.entity.ChiseledBookShelfBlockEntity
[1560|t+7544ms|ThreadId(2)] [class_dump] elm → net.minecraft.world.level.block.entity.CommandBlockEntity
[1561|t+7545ms|ThreadId(2)] [class_dump] eln → net.minecraft.world.level.block.entity.ComparatorBlockEntity
[1562|t+7545ms|ThreadId(2)] [class_dump] elo → net.minecraft.world.level.block.entity.ConduitBlockEntity
[1563|t+7545ms|ThreadId(2)] [class_dump] elq → net.minecraft.world.level.block.entity.CopperGolemStatueBlockEntity
[1564|t+7545ms|ThreadId(2)] [class_dump] elr → net.minecraft.world.level.block.entity.CrafterBlockEntity
[1565|t+7546ms|ThreadId(2)] [class_dump] els → net.minecraft.world.level.block.entity.CreakingHeartBlockEntity
[1566|t+7546ms|ThreadId(2)] [class_dump] elt → net.minecraft.world.level.block.entity.DaylightDetectorBlockEntity
[1567|t+7546ms|ThreadId(2)] [class_dump] elu → net.minecraft.world.level.block.entity.DecoratedPotBlockEntity
[1568|t+7546ms|ThreadId(2)] [class_dump] elv → net.minecraft.world.level.block.entity.DecoratedPotPattern
[1569|t+7547ms|ThreadId(2)] [class_dump] elw → net.minecraft.world.level.block.entity.DecoratedPotPatterns
[1570|t+7547ms|ThreadId(2)] [class_dump] elx → net.minecraft.world.level.block.entity.DispenserBlockEntity
[1571|t+7547ms|ThreadId(2)] [class_dump] ely → net.minecraft.world.level.block.entity.DropperBlockEntity
[1572|t+7547ms|ThreadId(2)] [class_dump] elz → net.minecraft.world.level.block.entity.EnchantingTableBlockEntity
[1573|t+7548ms|ThreadId(2)] [class_dump] ema → net.minecraft.world.level.block.entity.EnderChestBlockEntity
[1574|t+7548ms|ThreadId(2)] [class_dump] emc → net.minecraft.world.level.block.entity.FurnaceBlockEntity
[1575|t+7548ms|ThreadId(2)] [class_dump] emd → net.minecraft.world.level.block.entity.HangingSignBlockEntity
[1576|t+7548ms|ThreadId(2)] [class_dump] eme → net.minecraft.world.level.block.entity.Hopper
[1577|t+7549ms|ThreadId(2)] [class_dump] emf → net.minecraft.world.level.block.entity.HopperBlockEntity
[1578|t+7549ms|ThreadId(2)] [class_dump] emg → net.minecraft.world.level.block.entity.JigsawBlockEntity
[1579|t+7549ms|ThreadId(2)] [class_dump] emh → net.minecraft.world.level.block.entity.JukeboxBlockEntity
[1580|t+7549ms|ThreadId(2)] [class_dump] emi → net.minecraft.world.level.block.entity.LecternBlockEntity
[1581|t+7550ms|ThreadId(2)] [class_dump] emj → net.minecraft.world.level.block.entity.LidBlockEntity
[1582|t+7550ms|ThreadId(2)] [class_dump] emk → net.minecraft.world.level.block.entity.ListBackedContainer
[1583|t+7550ms|ThreadId(2)] [class_dump] emm → net.minecraft.world.level.block.entity.RandomizableContainerBlockEntity
[1584|t+7550ms|ThreadId(2)] [class_dump] emn → net.minecraft.world.level.block.entity.SculkCatalystBlockEntity
[1585|t+7551ms|ThreadId(2)] [class_dump] emo → net.minecraft.world.level.block.entity.SculkSensorBlockEntity
[1586|t+7551ms|ThreadId(2)] [class_dump] emp → net.minecraft.world.level.block.entity.SculkShriekerBlockEntity
[1587|t+7551ms|ThreadId(2)] [class_dump] emq → net.minecraft.world.level.block.entity.ShelfBlockEntity
[1588|t+7551ms|ThreadId(2)] [class_dump] emr → net.minecraft.world.level.block.entity.ShulkerBoxBlockEntity
[1589|t+7552ms|ThreadId(2)] [class_dump] ems → net.minecraft.world.level.block.entity.SignBlockEntity
[1590|t+7552ms|ThreadId(2)] [class_dump] emu → net.minecraft.world.level.block.entity.SkullBlockEntity
[1591|t+7552ms|ThreadId(2)] [class_dump] emv → net.minecraft.world.level.block.entity.SmokerBlockEntity
[1592|t+7552ms|ThreadId(2)] [class_dump] emw → net.minecraft.world.level.block.entity.SpawnerBlockEntity
[1593|t+7553ms|ThreadId(2)] [class_dump] emx → net.minecraft.world.level.block.entity.StructureBlockEntity
[1594|t+7553ms|ThreadId(2)] [class_dump] emy → net.minecraft.world.level.block.entity.TestBlockEntity
[1595|t+7553ms|ThreadId(2)] [class_dump] emz → net.minecraft.world.level.block.entity.TestInstanceBlockEntity
[1596|t+7553ms|ThreadId(2)] [class_dump] ena → net.minecraft.world.level.block.entity.TheEndGatewayBlockEntity
[1597|t+7554ms|ThreadId(2)] [class_dump] enb → net.minecraft.world.level.block.entity.TheEndPortalBlockEntity
[1598|t+7554ms|ThreadId(2)] [class_dump] enc → net.minecraft.world.level.block.entity.TickingBlockEntity
[1599|t+7554ms|ThreadId(2)] [class_dump] end → net.minecraft.world.level.block.entity.TrappedChestBlockEntity
[1600|t+7554ms|ThreadId(2)] [class_dump] ene → net.minecraft.world.level.block.entity.TrialSpawnerBlockEntity
[1601|t+7555ms|ThreadId(2)] [class_dump] enk → net.minecraft.world.level.block.entity.trialspawner.TrialSpawnerState
[1602|t+7555ms|ThreadId(2)] [class_dump] enn → net.minecraft.world.level.block.entity.vault.VaultBlockEntity
[1603|t+7555ms|ThreadId(2)] [class_dump] enp → net.minecraft.world.level.block.entity.vault.VaultConfig
[1604|t+7555ms|ThreadId(2)] [class_dump] enq → net.minecraft.world.level.block.entity.vault.VaultServerData
[1605|t+7556ms|ThreadId(2)] [class_dump] enr → net.minecraft.world.level.block.entity.vault.VaultSharedData
[1606|t+7556ms|ThreadId(2)] [class_dump] ens → net.minecraft.world.level.block.entity.vault.VaultState
[1607|t+7556ms|ThreadId(2)] [class_dump] enu → net.minecraft.world.level.block.grower.TreeGrower
[1608|t+7556ms|ThreadId(2)] [class_dump] enx → net.minecraft.world.level.block.piston.MovingPistonBlock
[1609|t+7557ms|ThreadId(2)] [class_dump] eny → net.minecraft.world.level.block.piston.PistonBaseBlock
[1610|t+7557ms|ThreadId(2)] [class_dump] enz → net.minecraft.world.level.block.piston.PistonHeadBlock
[1611|t+7557ms|ThreadId(2)] [class_dump] eob → net.minecraft.world.level.block.piston.PistonMovingBlockEntity
[1612|t+7558ms|ThreadId(2)] [class_dump] eog → net.minecraft.world.level.block.state.BlockBehaviour
[1613|t+7558ms|ThreadId(2)] [class_dump] eoh → net.minecraft.world.level.block.state.BlockState
[1614|t+7558ms|ThreadId(2)] [class_dump] eoi → net.minecraft.world.level.block.state.StateDefinition
[1615|t+7559ms|ThreadId(2)] [class_dump] eoj → net.minecraft.world.level.block.state.StateHolder
[1616|t+7559ms|ThreadId(2)] [class_dump] eos → net.minecraft.world.level.block.state.properties.AttachFace
[1617|t+7559ms|ThreadId(2)] [class_dump] eot → net.minecraft.world.level.block.state.properties.BambooLeaves
[1618|t+7559ms|ThreadId(2)] [class_dump] eou → net.minecraft.world.level.block.state.properties.BedPart
[1619|t+7560ms|ThreadId(2)] [class_dump] eov → net.minecraft.world.level.block.state.properties.BellAttachType
[1620|t+7560ms|ThreadId(2)] [class_dump] eow → net.minecraft.world.level.block.state.properties.BlockSetType
[1621|t+7560ms|ThreadId(2)] [class_dump] eox → net.minecraft.world.level.block.state.properties.BlockStateProperties
[1622|t+7561ms|ThreadId(2)] [class_dump] eoy → net.minecraft.world.level.block.state.properties.BooleanProperty
[1623|t+7561ms|ThreadId(2)] [class_dump] eoz → net.minecraft.world.level.block.state.properties.ChestType
[1624|t+7561ms|ThreadId(2)] [class_dump] epa → net.minecraft.world.level.block.state.properties.ComparatorMode
[1625|t+7562ms|ThreadId(2)] [class_dump] epb → net.minecraft.world.level.block.state.properties.CreakingHeartState
[1626|t+7562ms|ThreadId(2)] [class_dump] epc → net.minecraft.world.level.block.state.properties.DoorHingeSide
[1627|t+7562ms|ThreadId(2)] [class_dump] epd → net.minecraft.world.level.block.state.properties.DoubleBlockHalf
[1628|t+7563ms|ThreadId(2)] [class_dump] epe → net.minecraft.world.level.block.state.properties.DripstoneThickness
[1629|t+7563ms|ThreadId(2)] [class_dump] epf → net.minecraft.world.level.block.state.properties.EnumProperty
[1630|t+7563ms|ThreadId(2)] [class_dump] epg → net.minecraft.world.level.block.state.properties.Half
[1631|t+7563ms|ThreadId(2)] [class_dump] eph → net.minecraft.world.level.block.state.properties.IntegerProperty
[1632|t+7564ms|ThreadId(2)] [class_dump] epi → net.minecraft.world.level.block.state.properties.NoteBlockInstrument
[1633|t+7564ms|ThreadId(2)] [class_dump] epj → net.minecraft.world.level.block.state.properties.PistonType
[1634|t+7564ms|ThreadId(2)] [class_dump] epk → net.minecraft.world.level.block.state.properties.Property
[1635|t+7564ms|ThreadId(2)] [class_dump] epl → net.minecraft.world.level.block.state.properties.RailShape
[1636|t+7565ms|ThreadId(2)] [class_dump] epm → net.minecraft.world.level.block.state.properties.RedstoneSide
[1637|t+7565ms|ThreadId(2)] [class_dump] epn → net.minecraft.world.level.block.state.properties.RotationSegment
[1638|t+7565ms|ThreadId(2)] [class_dump] epo → net.minecraft.world.level.block.state.properties.SculkSensorPhase
[1639|t+7565ms|ThreadId(2)] [class_dump] epp → net.minecraft.world.level.block.state.properties.SideChainPart
[1640|t+7566ms|ThreadId(2)] [class_dump] epq → net.minecraft.world.level.block.state.properties.SlabType
[1641|t+7566ms|ThreadId(2)] [class_dump] epr → net.minecraft.world.level.block.state.properties.StairsShape
[1642|t+7566ms|ThreadId(2)] [class_dump] eps → net.minecraft.world.level.block.state.properties.StructureMode
[1643|t+7566ms|ThreadId(2)] [class_dump] ept → net.minecraft.world.level.block.state.properties.TestBlockMode
[1644|t+7567ms|ThreadId(2)] [class_dump] epu → net.minecraft.world.level.block.state.properties.Tilt
[1645|t+7567ms|ThreadId(2)] [class_dump] epv → net.minecraft.world.level.block.state.properties.WallSide
[1646|t+7567ms|ThreadId(2)] [class_dump] epw → net.minecraft.world.level.block.state.properties.WoodType
[1647|t+7567ms|ThreadId(2)] [class_dump] eqf → net.minecraft.world.level.chunk.ChunkAccess
[1648|t+7568ms|ThreadId(2)] [class_dump] eqi → net.minecraft.world.level.chunk.ChunkGenerators
[1649|t+7568ms|ThreadId(2)] [class_dump] eqj → net.minecraft.world.level.chunk.ChunkSource
[1650|t+7568ms|ThreadId(2)] [class_dump] eqq → net.minecraft.world.level.chunk.LevelChunk
[1651|t+7568ms|ThreadId(2)] [class_dump] eqs → net.minecraft.world.level.chunk.LightChunk
[1652|t+7569ms|ThreadId(2)] [class_dump] eqt → net.minecraft.world.level.chunk.LightChunkGetter
[1653|t+7569ms|ThreadId(2)] [class_dump] ere → net.minecraft.world.level.chunk.StructureAccess
[1654|t+7569ms|ThreadId(2)] [class_dump] erq → net.minecraft.world.level.chunk.storage.ChunkIOErrorReporter
[1655|t+7569ms|ThreadId(2)] [class_dump] esp → net.minecraft.world.level.entity.EntityAccess
[1656|t+7570ms|ThreadId(2)] [class_dump] ess → net.minecraft.world.level.entity.EntityPersistentStorage
[1657|t+7570ms|ThreadId(2)] [class_dump] esw → net.minecraft.world.level.entity.EntityTypeTest
[1658|t+7570ms|ThreadId(2)] [class_dump] esx → net.minecraft.world.level.entity.LevelCallback
[1659|t+7570ms|ThreadId(2)] [class_dump] etd → net.minecraft.world.level.entity.UniquelyIdentifyable
[1660|t+7571ms|ThreadId(2)] [class_dump] etk → net.minecraft.world.level.gameevent.GameEvent
[1661|t+7571ms|ThreadId(2)] [class_dump] etn → net.minecraft.world.level.gameevent.GameEventListenerRegistry
[1662|t+7571ms|ThreadId(2)] [class_dump] ett → net.minecraft.world.level.gameevent.vibrations.VibrationSystem
[1663|t+7572ms|ThreadId(2)] [class_dump] etv → net.minecraft.world.level.gamerules.GameRule
[1664|t+7572ms|ThreadId(2)] [class_dump] etz → net.minecraft.world.level.gamerules.GameRuleTypeVisitor
[1665|t+7572ms|ThreadId(2)] [class_dump] eua → net.minecraft.world.level.gamerules.GameRules
[1666|t+7573ms|ThreadId(2)] [class_dump] euf → net.minecraft.world.level.levelgen.BitRandomSource
[1667|t+7573ms|ThreadId(2)] [class_dump] euj → net.minecraft.world.level.levelgen.DensityFunction
[1668|t+7573ms|ThreadId(2)] [class_dump] euk → net.minecraft.world.level.levelgen.DensityFunctions
[1669|t+7574ms|ThreadId(2)] [class_dump] eus → net.minecraft.world.level.levelgen.MarsagliaPolarGaussian
[1670|t+7574ms|ThreadId(2)] [class_dump] evd → net.minecraft.world.level.levelgen.PositionalRandomFactory
[1671|t+7574ms|ThreadId(2)] [class_dump] evf → net.minecraft.world.level.levelgen.RandomSupport
[1672|t+7575ms|ThreadId(2)] [class_dump] evj → net.minecraft.world.level.levelgen.ThreadSafeLegacyRandomSource
[1673|t+7575ms|ThreadId(2)] [class_dump] f → com.mojang.math.OctahedralGroup
[1674|t+7575ms|ThreadId(2)] [class_dump] fac → net.minecraft.world.level.levelgen.feature.configurations.FeatureConfiguration
[1675|t+7576ms|ThreadId(2)] [class_dump] fbd → net.minecraft.world.level.levelgen.feature.featuresize.FeatureSize
[1676|t+7576ms|ThreadId(2)] [class_dump] fbf → net.minecraft.world.level.levelgen.feature.featuresize.ThreeLayersFeatureSize
[1677|t+7576ms|ThreadId(2)] [class_dump] fbg → net.minecraft.world.level.levelgen.feature.featuresize.TwoLayersFeatureSize
[1678|t+7576ms|ThreadId(2)] [class_dump] fbi → net.minecraft.world.level.levelgen.feature.foliageplacers.AcaciaFoliagePlacer
[1679|t+7577ms|ThreadId(2)] [class_dump] fbj → net.minecraft.world.level.levelgen.feature.foliageplacers.BlobFoliagePlacer
[1680|t+7577ms|ThreadId(2)] [class_dump] fbk → net.minecraft.world.level.levelgen.feature.foliageplacers.BushFoliagePlacer
[1681|t+7577ms|ThreadId(2)] [class_dump] fbl → net.minecraft.world.level.levelgen.feature.foliageplacers.CherryFoliagePlacer
[1682|t+7578ms|ThreadId(2)] [class_dump] fbm → net.minecraft.world.level.levelgen.feature.foliageplacers.DarkOakFoliagePlacer
[1683|t+7578ms|ThreadId(2)] [class_dump] fbn → net.minecraft.world.level.levelgen.feature.foliageplacers.FancyFoliagePlacer
[1684|t+7578ms|ThreadId(2)] [class_dump] fbo → net.minecraft.world.level.levelgen.feature.foliageplacers.FoliagePlacer
[1685|t+7578ms|ThreadId(2)] [class_dump] fbq → net.minecraft.world.level.levelgen.feature.foliageplacers.MegaJungleFoliagePlacer
[1686|t+7579ms|ThreadId(2)] [class_dump] fbr → net.minecraft.world.level.levelgen.feature.foliageplacers.MegaPineFoliagePlacer
[1687|t+7579ms|ThreadId(2)] [class_dump] fbs → net.minecraft.world.level.levelgen.feature.foliageplacers.PineFoliagePlacer
[1688|t+7579ms|ThreadId(2)] [class_dump] fbt → net.minecraft.world.level.levelgen.feature.foliageplacers.RandomSpreadFoliagePlacer
[1689|t+7580ms|ThreadId(2)] [class_dump] fbu → net.minecraft.world.level.levelgen.feature.foliageplacers.SpruceFoliagePlacer
[1690|t+7580ms|ThreadId(2)] [class_dump] fcd → net.minecraft.world.level.levelgen.feature.stateproviders.BlockStateProvider
[1691|t+7580ms|ThreadId(2)] [class_dump] fcf → net.minecraft.world.level.levelgen.feature.stateproviders.DualNoiseProvider
[1692|t+7581ms|ThreadId(2)] [class_dump] fcg → net.minecraft.world.level.levelgen.feature.stateproviders.NoiseBasedStateProvider
[1693|t+7581ms|ThreadId(2)] [class_dump] fch → net.minecraft.world.level.levelgen.feature.stateproviders.NoiseProvider
[1694|t+7581ms|ThreadId(2)] [class_dump] fci → net.minecraft.world.level.levelgen.feature.stateproviders.NoiseThresholdProvider
[1695|t+7582ms|ThreadId(2)] [class_dump] fcj → net.minecraft.world.level.levelgen.feature.stateproviders.RandomizedIntStateProvider
[1696|t+7582ms|ThreadId(2)] [class_dump] fcm → net.minecraft.world.level.levelgen.feature.stateproviders.SimpleStateProvider
[1697|t+7582ms|ThreadId(2)] [class_dump] fcn → net.minecraft.world.level.levelgen.feature.stateproviders.WeightedStateProvider
[1698|t+7583ms|ThreadId(2)] [class_dump] fdc → net.minecraft.world.level.levelgen.feature.trunkplacers.BendingTrunkPlacer
[1699|t+7583ms|ThreadId(2)] [class_dump] fdd → net.minecraft.world.level.levelgen.feature.trunkplacers.CherryTrunkPlacer
[1700|t+7583ms|ThreadId(2)] [class_dump] fde → net.minecraft.world.level.levelgen.feature.trunkplacers.DarkOakTrunkPlacer
[1701|t+7584ms|ThreadId(2)] [class_dump] fdf → net.minecraft.world.level.levelgen.feature.trunkplacers.FancyTrunkPlacer
[1702|t+7584ms|ThreadId(2)] [class_dump] fdg → net.minecraft.world.level.levelgen.feature.trunkplacers.ForkingTrunkPlacer
[1703|t+7584ms|ThreadId(2)] [class_dump] fdh → net.minecraft.world.level.levelgen.feature.trunkplacers.GiantTrunkPlacer
[1704|t+7585ms|ThreadId(2)] [class_dump] fdi → net.minecraft.world.level.levelgen.feature.trunkplacers.MegaJungleTrunkPlacer
[1705|t+7585ms|ThreadId(2)] [class_dump] fdj → net.minecraft.world.level.levelgen.feature.trunkplacers.StraightTrunkPlacer
[1706|t+7585ms|ThreadId(2)] [class_dump] fdk → net.minecraft.world.level.levelgen.feature.trunkplacers.TrunkPlacer
[1707|t+7585ms|ThreadId(2)] [class_dump] fdm → net.minecraft.world.level.levelgen.feature.trunkplacers.UpwardsBranchingTrunkPlacer
[1708|t+7586ms|ThreadId(2)] [class_dump] fhb → net.minecraft.world.level.levelgen.structure.pools.alias.PoolAliasBindings
[1709|t+7586ms|ThreadId(2)] [class_dump] fky → net.minecraft.world.level.material.EmptyFluid
[1710|t+7586ms|ThreadId(2)] [class_dump] fkz → net.minecraft.world.level.material.FlowingFluid
[1711|t+7586ms|ThreadId(2)] [class_dump] fla → net.minecraft.world.level.material.Fluid
[1712|t+7587ms|ThreadId(2)] [class_dump] flb → net.minecraft.world.level.material.FluidState
[1713|t+7587ms|ThreadId(2)] [class_dump] flc → net.minecraft.world.level.material.Fluids
[1714|t+7587ms|ThreadId(2)] [class_dump] fle → net.minecraft.world.level.material.LavaFluid
[1715|t+7588ms|ThreadId(2)] [class_dump] flf → net.minecraft.world.level.material.MapColor
[1716|t+7588ms|ThreadId(2)] [class_dump] flg → net.minecraft.world.level.material.PushReaction
[1717|t+7588ms|ThreadId(2)] [class_dump] flh → net.minecraft.world.level.material.WaterFluid
[1718|t+7588ms|ThreadId(2)] [class_dump] flq → net.minecraft.world.level.pathfinder.PathComputationType
[1719|t+7589ms|ThreadId(2)] [class_dump] fme → net.minecraft.world.level.redstone.DefaultRedstoneWireEvaluator
[1720|t+7589ms|ThreadId(2)] [class_dump] fml → net.minecraft.world.level.redstone.RedstoneWireEvaluator
[1721|t+7589ms|ThreadId(2)] [class_dump] fmn → net.minecraft.world.level.saveddata.SavedData
[1722|t+7590ms|ThreadId(2)] [class_dump] fms → net.minecraft.world.level.saveddata.maps.MapDecorationTypes
[1723|t+7590ms|ThreadId(2)] [class_dump] fmw → net.minecraft.world.level.saveddata.maps.MapItemSavedData
[1724|t+7590ms|ThreadId(2)] [class_dump] fna → net.minecraft.world.level.storage.DataVersion
[1725|t+7591ms|ThreadId(2)] [class_dump] fne → net.minecraft.world.level.storage.LevelData
[1726|t+7591ms|ThreadId(2)] [class_dump] fns → net.minecraft.world.level.storage.ValueOutput
[1727|t+7591ms|ThreadId(2)] [class_dump] fnu → net.minecraft.world.level.storage.WritableLevelData
[1728|t+7592ms|ThreadId(2)] [class_dump] fob → net.minecraft.world.level.storage.loot.LootContextUser
[1729|t+7592ms|ThreadId(2)] [class_dump] fqw → net.minecraft.world.level.storage.loot.parameters.LootContextParamSets
[1730|t+7592ms|ThreadId(2)] [class_dump] fqx → net.minecraft.world.level.storage.loot.parameters.LootContextParams
[1731|t+7593ms|ThreadId(2)] [class_dump] frm → net.minecraft.world.level.storage.loot.predicates.LootItemCondition
[1732|t+7593ms|ThreadId(2)] [class_dump] frn → net.minecraft.world.level.storage.loot.predicates.LootItemConditionType
[1733|t+7593ms|ThreadId(2)] [class_dump] fth → net.minecraft.world.phys.AABB
[1734|t+7594ms|ThreadId(2)] [class_dump] fti → net.minecraft.world.phys.BlockHitResult
[1735|t+7594ms|ThreadId(2)] [class_dump] ftk → net.minecraft.world.phys.HitResult
[1736|t+7594ms|ThreadId(2)] [class_dump] ftm → net.minecraft.world.phys.Vec3
[1737|t+7594ms|ThreadId(2)] [class_dump] fto → net.minecraft.world.phys.shapes.ArrayVoxelShape
[1738|t+7595ms|ThreadId(2)] [class_dump] ftp → net.minecraft.world.phys.shapes.BitSetDiscreteVoxelShape
[1739|t+7595ms|ThreadId(2)] [class_dump] ftq → net.minecraft.world.phys.shapes.BooleanOp
[1740|t+7595ms|ThreadId(2)] [class_dump] ftr → net.minecraft.world.phys.shapes.CollisionContext
[1741|t+7596ms|ThreadId(2)] [class_dump] fts → net.minecraft.world.phys.shapes.CubePointRange
[1742|t+7596ms|ThreadId(2)] [class_dump] ftt → net.minecraft.world.phys.shapes.CubeVoxelShape
[1743|t+7596ms|ThreadId(2)] [class_dump] ftu → net.minecraft.world.phys.shapes.DiscreteCubeMerger
[1744|t+7596ms|ThreadId(2)] [class_dump] ftv → net.minecraft.world.phys.shapes.DiscreteVoxelShape
[1745|t+7597ms|ThreadId(2)] [class_dump] ftw → net.minecraft.world.phys.shapes.EntityCollisionContext
[1746|t+7597ms|ThreadId(2)] [class_dump] ftx → net.minecraft.world.phys.shapes.IdenticalMerger
[1747|t+7597ms|ThreadId(2)] [class_dump] fty → net.minecraft.world.phys.shapes.IndexMerger
[1748|t+7597ms|ThreadId(2)] [class_dump] ftz → net.minecraft.world.phys.shapes.IndirectMerger
[1749|t+7598ms|ThreadId(2)] [class_dump] fua → net.minecraft.world.phys.shapes.MinecartCollisionContext
[1750|t+7598ms|ThreadId(2)] [class_dump] fub → net.minecraft.world.phys.shapes.NonOverlappingMerger
[1751|t+7598ms|ThreadId(2)] [class_dump] fuc → net.minecraft.world.phys.shapes.OffsetDoubleList
[1752|t+7598ms|ThreadId(2)] [class_dump] fud → net.minecraft.world.phys.shapes.Shapes
[1753|t+7599ms|ThreadId(2)] [class_dump] fue → net.minecraft.world.phys.shapes.SliceShape
[1754|t+7599ms|ThreadId(2)] [class_dump] fuf → net.minecraft.world.phys.shapes.SubShape
[1755|t+7599ms|ThreadId(2)] [class_dump] fug → net.minecraft.world.phys.shapes.VoxelShape
[1756|t+7600ms|ThreadId(2)] [class_dump] fum → net.minecraft.world.scores.PlayerTeam
[1757|t+7600ms|ThreadId(2)] [class_dump] fuq → net.minecraft.world.scores.ScoreHolder
[1758|t+7600ms|ThreadId(2)] [class_dump] fur → net.minecraft.world.scores.Scoreboard
[1759|t+7600ms|ThreadId(2)] [class_dump] fut → net.minecraft.world.scores.Team
[1760|t+7601ms|ThreadId(2)] [class_dump] fuy → net.minecraft.world.ticks.ContainerSingleItem
[1761|t+7601ms|ThreadId(2)] [class_dump] fva → net.minecraft.world.ticks.LevelTickAccess
[1762|t+7601ms|ThreadId(2)] [class_dump] fvg → net.minecraft.world.ticks.TickAccess
[1763|t+7601ms|ThreadId(2)] [class_dump] fvh → net.minecraft.world.ticks.TickContainerAccess
[1764|t+7601ms|ThreadId(2)] [class_dump] fvt → net.minecraft.world.waypoints.Waypoint
[1765|t+7602ms|ThreadId(2)] [class_dump] fvx → net.minecraft.world.waypoints.WaypointTransmitter
[1766|t+7602ms|ThreadId(2)] [class_dump] fxs → com.mojang.blaze3d.pipeline.MainTarget
[1767|t+7602ms|ThreadId(2)] [class_dump] fxt → com.mojang.blaze3d.pipeline.RenderTarget
[1768|t+7603ms|ThreadId(2)] [class_dump] fyl → com.mojang.blaze3d.platform.WindowEventHandler
[1769|t+7603ms|ThreadId(2)] [class_dump] fzu → com.mojang.realmsclient.RealmsMainScreen
[1770|t+7603ms|ThreadId(2)] [class_dump] ger → net.minecraft.client.Camera
[1771|t+7603ms|ThreadId(2)] [class_dump] gez → net.minecraft.client.DeltaTracker
[1772|t+7604ms|ThreadId(2)] [class_dump] gfj → net.minecraft.client.Minecraft
[1773|t+7604ms|ThreadId(2)] [class_dump] gih → net.minecraft.client.entity.ClientAvatarEntity
[1774|t+7604ms|ThreadId(2)] [class_dump] gir → net.minecraft.client.gui.GuiGraphics
[1775|t+7604ms|ThreadId(2)] [class_dump] gjm → net.minecraft.client.gui.components.DebugScreenOverlay
[1776|t+7605ms|ThreadId(2)] [class_dump] gki → net.minecraft.client.gui.components.Renderable
[1777|t+7605ms|ThreadId(2)] [class_dump] gkr → net.minecraft.client.gui.components.TabOrderedElement
[1778|t+7605ms|ThreadId(2)] [class_dump] glw → net.minecraft.client.gui.components.debug.DebugScreenDisplayer
[1779|t+7605ms|ThreadId(2)] [class_dump] gmh → net.minecraft.client.gui.components.debugchart.ProfilerPieChart
[1780|t+7606ms|ThreadId(2)] [class_dump] gmk → net.minecraft.client.gui.components.events.AbstractContainerEventHandler
[1781|t+7606ms|ThreadId(2)] [class_dump] gml → net.minecraft.client.gui.components.events.ContainerEventHandler
[1782|t+7606ms|ThreadId(2)] [class_dump] gmm → net.minecraft.client.gui.components.events.GuiEventListener
[1783|t+7606ms|ThreadId(2)] [class_dump] gnb → net.minecraft.client.gui.components.toasts.Toast
[1784|t+7607ms|ThreadId(2)] [class_dump] gpi → net.minecraft.client.gui.navigation.FocusNavigationEvent
[1785|t+7607ms|ThreadId(2)] [class_dump] gqu → net.minecraft.client.gui.screens.AccessibilityOnboardingScreen
[1786|t+7607ms|ThreadId(2)] [class_dump] gqy → net.minecraft.client.gui.screens.ChatScreen
[1787|t+7608ms|ThreadId(2)] [class_dump] gqz → net.minecraft.client.gui.screens.ConfirmLinkScreen
[1788|t+7608ms|ThreadId(2)] [class_dump] gra → net.minecraft.client.gui.screens.ConfirmScreen
[1789|t+7608ms|ThreadId(2)] [class_dump] grg → net.minecraft.client.gui.screens.DeathScreen
[1790|t+7609ms|ThreadId(2)] [class_dump] grm → net.minecraft.client.gui.screens.GenericMessageScreen
[1791|t+7609ms|ThreadId(2)] [class_dump] grp → net.minecraft.client.gui.screens.LevelLoadingScreen
[1792|t+7609ms|ThreadId(2)] [class_dump] grr → net.minecraft.client.gui.screens.LoadingOverlay
[1793|t+7609ms|ThreadId(2)] [class_dump] grv → net.minecraft.client.gui.screens.OutOfMemoryScreen
[1794|t+7610ms|ThreadId(2)] [class_dump] grw → net.minecraft.client.gui.screens.Overlay
[1795|t+7610ms|ThreadId(2)] [class_dump] grx → net.minecraft.client.gui.screens.PauseScreen
[1796|t+7610ms|ThreadId(2)] [class_dump] grz → net.minecraft.client.gui.screens.ProgressScreen
[1797|t+7611ms|ThreadId(2)] [class_dump] gsb → net.minecraft.client.gui.screens.Screen
[1798|t+7611ms|ThreadId(2)] [class_dump] gsd → net.minecraft.client.gui.screens.TitleScreen
[1799|t+7611ms|ThreadId(2)] [class_dump] gsl → net.minecraft.client.gui.screens.advancements.AdvancementsScreen
[1800|t+7612ms|ThreadId(2)] [class_dump] gti → net.minecraft.client.gui.screens.inventory.AbstractContainerScreen
[1801|t+7612ms|ThreadId(2)] [class_dump] gtl → net.minecraft.client.gui.screens.inventory.AbstractRecipeBookScreen
[1802|t+7612ms|ThreadId(2)] [class_dump] gul → net.minecraft.client.gui.screens.inventory.InventoryScreen
[1803|t+7613ms|ThreadId(2)] [class_dump] guq → net.minecraft.client.gui.screens.inventory.MenuAccess
[1804|t+7613ms|ThreadId(2)] [class_dump] gvp → net.minecraft.client.gui.screens.multiplayer.JoinMultiplayerScreen
[1805|t+7613ms|ThreadId(2)] [class_dump] gxa → net.minecraft.client.gui.screens.recipebook.RecipeUpdateListener
[1806|t+7613ms|ThreadId(2)] [class_dump] gxq → net.minecraft.client.gui.screens.social.SocialInteractionsScreen
[1807|t+7614ms|ThreadId(2)] [class_dump] gzg → net.minecraft.client.main.SilentInitException
[1808|t+7614ms|ThreadId(2)] [class_dump] h → com.mojang.math.SymmetricGroup3
[1809|t+7614ms|ThreadId(2)] [class_dump] hif → net.minecraft.client.multiplayer.ClientLevel
[1810|t+7614ms|ThreadId(2)] [class_dump] hne → net.minecraft.client.player.AbstractClientPlayer
[1811|t+7615ms|ThreadId(2)] [class_dump] hnh → net.minecraft.client.player.LocalPlayer
[1812|t+7615ms|ThreadId(2)] [class_dump] ib → net.minecraft.commands.synchronization.ArgumentTypeInfo
[1813|t+7615ms|ThreadId(2)] [class_dump] ic → net.minecraft.commands.synchronization.ArgumentTypeInfos
[1814|t+7615ms|ThreadId(2)] [class_dump] inu → net.minecraft.client.resources.model.MaterialSet
[1815|t+7616ms|ThreadId(2)] [class_dump] ip → net.minecraft.core.AxisCycle
[1816|t+7616ms|ThreadId(2)] [class_dump] iqa → net.minecraft.client.server.IntegratedServer
[1817|t+7617ms|ThreadId(2)] [class_dump] ird → net.minecraft.client.telemetry.TelemetryProperty
[1818|t+7617ms|ThreadId(2)] [class_dump] irh → net.minecraft.client.telemetry.events.GameLoadTimesEvent
[1819|t+7617ms|ThreadId(2)] [class_dump] is → net.minecraft.core.BlockPos
[1820|t+7618ms|ThreadId(2)] [class_dump] isc → net.minecraft.realms.RealmsScreen
[1821|t+7618ms|ThreadId(2)] [class_dump] ix → net.minecraft.core.DefaultedMappedRegistry
[1822|t+7618ms|ThreadId(2)] [class_dump] iy → net.minecraft.core.DefaultedRegistry
[1823|t+7618ms|ThreadId(2)] [class_dump] iz → net.minecraft.core.Direction
[1824|t+7619ms|ThreadId(2)] [class_dump] jb → net.minecraft.core.FrontAndTop
[1825|t+7619ms|ThreadId(2)] [class_dump] jd → net.minecraft.core.Holder
[1826|t+7619ms|ThreadId(2)] [class_dump] je → net.minecraft.core.HolderGetter
[1827|t+7620ms|ThreadId(2)] [class_dump] jf → net.minecraft.core.HolderLookup
[1828|t+7620ms|ThreadId(2)] [class_dump] jg → net.minecraft.core.HolderOwner
[1829|t+7620ms|ThreadId(2)] [class_dump] jh → net.minecraft.core.HolderSet
[1830|t+7621ms|ThreadId(2)] [class_dump] ji → net.minecraft.core.IdMap
[1831|t+7621ms|ThreadId(2)] [class_dump] jj → net.minecraft.core.IdMapper
[1832|t+7621ms|ThreadId(2)] [class_dump] jl → net.minecraft.core.MappedRegistry
[1833|t+7621ms|ThreadId(2)] [class_dump] jm → net.minecraft.core.NonNullList
[1834|t+7622ms|ThreadId(2)] [class_dump] jn → net.minecraft.core.Position
[1835|t+7622ms|ThreadId(2)] [class_dump] jp → net.minecraft.core.RegistrationInfo
[1836|t+7622ms|ThreadId(2)] [class_dump] jq → net.minecraft.core.Registry
[1837|t+7622ms|ThreadId(2)] [class_dump] jr → net.minecraft.core.RegistryAccess
[1838|t+7623ms|ThreadId(2)] [class_dump] js → net.minecraft.core.RegistryCodecs
[1839|t+7623ms|ThreadId(2)] [class_dump] jx → net.minecraft.core.UUIDUtil
[1840|t+7623ms|ThreadId(2)] [class_dump] jy → net.minecraft.core.Vec3i
[1841|t+7624ms|ThreadId(2)] [class_dump] jz → net.minecraft.core.WritableRegistry
[1842|t+7624ms|ThreadId(2)] [class_dump] ka → net.minecraft.core.cauldron.CauldronInteraction
[1843|t+7624ms|ThreadId(2)] [class_dump] kd → net.minecraft.core.component.DataComponentGetter
[1844|t+7625ms|ThreadId(2)] [class_dump] ke → net.minecraft.core.component.DataComponentHolder
[1845|t+7625ms|ThreadId(2)] [class_dump] kf → net.minecraft.core.component.DataComponentMap
[1846|t+7626ms|ThreadId(2)] [class_dump] kg → net.minecraft.core.component.DataComponentPatch
[1847|t+7626ms|ThreadId(2)] [class_dump] kh → net.minecraft.core.component.DataComponentType
[1848|t+7626ms|ThreadId(2)] [class_dump] ki → net.minecraft.core.component.DataComponents
[1849|t+7627ms|ThreadId(2)] [class_dump] kj → net.minecraft.core.component.PatchedDataComponentMap
[1850|t+7627ms|ThreadId(2)] [class_dump] kt → net.minecraft.core.component.predicates.DataComponentPredicates
[1851|t+7627ms|ThreadId(2)] [class_dump] l → net.minecraft.ChatFormatting
[1852|t+7627ms|ThreadId(2)] [class_dump] lf → net.minecraft.core.dispenser.DefaultDispenseItemBehavior
[1853|t+7628ms|ThreadId(2)] [class_dump] lg → net.minecraft.core.dispenser.DispenseItemBehavior
[1854|t+7628ms|ThreadId(2)] [class_dump] lp → net.minecraft.core.particles.BlockParticleOption
[1855|t+7628ms|ThreadId(2)] [class_dump] lq → net.minecraft.core.particles.ColorParticleOption
[1856|t+7628ms|ThreadId(2)] [class_dump] lu → net.minecraft.core.particles.ItemParticleOption
[1857|t+7629ms|ThreadId(2)] [class_dump] lw → net.minecraft.core.particles.ParticleOptions
[1858|t+7629ms|ThreadId(2)] [class_dump] lx → net.minecraft.core.particles.ParticleType
[1859|t+7630ms|ThreadId(2)] [class_dump] ly → net.minecraft.core.particles.ParticleTypes
[1860|t+7630ms|ThreadId(2)] [class_dump] lz → net.minecraft.core.particles.PowerParticleOption
[1861|t+7630ms|ThreadId(2)] [class_dump] m → net.minecraft.CrashReport
[1862|t+7631ms|ThreadId(2)] [class_dump] md → net.minecraft.core.particles.SimpleParticleType
[1863|t+7631ms|ThreadId(2)] [class_dump] me → net.minecraft.core.particles.SpellParticleOption
[1864|t+7631ms|ThreadId(2)] [class_dump] mi → net.minecraft.core.registries.BuiltInRegistries
[1865|t+7632ms|ThreadId(2)] [class_dump] mj → net.minecraft.core.registries.Registries
[1866|t+7632ms|ThreadId(2)] [class_dump] net.minecraft.client.main.Main → net.minecraft.client.main.Main
[1867|t+7632ms|ThreadId(2)] [class_dump] net.minecraft.client.main.Main$1 → net.minecraft.client.main.Main$1
[1868|t+7633ms|ThreadId(2)] [class_dump] net.minecraft.client.main.Main$2 → net.minecraft.client.main.Main$2
[1869|t+7633ms|ThreadId(2)] [class_dump] net.minecraft.server.MinecraftServer → net.minecraft.server.MinecraftServer
[1870|t+7634ms|ThreadId(2)] [class_dump] r → net.minecraft.DetectedVersion
[1871|t+7634ms|ThreadId(2)] [class_dump] rq → net.minecraft.data.worldgen.features.CaveFeatures
[1872|t+7634ms|ThreadId(2)] [class_dump] rs → net.minecraft.data.worldgen.features.FeatureUtils
[1873|t+7635ms|ThreadId(2)] [class_dump] rx → net.minecraft.data.worldgen.features.TreeFeatures
[1874|t+7635ms|ThreadId(2)] [class_dump] ry → net.minecraft.data.worldgen.features.VegetationFeatures
[1875|t+7635ms|ThreadId(2)] [class_dump] s → net.minecraft.IdentifierException
[1876|t+7635ms|ThreadId(2)] [class_dump] sn → net.minecraft.gametest.framework.BuiltinTestFunctions
[1877|t+7636ms|ThreadId(2)] [class_dump] tb → net.minecraft.gametest.framework.GameTestInstance
[1878|t+7636ms|ThreadId(2)] [class_dump] tv → net.minecraft.gametest.framework.TestEnvironmentDefinition
[1879|t+7636ms|ThreadId(2)] [class_dump] tx → net.minecraft.gametest.framework.TestFunctionLoader
[1880|t+7637ms|ThreadId(2)] [class_dump] u → net.minecraft.ReportType
[1881|t+7637ms|ThreadId(2)] [class_dump] ui → net.minecraft.gizmos.GizmoCollector
[1882|t+7637ms|ThreadId(2)] [class_dump] ux → net.minecraft.nbt.ByteTag
[1883|t+7637ms|ThreadId(2)] [class_dump] uy → net.minecraft.nbt.CollectionTag
[1884|t+7638ms|ThreadId(2)] [class_dump] uz → net.minecraft.nbt.CompoundTag
[1885|t+7638ms|ThreadId(2)] [class_dump] v → net.minecraft.ReportedException
[1886|t+7638ms|ThreadId(2)] [class_dump] vf → net.minecraft.nbt.ListTag
[1887|t+7639ms|ThreadId(2)] [class_dump] vi → net.minecraft.nbt.NbtAccounter
[1888|t+7639ms|ThreadId(2)] [class_dump] vj → net.minecraft.nbt.NbtAccounterException
[1889|t+7639ms|ThreadId(2)] [class_dump] vk → net.minecraft.nbt.NbtException
[1890|t+7639ms|ThreadId(2)] [class_dump] vl → net.minecraft.nbt.NbtFormatException
[1891|t+7640ms|ThreadId(2)] [class_dump] vn → net.minecraft.nbt.NbtOps
[1892|t+7640ms|ThreadId(2)] [class_dump] vp → net.minecraft.nbt.NumericTag
[1893|t+7640ms|ThreadId(2)] [class_dump] vq → net.minecraft.nbt.PrimitiveTag
[1894|t+7640ms|ThreadId(2)] [class_dump] vr → net.minecraft.nbt.ReportedNbtException
[1895|t+7641ms|ThreadId(2)] [class_dump] vt → net.minecraft.nbt.SnbtGrammar
[1896|t+7641ms|ThreadId(2)] [class_dump] vz → net.minecraft.nbt.Tag
[1897|t+7641ms|ThreadId(2)] [class_dump] w → net.minecraft.SharedConstants
[1898|t+7642ms|ThreadId(2)] [class_dump] wa → net.minecraft.nbt.TagParser
[1899|t+7642ms|ThreadId(2)] [class_dump] wb → net.minecraft.nbt.TagType
[1900|t+7642ms|ThreadId(2)] [class_dump] wr → net.minecraft.network.ClientboundPacketListener
[1901|t+7642ms|ThreadId(2)] [class_dump] wu → net.minecraft.network.Connection
[1902|t+7643ms|ThreadId(2)] [class_dump] wx → net.minecraft.network.FriendlyByteBuf
[1903|t+7643ms|ThreadId(2)] [class_dump] xd → net.minecraft.network.LocalFrameEncoder
[1904|t+7643ms|ThreadId(2)] [class_dump] xi → net.minecraft.network.PacketDecoder
[1905|t+7644ms|ThreadId(2)] [class_dump] xj → net.minecraft.network.PacketEncoder
[1906|t+7644ms|ThreadId(2)] [class_dump] xk → net.minecraft.network.PacketListener
[1907|t+7644ms|ThreadId(2)] [class_dump] xo → net.minecraft.network.ProtocolSwapHandler
[1908|t+7644ms|ThreadId(2)] [class_dump] xq → net.minecraft.network.RegistryFriendlyByteBuf
[1909|t+7645ms|ThreadId(2)] [class_dump] y → net.minecraft.SystemReport
[1910|t+7645ms|ThreadId(2)] [class_dump] yb → net.minecraft.network.Varint21LengthFieldPrepender
[1911|t+7645ms|ThreadId(2)] [class_dump] yf → net.minecraft.network.chat.ClickEvent
[1912|t+7645ms|ThreadId(2)] [class_dump] yh → net.minecraft.network.chat.Component
[1913|t+7646ms|ThreadId(2)] [class_dump] yi → net.minecraft.network.chat.ComponentContents
[1914|t+7646ms|ThreadId(2)] [class_dump] yj → net.minecraft.network.chat.ComponentSerialization
[1915|t+7646ms|ThreadId(2)] [class_dump] ym → net.minecraft.network.chat.FontDescription
[1916|t+7646ms|ThreadId(2)] [class_dump] yn → net.minecraft.network.chat.FormattedText
[1917|t+7647ms|ThreadId(2)] [class_dump] yo → net.minecraft.network.chat.HoverEvent
[1918|t+7647ms|ThreadId(2)] [class_dump] yw → net.minecraft.network.chat.MutableComponent
[1919|t+7647ms|ThreadId(2)] [class_dump] z → net.minecraft.TracingExecutor
[1920|t+7647ms|ThreadId(2)] [class_dump] zf → net.minecraft.network.chat.Style
[1921|t+7648ms|ThreadId(2)] [class_dump] zh → net.minecraft.network.chat.TextColor
[1922|t+7648ms|ThreadId(2)] [class_dump] zq → net.minecraft.network.chat.contents.TranslatableContents
[1923|t+7648ms|ThreadId(2)] [class_dump] zr → net.minecraft.network.chat.contents.TranslatableFormatException
[1924|t+7649ms|ThreadId(2)] [step] title_marker — skipped this attempt (tick=0): Minecraft instance is null (client not ready)
[1925|t+7650ms|ThreadId(2)] [step] deferred_init — entering render/tick loop
[1926|t+7902ms|ThreadId(2)] [step] client_tick — screen getter returned None — screen_m="screen" getscreen_m="getScreen" desc="()Lgsb;" (obf解決失敗/ambiguous が疑われる)
[1927|t+8029ms|ThreadId(2)] [VTable] vtable installed
[1928|t+8030ms|ThreadId(2)] [Rsift] RsiftChunkBridge natives ready
[1929|t+8030ms|ThreadId(2)] [step] tick_loop — alive tick=0
[1930|t+11046ms|ThreadId(2)] [RsiftPlatformBridge] installed
[1931|t+11047ms|ThreadId(2)] [Platform] ready
[1932|t+11048ms|ThreadId(2)] [RsiftPlatformBridge] apply error: ClassNotFoundException: net.minecraft.core.registries.BuiltInRegistries
[1933|t+11075ms|ThreadId(2)] [RsiftPlatformBridge] apply error: ClassNotFoundException: net.minecraft.core.registries.BuiltInRegistries
[1934|t+11088ms|ThreadId(2)] [JVMTI] wanted class captured at ClassLoad (loader-independent): glz
Exception in thread "Thread-46" [09:26:49] [Thread-46/INFO]: [STDERR]: java.lang.NoSuchMethodError: getWindow
[09:26:49] [Render thread/INFO]: Environment: Environment[sessionHost=https://sessionserver.mojang.com, servicesHost=https://api.minecraftservices.com, profilesHost=https://api.mojang.com, name=PROD]
Exception in thread "Thread-47" [09:26:49] [Thread-47/INFO]: [STDERR]: java.lang.NoSuchMethodError: getWindow
Exception in thread "Thread-48" [09:26:49] [Thread-48/INFO]: [STDERR]: java.lang.NoSuchMethodError: getWindow
[09:26:49] [Render thread/INFO]: Setting user: Ifuto_mitai
Exception in thread "Thread-51" [09:26:49] [Thread-51/INFO]: [STDERR]: java.lang.NoSuchMethodError: getWindow
[1935|t+11418ms|ThreadId(2)] [RsiftPlatformBridge] apply error: ClassNotFoundException: net.minecraft.core.registries.BuiltInRegistries
[1936|t+11420ms|ThreadId(2)] [RsiftPlatformBridge] apply error: ClassNotFoundException: net.minecraft.core.registries.BuiltInRegistries
Exception in thread "Thread-52" [09:26:49] [Thread-52/INFO]: [STDERR]: java.lang.NoSuchMethodError: getWindow
Exception in thread "Thread-53" [09:26:49] [Thread-53/INFO]: [STDERR]: java.lang.NoSuchMethodError: getWindow
Exception in thread "Thread-54" [09:26:49] [Thread-54/INFO]: [STDERR]: java.lang.NoSuchMethodError: getWindow
Exception in thread "Thread-55" [09:26:49] [Thread-55/INFO]: [STDERR]: java.lang.NoSuchMethodError: getWindow
[09:26:49] [Render thread/INFO]: Backend library: LWJGL version 3.3.3+5
[09:26:50] [Render thread/INFO]: Using optional rendering extensions: GL_ARB_buffer_storage, GL_KHR_debug, GL_ARB_vertex_attrib_binding, GL_ARB_direct_state_access, GL_EXT_texture_filter_anisotropic
[09:26:50] [Render thread/INFO]: Reloading ResourceManager: vanilla
[1937|t+12952ms|ThreadId(1)] [hook] render_flip fired (count=1)
[1938|t+13010ms|ThreadId(1)] [RsiftKeys] WARN vanilla KeyMapping リフレクション失敗 (キー入力は未接続): IdCategoryTypeCode: getEnumConstants net/minecraft/client/KeyMapping$Category: Java exception was thrown | IdTypeCodeCategory: getEnumConstants com/mojang/blaze3d/platform/InputConstants$Type: Java exception was thrown | IdCodeCategory: Java exception was thrown | IdCategoryCode: Java exception was thrown
[09:26:51] [Worker-Main-3/INFO]: Found unifont_all_no_pua-17.0.01.hex, loading
[09:26:51] [Worker-Main-5/INFO]: Found unifont_pua-17.0.01.hex, loading
[09:26:51] [Worker-Main-3/INFO]: Found unifont_jp_patch-17.0.01.hex, loading
[1939|t+14205ms|ThreadId(1)] [GlfwHook] glfw.dll!glfwSwapBuffers hooked — DXGI exclusive present
[1940|t+14212ms|ThreadId(2)] [step] title_marker — window title set: Minecraft* 1.21.11 - Rsift (RsGraphics Render)
[1941|t+14215ms|ThreadId(2)] [RsiftPlatformBridge] apply error: ClassNotFoundException: net.minecraft.core.registries.BuiltInRegistries
[1942|t+14217ms|ThreadId(2)] [RsiftPlatformBridge] apply error: ClassNotFoundException: net.minecraft.core.registries.BuiltInRegistries
Exception in thread "Thread-56" [09:26:52] [Thread-56/INFO]: [STDERR]: java.lang.NoSuchMethodError: getWindow
Exception in thread "Thread-59" [09:26:52] [Thread-59/INFO]: [STDERR]: java.lang.NoSuchMethodError: getWindow
Exception in thread "Thread-60" [09:26:52] [Thread-60/INFO]: [STDERR]: java.lang.NoSuchMethodError: getWindow
Exception in thread "Thread-61" [09:26:52] [Thread-61/INFO]: [STDERR]: java.lang.NoSuchMethodError: getWindow
[1943|t+14538ms|ThreadId(2)] [RsiftPlatformBridge] apply error: ClassNotFoundException: net.minecraft.core.registries.BuiltInRegistries
[1944|t+14539ms|ThreadId(2)] [RsiftPlatformBridge] apply error: ClassNotFoundException: net.minecraft.core.registries.BuiltInRegistries
Exception in thread "Thread-62" [09:26:52] [Thread-62/INFO]: [STDERR]: java.lang.NoSuchMethodError: getWindow
Exception in thread "Thread-63" [09:26:52] [Thread-63/INFO]: [STDERR]: java.lang.NoSuchMethodError: getWindow
[09:26:52] [Thread-64/INFO]: [STDERR]: java.lang.NoSuchMethodError: getWindow
Exception in thread "Thread-64" Exception in thread "Thread-65" [09:26:52] [Thread-65/INFO]: [STDERR]: java.lang.NoSuchMethodError: getWindow
[1945|t+14854ms|ThreadId(2)] [RsiftPlatformBridge] apply error: ClassNotFoundException: net.minecraft.core.registries.BuiltInRegistries
[1946|t+14855ms|ThreadId(2)] [RsiftPlatformBridge] apply error: ClassNotFoundException: net.minecraft.core.registries.BuiltInRegistries
Exception in thread "Thread-66" [09:26:52] [Thread-66/INFO]: [STDERR]: java.lang.NoSuchMethodError: getWindow
Exception in thread "Thread-67" [09:26:52] [Thread-67/INFO]: [STDERR]: java.lang.NoSuchMethodError: getWindow
Exception in thread "Thread-68" [09:26:52] [Thread-68/INFO]: [STDERR]: java.lang.NoSuchMethodError: getWindow
Exception in thread "Thread-69" [09:26:52] [Thread-69/INFO]: [STDERR]: java.lang.NoSuchMethodError: getWindow
[1947|t+15163ms|ThreadId(2)] [RsiftPlatformBridge] apply error: ClassNotFoundException: net.minecraft.core.registries.BuiltInRegistries
[1948|t+15163ms|ThreadId(2)] [RsiftPlatformBridge] apply error: ClassNotFoundException: net.minecraft.core.registries.BuiltInRegistries
Exception in thread "Thread-70" [09:26:53] [Thread-70/INFO]: [STDERR]: java.lang.NoSuchMethodError: getWindow
Exception in thread "Thread-71" [09:26:53] [Thread-71/INFO]: [STDERR]: java.lang.NoSuchMethodError: getWindow
Exception in thread "Thread-72" [09:26:53] [Thread-72/INFO]: [STDERR]: java.lang.NoSuchMethodError: getWindow
Exception in thread "Thread-73" [09:26:53] [Thread-73/INFO]: [STDERR]: java.lang.NoSuchMethodError: getWindow
[1949|t+15467ms|ThreadId(2)] [RsiftPlatformBridge] apply error: ClassNotFoundException: net.minecraft.core.registries.BuiltInRegistries
[1950|t+15468ms|ThreadId(2)] [RsiftPlatformBridge] apply error: ClassNotFoundException: net.minecraft.core.registries.BuiltInRegistries
Exception in thread "Thread-74" [09:26:53] [Thread-74/INFO]: [STDERR]: java.lang.NoSuchMethodError: getWindow
Exception in thread "Thread-75" [09:26:53] [Thread-75/INFO]: [STDERR]: java.lang.NoSuchMethodError: getWindow
Exception in thread "Thread-76" [09:26:53] [Thread-76/INFO]: [STDERR]: java.lang.NoSuchMethodError: getWindow
Exception in thread "Thread-77" [09:26:53] [Thread-77/INFO]: [STDERR]: java.lang.NoSuchMethodError: getWindow
[1951|t+15773ms|ThreadId(2)] [RsiftPlatformBridge] apply error: ClassNotFoundException: net.minecraft.core.registries.BuiltInRegistries
[1952|t+15774ms|ThreadId(2)] [RsiftPlatformBridge] apply error: ClassNotFoundException: net.minecraft.core.registries.BuiltInRegistries
Exception in thread "Thread-78" [09:26:53] [Thread-78/INFO]: [STDERR]: java.lang.NoSuchMethodError: getWindow
Exception in thread "Thread-79" [09:26:53] [Thread-79/INFO]: [STDERR]: java.lang.NoSuchMethodError: getWindow
Exception in thread "Thread-80" [09:26:53] [Thread-80/INFO]: [STDERR]: java.lang.NoSuchMethodError: getWindow
Exception in thread "Thread-81" [09:26:53] [Thread-81/INFO]: [STDERR]: java.lang.NoSuchMethodError: getWindow
[1953|t+16079ms|ThreadId(2)] [RsiftPlatformBridge] apply error: ClassNotFoundException: net.minecraft.core.registries.BuiltInRegistries
[1954|t+16080ms|ThreadId(2)] [RsiftPlatformBridge] apply error: ClassNotFoundException: net.minecraft.core.registries.BuiltInRegistries
Exception in thread "Thread-82" [09:26:54] [Thread-82/INFO]: [STDERR]: java.lang.NoSuchMethodError: getWindow
Exception in thread "Thread-83" [09:26:54] [Thread-83/INFO]: [STDERR]: java.lang.NoSuchMethodError: getWindow
Exception in thread "Thread-84" [09:26:54] [Thread-84/INFO]: [STDERR]: java.lang.NoSuchMethodError: getWindow
Exception in thread "Thread-85" [09:26:54] [Thread-85/INFO]: [STDERR]: java.lang.NoSuchMethodError: getWindow
[1955|t+16385ms|ThreadId(2)] [RsiftPlatformBridge] apply error: ClassNotFoundException: net.minecraft.core.registries.BuiltInRegistries
[1956|t+16386ms|ThreadId(2)] [RsiftPlatformBridge] apply error: ClassNotFoundException: net.minecraft.core.registries.BuiltInRegistries
Exception in thread "Thread-86" [09:26:54] [Thread-86/INFO]: [STDERR]: java.lang.NoSuchMethodError: getWindow
Exception in thread "Thread-87" [09:26:54] [Thread-87/INFO]: [STDERR]: java.lang.NoSuchMethodError: getWindow
Exception in thread "Thread-88" [09:26:54] [Thread-88/INFO]: [STDERR]: java.lang.NoSuchMethodError: getWindow
Exception in thread "Thread-89" [09:26:54] [Thread-89/INFO]: [STDERR]: java.lang.NoSuchMethodError: getWindow
[1957|t+16691ms|ThreadId(2)] [RsiftPlatformBridge] apply error: ClassNotFoundException: net.minecraft.core.registries.BuiltInRegistries
[1958|t+16692ms|ThreadId(2)] [RsiftPlatformBridge] apply error: ClassNotFoundException: net.minecraft.core.registries.BuiltInRegistries
Exception in thread "Thread-90" [09:26:54] [Thread-90/INFO]: [STDERR]: java.lang.NoSuchMethodError: getWindow
Exception in thread "Thread-91" [09:26:54] [Thread-91/INFO]: [STDERR]: java.lang.NoSuchMethodError: getWindow
Exception in thread "Thread-92" [09:26:54] [Thread-92/INFO]: [STDERR]: java.lang.NoSuchMethodError: getWindow
Exception in thread "Thread-93" [09:26:54] [Thread-93/INFO]: [STDERR]: java.lang.NoSuchMethodError: getWindow
[09:26:54] [Render thread/INFO]: OpenAL initialized on device OpenAL Soft on 34UM95 (2- インテル(R) ディスプレイ用オーディオ)
[09:26:54] [Render thread/INFO]: Sound engine started
[09:26:54] [Render thread/INFO]: Created: 512x256x0 minecraft:textures/atlas/particles.png-atlas
[09:26:54] [Render thread/INFO]: Created: 128x128x0 minecraft:textures/atlas/decorated_pot.png-atlas
[09:26:54] [Render thread/INFO]: Created: 2048x1024x0 minecraft:textures/atlas/armor_trims.png-atlas
[09:26:54] [Render thread/INFO]: Created: 512x256x0 minecraft:textures/atlas/paintings.png-atlas
[09:26:54] [Render thread/INFO]: Created: 1024x512x0 minecraft:textures/atlas/shield_patterns.png-atlas
[09:26:54] [Render thread/INFO]: Created: 2048x2048x4 minecraft:textures/atlas/blocks.png-atlas
[1959|t+16996ms|ThreadId(2)] [RsiftPlatformBridge] apply error: ClassNotFoundException: net.minecraft.core.registries.BuiltInRegistries
[1960|t+16996ms|ThreadId(2)] [RsiftPlatformBridge] apply error: ClassNotFoundException: net.minecraft.core.registries.BuiltInRegistries
Exception in thread "Thread-94" [09:26:55] [Thread-94/INFO]: [STDERR]: java.lang.NoSuchMethodError: getWindow
Exception in thread "Thread-95" [09:26:55] [Thread-95/INFO]: [STDERR]: java.lang.NoSuchMethodError: getWindow
Exception in thread "Thread-96" [09:26:55] [Thread-96/INFO]: [STDERR]: java.lang.NoSuchMethodError: getWindow
Exception in thread "Thread-97" [09:26:55] [Thread-97/INFO]: [STDERR]: java.lang.NoSuchMethodError: getWindow
[1961|t+17319ms|ThreadId(2)] [RsiftPlatformBridge] apply error: ClassNotFoundException: net.minecraft.core.registries.BuiltInRegistries
[1962|t+17320ms|ThreadId(2)] [RsiftPlatformBridge] apply error: ClassNotFoundException: net.minecraft.core.registries.BuiltInRegistries
Exception in thread "Thread-98" [09:26:55] [Thread-98/INFO]: [STDERR]: java.lang.NoSuchMethodError: getWindow
Exception in thread "Thread-99" [09:26:55] [Thread-99/INFO]: [STDERR]: java.lang.NoSuchMethodError: getWindow
Exception in thread "Thread-100" [09:26:55] [Thread-100/INFO]: [STDERR]: java.lang.NoSuchMethodError: getWindow
Exception in thread "Thread-101" [09:26:55] [Thread-101/INFO]: [STDERR]: java.lang.NoSuchMethodError: getWindow
[09:26:55] [Render thread/INFO]: Created: 512x512x0 minecraft:textures/atlas/chest.png-atlas
[09:26:55] [Render thread/INFO]: Created: 256x128x0 minecraft:textures/atlas/celestials.png-atlas
[09:26:55] [Render thread/INFO]: Created: 1024x512x0 minecraft:textures/atlas/banner_patterns.png-atlas
[09:26:55] [Render thread/INFO]: Created: 512x512x0 minecraft:textures/atlas/beds.png-atlas
[09:26:55] [Render thread/INFO]: Created: 1024x512x0 minecraft:textures/atlas/items.png-atlas
[09:26:55] [Render thread/INFO]: Created: 1024x1024x0 minecraft:textures/atlas/gui.png-atlas
[1963|t+17625ms|ThreadId(2)] [RsiftPlatformBridge] apply error: ClassNotFoundException: net.minecraft.core.registries.BuiltInRegistries
[1964|t+17626ms|ThreadId(2)] [RsiftPlatformBridge] apply error: ClassNotFoundException: net.minecraft.core.registries.BuiltInRegistries
Exception in thread "Thread-102" [09:26:55] [Thread-102/INFO]: [STDERR]: java.lang.NoSuchMethodError: getWindow
Exception in thread "Thread-103" [09:26:55] [Thread-103/INFO]: [STDERR]: java.lang.NoSuchMethodError: getWindow
Exception in thread "Thread-104" [09:26:55] [Thread-104/INFO]: [STDERR]: java.lang.NoSuchMethodError: getWindow
Exception in thread "Thread-105" [09:26:55] [Thread-105/INFO]: [STDERR]: java.lang.NoSuchMethodError: getWindow
[09:26:55] [Render thread/INFO]: Created: 128x64x0 minecraft:textures/atlas/map_decorations.png-atlas
[09:26:55] [Render thread/INFO]: Created: 512x256x0 minecraft:textures/atlas/signs.png-atlas
[09:26:55] [Render thread/INFO]: Created: 512x512x0 minecraft:textures/atlas/shulker_boxes.png-atlas
[1965|t+17931ms|ThreadId(2)] [RsiftPlatformBridge] apply error: ClassNotFoundException: net.minecraft.core.registries.BuiltInRegistries
[1966|t+17932ms|ThreadId(2)] [RsiftPlatformBridge] apply error: ClassNotFoundException: net.minecraft.core.registries.BuiltInRegistries
Exception in thread "Thread-106" [09:26:55] [Thread-106/INFO]: [STDERR]: java.lang.NoSuchMethodError: getWindow
Exception in thread "Thread-107" [09:26:55] [Thread-107/INFO]: [STDERR]: java.lang.NoSuchMethodError: getWindow
Exception in thread "Thread-108" [09:26:55] [Thread-108/INFO]: [STDERR]: java.lang.NoSuchMethodError: getWindow
Exception in thread "Thread-109" [09:26:55] [Thread-109/INFO]: [STDERR]: java.lang.NoSuchMethodError: getWindow
[1967|t+18236ms|ThreadId(2)] [RsiftPlatformBridge] apply error: ClassNotFoundException: net.minecraft.core.registries.BuiltInRegistries
[1968|t+18237ms|ThreadId(2)] [RsiftPlatformBridge] apply error: ClassNotFoundException: net.minecraft.core.registries.BuiltInRegistries
Exception in thread "Thread-111" [09:26:56] [Thread-111/INFO]: [STDERR]: java.lang.NoSuchMethodError: getWindow
Exception in thread "Thread-112" [09:26:56] [Thread-112/INFO]: [STDERR]: java.lang.NoSuchMethodError: getWindow
Exception in thread "Thread-113" [09:26:56] [Thread-113/INFO]: [STDERR]: java.lang.NoSuchMethodError: getWindow
Exception in thread "Thread-114" [09:26:56] [Thread-114/INFO]: [STDERR]: java.lang.NoSuchMethodError: getWindow
[1969|t+18546ms|ThreadId(2)] [RsiftPlatformBridge] apply error: ClassNotFoundException: net.minecraft.core.registries.BuiltInRegistries
[1970|t+18547ms|ThreadId(2)] [RsiftPlatformBridge] apply error: ClassNotFoundException: net.minecraft.core.registries.BuiltInRegistries
Exception in thread "Thread-115" [09:26:56] [Thread-115/INFO]: [STDERR]: java.lang.NoSuchMethodError: getWindow
Exception in thread "Thread-116" [09:26:56] [Thread-116/INFO]: [STDERR]: java.lang.NoSuchMethodError: getWindow
Exception in thread "Thread-117" [09:26:56] [Thread-117/INFO]: [STDERR]: java.lang.NoSuchMethodError: getWindow
Exception in thread "Thread-118" [09:26:56] [Thread-118/INFO]: [STDERR]: java.lang.NoSuchMethodError: getWindow
[1971|t+18851ms|ThreadId(2)] [RsiftPlatformBridge] apply error: ClassNotFoundException: net.minecraft.core.registries.BuiltInRegistries
[1972|t+18852ms|ThreadId(2)] [RsiftPlatformBridge] apply error: ClassNotFoundException: net.minecraft.core.registries.BuiltInRegistries
Exception in thread "Thread-119" [09:26:56] [Thread-119/INFO]: [STDERR]: java.lang.NoSuchMethodError: getWindow
Exception in thread "Thread-120" [09:26:56] [Thread-120/INFO]: [STDERR]: java.lang.NoSuchMethodError: getWindow
Exception in thread "Thread-121" [09:26:56] [Thread-121/INFO]: [STDERR]: java.lang.NoSuchMethodError: getWindow
Exception in thread "Thread-122" [09:26:56] [Thread-122/INFO]: [STDERR]: java.lang.NoSuchMethodError: getWindow
[1973|t+19157ms|ThreadId(2)] [RsiftPlatformBridge] apply error: ClassNotFoundException: net.minecraft.core.registries.BuiltInRegistries
[1974|t+19157ms|ThreadId(2)] [RsiftPlatformBridge] apply error: ClassNotFoundException: net.minecraft.core.registries.BuiltInRegistries
Exception in thread "Thread-123" [09:26:57] [Thread-123/INFO]: [STDERR]: java.lang.NoSuchMethodError: getWindow
Exception in thread "Thread-124" [09:26:57] [Thread-124/INFO]: [STDERR]: java.lang.NoSuchMethodError: getWindow
Exception in thread "Thread-125" [09:26:57] [Thread-125/INFO]: [STDERR]: java.lang.NoSuchMethodError: getWindow
Exception in thread "Thread-126" [09:26:57] [Thread-126/INFO]: [STDERR]: java.lang.NoSuchMethodError: getWindow
[1975|t+19462ms|ThreadId(2)] [RsiftPlatformBridge] apply error: ClassNotFoundException: net.minecraft.core.registries.BuiltInRegistries
[1976|t+19463ms|ThreadId(2)] [RsiftPlatformBridge] apply error: ClassNotFoundException: net.minecraft.core.registries.BuiltInRegistries
Exception in thread "Thread-127" [09:26:57] [Thread-127/INFO]: [STDERR]: java.lang.NoSuchMethodError: getWindow
Exception in thread "Thread-128" [09:26:57] [Thread-128/INFO]: [STDERR]: java.lang.NoSuchMethodError: getWindow
Exception in thread "Thread-129" [09:26:57] [Thread-129/INFO]: [STDERR]: java.lang.NoSuchMethodError: getWindow
Exception in thread "Thread-130" [09:26:57] [Thread-130/INFO]: [STDERR]: java.lang.NoSuchMethodError: getWindow
[1977|t+19767ms|ThreadId(2)] [RsiftPlatformBridge] apply error: ClassNotFoundException: net.minecraft.core.registries.BuiltInRegistries
[1978|t+19768ms|ThreadId(2)] [RsiftPlatformBridge] apply error: ClassNotFoundException: net.minecraft.core.registries.BuiltInRegistries
[1979|t+19768ms|ThreadId(2)] [step] tick_loop — alive tick=120
Exception in thread "Thread-131" [09:26:57] [Thread-131/INFO]: [STDERR]: java.lang.NoSuchMethodError: getWindow
Exception in thread "Thread-132" [09:26:57] [Thread-132/INFO]: [STDERR]: java.lang.NoSuchMethodError: getWindow
Exception in thread "Thread-133" [09:26:57] [Thread-133/INFO]: [STDERR]: java.lang.NoSuchMethodError: getWindow
Exception in thread "Thread-134" [09:26:57] [Thread-134/INFO]: [STDERR]: java.lang.NoSuchMethodError: getWindow
[1980|t+20073ms|ThreadId(2)] [RsiftPlatformBridge] apply error: ClassNotFoundException: net.minecraft.core.registries.BuiltInRegistries
[1981|t+20073ms|ThreadId(2)] [RsiftPlatformBridge] apply error: ClassNotFoundException: net.minecraft.core.registries.BuiltInRegistries
Exception in thread "Thread-135" [09:26:58] [Thread-135/INFO]: [STDERR]: java.lang.NoSuchMethodError: getWindow
Exception in thread "Thread-136" [09:26:58] [Thread-136/INFO]: [STDERR]: java.lang.NoSuchMethodError: getWindow
Exception in thread "Thread-137" [09:26:58] [Thread-137/INFO]: [STDERR]: java.lang.NoSuchMethodError: getWindow
Exception in thread "Thread-138" [09:26:58] [Thread-138/INFO]: [STDERR]: java.lang.NoSuchMethodError: getWindow
[1982|t+20378ms|ThreadId(2)] [RsiftPlatformBridge] apply error: ClassNotFoundException: net.minecraft.core.registries.BuiltInRegistries
[1983|t+20378ms|ThreadId(2)] [RsiftPlatformBridge] apply error: ClassNotFoundException: net.minecraft.core.registries.BuiltInRegistries
Exception in thread "Thread-139" [09:26:58] [Thread-139/INFO]: [STDERR]: java.lang.NoSuchMethodError: getWindow
Exception in thread "Thread-140" [09:26:58] [Thread-140/INFO]: [STDERR]: java.lang.NoSuchMethodError: getWindow
Exception in thread "Thread-141" [09:26:58] [Thread-141/INFO]: [STDERR]: java.lang.NoSuchMethodError: getWindow
Exception in thread "Thread-142" [09:26:58] [Thread-142/INFO]: [STDERR]: java.lang.NoSuchMethodError: getWindow
[1984|t+20685ms|ThreadId(2)] [RsiftPlatformBridge] apply error: ClassNotFoundException: net.minecraft.core.registries.BuiltInRegistries
[1985|t+20686ms|ThreadId(2)] [RsiftPlatformBridge] apply error: ClassNotFoundException: net.minecraft.core.registries.BuiltInRegistries
Exception in thread "Thread-143" [09:26:58] [Thread-143/INFO]: [STDERR]: java.lang.NoSuchMethodError: getWindow
Exception in thread "Thread-144" [09:26:58] [Thread-144/INFO]: [STDERR]: java.lang.NoSuchMethodError: getWindow
Exception in thread "Thread-145" [09:26:58] [Thread-145/INFO]: [STDERR]: java.lang.NoSuchMethodError: getWindow
Exception in thread "Thread-146" [09:26:58] [Thread-146/INFO]: [STDERR]: java.lang.NoSuchMethodError: getWindow
[1986|t+20991ms|ThreadId(2)] [RsiftPlatformBridge] apply error: ClassNotFoundException: net.minecraft.core.registries.BuiltInRegistries
[1987|t+20991ms|ThreadId(2)] [RsiftPlatformBridge] apply error: ClassNotFoundException: net.minecraft.core.registries.BuiltInRegistries
Exception in thread "Thread-147" [09:26:59] [Thread-147/INFO]: [STDERR]: java.lang.NoSuchMethodError: getWindow
Exception in thread "Thread-148" [09:26:59] [Thread-148/INFO]: [STDERR]: java.lang.NoSuchMethodError: getWindow
Exception in thread "Thread-149" [09:26:59] [Thread-149/INFO]: [STDERR]: java.lang.NoSuchMethodError: getWindow
Exception in thread "Thread-150" [09:26:59] [Thread-150/INFO]: [STDERR]: java.lang.NoSuchMethodError: getWindow
[1988|t+21297ms|ThreadId(2)] [RsiftPlatformBridge] apply error: ClassNotFoundException: net.minecraft.core.registries.BuiltInRegistries
[1989|t+21297ms|ThreadId(2)] [RsiftPlatformBridge] apply error: ClassNotFoundException: net.minecraft.core.registries.BuiltInRegistries
Exception in thread "Thread-151" [09:26:59] [Thread-151/INFO]: [STDERR]: java.lang.NoSuchMethodError: getWindow
Exception in thread "Thread-152" [09:26:59] [Thread-152/INFO]: [STDERR]: java.lang.NoSuchMethodError: getWindow
Exception in thread "Thread-153" [09:26:59] [Thread-153/INFO]: [STDERR]: java.lang.NoSuchMethodError: getWindow
Exception in thread "Thread-154" [09:26:59] [Thread-154/INFO]: [STDERR]: java.lang.NoSuchMethodError: getWindow
[1990|t+21603ms|ThreadId(2)] [RsiftPlatformBridge] apply error: ClassNotFoundException: net.minecraft.core.registries.BuiltInRegistries
[1991|t+21604ms|ThreadId(2)] [RsiftPlatformBridge] apply error: ClassNotFoundException: net.minecraft.core.registries.BuiltInRegistries
Exception in thread "Thread-155" [09:26:59] [Thread-155/INFO]: [STDERR]: java.lang.NoSuchMethodError: getWindow
Exception in thread "Thread-156" [09:26:59] [Thread-156/INFO]: [STDERR]: java.lang.NoSuchMethodError: getWindow
Exception in thread "Thread-157" [09:26:59] [Thread-157/INFO]: [STDERR]: java.lang.NoSuchMethodError: getWindow
Exception in thread "Thread-158" [09:26:59] [Thread-158/INFO]: [STDERR]: java.lang.NoSuchMethodError: getWindow
[1992|t+21908ms|ThreadId(2)] [RsiftPlatformBridge] apply error: ClassNotFoundException: net.minecraft.core.registries.BuiltInRegistries
[1993|t+21909ms|ThreadId(2)] [RsiftPlatformBridge] apply error: ClassNotFoundException: net.minecraft.core.registries.BuiltInRegistries
Exception in thread "Thread-159" [09:26:59] [Thread-159/INFO]: [STDERR]: java.lang.NoSuchMethodError: getWindow
Exception in thread "Thread-160" [09:26:59] [Thread-160/INFO]: [STDERR]: java.lang.NoSuchMethodError: getWindow
Exception in thread "Thread-161" [09:26:59] [Thread-161/INFO]: [STDERR]: java.lang.NoSuchMethodError: getWindow
Exception in thread "Thread-162" [09:26:59] [Thread-162/INFO]: [STDERR]: java.lang.NoSuchMethodError: getWindow
[1994|t+22214ms|ThreadId(2)] [RsiftPlatformBridge] apply error: ClassNotFoundException: net.minecraft.core.registries.BuiltInRegistries
[1995|t+22214ms|ThreadId(2)] [RsiftPlatformBridge] apply error: ClassNotFoundException: net.minecraft.core.registries.BuiltInRegistries
Exception in thread "Thread-163" [09:27:00] [Thread-163/INFO]: [STDERR]: java.lang.NoSuchMethodError: getWindow
Exception in thread "Thread-164" [09:27:00] [Thread-164/INFO]: [STDERR]: java.lang.NoSuchMethodError: getWindow
Exception in thread "Thread-165" [09:27:00] [Thread-165/INFO]: [STDERR]: java.lang.NoSuchMethodError: getWindow
Exception in thread "Thread-166" [09:27:00] [Thread-166/INFO]: [STDERR]: java.lang.NoSuchMethodError: getWindow
[1996|t+22520ms|ThreadId(2)] [RsiftPlatformBridge] apply error: ClassNotFoundException: net.minecraft.core.registries.BuiltInRegistries
[1997|t+22521ms|ThreadId(2)] [RsiftPlatformBridge] apply error: ClassNotFoundException: net.minecraft.core.registries.BuiltInRegistries
Exception in thread "Thread-167" [09:27:00] [Thread-167/INFO]: [STDERR]: java.lang.NoSuchMethodError: getWindow
Exception in thread "Thread-168" [09:27:00] [Thread-168/INFO]: [STDERR]: java.lang.NoSuchMethodError: getWindow
Exception in thread "Thread-169" [09:27:00] [Thread-169/INFO]: [STDERR]: java.lang.NoSuchMethodError: getWindow
Exception in thread "Thread-170" [09:27:00] [Thread-170/INFO]: [STDERR]: java.lang.NoSuchMethodError: getWindow
[1998|t+22826ms|ThreadId(2)] [RsiftPlatformBridge] apply error: ClassNotFoundException: net.minecraft.core.registries.BuiltInRegistries
[1999|t+22826ms|ThreadId(2)] [RsiftPlatformBridge] apply error: ClassNotFoundException: net.minecraft.core.registries.BuiltInRegistries
Exception in thread "Thread-171" [09:27:00] [Thread-171/INFO]: [STDERR]: java.lang.NoSuchMethodError: getWindow
Exception in thread "Thread-172" [09:27:00] [Thread-172/INFO]: [STDERR]: java.lang.NoSuchMethodError: getWindow
Exception in thread "Thread-173" [09:27:00] [Thread-173/INFO]: [STDERR]: java.lang.NoSuchMethodError: getWindow
Exception in thread "Thread-174" [09:27:00] [Thread-174/INFO]: [STDERR]: java.lang.NoSuchMethodError: getWindow
[2000|t+23131ms|ThreadId(2)] [RsiftPlatformBridge] apply error: ClassNotFoundException: net.minecraft.core.registries.BuiltInRegistries
[2001|t+23132ms|ThreadId(2)] [RsiftPlatformBridge] apply error: ClassNotFoundException: net.minecraft.core.registries.BuiltInRegistries
Exception in thread "Thread-175" [09:27:01] [Thread-175/INFO]: [STDERR]: java.lang.NoSuchMethodError: getWindow
Exception in thread "Thread-176" [09:27:01] [Thread-176/INFO]: [STDERR]: java.lang.NoSuchMethodError: getWindow
Exception in thread "Thread-177" [09:27:01] [Thread-177/INFO]: [STDERR]: java.lang.NoSuchMethodError: getWindow
Exception in thread "Thread-178" [09:27:01] [Thread-178/INFO]: [STDERR]: java.lang.NoSuchMethodError: getWindow
[2002|t+23436ms|ThreadId(2)] [RsiftPlatformBridge] apply error: ClassNotFoundException: net.minecraft.core.registries.BuiltInRegistries
[2003|t+23437ms|ThreadId(2)] [RsiftPlatformBridge] apply error: ClassNotFoundException: net.minecraft.core.registries.BuiltInRegistries
Exception in thread "Thread-179" [09:27:01] [Thread-179/INFO]: [STDERR]: java.lang.NoSuchMethodError: getWindow
Exception in thread "Thread-180" [09:27:01] [Thread-180/INFO]: [STDERR]: java.lang.NoSuchMethodError: getWindow
Exception in thread "Thread-181" [09:27:01] [Thread-181/INFO]: [STDERR]: java.lang.NoSuchMethodError: getWindow
Exception in thread "Thread-182" [09:27:01] [Thread-182/INFO]: [STDERR]: java.lang.NoSuchMethodError: getWindow
[2004|t+23741ms|ThreadId(2)] [RsiftPlatformBridge] apply error: ClassNotFoundException: net.minecraft.core.registries.BuiltInRegistries
[2005|t+23742ms|ThreadId(2)] [RsiftPlatformBridge] apply error: ClassNotFoundException: net.minecraft.core.registries.BuiltInRegistries
Exception in thread "Thread-183" [09:27:01] [Thread-183/INFO]: [STDERR]: java.lang.NoSuchMethodError: getWindow
Exception in thread "Thread-184" [09:27:01] [Thread-184/INFO]: [STDERR]: java.lang.NoSuchMethodError: getWindow
Exception in thread "Thread-185" [09:27:01] [Thread-185/INFO]: [STDERR]: java.lang.NoSuchMethodError: getWindow
Exception in thread "Thread-186" [09:27:01] [Thread-186/INFO]: [STDERR]: java.lang.NoSuchMethodError: getWindow
[2006|t+24048ms|ThreadId(2)] [RsiftPlatformBridge] apply error: ClassNotFoundException: net.minecraft.core.registries.BuiltInRegistries
[2007|t+24049ms|ThreadId(2)] [RsiftPlatformBridge] apply error: ClassNotFoundException: net.minecraft.core.registries.BuiltInRegistries
Exception in thread "Thread-187" [09:27:02] [Thread-187/INFO]: [STDERR]: java.lang.NoSuchMethodError: getWindow
Exception in thread "Thread-188" [09:27:02] [Thread-188/INFO]: [STDERR]: java.lang.NoSuchMethodError: getWindow
Exception in thread "Thread-189" [09:27:02] [Thread-189/INFO]: [STDERR]: java.lang.NoSuchMethodError: getWindow
Exception in thread "Thread-190" [09:27:02] [Thread-190/INFO]: [STDERR]: java.lang.NoSuchMethodError: getWindow
[09:27:02] [Render thread/INFO]: Loaded 1470 recipes
[09:27:02] [Render thread/INFO]: Loaded 1584 advancements
[2008|t+24355ms|ThreadId(2)] [RsiftPlatformBridge] apply error: ClassNotFoundException: net.minecraft.core.registries.BuiltInRegistries
[2009|t+24356ms|ThreadId(2)] [RsiftPlatformBridge] apply error: ClassNotFoundException: net.minecraft.core.registries.BuiltInRegistries
Exception in thread "Thread-191" [09:27:02] [Thread-191/INFO]: [STDERR]: java.lang.NoSuchMethodError: getWindow
Exception in thread "Thread-192" [09:27:02] [Thread-192/INFO]: [STDERR]: java.lang.NoSuchMethodError: getWindow
Exception in thread "Thread-193" [09:27:02] [Thread-193/INFO]: [STDERR]: java.lang.NoSuchMethodError: getWindow
Exception in thread "Thread-194" [09:27:02] [Thread-194/INFO]: [STDERR]: java.lang.NoSuchMethodError: getWindow
[2010|t+24661ms|ThreadId(2)] [RsiftPlatformBridge] apply error: ClassNotFoundException: net.minecraft.core.registries.BuiltInRegistries
[2011|t+24662ms|ThreadId(2)] [RsiftPlatformBridge] apply error: ClassNotFoundException: net.minecraft.core.registries.BuiltInRegistries
Exception in thread "Thread-195" [09:27:02] [Thread-195/INFO]: [STDERR]: java.lang.NoSuchMethodError: getWindow
Exception in thread "Thread-196" [09:27:02] [Thread-196/INFO]: [STDERR]: java.lang.NoSuchMethodError: getWindow
Exception in thread "Thread-197" [09:27:02] [Thread-197/INFO]: [STDERR]: java.lang.NoSuchMethodError: getWindow
Exception in thread "Thread-198" [09:27:02] [Thread-198/INFO]: [STDERR]: java.lang.NoSuchMethodError: getWindow
[2012|t+24967ms|ThreadId(2)] [RsiftPlatformBridge] apply error: ClassNotFoundException: net.minecraft.core.registries.BuiltInRegistries
[2013|t+24968ms|ThreadId(2)] [RsiftPlatformBridge] apply error: ClassNotFoundException: net.minecraft.core.registries.BuiltInRegistries
Exception in thread "Thread-199" [09:27:02] [Thread-199/INFO]: [STDERR]: java.lang.NoSuchMethodError: getWindow
Exception in thread "Thread-200" [09:27:02] [Thread-200/INFO]: [STDERR]: java.lang.NoSuchMethodError: getWindow
Exception in thread "Thread-201" [09:27:03] [Thread-201/INFO]: [STDERR]: java.lang.NoSuchMethodError: getWindow
Exception in thread "Thread-202" [09:27:03] [Thread-202/INFO]: [STDERR]: java.lang.NoSuchMethodError: getWindow
[2014|t+25272ms|ThreadId(2)] [RsiftPlatformBridge] apply error: ClassNotFoundException: net.minecraft.core.registries.BuiltInRegistries
[2015|t+25273ms|ThreadId(2)] [RsiftPlatformBridge] apply error: ClassNotFoundException: net.minecraft.core.registries.BuiltInRegistries
Exception in thread "Thread-203" [09:27:03] [Thread-203/INFO]: [STDERR]: java.lang.NoSuchMethodError: getWindow
Exception in thread "Thread-204" [09:27:03] [Thread-204/INFO]: [STDERR]: java.lang.NoSuchMethodError: getWindow
Exception in thread "Thread-205" [09:27:03] [Thread-205/INFO]: [STDERR]: java.lang.NoSuchMethodError: getWindow
Exception in thread "Thread-206" [09:27:03] [Thread-206/INFO]: [STDERR]: java.lang.NoSuchMethodError: getWindow
[2016|t+25578ms|ThreadId(2)] [RsiftPlatformBridge] apply error: ClassNotFoundException: net.minecraft.core.registries.BuiltInRegistries
[2017|t+25579ms|ThreadId(2)] [RsiftPlatformBridge] apply error: ClassNotFoundException: net.minecraft.core.registries.BuiltInRegistries
Exception in thread "Thread-207" [09:27:03] [Thread-207/INFO]: [STDERR]: java.lang.NoSuchMethodError: getWindow
Exception in thread "Thread-208" [09:27:03] [Thread-208/INFO]: [STDERR]: java.lang.NoSuchMethodError: getWindow
Exception in thread "Thread-209" [09:27:03] [Thread-209/INFO]: [STDERR]: java.lang.NoSuchMethodError: getWindow
[2018|t+25636ms|ThreadId(2)] [step] title_marker — window title set: Minecraft* 1.21.11 - Rsift (RsGraphics Render)
Exception in thread "Thread-210" [09:27:03] [Thread-210/INFO]: [STDERR]: java.lang.NoSuchMethodError: getWindow
[2019|t+25888ms|ThreadId(2)] [RsiftPlatformBridge] apply error: ClassNotFoundException: net.minecraft.core.registries.BuiltInRegistries
[2020|t+25889ms|ThreadId(2)] [RsiftPlatformBridge] apply error: ClassNotFoundException: net.minecraft.core.registries.BuiltInRegistries
Exception in thread "Thread-211" [09:27:03] [Thread-211/INFO]: [STDERR]: java.lang.NoSuchMethodError: getWindow
Exception in thread "Thread-212" [09:27:03] [Thread-212/INFO]: [STDERR]: java.lang.NoSuchMethodError: getWindow
Exception in thread "Thread-213" [09:27:03] [Thread-213/INFO]: [STDERR]: java.lang.NoSuchMethodError: getWindow
Exception in thread "Thread-214" [09:27:03] [Thread-214/INFO]: [STDERR]: java.lang.NoSuchMethodError: getWindow
[2021|t+26193ms|ThreadId(2)] [RsiftPlatformBridge] apply error: ClassNotFoundException: net.minecraft.core.registries.BuiltInRegistries
[2022|t+26194ms|ThreadId(2)] [RsiftPlatformBridge] apply error: ClassNotFoundException: net.minecraft.core.registries.BuiltInRegistries
Exception in thread "Thread-215" [09:27:04] [Thread-215/INFO]: [STDERR]: java.lang.NoSuchMethodError: getWindow
Exception in thread "Thread-216" [09:27:04] [Thread-216/INFO]: [STDERR]: java.lang.NoSuchMethodError: getWindow
Exception in thread "Thread-217" [09:27:04] [Thread-217/INFO]: [STDERR]: java.lang.NoSuchMethodError: getWindow
Exception in thread "Thread-218" [09:27:04] [Thread-218/INFO]: [STDERR]: java.lang.NoSuchMethodError: getWindow
[2023|t+26496ms|ThreadId(2)] [RsiftPlatformBridge] apply error: ClassNotFoundException: net.minecraft.core.registries.BuiltInRegistries
[2024|t+26497ms|ThreadId(2)] [RsiftPlatformBridge] apply error: ClassNotFoundException: net.minecraft.core.registries.BuiltInRegistries
Exception in thread "Thread-219" [09:27:04] [Thread-219/INFO]: [STDERR]: java.lang.NoSuchMethodError: getWindow
Exception in thread "Thread-220" [09:27:04] [Thread-220/INFO]: [STDERR]: java.lang.NoSuchMethodError: getWindow
Exception in thread "Thread-221" [09:27:04] [Thread-221/INFO]: [STDERR]: java.lang.NoSuchMethodError: getWindow
Exception in thread "Thread-222" [09:27:04] [Thread-222/INFO]: [STDERR]: java.lang.NoSuchMethodError: getWindow
[2025|t+26801ms|ThreadId(2)] [RsiftPlatformBridge] apply error: ClassNotFoundException: net.minecraft.core.registries.BuiltInRegistries
[2026|t+26802ms|ThreadId(2)] [RsiftPlatformBridge] apply error: ClassNotFoundException: net.minecraft.core.registries.BuiltInRegistries
Exception in thread "Thread-223" [09:27:04] [Thread-223/INFO]: [STDERR]: java.lang.NoSuchMethodError: getWindow
Exception in thread "Thread-224" [09:27:04] [Thread-224/INFO]: [STDERR]: java.lang.NoSuchMethodError: getWindow
Exception in thread "Thread-225" [09:27:04] [Thread-225/INFO]: [STDERR]: java.lang.NoSuchMethodError: getWindow
Exception in thread "Thread-226" [09:27:04] [Thread-226/INFO]: [STDERR]: java.lang.NoSuchMethodError: getWindow
[2027|t+27106ms|ThreadId(2)] [RsiftPlatformBridge] apply error: ClassNotFoundException: net.minecraft.core.registries.BuiltInRegistries
[2028|t+27107ms|ThreadId(2)] [RsiftPlatformBridge] apply error: ClassNotFoundException: net.minecraft.core.registries.BuiltInRegistries
Exception in thread "Thread-227" [09:27:05] [Thread-227/INFO]: [STDERR]: java.lang.NoSuchMethodError: getWindow
Exception in thread "Thread-228" [09:27:05] [Thread-228/INFO]: [STDERR]: java.lang.NoSuchMethodError: getWindow
Exception in thread "Thread-229" [09:27:05] [Thread-229/INFO]: [STDERR]: java.lang.NoSuchMethodError: getWindow
Exception in thread "Thread-230" [09:27:05] [Thread-230/INFO]: [STDERR]: java.lang.NoSuchMethodError: getWindow
[2029|t+27411ms|ThreadId(2)] [RsiftPlatformBridge] apply error: ClassNotFoundException: net.minecraft.core.registries.BuiltInRegistries
[2030|t+27412ms|ThreadId(2)] [RsiftPlatformBridge] apply error: ClassNotFoundException: net.minecraft.core.registries.BuiltInRegistries
Exception in thread "Thread-231" [09:27:05] [Thread-231/INFO]: [STDERR]: java.lang.NoSuchMethodError: getWindow
Exception in thread "Thread-232" [09:27:05] [Thread-232/INFO]: [STDERR]: java.lang.NoSuchMethodError: getWindow
Exception in thread "Thread-233" [09:27:05] [Thread-233/INFO]: [STDERR]: java.lang.NoSuchMethodError: getWindow
Exception in thread "Thread-234" [09:27:05] [Thread-234/INFO]: [STDERR]: java.lang.NoSuchMethodError: getWindow
[2031|t+27716ms|ThreadId(2)] [RsiftPlatformBridge] apply error: ClassNotFoundException: net.minecraft.core.registries.BuiltInRegistries
[2032|t+27717ms|ThreadId(2)] [RsiftPlatformBridge] apply error: ClassNotFoundException: net.minecraft.core.registries.BuiltInRegistries
Exception in thread "Thread-235" [09:27:05] [Thread-235/INFO]: [STDERR]: java.lang.NoSuchMethodError: getWindow
Exception in thread "Thread-236" [09:27:05] [Thread-236/INFO]: [STDERR]: java.lang.NoSuchMethodError: getWindow
Exception in thread "Thread-237" [09:27:05] [Thread-237/INFO]: [STDERR]: java.lang.NoSuchMethodError: getWindow
Exception in thread "Thread-238" [09:27:05] [Thread-238/INFO]: [STDERR]: java.lang.NoSuchMethodError: getWindow
[2033|t+28023ms|ThreadId(2)] [RsiftPlatformBridge] apply error: ClassNotFoundException: net.minecraft.core.registries.BuiltInRegistries
[2034|t+28024ms|ThreadId(2)] [RsiftPlatformBridge] apply error: ClassNotFoundException: net.minecraft.core.registries.BuiltInRegistries
Exception in thread "Thread-239" [09:27:06] [Thread-239/INFO]: [STDERR]: java.lang.NoSuchMethodError: getWindow
Exception in thread "Thread-240" [09:27:06] [Thread-240/INFO]: [STDERR]: java.lang.NoSuchMethodError: getWindow
Exception in thread "Thread-241" [09:27:06] [Thread-241/INFO]: [STDERR]: java.lang.NoSuchMethodError: getWindow
Exception in thread "Thread-242" [09:27:06] [Thread-242/INFO]: [STDERR]: java.lang.NoSuchMethodError: getWindow
[2035|t+28329ms|ThreadId(2)] [RsiftPlatformBridge] apply error: ClassNotFoundException: net.minecraft.core.registries.BuiltInRegistries
[2036|t+28329ms|ThreadId(2)] [RsiftPlatformBridge] apply error: ClassNotFoundException: net.minecraft.core.registries.BuiltInRegistries
Exception in thread "Thread-243" [09:27:06] [Thread-243/INFO]: [STDERR]: java.lang.NoSuchMethodError: getWindow
Exception in thread "Thread-244" [09:27:06] [Thread-244/INFO]: [STDERR]: java.lang.NoSuchMethodError: getWindow
Exception in thread "Thread-245" [09:27:06] [Thread-245/INFO]: [STDERR]: java.lang.NoSuchMethodError: getWindow
Exception in thread "Thread-246" [09:27:06] [Thread-246/INFO]: [STDERR]: java.lang.NoSuchMethodError: getWindow
[2037|t+28633ms|ThreadId(2)] [RsiftPlatformBridge] apply error: ClassNotFoundException: net.minecraft.core.registries.BuiltInRegistries
[2038|t+28634ms|ThreadId(2)] [RsiftPlatformBridge] apply error: ClassNotFoundException: net.minecraft.core.registries.BuiltInRegistries
Exception in thread "Thread-247" [09:27:06] [Thread-247/INFO]: [STDERR]: java.lang.NoSuchMethodError: getWindow
Exception in thread "Thread-248" [09:27:06] [Thread-248/INFO]: [STDERR]: java.lang.NoSuchMethodError: getWindow
Exception in thread "Thread-249" [09:27:06] [Thread-249/INFO]: [STDERR]: java.lang.NoSuchMethodError: getWindow
Exception in thread "Thread-250" [09:27:06] [Thread-250/INFO]: [STDERR]: java.lang.NoSuchMethodError: getWindow
[2039|t+28938ms|ThreadId(2)] [RsiftPlatformBridge] apply error: ClassNotFoundException: net.minecraft.core.registries.BuiltInRegistries
[2040|t+28939ms|ThreadId(2)] [RsiftPlatformBridge] apply error: ClassNotFoundException: net.minecraft.core.registries.BuiltInRegistries
[2041|t+28939ms|ThreadId(2)] [step] tick_loop — alive tick=240
Exception in thread "Thread-251" [09:27:06] [Thread-251/INFO]: [STDERR]: java.lang.NoSuchMethodError: getWindow
Exception in thread "Thread-252" [09:27:06] [Thread-252/INFO]: [STDERR]: java.lang.NoSuchMethodError: getWindow
Exception in thread "Thread-253" [09:27:06] [Thread-253/INFO]: [STDERR]: java.lang.NoSuchMethodError: getWindow
Exception in thread "Thread-254" [09:27:07] [Thread-254/INFO]: [STDERR]: java.lang.NoSuchMethodError: getWindow
[2042|t+29243ms|ThreadId(2)] [RsiftPlatformBridge] apply error: ClassNotFoundException: net.minecraft.core.registries.BuiltInRegistries
[2043|t+29244ms|ThreadId(2)] [RsiftPlatformBridge] apply error: ClassNotFoundException: net.minecraft.core.registries.BuiltInRegistries
Exception in thread "Thread-255" Exception in thread "Thread-256" Exception in thread "Thread-257" [09:27:07] [Thread-255/INFO]: [STDERR]: java.lang.NoSuchMethodError: getWindow
[09:27:07] [Thread-256/INFO]: [STDERR]: java.lang.NoSuchMethodError: getWindow
[09:27:07] [Thread-257/INFO]: [STDERR]: java.lang.NoSuchMethodError: getWindow
Exception in thread "Thread-258" [09:27:07] [Thread-258/INFO]: [STDERR]: java.lang.NoSuchMethodError: getWindow
[2044|t+29549ms|ThreadId(2)] [RsiftPlatformBridge] apply error: ClassNotFoundException: net.minecraft.core.registries.BuiltInRegistries
[2045|t+29550ms|ThreadId(2)] [RsiftPlatformBridge] apply error: ClassNotFoundException: net.minecraft.core.registries.BuiltInRegistries
Exception in thread "Thread-259" [09:27:07] [Thread-259/INFO]: [STDERR]: java.lang.NoSuchMethodError: getWindow
Exception in thread "Thread-260" [09:27:07] [Thread-260/INFO]: [STDERR]: java.lang.NoSuchMethodError: getWindow
Exception in thread "Thread-261" [09:27:07] [Thread-261/INFO]: [STDERR]: java.lang.NoSuchMethodError: getWindow
Exception in thread "Thread-262" [09:27:07] [Thread-262/INFO]: [STDERR]: java.lang.NoSuchMethodError: getWindow
[2046|t+29854ms|ThreadId(2)] [RsiftPlatformBridge] apply error: ClassNotFoundException: net.minecraft.core.registries.BuiltInRegistries
[2047|t+29855ms|ThreadId(2)] [RsiftPlatformBridge] apply error: ClassNotFoundException: net.minecraft.core.registries.BuiltInRegistries
Exception in thread "Thread-263" [09:27:07] [Thread-263/INFO]: [STDERR]: java.lang.NoSuchMethodError: getWindow
Exception in thread "Thread-264" [09:27:07] [Thread-264/INFO]: [STDERR]: java.lang.NoSuchMethodError: getWindow
Exception in thread "Thread-265" [09:27:07] [Thread-265/INFO]: [STDERR]: java.lang.NoSuchMethodError: getWindow
Exception in thread "Thread-266" [09:27:07] [Thread-266/INFO]: [STDERR]: java.lang.NoSuchMethodError: getWindow
[2048|t+30159ms|ThreadId(2)] [RsiftPlatformBridge] apply error: ClassNotFoundException: net.minecraft.core.registries.BuiltInRegistries
[2049|t+30160ms|ThreadId(2)] [RsiftPlatformBridge] apply error: ClassNotFoundException: net.minecraft.core.registries.BuiltInRegistries
Exception in thread "Thread-267" [09:27:08] [Thread-267/INFO]: [STDERR]: java.lang.NoSuchMethodError: getWindow
Exception in thread "Thread-268" [09:27:08] [Thread-268/INFO]: [STDERR]: java.lang.NoSuchMethodError: getWindow
Exception in thread "Thread-269" [09:27:08] [Thread-269/INFO]: [STDERR]: java.lang.NoSuchMethodError: getWindow
Exception in thread "Thread-270" [09:27:08] [Thread-270/INFO]: [STDERR]: java.lang.NoSuchMethodError: getWindow
[2050|t+30464ms|ThreadId(2)] [RsiftPlatformBridge] apply error: ClassNotFoundException: net.minecraft.core.registries.BuiltInRegistries
[2051|t+30465ms|ThreadId(2)] [RsiftPlatformBridge] apply error: ClassNotFoundException: net.minecraft.core.registries.BuiltInRegistries
Exception in thread "Thread-271" [09:27:08] [Thread-271/INFO]: [STDERR]: java.lang.NoSuchMethodError: getWindow
Exception in thread "Thread-272" [09:27:08] [Thread-272/INFO]: [STDERR]: java.lang.NoSuchMethodError: getWindow
Exception in thread "Thread-273" [09:27:08] [Thread-273/INFO]: [STDERR]: java.lang.NoSuchMethodError: getWindow
Exception in thread "Thread-274" [09:27:08] [Thread-274/INFO]: [STDERR]: java.lang.NoSuchMethodError: getWindow
[2052|t+30769ms|ThreadId(2)] [RsiftPlatformBridge] apply error: ClassNotFoundException: net.minecraft.core.registries.BuiltInRegistries
[2053|t+30770ms|ThreadId(2)] [RsiftPlatformBridge] apply error: ClassNotFoundException: net.minecraft.core.registries.BuiltInRegistries
Exception in thread "Thread-275" [09:27:08] [Thread-275/INFO]: [STDERR]: java.lang.NoSuchMethodError: getWindow
Exception in thread "Thread-276" [09:27:08] [Thread-276/INFO]: [STDERR]: java.lang.NoSuchMethodError: getWindow
Exception in thread "Thread-277" [09:27:08] [Thread-277/INFO]: [STDERR]: java.lang.NoSuchMethodError: getWindow
Exception in thread "Thread-278" [09:27:08] [Thread-278/INFO]: [STDERR]: java.lang.NoSuchMethodError: getWindow
[2054|t+31075ms|ThreadId(2)] [RsiftPlatformBridge] apply error: ClassNotFoundException: net.minecraft.core.registries.BuiltInRegistries
[2055|t+31076ms|ThreadId(2)] [RsiftPlatformBridge] apply error: ClassNotFoundException: net.minecraft.core.registries.BuiltInRegistries
Exception in thread "Thread-279" [09:27:09] [Thread-279/INFO]: [STDERR]: java.lang.NoSuchMethodError: getWindow
Exception in thread "Thread-280" [09:27:09] [Thread-280/INFO]: [STDERR]: java.lang.NoSuchMethodError: getWindow
Exception in thread "Thread-281" [09:27:09] [Thread-281/INFO]: [STDERR]: java.lang.NoSuchMethodError: getWindow
Exception in thread "Thread-282" [09:27:09] [Thread-282/INFO]: [STDERR]: java.lang.NoSuchMethodError: getWindow
[2056|t+31383ms|ThreadId(2)] [RsiftPlatformBridge] apply error: ClassNotFoundException: net.minecraft.core.registries.BuiltInRegistries
[2057|t+31383ms|ThreadId(2)] [RsiftPlatformBridge] apply error: ClassNotFoundException: net.minecraft.core.registries.BuiltInRegistries
Exception in thread "Thread-283" [09:27:09] [Thread-283/INFO]: [STDERR]: java.lang.NoSuchMethodError: getWindow
Exception in thread "Thread-284" [09:27:09] [Thread-284/INFO]: [STDERR]: java.lang.NoSuchMethodError: getWindow
Exception in thread "Thread-285" [09:27:09] [Thread-285/INFO]: [STDERR]: java.lang.NoSuchMethodError: getWindow
Exception in thread "Thread-286" [09:27:09] [Thread-286/INFO]: [STDERR]: java.lang.NoSuchMethodError: getWindow
[2058|t+31689ms|ThreadId(2)] [RsiftPlatformBridge] apply error: ClassNotFoundException: net.minecraft.core.registries.BuiltInRegistries
[2059|t+31690ms|ThreadId(2)] [RsiftPlatformBridge] apply error: ClassNotFoundException: net.minecraft.core.registries.BuiltInRegistries
Exception in thread "Thread-287" [09:27:09] [Thread-287/INFO]: [STDERR]: java.lang.NoSuchMethodError: getWindow
Exception in thread "Thread-288" [09:27:09] [Thread-288/INFO]: [STDERR]: java.lang.NoSuchMethodError: getWindow
Exception in thread "Thread-289" [09:27:09] [Thread-289/INFO]: [STDERR]: java.lang.NoSuchMethodError: getWindow
Exception in thread "Thread-290" [09:27:09] [Thread-290/INFO]: [STDERR]: java.lang.NoSuchMethodError: getWindow
[2060|t+31995ms|ThreadId(2)] [RsiftPlatformBridge] apply error: ClassNotFoundException: net.minecraft.core.registries.BuiltInRegistries
[2061|t+31995ms|ThreadId(2)] [RsiftPlatformBridge] apply error: ClassNotFoundException: net.minecraft.core.registries.BuiltInRegistries
Exception in thread "Thread-291" [09:27:10] [Thread-291/INFO]: [STDERR]: java.lang.NoSuchMethodError: getWindow
Exception in thread "Thread-292" [09:27:10] [Thread-292/INFO]: [STDERR]: java.lang.NoSuchMethodError: getWindow
Exception in thread "Thread-293" [09:27:10] [Thread-293/INFO]: [STDERR]: java.lang.NoSuchMethodError: getWindow
Exception in thread "Thread-294" [09:27:10] [Thread-294/INFO]: [STDERR]: java.lang.NoSuchMethodError: getWindow
[2062|t+32300ms|ThreadId(2)] [RsiftPlatformBridge] apply error: ClassNotFoundException: net.minecraft.core.registries.BuiltInRegistries
[2063|t+32300ms|ThreadId(2)] [RsiftPlatformBridge] apply error: ClassNotFoundException: net.minecraft.core.registries.BuiltInRegistries
[09:27:10] [Server thread/INFO]: Starting integrated minecraft server version 1.21.11
[09:27:10] [Server thread/INFO]: Generating keypair
Exception in thread "Thread-296" [09:27:10] [Thread-296/INFO]: [STDERR]: java.lang.NoSuchMethodError: getWindow
Exception in thread "Thread-297" [09:27:10] [Thread-297/INFO]: [STDERR]: java.lang.NoSuchMethodError: getWindow
Exception in thread "Thread-298" [09:27:10] [Thread-298/INFO]: [STDERR]: java.lang.NoSuchMethodError: getWindow
Exception in thread "Thread-299" [09:27:10] [Thread-299/INFO]: [STDERR]: java.lang.NoSuchMethodError: getWindow
[2064|t+32454ms|ThreadId(1)] [hook] render_flip fired (count=600)
[2065|t+32605ms|ThreadId(2)] [RsiftPlatformBridge] apply error: ClassNotFoundException: net.minecraft.core.registries.BuiltInRegistries
[2066|t+32606ms|ThreadId(2)] [RsiftPlatformBridge] apply error: ClassNotFoundException: net.minecraft.core.registries.BuiltInRegistries
Exception in thread "Thread-300" [09:27:10] [Thread-300/INFO]: [STDERR]: java.lang.NoSuchMethodError: getWindow
Exception in thread "Thread-301" [09:27:10] [Thread-301/INFO]: [STDERR]: java.lang.NoSuchMethodError: getWindow
Exception in thread "Thread-302" [09:27:10] [Thread-302/INFO]: [STDERR]: java.lang.NoSuchMethodError: getWindow
Exception in thread "Thread-303" [09:27:10] [Thread-303/INFO]: [STDERR]: java.lang.NoSuchMethodError: getWindow
[09:27:10] [Server thread/INFO]: Selecting global world spawn...
[2067|t+32919ms|ThreadId(2)] [RsiftPlatformBridge] apply error: ClassNotFoundException: net.minecraft.core.registries.BuiltInRegistries[09:27:10] [Thread-304/INFO]: [STDERR]: java.lang.NoSuchMethodError: getWindow
[2068|t+32920ms|ThreadId(2)] [RsiftPlatformBridge] apply error: ClassNotFoundException: net.minecraft.core.registries.BuiltInRegistries
Exception in thread "Thread-304" Exception in thread "Thread-305" [09:27:10] [Thread-305/INFO]: [STDERR]: java.lang.NoSuchMethodError: getWindow
[09:27:10] [Thread-306/INFO]: [STDERR]: java.lang.NoSuchMethodError: getWindow
Exception in thread "Thread-306" [09:27:11] [Thread-307/INFO]: [STDERR]: java.lang.NoSuchMethodError: getWindow
Exception in thread "Thread-307" [09:27:11] [Thread-308/INFO]: [STDERR]: java.lang.NoSuchMethodError: getWindow
[09:27:11] [Thread-309/INFO]: [STDERR]: java.lang.NoSuchMethodError: getWindow
[2069|t+33291ms|ThreadId(2)] [RsiftPlatformBridge] apply error: ClassNotFoundException: net.minecraft.core.registries.BuiltInRegistries
[2070|t+33292ms|ThreadId(2)] [RsiftPlatformBridge] apply error: ClassNotFoundException: net.minecraft.core.registries.BuiltInRegistries
Exception in thread "Thread-308" Exception in thread "Thread-309" Exception in thread "Thread-310" [09:27:11] [Thread-310/INFO]: [STDERR]: java.lang.NoSuchMethodError: getWindow
[09:27:11] [Thread-311/INFO]: [STDERR]: java.lang.NoSuchMethodError: getWindow
Exception in thread "Thread-311" [2071|t+33631ms|ThreadId(2)] [RsiftPlatformBridge] apply error: ClassNotFoundException: net.minecraft.core.registries.BuiltInRegistries
[2072|t+33632ms|ThreadId(2)] [RsiftPlatformBridge] apply error: ClassNotFoundException: net.minecraft.core.registries.BuiltInRegistries
Exception in thread "Thread-312" [09:27:11] [Thread-312/INFO]: [STDERR]: java.lang.NoSuchMethodError: getWindow
[09:27:11] [Thread-313/INFO]: [STDERR]: java.lang.NoSuchMethodError: getWindow
Exception in thread "Thread-313" [09:27:11] [Thread-314/INFO]: [STDERR]: java.lang.NoSuchMethodError: getWindow
Exception in thread "Thread-314" Exception in thread "Thread-315" [09:27:11] [Thread-315/INFO]: [STDERR]: java.lang.NoSuchMethodError: getWindow
[2073|t+34003ms|ThreadId(2)] [RsiftPlatformBridge] apply error: ClassNotFoundException: net.minecraft.core.registries.BuiltInRegistries
[2074|t+34004ms|ThreadId(2)] [RsiftPlatformBridge] apply error: ClassNotFoundException: net.minecraft.core.registries.BuiltInRegistries
Exception in thread "Thread-316" [09:27:12] [Thread-316/INFO]: [STDERR]: java.lang.NoSuchMethodError: getWindow
[09:27:12] [Thread-317/INFO]: [STDERR]: java.lang.NoSuchMethodError: getWindow
Exception in thread "Thread-317" Exception in thread "Thread-318" [09:27:12] [Thread-318/INFO]: [STDERR]: java.lang.NoSuchMethodError: getWindow
Exception in thread "Thread-319" [09:27:12] [Thread-319/INFO]: [STDERR]: java.lang.NoSuchMethodError: getWindow
[2075|t+34325ms|ThreadId(2)] [RsiftPlatformBridge] apply error: ClassNotFoundException: net.minecraft.core.registries.BuiltInRegistries
[2076|t+34326ms|ThreadId(2)] [RsiftPlatformBridge] apply error: ClassNotFoundException: net.minecraft.core.registries.BuiltInRegistries
Exception in thread "Thread-324" [09:27:12] [Thread-324/INFO]: [STDERR]: java.lang.NoSuchMethodError: getWindow
Exception in thread "Thread-325" [09:27:12] [Thread-325/INFO]: [STDERR]: java.lang.NoSuchMethodError: getWindow
Exception in thread "Thread-326" [09:27:12] [Thread-326/INFO]: [STDERR]: java.lang.NoSuchMethodError: getWindow
Exception in thread "Thread-327" [09:27:12] [Thread-327/INFO]: [STDERR]: java.lang.NoSuchMethodError: getWindow
[2077|t+34631ms|ThreadId(2)] [RsiftPlatformBridge] apply error: ClassNotFoundException: net.minecraft.core.registries.BuiltInRegistries
[2078|t+34632ms|ThreadId(2)] [RsiftPlatformBridge] apply error: ClassNotFoundException: net.minecraft.core.registries.BuiltInRegistries
Exception in thread "Thread-328" [09:27:12] [Thread-328/INFO]: [STDERR]: java.lang.NoSuchMethodError: getWindow
Exception in thread "Thread-329" [09:27:12] [Thread-329/INFO]: [STDERR]: java.lang.NoSuchMethodError: getWindow
Exception in thread "Thread-330" [09:27:12] [Thread-330/INFO]: [STDERR]: java.lang.NoSuchMethodError: getWindow
Exception in thread "Thread-331" [09:27:12] [Thread-331/INFO]: [STDERR]: java.lang.NoSuchMethodError: getWindow
[2079|t+34937ms|ThreadId(2)] [RsiftPlatformBridge] apply error: ClassNotFoundException: net.minecraft.core.registries.BuiltInRegistries
[2080|t+34938ms|ThreadId(2)] [RsiftPlatformBridge] apply error: ClassNotFoundException: net.minecraft.core.registries.BuiltInRegistries
Exception in thread "Thread-332" [09:27:12] [Thread-332/INFO]: [STDERR]: java.lang.NoSuchMethodError: getWindow
Exception in thread "Thread-333" [09:27:12] [Thread-333/INFO]: [STDERR]: java.lang.NoSuchMethodError: getWindow
Exception in thread "Thread-334" Exception in thread "Thread-335" [09:27:12] [Thread-334/INFO]: [STDERR]: java.lang.NoSuchMethodError: getWindow
[09:27:13] [Thread-335/INFO]: [STDERR]: java.lang.NoSuchMethodError: getWindow
[2081|t+35304ms|ThreadId(2)] [RsiftPlatformBridge] apply error: ClassNotFoundException: net.minecraft.core.registries.BuiltInRegistries
[2082|t+35305ms|ThreadId(2)] [RsiftPlatformBridge] apply error: ClassNotFoundException: net.minecraft.core.registries.BuiltInRegistries
Exception in thread "Thread-336" Exception in thread "Thread-337" [09:27:13] [Thread-336/INFO]: [STDERR]: java.lang.NoSuchMethodError: getWindow
[09:27:13] [Thread-337/INFO]: [STDERR]: java.lang.NoSuchMethodError: getWindow
Exception in thread "Thread-338" [09:27:13] [Thread-338/INFO]: [STDERR]: java.lang.NoSuchMethodError: getWindow
Exception in thread "Thread-339" [09:27:13] [Thread-339/INFO]: [STDERR]: java.lang.NoSuchMethodError: getWindow
[2083|t+35655ms|ThreadId(2)] [RsiftPlatformBridge] apply error: ClassNotFoundException: net.minecraft.core.registries.BuiltInRegistries
[2084|t+35656ms|ThreadId(2)] [RsiftPlatformBridge] apply error: ClassNotFoundException: net.minecraft.core.registries.BuiltInRegistries
Exception in thread "Thread-340" [09:27:13] [Thread-340/INFO]: [STDERR]: java.lang.NoSuchMethodError: getWindow
Exception in thread "Thread-341" [09:27:13] [Thread-341/INFO]: [STDERR]: java.lang.NoSuchMethodError: getWindow
Exception in thread "Thread-342" [09:27:13] [Thread-342/INFO]: [STDERR]: java.lang.NoSuchMethodError: getWindow
Exception in thread "Thread-343" [09:27:13] [Thread-343/INFO]: [STDERR]: java.lang.NoSuchMethodError: getWindow
[2085|t+35960ms|ThreadId(2)] [RsiftPlatformBridge] apply error: ClassNotFoundException: net.minecraft.core.registries.BuiltInRegistries
[2086|t+35961ms|ThreadId(2)] [RsiftPlatformBridge] apply error: ClassNotFoundException: net.minecraft.core.registries.BuiltInRegistries
Exception in thread "Thread-344" [09:27:13] [Thread-344/INFO]: [STDERR]: java.lang.NoSuchMethodError: getWindow
Exception in thread "Thread-345" [09:27:13] [Thread-345/INFO]: [STDERR]: java.lang.NoSuchMethodError: getWindow
Exception in thread "Thread-346" [09:27:14] [Thread-346/INFO]: [STDERR]: java.lang.NoSuchMethodError: getWindow
Exception in thread "Thread-347" [09:27:14] [Thread-347/INFO]: [STDERR]: java.lang.NoSuchMethodError: getWindow
[2087|t+36267ms|ThreadId(2)] [RsiftPlatformBridge] apply error: ClassNotFoundException: net.minecraft.core.registries.BuiltInRegistries
[2088|t+36267ms|ThreadId(2)] [RsiftPlatformBridge] apply error: ClassNotFoundException: net.minecraft.core.registries.BuiltInRegistries
Exception in thread "Thread-348" [09:27:14] [Thread-348/INFO]: [STDERR]: java.lang.NoSuchMethodError: getWindow
Exception in thread "Thread-349" [09:27:14] [Thread-349/INFO]: [STDERR]: java.lang.NoSuchMethodError: getWindow
Exception in thread "Thread-350" [09:27:14] [Thread-350/INFO]: [STDERR]: java.lang.NoSuchMethodError: getWindow
Exception in thread "Thread-351" [09:27:14] [Thread-351/INFO]: [STDERR]: java.lang.NoSuchMethodError: getWindow
[09:27:14] [Server thread/INFO]: Loading 0 persistent chunks...
[09:27:14] [Server thread/INFO]: Preparing spawn area: 16%
[2089|t+36572ms|ThreadId(2)] [RsiftPlatformBridge] apply error: ClassNotFoundException: net.minecraft.core.registries.BuiltInRegistries
[2090|t+36572ms|ThreadId(2)] [RsiftPlatformBridge] apply error: ClassNotFoundException: net.minecraft.core.registries.BuiltInRegistries
Exception in thread "Thread-352" [09:27:14] [Thread-352/INFO]: [STDERR]: java.lang.NoSuchMethodError: getWindow
Exception in thread "Thread-353" [09:27:14] [Thread-353/INFO]: [STDERR]: java.lang.NoSuchMethodError: getWindow
Exception in thread "Thread-354" [09:27:14] [Thread-354/INFO]: [STDERR]: java.lang.NoSuchMethodError: getWindow
Exception in thread "Thread-355" [09:27:14] [Thread-355/INFO]: [STDERR]: java.lang.NoSuchMethodError: getWindow
[2091|t+36876ms|ThreadId(2)] [RsiftPlatformBridge] apply error: ClassNotFoundException: net.minecraft.core.registries.BuiltInRegistries
[2092|t+36877ms|ThreadId(2)] [RsiftPlatformBridge] apply error: ClassNotFoundException: net.minecraft.core.registries.BuiltInRegistries
Exception in thread "Thread-356" [09:27:14] [Thread-356/INFO]: [STDERR]: java.lang.NoSuchMethodError: getWindow
Exception in thread "Thread-357" [09:27:14] [Thread-357/INFO]: [STDERR]: java.lang.NoSuchMethodError: getWindow
Exception in thread "Thread-358" [09:27:14] [Thread-358/INFO]: [STDERR]: java.lang.NoSuchMethodError: getWindow
Exception in thread "Thread-359" [09:27:14] [Thread-359/INFO]: [STDERR]: java.lang.NoSuchMethodError: getWindow
[2093|t+37197ms|ThreadId(2)] [RsiftPlatformBridge] apply error: ClassNotFoundException: net.minecraft.core.registries.BuiltInRegistries
[2094|t+37198ms|ThreadId(2)] [RsiftPlatformBridge] apply error: ClassNotFoundException: net.minecraft.core.registries.BuiltInRegistries
Exception in thread "Thread-360" [09:27:15] [Thread-360/INFO]: [STDERR]: java.lang.NoSuchMethodError: getWindow
Exception in thread "Thread-361" [09:27:15] [Thread-361/INFO]: [STDERR]: java.lang.NoSuchMethodError: getWindow
Exception in thread "Thread-362" [09:27:15] [Thread-362/INFO]: [STDERR]: java.lang.NoSuchMethodError: getWindow
[09:27:15] [Thread-363/INFO]: [STDERR]: java.lang.NoSuchMethodError: getWindow
Exception in thread "Thread-363" [2095|t+37507ms|ThreadId(2)] [RsiftPlatformBridge] apply error: ClassNotFoundException: net.minecraft.core.registries.BuiltInRegistries
[2096|t+37508ms|ThreadId(2)] [RsiftPlatformBridge] apply error: ClassNotFoundException: net.minecraft.core.registries.BuiltInRegistries
Exception in thread "Thread-364" [09:27:15] [Thread-364/INFO]: [STDERR]: java.lang.NoSuchMethodError: getWindow
Exception in thread "Thread-365" [09:27:15] [Thread-365/INFO]: [STDERR]: java.lang.NoSuchMethodError: getWindow
Exception in thread "Thread-366" [09:27:15] [Thread-366/INFO]: [STDERR]: java.lang.NoSuchMethodError: getWindow
Exception in thread "Thread-367" [09:27:15] [Thread-367/INFO]: [STDERR]: java.lang.NoSuchMethodError: getWindow
[09:27:15] [Server thread/INFO]: Loading 47 chunks for player spawn...
[09:27:15] [Server thread/INFO]: Preparing spawn area: 16%
[09:27:15] [Server thread/INFO]: Preparing spawn area: 16%
[2097|t+37812ms|ThreadId(2)] [RsiftPlatformBridge] apply error: ClassNotFoundException: net.minecraft.core.registries.BuiltInRegistries
[2098|t+37813ms|ThreadId(2)] [RsiftPlatformBridge] apply error: ClassNotFoundException: net.minecraft.core.registries.BuiltInRegistries
Exception in thread "Thread-368" [09:27:15] [Thread-368/INFO]: [STDERR]: java.lang.NoSuchMethodError: getWindow
[09:27:15] [Server thread/INFO]: Preparing spawn area: 16%
Exception in thread "Thread-369" Exception in thread "Thread-370" Exception in thread "Thread-371" [09:27:15] [Thread-369/INFO]: [STDERR]: java.lang.NoSuchMethodError: getWindow
[09:27:15] [Thread-370/INFO]: [STDERR]: java.lang.NoSuchMethodError: getWindow
[09:27:15] [Server thread/INFO]: Preparing spawn area: 16%
[09:27:15] [Thread-371/INFO]: [STDERR]: java.lang.NoSuchMethodError: getWindow
[09:27:15] [Server thread/INFO]: Preparing spawn area: 16%
[09:27:15] [Server thread/INFO]: Preparing spawn area: 16%
[09:27:16] [Server thread/INFO]: Preparing spawn area: 16%
[09:27:16] [Server thread/INFO]: Preparing spawn area: 16%
[09:27:16] [Server thread/INFO]: Preparing spawn area: 16%
[2099|t+38156ms|ThreadId(2)] [RsiftPlatformBridge] apply error: ClassNotFoundException: net.minecraft.core.registries.BuiltInRegistries
[2100|t+38157ms|ThreadId(2)] [RsiftPlatformBridge] apply error: ClassNotFoundException: net.minecraft.core.registries.BuiltInRegistries
Exception in thread "Thread-372" [09:27:16] [Thread-372/INFO]: [STDERR]: java.lang.NoSuchMethodError: getWindow
[09:27:16] [Server thread/INFO]: Preparing spawn area: 16%
Exception in thread "Thread-373" [09:27:16] [Thread-373/INFO]: [STDERR]: java.lang.NoSuchMethodError: getWindow
Exception in thread "Thread-374" [09:27:16] [Thread-374/INFO]: [STDERR]: java.lang.NoSuchMethodError: getWindow
Exception in thread "Thread-375" [09:27:16] [Thread-375/INFO]: [STDERR]: java.lang.NoSuchMethodError: getWindow
[09:27:16] [Server thread/INFO]: Preparing spawn area: 16%
[2101|t+38461ms|ThreadId(2)] [RsiftPlatformBridge] apply error: ClassNotFoundException: net.minecraft.core.registries.BuiltInRegistries
[2102|t+38463ms|ThreadId(2)] [RsiftPlatformBridge] apply error: ClassNotFoundException: net.minecraft.core.registries.BuiltInRegistries
[2103|t+38464ms|ThreadId(2)] [step] tick_loop — alive tick=360
Exception in thread "Thread-376" Exception in thread "Thread-377" Exception in thread "Thread-378" Exception in thread "Thread-379" [09:27:16] [Thread-376/INFO]: [STDERR]: java.lang.NoSuchMethodError: getWindow
[09:27:16] [Thread-377/INFO]: [STDERR]: java.lang.NoSuchMethodError: getWindow
[09:27:16] [Thread-378/INFO]: [STDERR]: java.lang.NoSuchMethodError: getWindow
[09:27:16] [Thread-379/INFO]: [STDERR]: java.lang.NoSuchMethodError: getWindow
[2104|t+38771ms|ThreadId(2)] [RsiftPlatformBridge] apply error: ClassNotFoundException: net.minecraft.core.registries.BuiltInRegistries
[2105|t+38773ms|ThreadId(2)] [RsiftPlatformBridge] apply error: ClassNotFoundException: net.minecraft.core.registries.BuiltInRegistries
Exception in thread "Thread-380" [09:27:16] [Thread-380/INFO]: [STDERR]: java.lang.NoSuchMethodError: getWindow
Exception in thread "Thread-381" [09:27:16] [Thread-381/INFO]: [STDERR]: java.lang.NoSuchMethodError: getWindow
Exception in thread "Thread-382" [09:27:16] [Thread-382/INFO]: [STDERR]: java.lang.NoSuchMethodError: getWindow
[09:27:16] [Server thread/INFO]: Preparing spawn area: 29%
Exception in thread "Thread-383" [09:27:16] [Thread-383/INFO]: [STDERR]: java.lang.NoSuchMethodError: getWindow
[2106|t+39077ms|ThreadId(2)] [RsiftPlatformBridge] apply error: ClassNotFoundException: net.minecraft.core.registries.BuiltInRegistries
[2107|t+39078ms|ThreadId(2)] [RsiftPlatformBridge] apply error: ClassNotFoundException: net.minecraft.core.registries.BuiltInRegistries
Exception in thread "Thread-384" [09:27:17] [Thread-384/INFO]: [STDERR]: java.lang.NoSuchMethodError: getWindow
Exception in thread "Thread-385" [09:27:17] [Thread-385/INFO]: [STDERR]: java.lang.NoSuchMethodError: getWindow
Exception in thread "Thread-386" [09:27:17] [Thread-386/INFO]: [STDERR]: java.lang.NoSuchMethodError: getWindow
Exception in thread "Thread-387" [09:27:17] [Thread-387/INFO]: [STDERR]: java.lang.NoSuchMethodError: getWindow
[09:27:17] [Server thread/INFO]: Preparing spawn area: 29%
[2108|t+39383ms|ThreadId(2)] [RsiftPlatformBridge] apply error: ClassNotFoundException: net.minecraft.core.registries.BuiltInRegistries
[2109|t+39384ms|ThreadId(2)] [RsiftPlatformBridge] apply error: ClassNotFoundException: net.minecraft.core.registries.BuiltInRegistries
Exception in thread "Thread-388" [09:27:17] [Thread-388/INFO]: [STDERR]: java.lang.NoSuchMethodError: getWindow
Exception in thread "Thread-389" [09:27:17] [Thread-389/INFO]: [STDERR]: java.lang.NoSuchMethodError: getWindow
Exception in thread "Thread-390" [09:27:17] [Thread-390/INFO]: [STDERR]: java.lang.NoSuchMethodError: getWindow
Exception in thread "Thread-391" [09:27:17] [Thread-391/INFO]: [STDERR]: java.lang.NoSuchMethodError: getWindow
[09:27:17] [Thread-392/INFO]: [STDERR]: java.lang.NoSuchMethodError: getWindow
[2110|t+39776ms|ThreadId(2)] [RsiftPlatformBridge] apply error: ClassNotFoundException: net.minecraft.core.registries.BuiltInRegistries
[2111|t+39776ms|ThreadId(2)] [RsiftPlatformBridge] apply error: ClassNotFoundException: net.minecraft.core.registries.BuiltInRegistries
Exception in thread "Thread-392" [09:27:17] [Server thread/INFO]: Preparing spawn area: 57%
Exception in thread "Thread-393" [09:27:17] [Thread-393/INFO]: [STDERR]: java.lang.NoSuchMethodError: getWindow
Exception in thread "Thread-394" [09:27:17] [Thread-394/INFO]: [STDERR]: java.lang.NoSuchMethodError: getWindow
Exception in thread "Thread-395" [09:27:17] [Thread-395/INFO]: [STDERR]: java.lang.NoSuchMethodError: getWindow
[2112|t+40225ms|ThreadId(2)] [RsiftPlatformBridge] apply error: ClassNotFoundException: net.minecraft.core.registries.BuiltInRegistries
[2113|t+40226ms|ThreadId(2)] [RsiftPlatformBridge] apply error: ClassNotFoundException: net.minecraft.core.registries.BuiltInRegistries
Exception in thread "Thread-396" [09:27:18] [Thread-396/INFO]: [STDERR]: java.lang.NoSuchMethodError: getWindow
Exception in thread "Thread-397" [09:27:18] [Thread-397/INFO]: [STDERR]: java.lang.NoSuchMethodError: getWindow
Exception in thread "Thread-398" [09:27:18] [Thread-398/INFO]: [STDERR]: java.lang.NoSuchMethodError: getWindow
Exception in thread "Thread-399" [09:27:18] [Thread-399/INFO]: [STDERR]: java.lang.NoSuchMethodError: getWindow
[09:27:18] [Server thread/INFO]: Preparing spawn area: 57%
[2114|t+40529ms|ThreadId(2)] [RsiftPlatformBridge] apply error: ClassNotFoundException: net.minecraft.core.registries.BuiltInRegistries
[2115|t+40530ms|ThreadId(2)] [RsiftPlatformBridge] apply error: ClassNotFoundException: net.minecraft.core.registries.BuiltInRegistries
Exception in thread "Thread-400" [09:27:18] [Thread-400/INFO]: [STDERR]: java.lang.NoSuchMethodError: getWindow
Exception in thread "Thread-401" [09:27:18] [Thread-401/INFO]: [STDERR]: java.lang.NoSuchMethodError: getWindow
Exception in thread "Thread-402" [09:27:18] [Thread-402/INFO]: [STDERR]: java.lang.NoSuchMethodError: getWindow
Exception in thread "Thread-403" [09:27:18] [Thread-403/INFO]: [STDERR]: java.lang.NoSuchMethodError: getWindow
[09:27:18] [Server thread/INFO]: Preparing spawn area: 98%
[2116|t+40833ms|ThreadId(2)] [RsiftPlatformBridge] apply error: ClassNotFoundException: net.minecraft.core.registries.BuiltInRegistries
[2117|t+40834ms|ThreadId(2)] [RsiftPlatformBridge] apply error: ClassNotFoundException: net.minecraft.core.registries.BuiltInRegistries
Exception in thread "Thread-404" [09:27:18] [Thread-404/INFO]: [STDERR]: java.lang.NoSuchMethodError: getWindow
Exception in thread "Thread-405" [09:27:18] [Thread-405/INFO]: [STDERR]: java.lang.NoSuchMethodError: getWindow
Exception in thread "Thread-406" [09:27:18] [Thread-406/INFO]: [STDERR]: java.lang.NoSuchMethodError: getWindow
[09:27:18] [Server thread/INFO]: Time elapsed: 8071 ms
Exception in thread "Thread-407" [09:27:18] [Thread-407/INFO]: [STDERR]: java.lang.NoSuchMethodError: getWindow
[2118|t+41137ms|ThreadId(2)] [RsiftPlatformBridge] apply error: ClassNotFoundException: net.minecraft.core.registries.BuiltInRegistries
[2119|t+41137ms|ThreadId(2)] [RsiftPlatformBridge] apply error: ClassNotFoundException: net.minecraft.core.registries.BuiltInRegistries
Exception in thread "Thread-408" [09:27:19] [Thread-408/INFO]: [STDERR]: java.lang.NoSuchMethodError: getWindow
Exception in thread "Thread-409" [09:27:19] [Thread-409/INFO]: [STDERR]: java.lang.NoSuchMethodError: getWindow
Exception in thread "Thread-410" [09:27:19] [Thread-410/INFO]: [STDERR]: java.lang.NoSuchMethodError: getWindow
Exception in thread "Thread-411" [09:27:19] [Thread-411/INFO]: [STDERR]: java.lang.NoSuchMethodError: getWindow
[09:27:19] [Server thread/INFO]: Ifuto_mitai[local:E:c07ada4e] logged in with entity id 3 at (-7.5, 121.0, -3.5)
[09:27:19] [Server thread/INFO]: Ifuto_mitai joined the game
[2120|t+41442ms|ThreadId(2)] [RsiftPlatformBridge] apply error: ClassNotFoundException: net.minecraft.core.registries.BuiltInRegistries
[2121|t+41443ms|ThreadId(2)] [RsiftPlatformBridge] apply error: ClassNotFoundException: net.minecraft.core.registries.BuiltInRegistries
Exception in thread "Thread-412" [09:27:19] [Thread-412/INFO]: [STDERR]: java.lang.NoSuchMethodError: getWindow
Exception in thread "Thread-414" [09:27:19] [Thread-414/INFO]: [STDERR]: java.lang.NoSuchMethodError: getWindow
Exception in thread "Thread-415" [09:27:19] [Thread-415/INFO]: [STDERR]: java.lang.NoSuchMethodError: getWindow
[09:27:19] [Server thread/INFO]: Changing view distance to 16, from 10
[09:27:19] [Server thread/INFO]: Changing simulation distance to 12, from 0
[09:27:19] [Render thread/INFO]: Loaded 2 advancements
[09:27:19] [Render thread/INFO]: Resizing Dynamic Transforms UBO, capacity limit of 2 reached during a single frame. New capacity will be 4.
[2122|t+41739ms|ThreadId(2)] [step] title_marker — window title set: Minecraft* 1.21.11 - Rsift (RsGraphics Render)
Exception in thread "Thread-416" [09:27:19] [Thread-416/INFO]: [STDERR]: java.lang.NoSuchMethodError: getWindow
[09:27:19] [Render thread/INFO]: Resizing Dynamic Transforms UBO, capacity limit of 4 reached during a single frame. New capacity will be 8.
[09:27:19] [Render thread/INFO]: Resizing Chunk Sections UBO, capacity limit of 2 reached during a single frame. New capacity will be 8.
[2123|t+41991ms|ThreadId(2)] [RsiftPlatformBridge] apply error: ClassNotFoundException: net.minecraft.core.registries.BuiltInRegistries
[2124|t+41992ms|ThreadId(2)] [RsiftPlatformBridge] apply error: ClassNotFoundException: net.minecraft.core.registries.BuiltInRegistries
Exception in thread "Thread-418" [09:27:20] [Thread-418/INFO]: [STDERR]: java.lang.NoSuchMethodError: getWindow
[09:27:20] [Thread-419/INFO]: [STDERR]: java.lang.NoSuchMethodError: getWindow
Exception in thread "Thread-419" Exception in thread "Thread-420" [09:27:20] [Thread-420/INFO]: [STDERR]: java.lang.NoSuchMethodError: getWindow
Exception in thread "Thread-421" [09:27:20] [Thread-421/INFO]: [STDERR]: java.lang.NoSuchMethodError: getWindow
[2125|t+42316ms|ThreadId(2)] [RsiftPlatformBridge] apply error: ClassNotFoundException: net.minecraft.core.registries.BuiltInRegistries
[2126|t+42317ms|ThreadId(2)] [RsiftPlatformBridge] apply error: ClassNotFoundException: net.minecraft.core.registries.BuiltInRegistries
Exception in thread "Thread-422" Exception in thread "Thread-423" [09:27:20] [Thread-422/INFO]: [STDERR]: java.lang.NoSuchMethodError: getWindow
[09:27:20] [Thread-423/INFO]: [STDERR]: java.lang.NoSuchMethodError: getWindow
[09:27:20] [Render thread/INFO]: Resizing Chunk Sections UBO, capacity limit of 8 reached during a single frame. New capacity will be 16.
Exception in thread "Thread-424" [09:27:20] [Thread-424/INFO]: [STDERR]: java.lang.NoSuchMethodError: getWindow
Exception in thread "Thread-425" [09:27:20] [Thread-425/INFO]: [STDERR]: java.lang.NoSuchMethodError: getWindow
[2127|t+42629ms|ThreadId(2)] [RsiftPlatformBridge] apply error: ClassNotFoundException: net.minecraft.core.registries.BuiltInRegistries
[2128|t+42630ms|ThreadId(2)] [RsiftPlatformBridge] apply error: ClassNotFoundException: net.minecraft.core.registries.BuiltInRegistries
Exception in thread "Thread-426" [09:27:20] [Thread-426/INFO]: [STDERR]: java.lang.NoSuchMethodError: getWindow
[09:27:20] [Thread-427/INFO]: [STDERR]: java.lang.NoSuchMethodError: getWindow
Exception in thread "Thread-427" Exception in thread "Thread-428" [09:27:20] [Thread-428/INFO]: [STDERR]: java.lang.NoSuchMethodError: getWindow
Exception in thread "Thread-429" [09:27:20] [Thread-429/INFO]: [STDERR]: java.lang.NoSuchMethodError: getWindow
[2129|t+42945ms|ThreadId(2)] [RsiftPlatformBridge] apply error: ClassNotFoundException: net.minecraft.core.registries.BuiltInRegistries
[2130|t+42946ms|ThreadId(2)] [RsiftPlatformBridge] apply error: ClassNotFoundException: net.minecraft.core.registries.BuiltInRegistries
Exception in thread "Thread-430" [09:27:20] [Thread-430/INFO]: [STDERR]: java.lang.NoSuchMethodError: getWindow
Exception in thread "Thread-431" [09:27:20] [Thread-431/INFO]: [STDERR]: java.lang.NoSuchMethodError: getWindow
Exception in thread "Thread-432" [09:27:20] [Thread-432/INFO]: [STDERR]: java.lang.NoSuchMethodError: getWindow
Exception in thread "Thread-433" [09:27:21] [Thread-433/INFO]: [STDERR]: java.lang.NoSuchMethodError: getWindow
[2131|t+43251ms|ThreadId(2)] [RsiftPlatformBridge] apply error: ClassNotFoundException: net.minecraft.core.registries.BuiltInRegistries
[2132|t+43252ms|ThreadId(2)] [RsiftPlatformBridge] apply error: ClassNotFoundException: net.minecraft.core.registries.BuiltInRegistries
Exception in thread "Thread-434" [09:27:21] [Thread-434/INFO]: [STDERR]: java.lang.NoSuchMethodError: getWindow
[09:27:21] [Thread-435/INFO]: [STDERR]: java.lang.NoSuchMethodError: getWindow
[09:27:21] [Thread-436/INFO]: [STDERR]: java.lang.NoSuchMethodError: getWindow
Exception in thread "Thread-435" Exception in thread "Thread-436" Exception in thread "Thread-437" [09:27:21] [Thread-437/INFO]: [STDERR]: java.lang.NoSuchMethodError: getWindow
[2133|t+43635ms|ThreadId(2)] [RsiftPlatformBridge] apply error: ClassNotFoundException: net.minecraft.core.registries.BuiltInRegistries
[2134|t+43635ms|ThreadId(2)] [RsiftPlatformBridge] apply error: ClassNotFoundException: net.minecraft.core.registries.BuiltInRegistries
Exception in thread "Thread-438" [09:27:21] [Thread-438/INFO]: [STDERR]: java.lang.NoSuchMethodError: getWindow
Exception in thread "Thread-439" [09:27:21] [Thread-439/INFO]: [STDERR]: java.lang.NoSuchMethodError: getWindow
Exception in thread "Thread-440" [09:27:21] [Thread-440/INFO]: [STDERR]: java.lang.NoSuchMethodError: getWindow
Exception in thread "Thread-441" [09:27:21] [Thread-441/INFO]: [STDERR]: java.lang.NoSuchMethodError: getWindow
[2135|t+43940ms|ThreadId(2)] [RsiftPlatformBridge] apply error: ClassNotFoundException: net.minecraft.core.registries.BuiltInRegistries
[2136|t+43941ms|ThreadId(2)] [RsiftPlatformBridge] apply error: ClassNotFoundException: net.minecraft.core.registries.BuiltInRegistries
Exception in thread "Thread-442" [09:27:21] [Thread-442/INFO]: [STDERR]: java.lang.NoSuchMethodError: getWindow
[09:27:21] [Render thread/INFO]: Resizing Chunk Sections UBO, capacity limit of 16 reached during a single frame. New capacity will be 32.
Exception in thread "Thread-443" [09:27:21] [Thread-443/INFO]: [STDERR]: java.lang.NoSuchMethodError: getWindow
Exception in thread "Thread-444" [09:27:21] [Thread-444/INFO]: [STDERR]: java.lang.NoSuchMethodError: getWindow
Exception in thread "Thread-445" [09:27:22] [Thread-445/INFO]: [STDERR]: java.lang.NoSuchMethodError: getWindow
[2137|t+44249ms|ThreadId(2)] [RsiftPlatformBridge] apply error: ClassNotFoundException: net.minecraft.core.registries.BuiltInRegistries
[2138|t+44250ms|ThreadId(2)] [RsiftPlatformBridge] apply error: ClassNotFoundException: net.minecraft.core.registries.BuiltInRegistries
Exception in thread "Thread-446" [09:27:22] [Thread-446/INFO]: [STDERR]: java.lang.NoSuchMethodError: getWindow
Exception in thread "Thread-447" [09:27:22] [Thread-447/INFO]: [STDERR]: java.lang.NoSuchMethodError: getWindow
[09:27:22] [Render thread/INFO]: Resizing Chunk Sections UBO, capacity limit of 32 reached during a single frame. New capacity will be 64.
Exception in thread "Thread-448" [09:27:22] [Thread-448/INFO]: [STDERR]: java.lang.NoSuchMethodError: getWindow
Exception in thread "Thread-449" [09:27:22] [Thread-449/INFO]: [STDERR]: java.lang.NoSuchMethodError: getWindow
[2139|t+44600ms|ThreadId(2)] [RsiftPlatformBridge] apply error: ClassNotFoundException: net.minecraft.core.registries.BuiltInRegistries
[2140|t+44602ms|ThreadId(2)] [RsiftPlatformBridge] apply error: ClassNotFoundException: net.minecraft.core.registries.BuiltInRegistries
Exception in thread "Thread-450" [09:27:22] [Thread-450/INFO]: [STDERR]: java.lang.NoSuchMethodError: getWindow
Exception in thread "Thread-451" [09:27:22] [Thread-451/INFO]: [STDERR]: java.lang.NoSuchMethodError: getWindow
Exception in thread "Thread-452" [09:27:22] [Thread-452/INFO]: [STDERR]: java.lang.NoSuchMethodError: getWindow
Exception in thread "Thread-453" [09:27:22] [Thread-453/INFO]: [STDERR]: java.lang.NoSuchMethodError: getWindow
[2141|t+44933ms|ThreadId(2)] [RsiftPlatformBridge] apply error: ClassNotFoundException: net.minecraft.core.registries.BuiltInRegistries[09:27:22] [Thread-454/INFO]: [STDERR]: java.lang.NoSuchMethodError: getWindow
[2142|t+44934ms|ThreadId(2)] [RsiftPlatformBridge] apply error: ClassNotFoundException: net.minecraft.core.registries.BuiltInRegistries
Exception in thread "Thread-454" [09:27:22] [Thread-455/INFO]: [STDERR]: java.lang.NoSuchMethodError: getWindow
Exception in thread "Thread-455" Exception in thread "Thread-456" [09:27:22] [Thread-456/INFO]: [STDERR]: java.lang.NoSuchMethodError: getWindow
Exception in thread "Thread-457" [09:27:22] [Thread-457/INFO]: [STDERR]: java.lang.NoSuchMethodError: getWindow
[2143|t+45239ms|ThreadId(2)] [RsiftPlatformBridge] apply error: ClassNotFoundException: net.minecraft.core.registries.BuiltInRegistries
[2144|t+45240ms|ThreadId(2)] [RsiftPlatformBridge] apply error: ClassNotFoundException: net.minecraft.core.registries.BuiltInRegistries
Exception in thread "Thread-458" [09:27:23] [Thread-458/INFO]: [STDERR]: java.lang.NoSuchMethodError: getWindow
Exception in thread "Thread-459" [09:27:23] [Thread-459/INFO]: [STDERR]: java.lang.NoSuchMethodError: getWindow
Exception in thread "Thread-460" [09:27:23] [Thread-460/INFO]: [STDERR]: java.lang.NoSuchMethodError: getWindow
Exception in thread "Thread-461" [09:27:23] [Thread-461/INFO]: [STDERR]: java.lang.NoSuchMethodError: getWindow
[2145|t+45544ms|ThreadId(2)] [RsiftPlatformBridge] apply error: ClassNotFoundException: net.minecraft.core.registries.BuiltInRegistries
[2146|t+45545ms|ThreadId(2)] [RsiftPlatformBridge] apply error: ClassNotFoundException: net.minecraft.core.registries.BuiltInRegistries
Exception in thread "Thread-462" [09:27:23] [Thread-462/INFO]: [STDERR]: java.lang.NoSuchMethodError: getWindow
Exception in thread "Thread-463" [09:27:23] [Thread-463/INFO]: [STDERR]: java.lang.NoSuchMethodError: getWindow
Exception in thread "Thread-464" [09:27:23] [Thread-464/INFO]: [STDERR]: java.lang.NoSuchMethodError: getWindow
Exception in thread "Thread-465" [09:27:23] [Thread-465/INFO]: [STDERR]: java.lang.NoSuchMethodError: getWindow
[09:27:23] [Render thread/INFO]: Resizing Dynamic Transforms UBO, capacity limit of 8 reached during a single frame. New capacity will be 16.
[2147|t+45852ms|ThreadId(2)] [RsiftPlatformBridge] apply error: ClassNotFoundException: net.minecraft.core.registries.BuiltInRegistries
[2148|t+45853ms|ThreadId(2)] [RsiftPlatformBridge] apply error: ClassNotFoundException: net.minecraft.core.registries.BuiltInRegistries
Exception in thread "Thread-466" [09:27:23] [Thread-466/INFO]: [STDERR]: java.lang.NoSuchMethodError: getWindow
Exception in thread "Thread-467" [09:27:23] [Thread-467/INFO]: [STDERR]: java.lang.NoSuchMethodError: getWindow
Exception in thread "Thread-468" [09:27:23] [Thread-468/INFO]: [STDERR]: java.lang.NoSuchMethodError: getWindow
Exception in thread "Thread-469" [09:27:23] [Thread-469/INFO]: [STDERR]: java.lang.NoSuchMethodError: getWindow
[2149|t+46162ms|ThreadId(2)] [RsiftPlatformBridge] apply error: ClassNotFoundException: net.minecraft.core.registries.BuiltInRegistries
[2150|t+46163ms|ThreadId(2)] [RsiftPlatformBridge] apply error: ClassNotFoundException: net.minecraft.core.registries.BuiltInRegistries
Exception in thread "Thread-470" [09:27:24] [Thread-470/INFO]: [STDERR]: java.lang.NoSuchMethodError: getWindow
Exception in thread "Thread-471" [09:27:24] [Thread-471/INFO]: [STDERR]: java.lang.NoSuchMethodError: getWindow
Exception in thread "Thread-472" [09:27:24] [Thread-472/INFO]: [STDERR]: java.lang.NoSuchMethodError: getWindow
Exception in thread "Thread-473" [09:27:24] [Thread-473/INFO]: [STDERR]: java.lang.NoSuchMethodError: getWindow
[2151|t+46467ms|ThreadId(2)] [RsiftPlatformBridge] apply error: ClassNotFoundException: net.minecraft.core.registries.BuiltInRegistries
[2152|t+46468ms|ThreadId(2)] [RsiftPlatformBridge] apply error: ClassNotFoundException: net.minecraft.core.registries.BuiltInRegistries
Exception in thread "Thread-474" [09:27:24] [Thread-474/INFO]: [STDERR]: java.lang.NoSuchMethodError: getWindow
Exception in thread "Thread-475" [09:27:24] [Thread-475/INFO]: [STDERR]: java.lang.NoSuchMethodError: getWindow
Exception in thread "Thread-476" [09:27:24] [Thread-476/INFO]: [STDERR]: java.lang.NoSuchMethodError: getWindow
Exception in thread "Thread-477" [09:27:24] [Thread-477/INFO]: [STDERR]: java.lang.NoSuchMethodError: getWindow
[2153|t+46780ms|ThreadId(2)] [RsiftPlatformBridge] apply error: ClassNotFoundException: net.minecraft.core.registries.BuiltInRegistries
[2154|t+46782ms|ThreadId(2)] [RsiftPlatformBridge] apply error: ClassNotFoundException: net.minecraft.core.registries.BuiltInRegistries
Exception in thread "Thread-478" [09:27:24] [Thread-478/INFO]: [STDERR]: java.lang.NoSuchMethodError: getWindow
Exception in thread "Thread-479" [09:27:24] [Thread-479/INFO]: [STDERR]: java.lang.NoSuchMethodError: getWindow
Exception in thread "Thread-480" [09:27:24] [Thread-480/INFO]: [STDERR]: java.lang.NoSuchMethodError: getWindow
[09:27:24] [Thread-481/INFO]: [STDERR]: java.lang.NoSuchMethodError: getWindow
Exception in thread "Thread-481" [09:27:25] [Thread-482/INFO]: [STDERR]: java.lang.NoSuchMethodError: getWindow
[09:27:25] [Thread-483/INFO]: [STDERR]: java.lang.NoSuchMethodError: getWindow
[2155|t+47212ms|ThreadId(2)] [RsiftPlatformBridge] apply error: ClassNotFoundException: net.minecraft.core.registries.BuiltInRegistries
[2156|t+47213ms|ThreadId(2)] [RsiftPlatformBridge] apply error: ClassNotFoundException: net.minecraft.core.registries.BuiltInRegistries
Exception in thread "Thread-482" Exception in thread "Thread-483" Exception in thread "Thread-484" [09:27:25] [Thread-484/INFO]: [STDERR]: java.lang.NoSuchMethodError: getWindow
Exception in thread "Thread-485" [09:27:25] [Thread-485/INFO]: [STDERR]: java.lang.NoSuchMethodError: getWindow
[2157|t+47561ms|ThreadId(2)] [RsiftPlatformBridge] apply error: ClassNotFoundException: net.minecraft.core.registries.BuiltInRegistries
[2158|t+47561ms|ThreadId(2)] [RsiftPlatformBridge] apply error: ClassNotFoundException: net.minecraft.core.registries.BuiltInRegistries
Exception in thread "Thread-486" [09:27:25] [Thread-486/INFO]: [STDERR]: java.lang.NoSuchMethodError: getWindow
Exception in thread "Thread-487" [09:27:25] [Thread-487/INFO]: [STDERR]: java.lang.NoSuchMethodError: getWindow
Exception in thread "Thread-488" [09:27:25] [Thread-488/INFO]: [STDERR]: java.lang.NoSuchMethodError: getWindow
Exception in thread "Thread-489" [09:27:25] [Thread-489/INFO]: [STDERR]: java.lang.NoSuchMethodError: getWindow
[2159|t+47876ms|ThreadId(2)] [RsiftPlatformBridge] apply error: ClassNotFoundException: net.minecraft.core.registries.BuiltInRegistries
[2160|t+47877ms|ThreadId(2)] [RsiftPlatformBridge] apply error: ClassNotFoundException: net.minecraft.core.registries.BuiltInRegistries
Exception in thread "Thread-490" [09:27:25] [Thread-490/INFO]: [STDERR]: java.lang.NoSuchMethodError: getWindow
Exception in thread "Thread-491" [09:27:25] [Thread-491/INFO]: [STDERR]: java.lang.NoSuchMethodError: getWindow
Exception in thread "Thread-492" [09:27:25] [Thread-492/INFO]: [STDERR]: java.lang.NoSuchMethodError: getWindow
Exception in thread "Thread-493" [09:27:25] [Thread-493/INFO]: [STDERR]: java.lang.NoSuchMethodError: getWindow
[2161|t+48199ms|ThreadId(2)] [RsiftPlatformBridge] apply error: ClassNotFoundException: net.minecraft.core.registries.BuiltInRegistries
[2162|t+48201ms|ThreadId(2)] [RsiftPlatformBridge] apply error: ClassNotFoundException: net.minecraft.core.registries.BuiltInRegistries
Exception in thread "Thread-494" [09:27:26] [Thread-494/INFO]: [STDERR]: java.lang.NoSuchMethodError: getWindow
Exception in thread "Thread-495" [09:27:26] [Thread-495/INFO]: [STDERR]: java.lang.NoSuchMethodError: getWindow
Exception in thread "Thread-496" [09:27:26] [Thread-496/INFO]: [STDERR]: java.lang.NoSuchMethodError: getWindow
Exception in thread "Thread-497" [09:27:26] [Thread-497/INFO]: [STDERR]: java.lang.NoSuchMethodError: getWindow
[2163|t+48509ms|ThreadId(2)] [RsiftPlatformBridge] apply error: ClassNotFoundException: net.minecraft.core.registries.BuiltInRegistries
[2164|t+48510ms|ThreadId(2)] [RsiftPlatformBridge] apply error: ClassNotFoundException: net.minecraft.core.registries.BuiltInRegistries
[2165|t+48511ms|ThreadId(2)] [step] tick_loop — alive tick=480
Exception in thread "Thread-498" [09:27:26] [Thread-498/INFO]: [STDERR]: java.lang.NoSuchMethodError: getWindow
Exception in thread "Thread-499" [09:27:26] [Thread-499/INFO]: [STDERR]: java.lang.NoSuchMethodError: getWindow
Exception in thread "Thread-500" [09:27:26] [Thread-500/INFO]: [STDERR]: java.lang.NoSuchMethodError: getWindow
Exception in thread "Thread-501" [09:27:26] [Thread-501/INFO]: [STDERR]: java.lang.NoSuchMethodError: getWindow
[2166|t+48860ms|ThreadId(2)] [RsiftPlatformBridge] apply error: ClassNotFoundException: net.minecraft.core.registries.BuiltInRegistries
[2167|t+48861ms|ThreadId(2)] [RsiftPlatformBridge] apply error: ClassNotFoundException: net.minecraft.core.registries.BuiltInRegistries
Exception in thread "Thread-502" [09:27:26] [Thread-502/INFO]: [STDERR]: java.lang.NoSuchMethodError: getWindow
Exception in thread "Thread-503" [09:27:26] [Thread-503/INFO]: [STDERR]: java.lang.NoSuchMethodError: getWindow
Exception in thread "Thread-504" [09:27:26] [Thread-504/INFO]: [STDERR]: java.lang.NoSuchMethodError: getWindow
Exception in thread "Thread-505" [09:27:27] [Thread-505/INFO]: [STDERR]: java.lang.NoSuchMethodError: getWindow
[09:27:27] [Render thread/INFO]: Resizing Chunk Sections UBO, capacity limit of 64 reached during a single frame. New capacity will be 128.
[2168|t+49253ms|ThreadId(2)] [RsiftPlatformBridge] apply error: ClassNotFoundException: net.minecraft.core.registries.BuiltInRegistries
[2169|t+49257ms|ThreadId(2)] [RsiftPlatformBridge] apply error: ClassNotFoundException: net.minecraft.core.registries.BuiltInRegistries
Exception in thread "Thread-506" [09:27:27] [Thread-506/INFO]: [STDERR]: java.lang.NoSuchMethodError: getWindow
Exception in thread "Thread-507" [09:27:27] [Thread-507/INFO]: [STDERR]: java.lang.NoSuchMethodError: getWindow
Exception in thread "Thread-508" [09:27:27] [Thread-508/INFO]: [STDERR]: java.lang.NoSuchMethodError: getWindow
Exception in thread "Thread-509" [09:27:27] [Thread-509/INFO]: [STDERR]: java.lang.NoSuchMethodError: getWindow
[2170|t+49591ms|ThreadId(2)] [RsiftPlatformBridge] apply error: ClassNotFoundException: net.minecraft.core.registries.BuiltInRegistries
[2171|t+49592ms|ThreadId(2)] [RsiftPlatformBridge] apply error: ClassNotFoundException: net.minecraft.core.registries.BuiltInRegistries
Exception in thread "Thread-510" Exception in thread "Thread-511" [09:27:27] [Thread-510/INFO]: [STDERR]: java.lang.NoSuchMethodError: getWindow
[09:27:27] [Thread-511/INFO]: [STDERR]: java.lang.NoSuchMethodError: getWindow
Exception in thread "Thread-512" [09:27:27] [Thread-512/INFO]: [STDERR]: java.lang.NoSuchMethodError: getWindow
Exception in thread "Thread-513" [09:27:27] [Thread-513/INFO]: [STDERR]: java.lang.NoSuchMethodError: getWindow
[2172|t+49965ms|ThreadId(2)] [RsiftPlatformBridge] apply error: ClassNotFoundException: net.minecraft.core.registries.BuiltInRegistries
[2173|t+49966ms|ThreadId(2)] [RsiftPlatformBridge] apply error: ClassNotFoundException: net.minecraft.core.registries.BuiltInRegistries
Exception in thread "Thread-514" [09:27:27] [Thread-514/INFO]: [STDERR]: java.lang.NoSuchMethodError: getWindow
Exception in thread "Thread-515" [09:27:27] [Thread-515/INFO]: [STDERR]: java.lang.NoSuchMethodError: getWindow
Exception in thread "Thread-516" [09:27:28] [Thread-516/INFO]: [STDERR]: java.lang.NoSuchMethodError: getWindow
Exception in thread "Thread-517" [09:27:28] [Thread-517/INFO]: [STDERR]: java.lang.NoSuchMethodError: getWindow
[2174|t+50271ms|ThreadId(2)] [RsiftPlatformBridge] apply error: ClassNotFoundException: net.minecraft.core.registries.BuiltInRegistries
[2175|t+50272ms|ThreadId(2)] [RsiftPlatformBridge] apply error: ClassNotFoundException: net.minecraft.core.registries.BuiltInRegistries
Exception in thread "Thread-518" [09:27:28] [Thread-518/INFO]: [STDERR]: java.lang.NoSuchMethodError: getWindow
Exception in thread "Thread-519" Exception in thread "Thread-520" [09:27:28] [Thread-519/INFO]: [STDERR]: java.lang.NoSuchMethodError: getWindow
[09:27:28] [Thread-520/INFO]: [STDERR]: java.lang.NoSuchMethodError: getWindow
Exception in thread "Thread-521" [09:27:28] [Thread-521/INFO]: [STDERR]: java.lang.NoSuchMethodError: getWindow
[2176|t+50603ms|ThreadId(2)] [RsiftPlatformBridge] apply error: ClassNotFoundException: net.minecraft.core.registries.BuiltInRegistries
[2177|t+50605ms|ThreadId(2)] [RsiftPlatformBridge] apply error: ClassNotFoundException: net.minecraft.core.registries.BuiltInRegistries
Exception in thread "Thread-522" [09:27:28] [Thread-522/INFO]: [STDERR]: java.lang.NoSuchMethodError: getWindow
Exception in thread "Thread-523" [09:27:28] [Thread-523/INFO]: [STDERR]: java.lang.NoSuchMethodError: getWindow
Exception in thread "Thread-524" [09:27:28] [Thread-524/INFO]: [STDERR]: java.lang.NoSuchMethodError: getWindow
Exception in thread "Thread-525" [09:27:28] [Thread-525/INFO]: [STDERR]: java.lang.NoSuchMethodError: getWindow
[2178|t+50910ms|ThreadId(2)] [RsiftPlatformBridge] apply error: ClassNotFoundException: net.minecraft.core.registries.BuiltInRegistries
[2179|t+50911ms|ThreadId(2)] [RsiftPlatformBridge] apply error: ClassNotFoundException: net.minecraft.core.registries.BuiltInRegistries
Exception in thread "Thread-526" [09:27:28] [Thread-526/INFO]: [STDERR]: java.lang.NoSuchMethodError: getWindow
Exception in thread "Thread-527" [09:27:28] [Thread-527/INFO]: [STDERR]: java.lang.NoSuchMethodError: getWindow
Exception in thread "Thread-528" [09:27:28] [Thread-528/INFO]: [STDERR]: java.lang.NoSuchMethodError: getWindow
Exception in thread "Thread-529" [09:27:28] [Thread-529/INFO]: [STDERR]: java.lang.NoSuchMethodError: getWindow
[2180|t+51257ms|ThreadId(2)] [RsiftPlatformBridge] apply error: ClassNotFoundException: net.minecraft.core.registries.BuiltInRegistries
[2181|t+51258ms|ThreadId(2)] [RsiftPlatformBridge] apply error: ClassNotFoundException: net.minecraft.core.registries.BuiltInRegistries
Exception in thread "Thread-530" [09:27:29] [Thread-530/INFO]: [STDERR]: java.lang.NoSuchMethodError: getWindow
Exception in thread "Thread-531" [09:27:29] [Thread-531/INFO]: [STDERR]: java.lang.NoSuchMethodError: getWindow
Exception in thread "Thread-532" [09:27:29] [Thread-532/INFO]: [STDERR]: java.lang.NoSuchMethodError: getWindow
[09:27:29] [Thread-533/INFO]: [STDERR]: java.lang.NoSuchMethodError: getWindow
Exception in thread "Thread-533" [2182|t+51673ms|ThreadId(2)] [RsiftPlatformBridge] apply error: ClassNotFoundException: net.minecraft.core.registries.BuiltInRegistries
[2183|t+51674ms|ThreadId(2)] [RsiftPlatformBridge] apply error: ClassNotFoundException: net.minecraft.core.registries.BuiltInRegistries
Exception in thread "Thread-534" [09:27:29] [Thread-534/INFO]: [STDERR]: java.lang.NoSuchMethodError: getWindow
[09:27:29] [Thread-535/INFO]: [STDERR]: java.lang.NoSuchMethodError: getWindow
Exception in thread "Thread-535" Exception in thread "Thread-536" [09:27:29] [Thread-536/INFO]: [STDERR]: java.lang.NoSuchMethodError: getWindow
[09:27:29] [Thread-537/INFO]: [STDERR]: java.lang.NoSuchMethodError: getWindow
Exception in thread "Thread-537" [2184|t+52016ms|ThreadId(2)] [RsiftPlatformBridge] apply error: ClassNotFoundException: net.minecraft.core.registries.BuiltInRegistries
[2185|t+52018ms|ThreadId(2)] [RsiftPlatformBridge] apply error: ClassNotFoundException: net.minecraft.core.registries.BuiltInRegistries
Exception in thread "Thread-538" [09:27:30] [Thread-538/INFO]: [STDERR]: java.lang.NoSuchMethodError: getWindow
Exception in thread "Thread-539" [09:27:30] [Thread-539/INFO]: [STDERR]: java.lang.NoSuchMethodError: getWindow
Exception in thread "Thread-540" [09:27:30] [Thread-540/INFO]: [STDERR]: java.lang.NoSuchMethodError: getWindow
Exception in thread "Thread-541" [09:27:30] [Thread-541/INFO]: [STDERR]: java.lang.NoSuchMethodError: getWindow
[2186|t+52337ms|ThreadId(2)] [RsiftPlatformBridge] apply error: ClassNotFoundException: net.minecraft.core.registries.BuiltInRegistries
[2187|t+52339ms|ThreadId(2)] [RsiftPlatformBridge] apply error: ClassNotFoundException: net.minecraft.core.registries.BuiltInRegistries
Exception in thread "Thread-542" [09:27:30] [Thread-542/INFO]: [STDERR]: java.lang.NoSuchMethodError: getWindow
Exception in thread "Thread-543" [09:27:30] [Thread-543/INFO]: [STDERR]: java.lang.NoSuchMethodError: getWindow
Exception in thread "Thread-544" Exception in thread "Thread-545" [09:27:30] [Thread-544/INFO]: [STDERR]: java.lang.NoSuchMethodError: getWindow
[09:27:30] [Thread-545/INFO]: [STDERR]: java.lang.NoSuchMethodError: getWindow
[2188|t+52648ms|ThreadId(2)] [RsiftPlatformBridge] apply error: ClassNotFoundException: net.minecraft.core.registries.BuiltInRegistries
[2189|t+52649ms|ThreadId(2)] [RsiftPlatformBridge] apply error: ClassNotFoundException: net.minecraft.core.registries.BuiltInRegistries
Exception in thread "Thread-546" [09:27:30] [Thread-546/INFO]: [STDERR]: java.lang.NoSuchMethodError: getWindow
Exception in thread "Thread-547" [09:27:30] [Thread-547/INFO]: [STDERR]: java.lang.NoSuchMethodError: getWindow
Exception in thread "Thread-548" [09:27:30] [Thread-548/INFO]: [STDERR]: java.lang.NoSuchMethodError: getWindow
Exception in thread "Thread-549" [09:27:30] [Thread-549/INFO]: [STDERR]: java.lang.NoSuchMethodError: getWindow
[2190|t+52983ms|ThreadId(2)] [RsiftPlatformBridge] apply error: ClassNotFoundException: net.minecraft.core.registries.BuiltInRegistries
[2191|t+52984ms|ThreadId(2)] [RsiftPlatformBridge] apply error: ClassNotFoundException: net.minecraft.core.registries.BuiltInRegistries
Exception in thread "Thread-550" [09:27:30] [Thread-550/INFO]: [STDERR]: java.lang.NoSuchMethodError: getWindow
Exception in thread "Thread-551" [09:27:31] [Thread-551/INFO]: [STDERR]: java.lang.NoSuchMethodError: getWindow
Exception in thread "Thread-552" [09:27:31] [Thread-552/INFO]: [STDERR]: java.lang.NoSuchMethodError: getWindow
Exception in thread "Thread-553" [09:27:31] [Thread-553/INFO]: [STDERR]: java.lang.NoSuchMethodError: getWindow
[09:27:31] [Render thread/INFO]: Resizing Chunk Sections UBO, capacity limit of 128 reached during a single frame. New capacity will be 256.
[2192|t+53298ms|ThreadId(2)] [RsiftPlatformBridge] apply error: ClassNotFoundException: net.minecraft.core.registries.BuiltInRegistries
[2193|t+53299ms|ThreadId(2)] [RsiftPlatformBridge] apply error: ClassNotFoundException: net.minecraft.core.registries.BuiltInRegistries
Exception in thread "Thread-554" [09:27:31] [Thread-554/INFO]: [STDERR]: java.lang.NoSuchMethodError: getWindow
Exception in thread "Thread-555" [09:27:31] [Thread-555/INFO]: [STDERR]: java.lang.NoSuchMethodError: getWindow
Exception in thread "Thread-556" [09:27:31] [Thread-556/INFO]: [STDERR]: java.lang.NoSuchMethodError: getWindow
Exception in thread "Thread-557" [09:27:31] [Thread-557/INFO]: [STDERR]: java.lang.NoSuchMethodError: getWindow
[2194|t+53536ms|ThreadId(1)] [hook] render_flip fired (count=1200)
[2195|t+53604ms|ThreadId(2)] [RsiftPlatformBridge] apply error: ClassNotFoundException: net.minecraft.core.registries.BuiltInRegistries
[2196|t+53605ms|ThreadId(2)] [RsiftPlatformBridge] apply error: ClassNotFoundException: net.minecraft.core.registries.BuiltInRegistries
Exception in thread "Thread-558" [09:27:31] [Thread-558/INFO]: [STDERR]: java.lang.NoSuchMethodError: getWindow
Exception in thread "Thread-559" [09:27:31] [Thread-559/INFO]: [STDERR]: java.lang.NoSuchMethodError: getWindow
Exception in thread "Thread-560" [09:27:31] [Thread-560/INFO]: [STDERR]: java.lang.NoSuchMethodError: getWindow
[09:27:31] [Thread-561/INFO]: [STDERR]: java.lang.NoSuchMethodError: getWindow
Exception in thread "Thread-561" [2197|t+54037ms|ThreadId(2)] [RsiftPlatformBridge] apply error: ClassNotFoundException: net.minecraft.core.registries.BuiltInRegistries
[2198|t+54038ms|ThreadId(2)] [RsiftPlatformBridge] apply error: ClassNotFoundException: net.minecraft.core.registries.BuiltInRegistries
Exception in thread "Thread-562" [09:27:32] [Thread-562/INFO]: [STDERR]: java.lang.NoSuchMethodError: getWindow
Exception in thread "Thread-563" [09:27:32] [Thread-563/INFO]: [STDERR]: java.lang.NoSuchMethodError: getWindow
Exception in thread "Thread-564" [09:27:32] [Thread-564/INFO]: [STDERR]: java.lang.NoSuchMethodError: getWindow
Exception in thread "Thread-565" [09:27:32] [Thread-565/INFO]: [STDERR]: java.lang.NoSuchMethodError: getWindow
[2199|t+54412ms|ThreadId(2)] [RsiftPlatformBridge] apply error: ClassNotFoundException: net.minecraft.core.registries.BuiltInRegistries
[2200|t+54413ms|ThreadId(2)] [RsiftPlatformBridge] apply error: ClassNotFoundException: net.minecraft.core.registries.BuiltInRegistries
Exception in thread "Thread-566" [09:27:32] [Thread-566/INFO]: [STDERR]: java.lang.NoSuchMethodError: getWindow
Exception in thread "Thread-567" [09:27:32] [Thread-567/INFO]: [STDERR]: java.lang.NoSuchMethodError: getWindow
Exception in thread "Thread-568" [09:27:32] [Thread-568/INFO]: [STDERR]: java.lang.NoSuchMethodError: getWindow
Exception in thread "Thread-569" [09:27:32] [Thread-569/INFO]: [STDERR]: java.lang.NoSuchMethodError: getWindow
[2201|t+54779ms|ThreadId(2)] [RsiftPlatformBridge] apply error: ClassNotFoundException: net.minecraft.core.registries.BuiltInRegistries
[2202|t+54781ms|ThreadId(2)] [RsiftPlatformBridge] apply error: ClassNotFoundException: net.minecraft.core.registries.BuiltInRegistries
Exception in thread "Thread-570" [09:27:32] [Thread-570/INFO]: [STDERR]: java.lang.NoSuchMethodError: getWindow
Exception in thread "Thread-571" [09:27:32] [Thread-571/INFO]: [STDERR]: java.lang.NoSuchMethodError: getWindow
Exception in thread "Thread-572" [09:27:32] [Thread-572/INFO]: [STDERR]: java.lang.NoSuchMethodError: getWindow
[09:27:32] [Thread-573/INFO]: [STDERR]: java.lang.NoSuchMethodError: getWindow
Exception in thread "Thread-573" [2203|t+55115ms|ThreadId(2)] [RsiftPlatformBridge] apply error: ClassNotFoundException: net.minecraft.core.registries.BuiltInRegistries
[2204|t+55116ms|ThreadId(2)] [RsiftPlatformBridge] apply error: ClassNotFoundException: net.minecraft.core.registries.BuiltInRegistries
Exception in thread "Thread-574" [09:27:33] [Thread-574/INFO]: [STDERR]: java.lang.NoSuchMethodError: getWindow
Exception in thread "Thread-575" [09:27:33] [Thread-575/INFO]: [STDERR]: java.lang.NoSuchMethodError: getWindow
Exception in thread "Thread-576" [09:27:33] [Thread-576/INFO]: [STDERR]: java.lang.NoSuchMethodError: getWindow
Exception in thread "Thread-577" [09:27:33] [Thread-577/INFO]: [STDERR]: java.lang.NoSuchMethodError: getWindow
[2205|t+55450ms|ThreadId(2)] [RsiftPlatformBridge] apply error: ClassNotFoundException: net.minecraft.core.registries.BuiltInRegistries
[2206|t+55451ms|ThreadId(2)] [RsiftPlatformBridge] apply error: ClassNotFoundException: net.minecraft.core.registries.BuiltInRegistries
Exception in thread "Thread-578" [09:27:33] [Thread-578/INFO]: [STDERR]: java.lang.NoSuchMethodError: getWindow
Exception in thread "Thread-579" [09:27:33] [Thread-579/INFO]: [STDERR]: java.lang.NoSuchMethodError: getWindow
Exception in thread "Thread-580" [09:27:33] [Thread-580/INFO]: [STDERR]: java.lang.NoSuchMethodError: getWindow
Exception in thread "Thread-581" [09:27:33] [Thread-581/INFO]: [STDERR]: java.lang.NoSuchMethodError: getWindow
[2207|t+55819ms|ThreadId(2)] [RsiftPlatformBridge] apply error: ClassNotFoundException: net.minecraft.core.registries.BuiltInRegistries
[2208|t+55821ms|ThreadId(2)] [RsiftPlatformBridge] apply error: ClassNotFoundException: net.minecraft.core.registries.BuiltInRegistries
Exception in thread "Thread-582" [09:27:33] [Thread-582/INFO]: [STDERR]: java.lang.NoSuchMethodError: getWindow
Exception in thread "Thread-583" [09:27:33] [Thread-583/INFO]: [STDERR]: java.lang.NoSuchMethodError: getWindow
[09:27:33] [Thread-584/INFO]: [STDERR]: java.lang.NoSuchMethodError: getWindow
Exception in thread "Thread-584" Exception in thread "Thread-585" [09:27:33] [Thread-585/INFO]: [STDERR]: java.lang.NoSuchMethodError: getWindow
[2209|t+56165ms|ThreadId(2)] [RsiftPlatformBridge] apply error: ClassNotFoundException: net.minecraft.core.registries.BuiltInRegistries
[2210|t+56166ms|ThreadId(2)] [RsiftPlatformBridge] apply error: ClassNotFoundException: net.minecraft.core.registries.BuiltInRegistries
Exception in thread "Thread-586" [09:27:34] [Thread-586/INFO]: [STDERR]: java.lang.NoSuchMethodError: getWindow
[09:27:34] [Thread-587/INFO]: [STDERR]: java.lang.NoSuchMethodError: getWindow
Exception in thread "Thread-587" Exception in thread "Thread-588" [09:27:34] [Thread-588/INFO]: [STDERR]: java.lang.NoSuchMethodError: getWindow
Exception in thread "Thread-589" [09:27:34] [Thread-589/INFO]: [STDERR]: java.lang.NoSuchMethodError: getWindow
[2211|t+56504ms|ThreadId(2)] [RsiftPlatformBridge] apply error: ClassNotFoundException: net.minecraft.core.registries.BuiltInRegistries
[2212|t+56505ms|ThreadId(2)] [RsiftPlatformBridge] apply error: ClassNotFoundException: net.minecraft.core.registries.BuiltInRegistries
Exception in thread "Thread-590" [09:27:34] [Thread-590/INFO]: [STDERR]: java.lang.NoSuchMethodError: getWindow
Exception in thread "Thread-591" [09:27:34] [Thread-591/INFO]: [STDERR]: java.lang.NoSuchMethodError: getWindow
Exception in thread "Thread-592" [09:27:34] [Thread-592/INFO]: [STDERR]: java.lang.NoSuchMethodError: getWindow
Exception in thread "Thread-593" [09:27:34] [Thread-593/INFO]: [STDERR]: java.lang.NoSuchMethodError: getWindow
[2213|t+56824ms|ThreadId(2)] [RsiftPlatformBridge] apply error: ClassNotFoundException: net.minecraft.core.registries.BuiltInRegistries
[2214|t+56825ms|ThreadId(2)] [RsiftPlatformBridge] apply error: ClassNotFoundException: net.minecraft.core.registries.BuiltInRegistries
Exception in thread "Thread-594" [09:27:34] [Thread-594/INFO]: [STDERR]: java.lang.NoSuchMethodError: getWindow
Exception in thread "Thread-595" Exception in thread "Thread-596" [09:27:34] [Thread-595/INFO]: [STDERR]: java.lang.NoSuchMethodError: getWindow
[09:27:34] [Thread-596/INFO]: [STDERR]: java.lang.NoSuchMethodError: getWindow
Exception in thread "Thread-597" [09:27:34] [Thread-597/INFO]: [STDERR]: java.lang.NoSuchMethodError: getWindow
[09:27:35] [Server thread/INFO]: Saving and pausing game...
[09:27:35] [Server thread/INFO]: Saving chunks for level 'ServerLevel[New World]'/minecraft:overworld
[09:27:35] [Server thread/INFO]: Saving chunks for level 'ServerLevel[New World]'/minecraft:the_end
[09:27:35] [Server thread/INFO]: Saving chunks for level 'ServerLevel[New World]'/minecraft:the_nether
[2215|t+57213ms|ThreadId(2)] [RsiftPlatformBridge] apply error: ClassNotFoundException: net.minecraft.core.registries.BuiltInRegistries
[2216|t+57214ms|ThreadId(2)] [RsiftPlatformBridge] apply error: ClassNotFoundException: net.minecraft.core.registries.BuiltInRegistries
Exception in thread "Thread-601" [09:27:35] [Thread-601/INFO]: [STDERR]: java.lang.NoSuchMethodError: getWindow
Exception in thread "Thread-602" [09:27:35] [Thread-602/INFO]: [STDERR]: java.lang.NoSuchMethodError: getWindow
Exception in thread "Thread-603" [09:27:35] [Thread-603/INFO]: [STDERR]: java.lang.NoSuchMethodError: getWindow
Exception in thread "Thread-604" [09:27:35] [Thread-604/INFO]: [STDERR]: java.lang.NoSuchMethodError: getWindow
[2217|t+57518ms|ThreadId(2)] [RsiftPlatformBridge] apply error: ClassNotFoundException: net.minecraft.core.registries.BuiltInRegistries
[2218|t+57519ms|ThreadId(2)] [RsiftPlatformBridge] apply error: ClassNotFoundException: net.minecraft.core.registries.BuiltInRegistries
Exception in thread "Thread-605" [09:27:35] [Thread-605/INFO]: [STDERR]: java.lang.NoSuchMethodError: getWindow
Exception in thread "Thread-606" [09:27:35] [Thread-606/INFO]: [STDERR]: java.lang.NoSuchMethodError: getWindow
Exception in thread "Thread-607" [09:27:35] [Thread-607/INFO]: [STDERR]: java.lang.NoSuchMethodError: getWindow
Exception in thread "Thread-608" [09:27:35] [Thread-608/INFO]: [STDERR]: java.lang.NoSuchMethodError: getWindow
[2219|t+57829ms|ThreadId(2)] [RsiftPlatformBridge] apply error: ClassNotFoundException: net.minecraft.core.registries.BuiltInRegistries
[2220|t+57830ms|ThreadId(2)] [RsiftPlatformBridge] apply error: ClassNotFoundException: net.minecraft.core.registries.BuiltInRegistries
Exception in thread "Thread-609" [09:27:35] [Thread-609/INFO]: [STDERR]: java.lang.NoSuchMethodError: getWindow
Exception in thread "Thread-610" [09:27:35] [Thread-610/INFO]: [STDERR]: java.lang.NoSuchMethodError: getWindow
Exception in thread "Thread-611" [09:27:35] [Thread-611/INFO]: [STDERR]: java.lang.NoSuchMethodError: getWindow
Exception in thread "Thread-612" [09:27:35] [Thread-612/INFO]: [STDERR]: java.lang.NoSuchMethodError: getWindow
[2221|t+58136ms|ThreadId(2)] [RsiftPlatformBridge] apply error: ClassNotFoundException: net.minecraft.core.registries.BuiltInRegistries
[2222|t+58137ms|ThreadId(2)] [RsiftPlatformBridge] apply error: ClassNotFoundException: net.minecraft.core.registries.BuiltInRegistries
Exception in thread "Thread-613" [09:27:36] [Thread-613/INFO]: [STDERR]: java.lang.NoSuchMethodError: getWindow
Exception in thread "Thread-614" [09:27:36] [Thread-614/INFO]: [STDERR]: java.lang.NoSuchMethodError: getWindow
Exception in thread "Thread-615" [09:27:36] [Thread-615/INFO]: [STDERR]: java.lang.NoSuchMethodError: getWindow
Exception in thread "Thread-616" [09:27:36] [Thread-616/INFO]: [STDERR]: java.lang.NoSuchMethodError: getWindow
[2223|t+58440ms|ThreadId(2)] [RsiftPlatformBridge] apply error: ClassNotFoundException: net.minecraft.core.registries.BuiltInRegistries
[2224|t+58441ms|ThreadId(2)] [RsiftPlatformBridge] apply error: ClassNotFoundException: net.minecraft.core.registries.BuiltInRegistries
Exception in thread "Thread-617" [09:27:36] [Thread-617/INFO]: [STDERR]: java.lang.NoSuchMethodError: getWindow
Exception in thread "Thread-618" [09:27:36] [Thread-618/INFO]: [STDERR]: java.lang.NoSuchMethodError: getWindow
Exception in thread "Thread-619" [09:27:36] [Thread-619/INFO]: [STDERR]: java.lang.NoSuchMethodError: getWindow
[2225|t+58570ms|ThreadId(2)] [step] title_marker — window title set: Minecraft* 1.21.11 - Rsift (RsGraphics Render)
Exception in thread "Thread-620" [09:27:36] [Thread-620/INFO]: [STDERR]: java.lang.NoSuchMethodError: getWindow
[2226|t+58822ms|ThreadId(2)] [RsiftPlatformBridge] apply error: ClassNotFoundException: net.minecraft.core.registries.BuiltInRegistries
[2227|t+58823ms|ThreadId(2)] [RsiftPlatformBridge] apply error: ClassNotFoundException: net.minecraft.core.registries.BuiltInRegistries
[2228|t+58824ms|ThreadId(2)] [step] tick_loop — alive tick=600
Exception in thread "Thread-621" [09:27:36] [Thread-621/INFO]: [STDERR]: java.lang.NoSuchMethodError: getWindow
Exception in thread "Thread-622" [09:27:36] [Thread-622/INFO]: [STDERR]: java.lang.NoSuchMethodError: getWindow
Exception in thread "Thread-623" [09:27:36] [Thread-623/INFO]: [STDERR]: java.lang.NoSuchMethodError: getWindow
Exception in thread "Thread-624" [09:27:36] [Thread-624/INFO]: [STDERR]: java.lang.NoSuchMethodError: getWindow
[2229|t+59143ms|ThreadId(2)] [RsiftPlatformBridge] apply error: ClassNotFoundException: net.minecraft.core.registries.BuiltInRegistries
[2230|t+59144ms|ThreadId(2)] [RsiftPlatformBridge] apply error: ClassNotFoundException: net.minecraft.core.registries.BuiltInRegistries
Exception in thread "Thread-625" [09:27:37] [Thread-625/INFO]: [STDERR]: java.lang.NoSuchMethodError: getWindow
Exception in thread "Thread-626" [09:27:37] [Thread-626/INFO]: [STDERR]: java.lang.NoSuchMethodError: getWindow
Exception in thread "Thread-627" [09:27:37] [Thread-627/INFO]: [STDERR]: java.lang.NoSuchMethodError: getWindow
Exception in thread "Thread-628" [09:27:37] [Thread-628/INFO]: [STDERR]: java.lang.NoSuchMethodError: getWindow
[2231|t+59457ms|ThreadId(2)] [RsiftPlatformBridge] apply error: ClassNotFoundException: net.minecraft.core.registries.BuiltInRegistries
[2232|t+59457ms|ThreadId(2)] [RsiftPlatformBridge] apply error: ClassNotFoundException: net.minecraft.core.registries.BuiltInRegistries
Exception in thread "Thread-629" [09:27:37] [Thread-629/INFO]: [STDERR]: java.lang.NoSuchMethodError: getWindow
Exception in thread "Thread-630" [09:27:37] [Thread-630/INFO]: [STDERR]: java.lang.NoSuchMethodError: getWindow
Exception in thread "Thread-631" [09:27:37] [Thread-631/INFO]: [STDERR]: java.lang.NoSuchMethodError: getWindow
Exception in thread "Thread-632" [09:27:37] [Thread-632/INFO]: [STDERR]: java.lang.NoSuchMethodError: getWindow
[2233|t+59777ms|ThreadId(2)] [RsiftPlatformBridge] apply error: ClassNotFoundException: net.minecraft.core.registries.BuiltInRegistries
[2234|t+59777ms|ThreadId(2)] [RsiftPlatformBridge] apply error: ClassNotFoundException: net.minecraft.core.registries.BuiltInRegistries
Exception in thread "Thread-633" [09:27:37] [Thread-633/INFO]: [STDERR]: java.lang.NoSuchMethodError: getWindow
Exception in thread "Thread-634" [09:27:37] [Thread-634/INFO]: [STDERR]: java.lang.NoSuchMethodError: getWindow
Exception in thread "Thread-635" [09:27:37] [Thread-635/INFO]: [STDERR]: java.lang.NoSuchMethodError: getWindow
Exception in thread "Thread-636" [09:27:37] [Thread-636/INFO]: [STDERR]: java.lang.NoSuchMethodError: getWindow
[2235|t+60082ms|ThreadId(2)] [RsiftPlatformBridge] apply error: ClassNotFoundException: net.minecraft.core.registries.BuiltInRegistries
[2236|t+60083ms|ThreadId(2)] [RsiftPlatformBridge] apply error: ClassNotFoundException: net.minecraft.core.registries.BuiltInRegistries
Exception in thread "Thread-637" [09:27:38] [Thread-637/INFO]: [STDERR]: java.lang.NoSuchMethodError: getWindow
Exception in thread "Thread-638" [09:27:38] [Thread-638/INFO]: [STDERR]: java.lang.NoSuchMethodError: getWindow
Exception in thread "Thread-639" [09:27:38] [Thread-639/INFO]: [STDERR]: java.lang.NoSuchMethodError: getWindow
Exception in thread "Thread-640" [09:27:38] [Thread-640/INFO]: [STDERR]: java.lang.NoSuchMethodError: getWindow
[2237|t+60387ms|ThreadId(2)] [RsiftPlatformBridge] apply error: ClassNotFoundException: net.minecraft.core.registries.BuiltInRegistries
[2238|t+60387ms|ThreadId(2)] [RsiftPlatformBridge] apply error: ClassNotFoundException: net.minecraft.core.registries.BuiltInRegistries
Exception in thread "Thread-641" [09:27:38] [Thread-641/INFO]: [STDERR]: java.lang.NoSuchMethodError: getWindow
Exception in thread "Thread-642" [09:27:38] [Thread-642/INFO]: [STDERR]: java.lang.NoSuchMethodError: getWindow
Exception in thread "Thread-643" [09:27:38] [Thread-643/INFO]: [STDERR]: java.lang.NoSuchMethodError: getWindow
Exception in thread "Thread-644" [09:27:38] [Thread-644/INFO]: [STDERR]: java.lang.NoSuchMethodError: getWindow
[2239|t+60691ms|ThreadId(2)] [RsiftPlatformBridge] apply error: ClassNotFoundException: net.minecraft.core.registries.BuiltInRegistries
[2240|t+60692ms|ThreadId(2)] [RsiftPlatformBridge] apply error: ClassNotFoundException: net.minecraft.core.registries.BuiltInRegistries
Exception in thread "Thread-645" [09:27:38] [Thread-645/INFO]: [STDERR]: java.lang.NoSuchMethodError: getWindow
Exception in thread "Thread-646" [09:27:38] [Thread-646/INFO]: [STDERR]: java.lang.NoSuchMethodError: getWindow
Exception in thread "Thread-647" [09:27:38] [Thread-647/INFO]: [STDERR]: java.lang.NoSuchMethodError: getWindow
Exception in thread "Thread-648" [09:27:38] [Thread-648/INFO]: [STDERR]: java.lang.NoSuchMethodError: getWindow
[2241|t+60997ms|ThreadId(2)] [RsiftPlatformBridge] apply error: ClassNotFoundException: net.minecraft.core.registries.BuiltInRegistries
[2242|t+60997ms|ThreadId(2)] [RsiftPlatformBridge] apply error: ClassNotFoundException: net.minecraft.core.registries.BuiltInRegistries
Exception in thread "Thread-649" [09:27:39] [Thread-649/INFO]: [STDERR]: java.lang.NoSuchMethodError: getWindow
Exception in thread "Thread-650" [09:27:39] [Thread-650/INFO]: [STDERR]: java.lang.NoSuchMethodError: getWindow
Exception in thread "Thread-651" [09:27:39] [Thread-651/INFO]: [STDERR]: java.lang.NoSuchMethodError: getWindow
Exception in thread "Thread-652" [09:27:39] [Thread-652/INFO]: [STDERR]: java.lang.NoSuchMethodError: getWindow
[2243|t+61301ms|ThreadId(2)] [RsiftPlatformBridge] apply error: ClassNotFoundException: net.minecraft.core.registries.BuiltInRegistries
[2244|t+61301ms|ThreadId(2)] [RsiftPlatformBridge] apply error: ClassNotFoundException: net.minecraft.core.registries.BuiltInRegistries
Exception in thread "Thread-653" [09:27:39] [Thread-653/INFO]: [STDERR]: java.lang.NoSuchMethodError: getWindow
Exception in thread "Thread-654" [09:27:39] [Thread-654/INFO]: [STDERR]: java.lang.NoSuchMethodError: getWindow
[09:27:39] [Thread-655/INFO]: [STDERR]: java.lang.NoSuchMethodError: getWindow
Exception in thread "Thread-655" Exception in thread "Thread-656" [09:27:39] [Thread-656/INFO]: [STDERR]: java.lang.NoSuchMethodError: getWindow
[2245|t+61618ms|ThreadId(2)] [RsiftPlatformBridge] apply error: ClassNotFoundException: net.minecraft.core.registries.BuiltInRegistries
[2246|t+61619ms|ThreadId(2)] [RsiftPlatformBridge] apply error: ClassNotFoundException: net.minecraft.core.registries.BuiltInRegistries
Exception in thread "Thread-657" [09:27:39] [Thread-657/INFO]: [STDERR]: java.lang.NoSuchMethodError: getWindow
Exception in thread "Thread-658" [09:27:39] [Thread-658/INFO]: [STDERR]: java.lang.NoSuchMethodError: getWindow
Exception in thread "Thread-659" [09:27:39] [Thread-659/INFO]: [STDERR]: java.lang.NoSuchMethodError: getWindow
Exception in thread "Thread-660" [09:27:39] [Thread-660/INFO]: [STDERR]: java.lang.NoSuchMethodError: getWindow
[2247|t+61924ms|ThreadId(2)] [RsiftPlatformBridge] apply error: ClassNotFoundException: net.minecraft.core.registries.BuiltInRegistries
[2248|t+61924ms|ThreadId(2)] [RsiftPlatformBridge] apply error: ClassNotFoundException: net.minecraft.core.registries.BuiltInRegistries
Exception in thread "Thread-661" [09:27:39] [Thread-661/INFO]: [STDERR]: java.lang.NoSuchMethodError: getWindow
Exception in thread "Thread-662" [09:27:39] [Thread-662/INFO]: [STDERR]: java.lang.NoSuchMethodError: getWindow
Exception in thread "Thread-663" [09:27:39] [Thread-663/INFO]: [STDERR]: java.lang.NoSuchMethodError: getWindow
Exception in thread "Thread-664" [09:27:39] [Thread-664/INFO]: [STDERR]: java.lang.NoSuchMethodError: getWindow
[2249|t+62228ms|ThreadId(2)] [RsiftPlatformBridge] apply error: ClassNotFoundException: net.minecraft.core.registries.BuiltInRegistries
[2250|t+62229ms|ThreadId(2)] [RsiftPlatformBridge] apply error: ClassNotFoundException: net.minecraft.core.registries.BuiltInRegistries
Exception in thread "Thread-665" [09:27:40] [Thread-665/INFO]: [STDERR]: java.lang.NoSuchMethodError: getWindow
Exception in thread "Thread-666" [09:27:40] [Thread-666/INFO]: [STDERR]: java.lang.NoSuchMethodError: getWindow
Exception in thread "Thread-667" [09:27:40] [Thread-667/INFO]: [STDERR]: java.lang.NoSuchMethodError: getWindow
Exception in thread "Thread-668" [09:27:40] [Thread-668/INFO]: [STDERR]: java.lang.NoSuchMethodError: getWindow
[2251|t+62533ms|ThreadId(2)] [RsiftPlatformBridge] apply error: ClassNotFoundException: net.minecraft.core.registries.BuiltInRegistries
[2252|t+62534ms|ThreadId(2)] [RsiftPlatformBridge] apply error: ClassNotFoundException: net.minecraft.core.registries.BuiltInRegistries
Exception in thread "Thread-669" [09:27:40] [Thread-669/INFO]: [STDERR]: java.lang.NoSuchMethodError: getWindow
Exception in thread "Thread-670" [09:27:40] [Thread-670/INFO]: [STDERR]: java.lang.NoSuchMethodError: getWindow
Exception in thread "Thread-671" [09:27:40] [Thread-671/INFO]: [STDERR]: java.lang.NoSuchMethodError: getWindow
Exception in thread "Thread-672" [09:27:40] [Thread-672/INFO]: [STDERR]: java.lang.NoSuchMethodError: getWindow
[2253|t+62837ms|ThreadId(2)] [RsiftPlatformBridge] apply error: ClassNotFoundException: net.minecraft.core.registries.BuiltInRegistries
[2254|t+62838ms|ThreadId(2)] [RsiftPlatformBridge] apply error: ClassNotFoundException: net.minecraft.core.registries.BuiltInRegistries
Exception in thread "Thread-673" [09:27:40] [Thread-673/INFO]: [STDERR]: java.lang.NoSuchMethodError: getWindow
Exception in thread "Thread-674" [09:27:40] [Thread-674/INFO]: [STDERR]: java.lang.NoSuchMethodError: getWindow
Exception in thread "Thread-675" [09:27:40] [Thread-675/INFO]: [STDERR]: java.lang.NoSuchMethodError: getWindow
Exception in thread "Thread-676" [09:27:40] [Thread-676/INFO]: [STDERR]: java.lang.NoSuchMethodError: getWindow
[2255|t+63183ms|ThreadId(2)] [RsiftPlatformBridge] apply error: ClassNotFoundException: net.minecraft.core.registries.BuiltInRegistries
[2256|t+63184ms|ThreadId(2)] [RsiftPlatformBridge] apply error: ClassNotFoundException: net.minecraft.core.registries.BuiltInRegistries
Exception in thread "Thread-677" [09:27:41] [Thread-677/INFO]: [STDERR]: java.lang.NoSuchMethodError: getWindow
Exception in thread "Thread-678" [09:27:41] [Thread-678/INFO]: [STDERR]: java.lang.NoSuchMethodError: getWindow
Exception in thread "Thread-679" [09:27:41] [Thread-679/INFO]: [STDERR]: java.lang.NoSuchMethodError: getWindow
Exception in thread "Thread-680" [09:27:41] [Thread-680/INFO]: [STDERR]: java.lang.NoSuchMethodError: getWindow
[2257|t+63487ms|ThreadId(2)] [RsiftPlatformBridge] apply error: ClassNotFoundException: net.minecraft.core.registries.BuiltInRegistries
[2258|t+63488ms|ThreadId(2)] [RsiftPlatformBridge] apply error: ClassNotFoundException: net.minecraft.core.registries.BuiltInRegistries
Exception in thread "Thread-681" [09:27:41] [Thread-681/INFO]: [STDERR]: java.lang.NoSuchMethodError: getWindow
Exception in thread "Thread-682" [09:27:41] [Thread-682/INFO]: [STDERR]: java.lang.NoSuchMethodError: getWindow
Exception in thread "Thread-683" [09:27:41] [Thread-683/INFO]: [STDERR]: java.lang.NoSuchMethodError: getWindow
Exception in thread "Thread-684" [09:27:41] [Thread-684/INFO]: [STDERR]: java.lang.NoSuchMethodError: getWindow
[2259|t+63793ms|ThreadId(2)] [RsiftPlatformBridge] apply error: ClassNotFoundException: net.minecraft.core.registries.BuiltInRegistries
[2260|t+63794ms|ThreadId(2)] [RsiftPlatformBridge] apply error: ClassNotFoundException: net.minecraft.core.registries.BuiltInRegistries
Exception in thread "Thread-685" [09:27:41] [Thread-685/INFO]: [STDERR]: java.lang.NoSuchMethodError: getWindow
Exception in thread "Thread-686" [09:27:41] [Thread-686/INFO]: [STDERR]: java.lang.NoSuchMethodError: getWindow
Exception in thread "Thread-687" [09:27:41] [Thread-687/INFO]: [STDERR]: java.lang.NoSuchMethodError: getWindow
Exception in thread "Thread-688" [09:27:41] [Thread-688/INFO]: [STDERR]: java.lang.NoSuchMethodError: getWindow
[2261|t+64097ms|ThreadId(2)] [RsiftPlatformBridge] apply error: ClassNotFoundException: net.minecraft.core.registries.BuiltInRegistries
[2262|t+64098ms|ThreadId(2)] [RsiftPlatformBridge] apply error: ClassNotFoundException: net.minecraft.core.registries.BuiltInRegistries
Exception in thread "Thread-689" [09:27:42] [Thread-689/INFO]: [STDERR]: java.lang.NoSuchMethodError: getWindow
Exception in thread "Thread-690" [09:27:42] [Thread-690/INFO]: [STDERR]: java.lang.NoSuchMethodError: getWindow
Exception in thread "Thread-691" [09:27:42] [Thread-691/INFO]: [STDERR]: java.lang.NoSuchMethodError: getWindow
Exception in thread "Thread-692" [09:27:42] [Thread-692/INFO]: [STDERR]: java.lang.NoSuchMethodError: getWindow
[2263|t+64401ms|ThreadId(2)] [RsiftPlatformBridge] apply error: ClassNotFoundException: net.minecraft.core.registries.BuiltInRegistries
[2264|t+64402ms|ThreadId(2)] [RsiftPlatformBridge] apply error: ClassNotFoundException: net.minecraft.core.registries.BuiltInRegistries
Exception in thread "Thread-693" [09:27:42] [Thread-693/INFO]: [STDERR]: java.lang.NoSuchMethodError: getWindow
Exception in thread "Thread-694" [09:27:42] [Thread-694/INFO]: [STDERR]: java.lang.NoSuchMethodError: getWindow
Exception in thread "Thread-695" [09:27:42] [Thread-695/INFO]: [STDERR]: java.lang.NoSuchMethodError: getWindow
Exception in thread "Thread-696" [09:27:42] [Thread-696/INFO]: [STDERR]: java.lang.NoSuchMethodError: getWindow
[2265|t+64739ms|ThreadId(2)] [RsiftPlatformBridge] apply error: ClassNotFoundException: net.minecraft.core.registries.BuiltInRegistries
[2266|t+64740ms|ThreadId(2)] [RsiftPlatformBridge] apply error: ClassNotFoundException: net.minecraft.core.registries.BuiltInRegistries
Exception in thread "Thread-697" [09:27:42] [Thread-697/INFO]: [STDERR]: java.lang.NoSuchMethodError: getWindow
Exception in thread "Thread-698" [09:27:42] [Thread-698/INFO]: [STDERR]: java.lang.NoSuchMethodError: getWindow
Exception in thread "Thread-699" [09:27:42] [Thread-699/INFO]: [STDERR]: java.lang.NoSuchMethodError: getWindow
Exception in thread "Thread-700" [09:27:42] [Thread-700/INFO]: [STDERR]: java.lang.NoSuchMethodError: getWindow
[2267|t+65045ms|ThreadId(2)] [RsiftPlatformBridge] apply error: ClassNotFoundException: net.minecraft.core.registries.BuiltInRegistries
[2268|t+65046ms|ThreadId(2)] [RsiftPlatformBridge] apply error: ClassNotFoundException: net.minecraft.core.registries.BuiltInRegistries
Exception in thread "Thread-701" [09:27:43] [Thread-701/INFO]: [STDERR]: java.lang.NoSuchMethodError: getWindow
Exception in thread "Thread-702" [09:27:43] [Thread-702/INFO]: [STDERR]: java.lang.NoSuchMethodError: getWindow
Exception in thread "Thread-703" [09:27:43] [Thread-703/INFO]: [STDERR]: java.lang.NoSuchMethodError: getWindow
Exception in thread "Thread-704" [09:27:43] [Thread-704/INFO]: [STDERR]: java.lang.NoSuchMethodError: getWindow
[2269|t+65375ms|ThreadId(2)] [RsiftPlatformBridge] apply error: ClassNotFoundException: net.minecraft.core.registries.BuiltInRegistries
[2270|t+65376ms|ThreadId(2)] [RsiftPlatformBridge] apply error: ClassNotFoundException: net.minecraft.core.registries.BuiltInRegistries
Exception in thread "Thread-705" [09:27:43] [Thread-705/INFO]: [STDERR]: java.lang.NoSuchMethodError: getWindow
Exception in thread "Thread-706" [09:27:43] [Thread-706/INFO]: [STDERR]: java.lang.NoSuchMethodError: getWindow
Exception in thread "Thread-707" [09:27:43] [Thread-707/INFO]: [STDERR]: java.lang.NoSuchMethodError: getWindow
Exception in thread "Thread-708" [09:27:43] [Thread-708/INFO]: [STDERR]: java.lang.NoSuchMethodError: getWindow
[2271|t+65680ms|ThreadId(2)] [RsiftPlatformBridge] apply error: ClassNotFoundException: net.minecraft.core.registries.BuiltInRegistries
[2272|t+65681ms|ThreadId(2)] [RsiftPlatformBridge] apply error: ClassNotFoundException: net.minecraft.core.registries.BuiltInRegistries
Exception in thread "Thread-709" [09:27:43] [Thread-709/INFO]: [STDERR]: java.lang.NoSuchMethodError: getWindow
Exception in thread "Thread-710" [09:27:43] [Thread-710/INFO]: [STDERR]: java.lang.NoSuchMethodError: getWindow
Exception in thread "Thread-711" [09:27:43] [Thread-711/INFO]: [STDERR]: java.lang.NoSuchMethodError: getWindow
Exception in thread "Thread-712" [09:27:43] [Thread-712/INFO]: [STDERR]: java.lang.NoSuchMethodError: getWindow
[2273|t+65986ms|ThreadId(2)] [RsiftPlatformBridge] apply error: ClassNotFoundException: net.minecraft.core.registries.BuiltInRegistries
[2274|t+65986ms|ThreadId(2)] [RsiftPlatformBridge] apply error: ClassNotFoundException: net.minecraft.core.registries.BuiltInRegistries
Exception in thread "Thread-713" [09:27:43] [Thread-713/INFO]: [STDERR]: java.lang.NoSuchMethodError: getWindow
Exception in thread "Thread-714" [09:27:44] [Thread-714/INFO]: [STDERR]: java.lang.NoSuchMethodError: getWindow
Exception in thread "Thread-715" [09:27:44] [Thread-715/INFO]: [STDERR]: java.lang.NoSuchMethodError: getWindow
Exception in thread "Thread-716" [09:27:44] [Thread-716/INFO]: [STDERR]: java.lang.NoSuchMethodError: getWindow
[2275|t+66316ms|ThreadId(2)] [RsiftPlatformBridge] apply error: ClassNotFoundException: net.minecraft.core.registries.BuiltInRegistries
[2276|t+66317ms|ThreadId(2)] [RsiftPlatformBridge] apply error: ClassNotFoundException: net.minecraft.core.registries.BuiltInRegistries
Exception in thread "Thread-717" [09:27:44] [Thread-717/INFO]: [STDERR]: java.lang.NoSuchMethodError: getWindow
Exception in thread "Thread-718" [09:27:44] [Thread-718/INFO]: [STDERR]: java.lang.NoSuchMethodError: getWindow
Exception in thread "Thread-719" [09:27:44] [Thread-719/INFO]: [STDERR]: java.lang.NoSuchMethodError: getWindow
Exception in thread "Thread-720" [09:27:44] [Thread-720/INFO]: [STDERR]: java.lang.NoSuchMethodError: getWindow
[2277|t+66620ms|ThreadId(2)] [RsiftPlatformBridge] apply error: ClassNotFoundException: net.minecraft.core.registries.BuiltInRegistries
[2278|t+66621ms|ThreadId(2)] [RsiftPlatformBridge] apply error: ClassNotFoundException: net.minecraft.core.registries.BuiltInRegistries
Exception in thread "Thread-721" [09:27:44] [Thread-721/INFO]: [STDERR]: java.lang.NoSuchMethodError: getWindow
Exception in thread "Thread-722" [09:27:44] [Thread-722/INFO]: [STDERR]: java.lang.NoSuchMethodError: getWindow
Exception in thread "Thread-723" [09:27:44] [Thread-723/INFO]: [STDERR]: java.lang.NoSuchMethodError: getWindow
Exception in thread "Thread-724" [09:27:44] [Thread-724/INFO]: [STDERR]: java.lang.NoSuchMethodError: getWindow
[2279|t+66924ms|ThreadId(2)] [RsiftPlatformBridge] apply error: ClassNotFoundException: net.minecraft.core.registries.BuiltInRegistries
[2280|t+66925ms|ThreadId(2)] [RsiftPlatformBridge] apply error: ClassNotFoundException: net.minecraft.core.registries.BuiltInRegistries
Exception in thread "Thread-725" [09:27:44] [Thread-725/INFO]: [STDERR]: java.lang.NoSuchMethodError: getWindow
Exception in thread "Thread-726" [09:27:44] [Thread-726/INFO]: [STDERR]: java.lang.NoSuchMethodError: getWindow
Exception in thread "Thread-727" [09:27:44] [Thread-727/INFO]: [STDERR]: java.lang.NoSuchMethodError: getWindow
Exception in thread "Thread-728" [09:27:44] [Thread-728/INFO]: [STDERR]: java.lang.NoSuchMethodError: getWindow
[2281|t+67228ms|ThreadId(2)] [RsiftPlatformBridge] apply error: ClassNotFoundException: net.minecraft.core.registries.BuiltInRegistries
[2282|t+67229ms|ThreadId(2)] [RsiftPlatformBridge] apply error: ClassNotFoundException: net.minecraft.core.registries.BuiltInRegistries
Exception in thread "Thread-729" [09:27:45] [Thread-729/INFO]: [STDERR]: java.lang.NoSuchMethodError: getWindow
Exception in thread "Thread-730" [09:27:45] [Thread-730/INFO]: [STDERR]: java.lang.NoSuchMethodError: getWindow
Exception in thread "Thread-731" [09:27:45] [Thread-731/INFO]: [STDERR]: java.lang.NoSuchMethodError: getWindow
Exception in thread "Thread-732" [09:27:45] [Thread-732/INFO]: [STDERR]: java.lang.NoSuchMethodError: getWindow
[2283|t+67532ms|ThreadId(2)] [RsiftPlatformBridge] apply error: ClassNotFoundException: net.minecraft.core.registries.BuiltInRegistries
[2284|t+67533ms|ThreadId(2)] [RsiftPlatformBridge] apply error: ClassNotFoundException: net.minecraft.core.registries.BuiltInRegistries
Exception in thread "Thread-733" [09:27:45] [Thread-733/INFO]: [STDERR]: java.lang.NoSuchMethodError: getWindow
Exception in thread "Thread-734" [09:27:45] [Thread-734/INFO]: [STDERR]: java.lang.NoSuchMethodError: getWindow
[09:27:45] [Thread-735/INFO]: [STDERR]: java.lang.NoSuchMethodError: getWindow
Exception in thread "Thread-735" Exception in thread "Thread-736" [09:27:45] [Thread-736/INFO]: [STDERR]: java.lang.NoSuchMethodError: getWindow
[2285|t+67841ms|ThreadId(2)] [RsiftPlatformBridge] apply error: ClassNotFoundException: net.minecraft.core.registries.BuiltInRegistries
[2286|t+67842ms|ThreadId(2)] [RsiftPlatformBridge] apply error: ClassNotFoundException: net.minecraft.core.registries.BuiltInRegistries
Exception in thread "Thread-737" [09:27:45] [Thread-737/INFO]: [STDERR]: java.lang.NoSuchMethodError: getWindow
Exception in thread "Thread-738" [09:27:45] [Thread-738/INFO]: [STDERR]: java.lang.NoSuchMethodError: getWindow
Exception in thread "Thread-739" [09:27:45] [Thread-739/INFO]: [STDERR]: java.lang.NoSuchMethodError: getWindow
Exception in thread "Thread-740" [09:27:45] [Thread-740/INFO]: [STDERR]: java.lang.NoSuchMethodError: getWindow
[2287|t+68057ms|ThreadId(1)] [hook] render_flip fired (count=1800)
[2288|t+68187ms|ThreadId(2)] [RsiftPlatformBridge] apply error: ClassNotFoundException: net.minecraft.core.registries.BuiltInRegistries
[2289|t+68188ms|ThreadId(2)] [RsiftPlatformBridge] apply error: ClassNotFoundException: net.minecraft.core.registries.BuiltInRegistries
[2290|t+68189ms|ThreadId(2)] [step] tick_loop — alive tick=720
Exception in thread "Thread-741" [09:27:46] [Thread-741/INFO]: [STDERR]: java.lang.NoSuchMethodError: getWindow
Exception in thread "Thread-742" [09:27:46] [Thread-742/INFO]: [STDERR]: java.lang.NoSuchMethodError: getWindow
Exception in thread "Thread-743" [09:27:46] [Thread-743/INFO]: [STDERR]: java.lang.NoSuchMethodError: getWindow
Exception in thread "Thread-744" [09:27:46] [Thread-744/INFO]: [STDERR]: java.lang.NoSuchMethodError: getWindow
[2291|t+68511ms|ThreadId(2)] [RsiftPlatformBridge] apply error: ClassNotFoundException: net.minecraft.core.registries.BuiltInRegistries
[2292|t+68512ms|ThreadId(2)] [RsiftPlatformBridge] apply error: ClassNotFoundException: net.minecraft.core.registries.BuiltInRegistries
Exception in thread "Thread-745" [09:27:46] [Thread-745/INFO]: [STDERR]: java.lang.NoSuchMethodError: getWindow
Exception in thread "Thread-746" [09:27:46] [Thread-746/INFO]: [STDERR]: java.lang.NoSuchMethodError: getWindow
Exception in thread "Thread-747" [09:27:46] [Thread-747/INFO]: [STDERR]: java.lang.NoSuchMethodError: getWindow
Exception in thread "Thread-748" [09:27:46] [Thread-748/INFO]: [STDERR]: java.lang.NoSuchMethodError: getWindow
[2293|t+68816ms|ThreadId(2)] [RsiftPlatformBridge] apply error: ClassNotFoundException: net.minecraft.core.registries.BuiltInRegistries
[2294|t+68816ms|ThreadId(2)] [RsiftPlatformBridge] apply error: ClassNotFoundException: net.minecraft.core.registries.BuiltInRegistries
Exception in thread "Thread-749" [09:27:46] [Thread-749/INFO]: [STDERR]: java.lang.NoSuchMethodError: getWindow
Exception in thread "Thread-750" [09:27:46] [Thread-750/INFO]: [STDERR]: java.lang.NoSuchMethodError: getWindow
Exception in thread "Thread-751" [09:27:46] [Thread-751/INFO]: [STDERR]: java.lang.NoSuchMethodError: getWindow
Exception in thread "Thread-752" [09:27:46] [Thread-752/INFO]: [STDERR]: java.lang.NoSuchMethodError: getWindow
[2295|t+69126ms|ThreadId(2)] [RsiftPlatformBridge] apply error: ClassNotFoundException: net.minecraft.core.registries.BuiltInRegistries
[2296|t+69126ms|ThreadId(2)] [RsiftPlatformBridge] apply error: ClassNotFoundException: net.minecraft.core.registries.BuiltInRegistries
Exception in thread "Thread-753" [09:27:47] [Thread-753/INFO]: [STDERR]: java.lang.NoSuchMethodError: getWindow
Exception in thread "Thread-754" [09:27:47] [Thread-754/INFO]: [STDERR]: java.lang.NoSuchMethodError: getWindow
Exception in thread "Thread-755" [09:27:47] [Thread-755/INFO]: [STDERR]: java.lang.NoSuchMethodError: getWindow
Exception in thread "Thread-756" [09:27:47] [Thread-756/INFO]: [STDERR]: java.lang.NoSuchMethodError: getWindow
[2297|t+69430ms|ThreadId(2)] [RsiftPlatformBridge] apply error: ClassNotFoundException: net.minecraft.core.registries.BuiltInRegistries
[2298|t+69431ms|ThreadId(2)] [RsiftPlatformBridge] apply error: ClassNotFoundException: net.minecraft.core.registries.BuiltInRegistries
Exception in thread "Thread-757" [09:27:47] [Thread-757/INFO]: [STDERR]: java.lang.NoSuchMethodError: getWindow
Exception in thread "Thread-758" [09:27:47] [Thread-758/INFO]: [STDERR]: java.lang.NoSuchMethodError: getWindow
Exception in thread "Thread-759" [09:27:47] [Thread-759/INFO]: [STDERR]: java.lang.NoSuchMethodError: getWindow
Exception in thread "Thread-760" [09:27:47] [Thread-760/INFO]: [STDERR]: java.lang.NoSuchMethodError: getWindow
[2299|t+69735ms|ThreadId(2)] [RsiftPlatformBridge] apply error: ClassNotFoundException: net.minecraft.core.registries.BuiltInRegistries
[2300|t+69736ms|ThreadId(2)] [RsiftPlatformBridge] apply error: ClassNotFoundException: net.minecraft.core.registries.BuiltInRegistries
Exception in thread "Thread-761" [09:27:47] [Thread-761/INFO]: [STDERR]: java.lang.NoSuchMethodError: getWindow
Exception in thread "Thread-762" [09:27:47] [Thread-762/INFO]: [STDERR]: java.lang.NoSuchMethodError: getWindow
Exception in thread "Thread-763" [09:27:47] [Thread-763/INFO]: [STDERR]: java.lang.NoSuchMethodError: getWindow
[09:27:47] [Thread-764/INFO]: [STDERR]: java.lang.NoSuchMethodError: getWindow
Exception in thread "Thread-764" [2301|t+70082ms|ThreadId(2)] [RsiftPlatformBridge] apply error: ClassNotFoundException: net.minecraft.core.registries.BuiltInRegistries
[2302|t+70083ms|ThreadId(2)] [RsiftPlatformBridge] apply error: ClassNotFoundException: net.minecraft.core.registries.BuiltInRegistries
Exception in thread "Thread-765" [09:27:48] [Thread-765/INFO]: [STDERR]: java.lang.NoSuchMethodError: getWindow
Exception in thread "Thread-766" [09:27:48] [Thread-766/INFO]: [STDERR]: java.lang.NoSuchMethodError: getWindow
Exception in thread "Thread-767" [09:27:48] [Thread-767/INFO]: [STDERR]: java.lang.NoSuchMethodError: getWindow
Exception in thread "Thread-768" [09:27:48] [Thread-768/INFO]: [STDERR]: java.lang.NoSuchMethodError: getWindow
[09:27:48] [Server thread/INFO]: Changing view distance to 7, from 16
[09:27:48] [Server thread/INFO]: Changing simulation distance to 7, from 12
[2303|t+70427ms|ThreadId(2)] [RsiftPlatformBridge] apply error: ClassNotFoundException: net.minecraft.core.registries.BuiltInRegistries
[2304|t+70429ms|ThreadId(2)] [RsiftPlatformBridge] apply error: ClassNotFoundException: net.minecraft.core.registries.BuiltInRegistries
Exception in thread "Thread-769" [09:27:48] [Thread-769/INFO]: [STDERR]: java.lang.NoSuchMethodError: getWindow
Exception in thread "Thread-770" [09:27:48] [Thread-770/INFO]: [STDERR]: java.lang.NoSuchMethodError: getWindow
Exception in thread "Thread-771" [09:27:48] [Thread-771/INFO]: [STDERR]: java.lang.NoSuchMethodError: getWindow
Exception in thread "Thread-772" [09:27:48] [Thread-772/INFO]: [STDERR]: java.lang.NoSuchMethodError: getWindow
[2305|t+70771ms|ThreadId(2)] [RsiftPlatformBridge] apply error: ClassNotFoundException: net.minecraft.core.registries.BuiltInRegistries
[09:27:48] [Thread-773/INFO]: [STDERR]: java.lang.NoSuchMethodError: getWindow
[2306|t+70771ms|ThreadId(2)] [RsiftPlatformBridge] apply error: ClassNotFoundException: net.minecraft.core.registries.BuiltInRegistries
Exception in thread "Thread-773" Exception in thread "Thread-774" [09:27:48] [Thread-774/INFO]: [STDERR]: java.lang.NoSuchMethodError: getWindow
Exception in thread "Thread-775" [09:27:48] [Thread-775/INFO]: [STDERR]: java.lang.NoSuchMethodError: getWindow
[09:27:48] [Thread-776/INFO]: [STDERR]: java.lang.NoSuchMethodError: getWindow
Exception in thread "Thread-776" [2307|t+71087ms|ThreadId(2)] [RsiftPlatformBridge] apply error: ClassNotFoundException: net.minecraft.core.registries.BuiltInRegistries
[2308|t+71088ms|ThreadId(2)] [RsiftPlatformBridge] apply error: ClassNotFoundException: net.minecraft.core.registries.BuiltInRegistries
Exception in thread "Thread-777" [09:27:49] [Thread-777/INFO]: [STDERR]: java.lang.NoSuchMethodError: getWindow
Exception in thread "Thread-778" [09:27:49] [Thread-778/INFO]: [STDERR]: java.lang.NoSuchMethodError: getWindow
Exception in thread "Thread-779" [09:27:49] [Thread-779/INFO]: [STDERR]: java.lang.NoSuchMethodError: getWindow
Exception in thread "Thread-780" [09:27:49] [Thread-780/INFO]: [STDERR]: java.lang.NoSuchMethodError: getWindow
[2309|t+71392ms|ThreadId(2)] [RsiftPlatformBridge] apply error: ClassNotFoundException: net.minecraft.core.registries.BuiltInRegistries
[2310|t+71392ms|ThreadId(2)] [RsiftPlatformBridge] apply error: ClassNotFoundException: net.minecraft.core.registries.BuiltInRegistries
Exception in thread "Thread-781" [09:27:49] [Thread-781/INFO]: [STDERR]: java.lang.NoSuchMethodError: getWindow
Exception in thread "Thread-782" [09:27:49] [Thread-782/INFO]: [STDERR]: java.lang.NoSuchMethodError: getWindow
Exception in thread "Thread-783" [09:27:49] [Thread-783/INFO]: [STDERR]: java.lang.NoSuchMethodError: getWindow
Exception in thread "Thread-784" [09:27:49] [Thread-784/INFO]: [STDERR]: java.lang.NoSuchMethodError: getWindow
[2311|t+71696ms|ThreadId(2)] [RsiftPlatformBridge] apply error: ClassNotFoundException: net.minecraft.core.registries.BuiltInRegistries
[2312|t+71697ms|ThreadId(2)] [RsiftPlatformBridge] apply error: ClassNotFoundException: net.minecraft.core.registries.BuiltInRegistries
Exception in thread "Thread-785" [09:27:49] [Thread-785/INFO]: [STDERR]: java.lang.NoSuchMethodError: getWindow
Exception in thread "Thread-786" [09:27:49] [Thread-786/INFO]: [STDERR]: java.lang.NoSuchMethodError: getWindow
Exception in thread "Thread-787" [09:27:49] [Thread-787/INFO]: [STDERR]: java.lang.NoSuchMethodError: getWindow
Exception in thread "Thread-788" [09:27:49] [Thread-788/INFO]: [STDERR]: java.lang.NoSuchMethodError: getWindow
[2313|t+72000ms|ThreadId(2)] [RsiftPlatformBridge] apply error: ClassNotFoundException: net.minecraft.core.registries.BuiltInRegistries
[2314|t+72002ms|ThreadId(2)] [RsiftPlatformBridge] apply error: ClassNotFoundException: net.minecraft.core.registries.BuiltInRegistries
Exception in thread "Thread-789" [09:27:50] [Thread-789/INFO]: [STDERR]: java.lang.NoSuchMethodError: getWindow
Exception in thread "Thread-790" [09:27:50] [Thread-790/INFO]: [STDERR]: java.lang.NoSuchMethodError: getWindow
Exception in thread "Thread-791" [09:27:50] [Thread-791/INFO]: [STDERR]: java.lang.NoSuchMethodError: getWindow
Exception in thread "Thread-792" [09:27:50] [Thread-792/INFO]: [STDERR]: java.lang.NoSuchMethodError: getWindow
[2315|t+72311ms|ThreadId(2)] [RsiftPlatformBridge] apply error: ClassNotFoundException: net.minecraft.core.registries.BuiltInRegistries
[2316|t+72312ms|ThreadId(2)] [RsiftPlatformBridge] apply error: ClassNotFoundException: net.minecraft.core.registries.BuiltInRegistries
Exception in thread "Thread-793" [09:27:50] [Thread-793/INFO]: [STDERR]: java.lang.NoSuchMethodError: getWindow
Exception in thread "Thread-794" [09:27:50] [Thread-794/INFO]: [STDERR]: java.lang.NoSuchMethodError: getWindow
Exception in thread "Thread-795" [09:27:50] [Thread-795/INFO]: [STDERR]: java.lang.NoSuchMethodError: getWindow
Exception in thread "Thread-796" [09:27:50] [Thread-796/INFO]: [STDERR]: java.lang.NoSuchMethodError: getWindow
[2317|t+72619ms|ThreadId(2)] [RsiftPlatformBridge] apply error: ClassNotFoundException: net.minecraft.core.registries.BuiltInRegistries
[2318|t+72620ms|ThreadId(2)] [RsiftPlatformBridge] apply error: ClassNotFoundException: net.minecraft.core.registries.BuiltInRegistries
Exception in thread "Thread-797" [09:27:50] [Thread-797/INFO]: [STDERR]: java.lang.NoSuchMethodError: getWindow
Exception in thread "Thread-798" [09:27:50] [Thread-798/INFO]: [STDERR]: java.lang.NoSuchMethodError: getWindow
Exception in thread "Thread-799" [09:27:50] [Thread-799/INFO]: [STDERR]: java.lang.NoSuchMethodError: getWindow
Exception in thread "Thread-800" [09:27:50] [Thread-800/INFO]: [STDERR]: java.lang.NoSuchMethodError: getWindow
[2319|t+72923ms|ThreadId(2)] [RsiftPlatformBridge] apply error: ClassNotFoundException: net.minecraft.core.registries.BuiltInRegistries
[2320|t+72924ms|ThreadId(2)] [RsiftPlatformBridge] apply error: ClassNotFoundException: net.minecraft.core.registries.BuiltInRegistries
Exception in thread "Thread-801" [09:27:50] [Thread-801/INFO]: [STDERR]: java.lang.NoSuchMethodError: getWindow
Exception in thread "Thread-802" [09:27:50] [Thread-802/INFO]: [STDERR]: java.lang.NoSuchMethodError: getWindow
Exception in thread "Thread-803" [09:27:50] [Thread-803/INFO]: [STDERR]: java.lang.NoSuchMethodError: getWindow
Exception in thread "Thread-804" [09:27:50] [Thread-804/INFO]: [STDERR]: java.lang.NoSuchMethodError: getWindow
[2321|t+73227ms|ThreadId(2)] [RsiftPlatformBridge] apply error: ClassNotFoundException: net.minecraft.core.registries.BuiltInRegistries
[2322|t+73228ms|ThreadId(2)] [RsiftPlatformBridge] apply error: ClassNotFoundException: net.minecraft.core.registries.BuiltInRegistries
Exception in thread "Thread-805" [09:27:51] [Thread-805/INFO]: [STDERR]: java.lang.NoSuchMethodError: getWindow
Exception in thread "Thread-806" [09:27:51] [Thread-806/INFO]: [STDERR]: java.lang.NoSuchMethodError: getWindow
Exception in thread "Thread-807" [09:27:51] [Thread-807/INFO]: [STDERR]: java.lang.NoSuchMethodError: getWindow
Exception in thread "Thread-808" [09:27:51] [Thread-808/INFO]: [STDERR]: java.lang.NoSuchMethodError: getWindow
[2323|t+73533ms|ThreadId(2)] [RsiftPlatformBridge] apply error: ClassNotFoundException: net.minecraft.core.registries.BuiltInRegistries
[2324|t+73534ms|ThreadId(2)] [RsiftPlatformBridge] apply error: ClassNotFoundException: net.minecraft.core.registries.BuiltInRegistries
Exception in thread "Thread-809" [09:27:51] [Thread-809/INFO]: [STDERR]: java.lang.NoSuchMethodError: getWindow
Exception in thread "Thread-810" [09:27:51] [Thread-810/INFO]: [STDERR]: java.lang.NoSuchMethodError: getWindow
Exception in thread "Thread-811" [09:27:51] [Thread-811/INFO]: [STDERR]: java.lang.NoSuchMethodError: getWindow
Exception in thread "Thread-812" [09:27:51] [Thread-812/INFO]: [STDERR]: java.lang.NoSuchMethodError: getWindow
[2325|t+73837ms|ThreadId(2)] [RsiftPlatformBridge] apply error: ClassNotFoundException: net.minecraft.core.registries.BuiltInRegistries
[2326|t+73838ms|ThreadId(2)] [RsiftPlatformBridge] apply error: ClassNotFoundException: net.minecraft.core.registries.BuiltInRegistries
Exception in thread "Thread-813" [09:27:51] [Thread-813/INFO]: [STDERR]: java.lang.NoSuchMethodError: getWindow
Exception in thread "Thread-814" [09:27:51] [Thread-814/INFO]: [STDERR]: java.lang.NoSuchMethodError: getWindow
Exception in thread "Thread-815" [09:27:51] [Thread-815/INFO]: [STDERR]: java.lang.NoSuchMethodError: getWindow
Exception in thread "Thread-816" [09:27:51] [Thread-816/INFO]: [STDERR]: java.lang.NoSuchMethodError: getWindow
[2327|t+74142ms|ThreadId(2)] [RsiftPlatformBridge] apply error: ClassNotFoundException: net.minecraft.core.registries.BuiltInRegistries
[2328|t+74144ms|ThreadId(2)] [RsiftPlatformBridge] apply error: ClassNotFoundException: net.minecraft.core.registries.BuiltInRegistries
Exception in thread "Thread-817" [09:27:52] [Thread-817/INFO]: [STDERR]: java.lang.NoSuchMethodError: getWindow
Exception in thread "Thread-818" [09:27:52] [Thread-818/INFO]: [STDERR]: java.lang.NoSuchMethodError: getWindow
Exception in thread "Thread-819" [09:27:52] [Thread-819/INFO]: [STDERR]: java.lang.NoSuchMethodError: getWindow
[2329|t+74199ms|ThreadId(2)] [step] title_marker — window title set: Minecraft* 1.21.11 - Rsift (RsGraphics Render)
Exception in thread "Thread-820" [09:27:52] [Thread-820/INFO]: [STDERR]: java.lang.NoSuchMethodError: getWindow
[2330|t+74451ms|ThreadId(2)] [RsiftRuntimeHooks] install failed: gfj.getConnection()
[2331|t+74452ms|ThreadId(2)] [RsiftPlatformBridge] apply error: ClassNotFoundException: net.minecraft.core.registries.BuiltInRegistries
[2332|t+74453ms|ThreadId(2)] [RsiftPlatformBridge] apply error: ClassNotFoundException: net.minecraft.core.registries.BuiltInRegistries
Exception in thread "Thread-821" [09:27:52] [Thread-821/INFO]: [STDERR]: java.lang.NoSuchMethodError: getWindow
Exception in thread "Thread-822" [09:27:52] [Thread-822/INFO]: [STDERR]: java.lang.NoSuchMethodError: getWindow
Exception in thread "Thread-823" [09:27:52] [Thread-823/INFO]: [STDERR]: java.lang.NoSuchMethodError: getWindow
Exception in thread "Thread-824" [09:27:52] [Thread-824/INFO]: [STDERR]: java.lang.NoSuchMethodError: getWindow
[2333|t+74757ms|ThreadId(2)] [RsiftPlatformBridge] apply error: ClassNotFoundException: net.minecraft.core.registries.BuiltInRegistries
[2334|t+74758ms|ThreadId(2)] [RsiftPlatformBridge] apply error: ClassNotFoundException: net.minecraft.core.registries.BuiltInRegistries
Exception in thread "Thread-825" [09:27:52] [Thread-825/INFO]: [STDERR]: java.lang.NoSuchMethodError: getWindow
Exception in thread "Thread-826" [09:27:52] [Thread-826/INFO]: [STDERR]: java.lang.NoSuchMethodError: getWindow
Exception in thread "Thread-827" [09:27:52] [Thread-827/INFO]: [STDERR]: java.lang.NoSuchMethodError: getWindow
Exception in thread "Thread-828" [09:27:52] [Thread-828/INFO]: [STDERR]: java.lang.NoSuchMethodError: getWindow
[2335|t+75061ms|ThreadId(2)] [RsiftPlatformBridge] apply error: ClassNotFoundException: net.minecraft.core.registries.BuiltInRegistries
[2336|t+75062ms|ThreadId(2)] [RsiftPlatformBridge] apply error: ClassNotFoundException: net.minecraft.core.registries.BuiltInRegistries
Exception in thread "Thread-829" [09:27:53] [Thread-829/INFO]: [STDERR]: java.lang.NoSuchMethodError: getWindow
Exception in thread "Thread-830" [09:27:53] [Thread-830/INFO]: [STDERR]: java.lang.NoSuchMethodError: getWindow
Exception in thread "Thread-831" [09:27:53] [Thread-831/INFO]: [STDERR]: java.lang.NoSuchMethodError: getWindow
Exception in thread "Thread-832" [09:27:53] [Thread-832/INFO]: [STDERR]: java.lang.NoSuchMethodError: getWindow
[2337|t+75366ms|ThreadId(2)] [RsiftPlatformBridge] apply error: ClassNotFoundException: net.minecraft.core.registries.BuiltInRegistries
[2338|t+75367ms|ThreadId(2)] [RsiftPlatformBridge] apply error: ClassNotFoundException: net.minecraft.core.registries.BuiltInRegistries
Exception in thread "Thread-833" [09:27:53] [Thread-833/INFO]: [STDERR]: java.lang.NoSuchMethodError: getWindow
Exception in thread "Thread-834" [09:27:53] [Thread-834/INFO]: [STDERR]: java.lang.NoSuchMethodError: getWindow
Exception in thread "Thread-835" [09:27:53] [Thread-835/INFO]: [STDERR]: java.lang.NoSuchMethodError: getWindow
Exception in thread "Thread-836" [09:27:53] [Thread-836/INFO]: [STDERR]: java.lang.NoSuchMethodError: getWindow
[2339|t+75671ms|ThreadId(2)] [RsiftPlatformBridge] apply error: ClassNotFoundException: net.minecraft.core.registries.BuiltInRegistries
[2340|t+75672ms|ThreadId(2)] [RsiftPlatformBridge] apply error: ClassNotFoundException: net.minecraft.core.registries.BuiltInRegistries
Exception in thread "Thread-837" [09:27:53] [Thread-837/INFO]: [STDERR]: java.lang.NoSuchMethodError: getWindow
Exception in thread "Thread-838" [09:27:53] [Thread-838/INFO]: [STDERR]: java.lang.NoSuchMethodError: getWindow
Exception in thread "Thread-839" [09:27:53] [Thread-839/INFO]: [STDERR]: java.lang.NoSuchMethodError: getWindow
Exception in thread "Thread-840" [09:27:53] [Thread-840/INFO]: [STDERR]: java.lang.NoSuchMethodError: getWindow
[2341|t+75975ms|ThreadId(2)] [RsiftPlatformBridge] apply error: ClassNotFoundException: net.minecraft.core.registries.BuiltInRegistries
[2342|t+75976ms|ThreadId(2)] [RsiftPlatformBridge] apply error: ClassNotFoundException: net.minecraft.core.registries.BuiltInRegistries
Exception in thread "Thread-841" [09:27:53] [Thread-841/INFO]: [STDERR]: java.lang.NoSuchMethodError: getWindow
Exception in thread "Thread-842" [09:27:54] [Thread-842/INFO]: [STDERR]: java.lang.NoSuchMethodError: getWindow
Exception in thread "Thread-843" [09:27:54] [Thread-843/INFO]: [STDERR]: java.lang.NoSuchMethodError: getWindow
Exception in thread "Thread-844" [09:27:54] [Thread-844/INFO]: [STDERR]: java.lang.NoSuchMethodError: getWindow
[2343|t+76279ms|ThreadId(2)] [RsiftPlatformBridge] apply error: ClassNotFoundException: net.minecraft.core.registries.BuiltInRegistries
[2344|t+76280ms|ThreadId(2)] [RsiftPlatformBridge] apply error: ClassNotFoundException: net.minecraft.core.registries.BuiltInRegistries
Exception in thread "Thread-845" [09:27:54] [Thread-845/INFO]: [STDERR]: java.lang.NoSuchMethodError: getWindow
Exception in thread "Thread-846" [09:27:54] [Thread-846/INFO]: [STDERR]: java.lang.NoSuchMethodError: getWindow
Exception in thread "Thread-847" [09:27:54] [Thread-847/INFO]: [STDERR]: java.lang.NoSuchMethodError: getWindow
Exception in thread "Thread-848" [09:27:54] [Thread-848/INFO]: [STDERR]: java.lang.NoSuchMethodError: getWindow
[2345|t+76583ms|ThreadId(2)] [RsiftPlatformBridge] apply error: ClassNotFoundException: net.minecraft.core.registries.BuiltInRegistries
[2346|t+76584ms|ThreadId(2)] [RsiftPlatformBridge] apply error: ClassNotFoundException: net.minecraft.core.registries.BuiltInRegistries
Exception in thread "Thread-849" [09:27:54] [Thread-849/INFO]: [STDERR]: java.lang.NoSuchMethodError: getWindow
Exception in thread "Thread-850" [09:27:54] [Thread-850/INFO]: [STDERR]: java.lang.NoSuchMethodError: getWindow
Exception in thread "Thread-851" [09:27:54] [Thread-851/INFO]: [STDERR]: java.lang.NoSuchMethodError: getWindow
Exception in thread "Thread-852" [09:27:54] [Thread-852/INFO]: [STDERR]: java.lang.NoSuchMethodError: getWindow
[2347|t+76888ms|ThreadId(2)] [RsiftPlatformBridge] apply error: ClassNotFoundException: net.minecraft.core.registries.BuiltInRegistries
[2348|t+76889ms|ThreadId(2)] [RsiftPlatformBridge] apply error: ClassNotFoundException: net.minecraft.core.registries.BuiltInRegistries
Exception in thread "Thread-853" [09:27:54] [Thread-853/INFO]: [STDERR]: java.lang.NoSuchMethodError: getWindow
Exception in thread "Thread-854" [09:27:54] [Thread-854/INFO]: [STDERR]: java.lang.NoSuchMethodError: getWindow
Exception in thread "Thread-855" [09:27:54] [Thread-855/INFO]: [STDERR]: java.lang.NoSuchMethodError: getWindow
Exception in thread "Thread-856" [09:27:54] [Thread-856/INFO]: [STDERR]: java.lang.NoSuchMethodError: getWindow
[2349|t+77192ms|ThreadId(2)] [RsiftPlatformBridge] apply error: ClassNotFoundException: net.minecraft.core.registries.BuiltInRegistries
[2350|t+77192ms|ThreadId(2)] [RsiftPlatformBridge] apply error: ClassNotFoundException: net.minecraft.core.registries.BuiltInRegistries
Exception in thread "Thread-857" [09:27:55] [Thread-857/INFO]: [STDERR]: java.lang.NoSuchMethodError: getWindow
Exception in thread "Thread-858" [09:27:55] [Thread-858/INFO]: [STDERR]: java.lang.NoSuchMethodError: getWindow
Exception in thread "Thread-859" [09:27:55] [Thread-859/INFO]: [STDERR]: java.lang.NoSuchMethodError: getWindow
Exception in thread "Thread-860" [09:27:55] [Thread-860/INFO]: [STDERR]: java.lang.NoSuchMethodError: getWindow
[2351|t+77496ms|ThreadId(2)] [RsiftPlatformBridge] apply error: ClassNotFoundException: net.minecraft.core.registries.BuiltInRegistries
[2352|t+77497ms|ThreadId(2)] [RsiftPlatformBridge] apply error: ClassNotFoundException: net.minecraft.core.registries.BuiltInRegistries
[2353|t+77498ms|ThreadId(2)] [step] tick_loop — alive tick=840
Exception in thread "Thread-861" [09:27:55] [Thread-861/INFO]: [STDERR]: java.lang.NoSuchMethodError: getWindow
Exception in thread "Thread-862" [09:27:55] [Thread-862/INFO]: [STDERR]: java.lang.NoSuchMethodError: getWindow
Exception in thread "Thread-863" [09:27:55] [Thread-863/INFO]: [STDERR]: java.lang.NoSuchMethodError: getWindow
Exception in thread "Thread-864" [09:27:55] [Thread-864/INFO]: [STDERR]: java.lang.NoSuchMethodError: getWindow
[2354|t+77701ms|ThreadId(1)] [hook] render_flip fired (count=2400)
[2355|t+77801ms|ThreadId(2)] [RsiftPlatformBridge] apply error: ClassNotFoundException: net.minecraft.core.registries.BuiltInRegistries
[2356|t+77802ms|ThreadId(2)] [RsiftPlatformBridge] apply error: ClassNotFoundException: net.minecraft.core.registries.BuiltInRegistries
Exception in thread "Thread-865" [09:27:55] [Thread-865/INFO]: [STDERR]: java.lang.NoSuchMethodError: getWindow
Exception in thread "Thread-866" [09:27:55] [Thread-866/INFO]: [STDERR]: java.lang.NoSuchMethodError: getWindow
Exception in thread "Thread-867" [09:27:55] [Thread-867/INFO]: [STDERR]: java.lang.NoSuchMethodError: getWindow
Exception in thread "Thread-868" [09:27:55] [Thread-868/INFO]: [STDERR]: java.lang.NoSuchMethodError: getWindow
[2357|t+78106ms|ThreadId(2)] [RsiftPlatformBridge] apply error: ClassNotFoundException: net.minecraft.core.registries.BuiltInRegistries
[2358|t+78106ms|ThreadId(2)] [RsiftPlatformBridge] apply error: ClassNotFoundException: net.minecraft.core.registries.BuiltInRegistries
Exception in thread "Thread-869" [09:27:56] [Thread-869/INFO]: [STDERR]: java.lang.NoSuchMethodError: getWindow
Exception in thread "Thread-870" [09:27:56] [Thread-870/INFO]: [STDERR]: java.lang.NoSuchMethodError: getWindow
Exception in thread "Thread-871" [09:27:56] [Thread-871/INFO]: [STDERR]: java.lang.NoSuchMethodError: getWindow
Exception in thread "Thread-872" [09:27:56] [Thread-872/INFO]: [STDERR]: java.lang.NoSuchMethodError: getWindow
[2359|t+78410ms|ThreadId(2)] [RsiftPlatformBridge] apply error: ClassNotFoundException: net.minecraft.core.registries.BuiltInRegistries
[2360|t+78411ms|ThreadId(2)] [RsiftPlatformBridge] apply error: ClassNotFoundException: net.minecraft.core.registries.BuiltInRegistries
Exception in thread "Thread-873" [09:27:56] [Thread-873/INFO]: [STDERR]: java.lang.NoSuchMethodError: getWindow
Exception in thread "Thread-874" [09:27:56] [Thread-874/INFO]: [STDERR]: java.lang.NoSuchMethodError: getWindow
Exception in thread "Thread-875" [09:27:56] [Thread-875/INFO]: [STDERR]: java.lang.NoSuchMethodError: getWindow
Exception in thread "Thread-876" [09:27:56] [Thread-876/INFO]: [STDERR]: java.lang.NoSuchMethodError: getWindow
[2361|t+78715ms|ThreadId(2)] [RsiftPlatformBridge] apply error: ClassNotFoundException: net.minecraft.core.registries.BuiltInRegistries
[2362|t+78716ms|ThreadId(2)] [RsiftPlatformBridge] apply error: ClassNotFoundException: net.minecraft.core.registries.BuiltInRegistries
Exception in thread "Thread-877" [09:27:56] [Thread-877/INFO]: [STDERR]: java.lang.NoSuchMethodError: getWindow
Exception in thread "Thread-878" [09:27:56] [Thread-878/INFO]: [STDERR]: java.lang.NoSuchMethodError: getWindow
Exception in thread "Thread-879" [09:27:56] [Thread-879/INFO]: [STDERR]: java.lang.NoSuchMethodError: getWindow
Exception in thread "Thread-880" [09:27:56] [Thread-880/INFO]: [STDERR]: java.lang.NoSuchMethodError: getWindow
[2363|t+79019ms|ThreadId(2)] [RsiftPlatformBridge] apply error: ClassNotFoundException: net.minecraft.core.registries.BuiltInRegistries
[2364|t+79020ms|ThreadId(2)] [RsiftPlatformBridge] apply error: ClassNotFoundException: net.minecraft.core.registries.BuiltInRegistries
Exception in thread "Thread-881" [09:27:57] [Thread-881/INFO]: [STDERR]: java.lang.NoSuchMethodError: getWindow
Exception in thread "Thread-882" [09:27:57] [Thread-882/INFO]: [STDERR]: java.lang.NoSuchMethodError: getWindow
Exception in thread "Thread-883" [09:27:57] [Thread-883/INFO]: [STDERR]: java.lang.NoSuchMethodError: getWindow
Exception in thread "Thread-884" [09:27:57] [Thread-884/INFO]: [STDERR]: java.lang.NoSuchMethodError: getWindow
[2365|t+79324ms|ThreadId(2)] [RsiftPlatformBridge] apply error: ClassNotFoundException: net.minecraft.core.registries.BuiltInRegistries
[2366|t+79324ms|ThreadId(2)] [RsiftPlatformBridge] apply error: ClassNotFoundException: net.minecraft.core.registries.BuiltInRegistries
Exception in thread "Thread-885" [09:27:57] [Thread-885/INFO]: [STDERR]: java.lang.NoSuchMethodError: getWindow
Exception in thread "Thread-886" [09:27:57] [Thread-886/INFO]: [STDERR]: java.lang.NoSuchMethodError: getWindow
Exception in thread "Thread-887" [09:27:57] [Thread-887/INFO]: [STDERR]: java.lang.NoSuchMethodError: getWindow
Exception in thread "Thread-888" [09:27:57] [Thread-888/INFO]: [STDERR]: java.lang.NoSuchMethodError: getWindow
[2367|t+79628ms|ThreadId(2)] [RsiftPlatformBridge] apply error: ClassNotFoundException: net.minecraft.core.registries.BuiltInRegistries
[2368|t+79628ms|ThreadId(2)] [RsiftPlatformBridge] apply error: ClassNotFoundException: net.minecraft.core.registries.BuiltInRegistries
Exception in thread "Thread-889" [09:27:57] [Thread-889/INFO]: [STDERR]: java.lang.NoSuchMethodError: getWindow
Exception in thread "Thread-890" [09:27:57] [Thread-890/INFO]: [STDERR]: java.lang.NoSuchMethodError: getWindow
Exception in thread "Thread-891" [09:27:57] [Thread-891/INFO]: [STDERR]: java.lang.NoSuchMethodError: getWindow
Exception in thread "Thread-892" [09:27:57] [Thread-892/INFO]: [STDERR]: java.lang.NoSuchMethodError: getWindow
[2369|t+79932ms|ThreadId(2)] [RsiftPlatformBridge] apply error: ClassNotFoundException: net.minecraft.core.registries.BuiltInRegistries
[2370|t+79933ms|ThreadId(2)] [RsiftPlatformBridge] apply error: ClassNotFoundException: net.minecraft.core.registries.BuiltInRegistries
Exception in thread "Thread-893" [09:27:57] [Thread-893/INFO]: [STDERR]: java.lang.NoSuchMethodError: getWindow
Exception in thread "Thread-894" [09:27:57] [Thread-894/INFO]: [STDERR]: java.lang.NoSuchMethodError: getWindow
Exception in thread "Thread-895" [09:27:57] [Thread-895/INFO]: [STDERR]: java.lang.NoSuchMethodError: getWindow
Exception in thread "Thread-896" [09:27:57] [Thread-896/INFO]: [STDERR]: java.lang.NoSuchMethodError: getWindow
[2371|t+80237ms|ThreadId(2)] [RsiftPlatformBridge] apply error: ClassNotFoundException: net.minecraft.core.registries.BuiltInRegistries
[2372|t+80237ms|ThreadId(2)] [RsiftPlatformBridge] apply error: ClassNotFoundException: net.minecraft.core.registries.BuiltInRegistries
Exception in thread "Thread-897" [09:27:58] [Thread-897/INFO]: [STDERR]: java.lang.NoSuchMethodError: getWindow
Exception in thread "Thread-898" [09:27:58] [Thread-898/INFO]: [STDERR]: java.lang.NoSuchMethodError: getWindow
Exception in thread "Thread-899" [09:27:58] [Thread-899/INFO]: [STDERR]: java.lang.NoSuchMethodError: getWindow
Exception in thread "Thread-900" [09:27:58] [Thread-900/INFO]: [STDERR]: java.lang.NoSuchMethodError: getWindow
[2373|t+80541ms|ThreadId(2)] [RsiftPlatformBridge] apply error: ClassNotFoundException: net.minecraft.core.registries.BuiltInRegistries
[2374|t+80542ms|ThreadId(2)] [RsiftPlatformBridge] apply error: ClassNotFoundException: net.minecraft.core.registries.BuiltInRegistries
Exception in thread "Thread-901" [09:27:58] [Thread-901/INFO]: [STDERR]: java.lang.NoSuchMethodError: getWindow
Exception in thread "Thread-902" [09:27:58] [Thread-902/INFO]: [STDERR]: java.lang.NoSuchMethodError: getWindow
Exception in thread "Thread-903" [09:27:58] [Thread-903/INFO]: [STDERR]: java.lang.NoSuchMethodError: getWindow
Exception in thread "Thread-904" [09:27:58] [Thread-904/INFO]: [STDERR]: java.lang.NoSuchMethodError: getWindow
[2375|t+80846ms|ThreadId(2)] [RsiftPlatformBridge] apply error: ClassNotFoundException: net.minecraft.core.registries.BuiltInRegistries
[2376|t+80847ms|ThreadId(2)] [RsiftPlatformBridge] apply error: ClassNotFoundException: net.minecraft.core.registries.BuiltInRegistries
Exception in thread "Thread-905" [09:27:58] [Thread-905/INFO]: [STDERR]: java.lang.NoSuchMethodError: getWindow
Exception in thread "Thread-906" [09:27:58] [Thread-906/INFO]: [STDERR]: java.lang.NoSuchMethodError: getWindow
Exception in thread "Thread-907" [09:27:58] [Thread-907/INFO]: [STDERR]: java.lang.NoSuchMethodError: getWindow
Exception in thread "Thread-908" [09:27:58] [Thread-908/INFO]: [STDERR]: java.lang.NoSuchMethodError: getWindow
[2377|t+81151ms|ThreadId(2)] [RsiftPlatformBridge] apply error: ClassNotFoundException: net.minecraft.core.registries.BuiltInRegistries
[2378|t+81152ms|ThreadId(2)] [RsiftPlatformBridge] apply error: ClassNotFoundException: net.minecraft.core.registries.BuiltInRegistries
Exception in thread "Thread-909" [09:27:59] [Thread-909/INFO]: [STDERR]: java.lang.NoSuchMethodError: getWindow
Exception in thread "Thread-910" [09:27:59] [Thread-910/INFO]: [STDERR]: java.lang.NoSuchMethodError: getWindow
Exception in thread "Thread-911" [09:27:59] [Thread-911/INFO]: [STDERR]: java.lang.NoSuchMethodError: getWindow
Exception in thread "Thread-912" [09:27:59] [Thread-912/INFO]: [STDERR]: java.lang.NoSuchMethodError: getWindow
[2379|t+81455ms|ThreadId(2)] [RsiftPlatformBridge] apply error: ClassNotFoundException: net.minecraft.core.registries.BuiltInRegistries
[2380|t+81455ms|ThreadId(2)] [RsiftPlatformBridge] apply error: ClassNotFoundException: net.minecraft.core.registries.BuiltInRegistries
Exception in thread "Thread-913" [09:27:59] [Thread-913/INFO]: [STDERR]: java.lang.NoSuchMethodError: getWindow
Exception in thread "Thread-914" [09:27:59] [Thread-914/INFO]: [STDERR]: java.lang.NoSuchMethodError: getWindow
Exception in thread "Thread-915" [09:27:59] [Thread-915/INFO]: [STDERR]: java.lang.NoSuchMethodError: getWindow
Exception in thread "Thread-916" [09:27:59] [Thread-916/INFO]: [STDERR]: java.lang.NoSuchMethodError: getWindow
[2381|t+81759ms|ThreadId(2)] [RsiftPlatformBridge] apply error: ClassNotFoundException: net.minecraft.core.registries.BuiltInRegistries
[2382|t+81760ms|ThreadId(2)] [RsiftPlatformBridge] apply error: ClassNotFoundException: net.minecraft.core.registries.BuiltInRegistries
Exception in thread "Thread-917" [09:27:59] [Thread-917/INFO]: [STDERR]: java.lang.NoSuchMethodError: getWindow
Exception in thread "Thread-918" [09:27:59] [Thread-918/INFO]: [STDERR]: java.lang.NoSuchMethodError: getWindow
Exception in thread "Thread-919" [09:27:59] [Thread-919/INFO]: [STDERR]: java.lang.NoSuchMethodError: getWindow
Exception in thread "Thread-920" [09:27:59] [Thread-920/INFO]: [STDERR]: java.lang.NoSuchMethodError: getWindow
[2383|t+82064ms|ThreadId(2)] [RsiftPlatformBridge] apply error: ClassNotFoundException: net.minecraft.core.registries.BuiltInRegistries
[2384|t+82065ms|ThreadId(2)] [RsiftPlatformBridge] apply error: ClassNotFoundException: net.minecraft.core.registries.BuiltInRegistries
Exception in thread "Thread-921" [09:28:00] [Thread-921/INFO]: [STDERR]: java.lang.NoSuchMethodError: getWindow
Exception in thread "Thread-922" [09:28:00] [Thread-922/INFO]: [STDERR]: java.lang.NoSuchMethodError: getWindow
Exception in thread "Thread-923" [09:28:00] [Thread-923/INFO]: [STDERR]: java.lang.NoSuchMethodError: getWindow
Exception in thread "Thread-924" [09:28:00] [Thread-924/INFO]: [STDERR]: java.lang.NoSuchMethodError: getWindow
[2385|t+82371ms|ThreadId(2)] [RsiftPlatformBridge] apply error: ClassNotFoundException: net.minecraft.core.registries.BuiltInRegistries
[2386|t+82372ms|ThreadId(2)] [RsiftPlatformBridge] apply error: ClassNotFoundException: net.minecraft.core.registries.BuiltInRegistries
Exception in thread "Thread-925" [09:28:00] [Thread-925/INFO]: [STDERR]: java.lang.NoSuchMethodError: getWindow
Exception in thread "Thread-926" [09:28:00] [Thread-926/INFO]: [STDERR]: java.lang.NoSuchMethodError: getWindow
Exception in thread "Thread-927" [09:28:00] [Thread-927/INFO]: [STDERR]: java.lang.NoSuchMethodError: getWindow
Exception in thread "Thread-928" [09:28:00] [Thread-928/INFO]: [STDERR]: java.lang.NoSuchMethodError: getWindow
[2387|t+82676ms|ThreadId(2)] [RsiftPlatformBridge] apply error: ClassNotFoundException: net.minecraft.core.registries.BuiltInRegistries
[2388|t+82677ms|ThreadId(2)] [RsiftPlatformBridge] apply error: ClassNotFoundException: net.minecraft.core.registries.BuiltInRegistries
Exception in thread "Thread-929" [09:28:00] [Thread-929/INFO]: [STDERR]: java.lang.NoSuchMethodError: getWindow
Exception in thread "Thread-930" [09:28:00] [Thread-930/INFO]: [STDERR]: java.lang.NoSuchMethodError: getWindow
Exception in thread "Thread-931" [09:28:00] [Thread-931/INFO]: [STDERR]: java.lang.NoSuchMethodError: getWindow
Exception in thread "Thread-932" [09:28:00] [Thread-932/INFO]: [STDERR]: java.lang.NoSuchMethodError: getWindow
[2389|t+82981ms|ThreadId(2)] [RsiftPlatformBridge] apply error: ClassNotFoundException: net.minecraft.core.registries.BuiltInRegistries
[2390|t+82982ms|ThreadId(2)] [RsiftPlatformBridge] apply error: ClassNotFoundException: net.minecraft.core.registries.BuiltInRegistries
Exception in thread "Thread-933" [09:28:00] [Thread-933/INFO]: [STDERR]: java.lang.NoSuchMethodError: getWindow
Exception in thread "Thread-934" [09:28:01] [Thread-934/INFO]: [STDERR]: java.lang.NoSuchMethodError: getWindow
Exception in thread "Thread-935" [09:28:01] [Thread-935/INFO]: [STDERR]: java.lang.NoSuchMethodError: getWindow
Exception in thread "Thread-936" [09:28:01] [Thread-936/INFO]: [STDERR]: java.lang.NoSuchMethodError: getWindow
[2391|t+83285ms|ThreadId(2)] [RsiftPlatformBridge] apply error: ClassNotFoundException: net.minecraft.core.registries.BuiltInRegistries
[2392|t+83286ms|ThreadId(2)] [RsiftPlatformBridge] apply error: ClassNotFoundException: net.minecraft.core.registries.BuiltInRegistries
Exception in thread "Thread-937" [09:28:01] [Thread-937/INFO]: [STDERR]: java.lang.NoSuchMethodError: getWindow
Exception in thread "Thread-938" [09:28:01] [Thread-938/INFO]: [STDERR]: java.lang.NoSuchMethodError: getWindow
Exception in thread "Thread-939" [09:28:01] [Thread-939/INFO]: [STDERR]: java.lang.NoSuchMethodError: getWindow
Exception in thread "Thread-940" [09:28:01] [Thread-940/INFO]: [STDERR]: java.lang.NoSuchMethodError: getWindow
[2393|t+83591ms|ThreadId(2)] [RsiftPlatformBridge] apply error: ClassNotFoundException: net.minecraft.core.registries.BuiltInRegistries
[2394|t+83592ms|ThreadId(2)] [RsiftPlatformBridge] apply error: ClassNotFoundException: net.minecraft.core.registries.BuiltInRegistries
Exception in thread "Thread-941" [09:28:01] [Thread-941/INFO]: [STDERR]: java.lang.NoSuchMethodError: getWindow
Exception in thread "Thread-942" [09:28:01] [Thread-942/INFO]: [STDERR]: java.lang.NoSuchMethodError: getWindow
Exception in thread "Thread-943" [09:28:01] [Thread-943/INFO]: [STDERR]: java.lang.NoSuchMethodError: getWindow
Exception in thread "Thread-944" [09:28:01] [Thread-944/INFO]: [STDERR]: java.lang.NoSuchMethodError: getWindow
[2395|t+83894ms|ThreadId(2)] [RsiftPlatformBridge] apply error: ClassNotFoundException: net.minecraft.core.registries.BuiltInRegistries
[2396|t+83895ms|ThreadId(2)] [RsiftPlatformBridge] apply error: ClassNotFoundException: net.minecraft.core.registries.BuiltInRegistries
Exception in thread "Thread-945" [09:28:01] [Thread-945/INFO]: [STDERR]: java.lang.NoSuchMethodError: getWindow
Exception in thread "Thread-946" [09:28:01] [Thread-946/INFO]: [STDERR]: java.lang.NoSuchMethodError: getWindow
Exception in thread "Thread-947" [09:28:01] [Thread-947/INFO]: [STDERR]: java.lang.NoSuchMethodError: getWindow
Exception in thread "Thread-948" [09:28:01] [Thread-948/INFO]: [STDERR]: java.lang.NoSuchMethodError: getWindow
[2397|t+84199ms|ThreadId(2)] [RsiftPlatformBridge] apply error: ClassNotFoundException: net.minecraft.core.registries.BuiltInRegistries
[2398|t+84200ms|ThreadId(2)] [RsiftPlatformBridge] apply error: ClassNotFoundException: net.minecraft.core.registries.BuiltInRegistries
Exception in thread "Thread-949" [09:28:02] [Thread-949/INFO]: [STDERR]: java.lang.NoSuchMethodError: getWindow
Exception in thread "Thread-950" [09:28:02] [Thread-950/INFO]: [STDERR]: java.lang.NoSuchMethodError: getWindow
Exception in thread "Thread-951" [09:28:02] [Thread-951/INFO]: [STDERR]: java.lang.NoSuchMethodError: getWindow
Exception in thread "Thread-952" [09:28:02] [Thread-952/INFO]: [STDERR]: java.lang.NoSuchMethodError: getWindow
[2399|t+84504ms|ThreadId(2)] [RsiftPlatformBridge] apply error: ClassNotFoundException: net.minecraft.core.registries.BuiltInRegistries
[2400|t+84505ms|ThreadId(2)] [RsiftPlatformBridge] apply error: ClassNotFoundException: net.minecraft.core.registries.BuiltInRegistries
Exception in thread "Thread-953" [09:28:02] [Thread-953/INFO]: [STDERR]: java.lang.NoSuchMethodError: getWindow
Exception in thread "Thread-954" [09:28:02] [Thread-954/INFO]: [STDERR]: java.lang.NoSuchMethodError: getWindow
Exception in thread "Thread-955" [09:28:02] [Thread-955/INFO]: [STDERR]: java.lang.NoSuchMethodError: getWindow
Exception in thread "Thread-956" [09:28:02] [Thread-956/INFO]: [STDERR]: java.lang.NoSuchMethodError: getWindow
[2401|t+84809ms|ThreadId(2)] [RsiftPlatformBridge] apply error: ClassNotFoundException: net.minecraft.core.registries.BuiltInRegistries
[2402|t+84809ms|ThreadId(2)] [RsiftPlatformBridge] apply error: ClassNotFoundException: net.minecraft.core.registries.BuiltInRegistries
Exception in thread "Thread-957" [09:28:02] [Thread-957/INFO]: [STDERR]: java.lang.NoSuchMethodError: getWindow
Exception in thread "Thread-958" [09:28:02] [Thread-958/INFO]: [STDERR]: java.lang.NoSuchMethodError: getWindow
Exception in thread "Thread-959" [09:28:02] [Thread-959/INFO]: [STDERR]: java.lang.NoSuchMethodError: getWindow
Exception in thread "Thread-960" [09:28:02] [Thread-960/INFO]: [STDERR]: java.lang.NoSuchMethodError: getWindow
[2403|t+85112ms|ThreadId(2)] [RsiftPlatformBridge] apply error: ClassNotFoundException: net.minecraft.core.registries.BuiltInRegistries
[2404|t+85114ms|ThreadId(2)] [RsiftPlatformBridge] apply error: ClassNotFoundException: net.minecraft.core.registries.BuiltInRegistries
Exception in thread "Thread-961" [09:28:03] [Thread-961/INFO]: [STDERR]: java.lang.NoSuchMethodError: getWindow
Exception in thread "Thread-962" [09:28:03] [Thread-962/INFO]: [STDERR]: java.lang.NoSuchMethodError: getWindow
Exception in thread "Thread-963" [09:28:03] [Thread-963/INFO]: [STDERR]: java.lang.NoSuchMethodError: getWindow
Exception in thread "Thread-964" [09:28:03] [Thread-964/INFO]: [STDERR]: java.lang.NoSuchMethodError: getWindow
[2405|t+85417ms|ThreadId(2)] [RsiftPlatformBridge] apply error: ClassNotFoundException: net.minecraft.core.registries.BuiltInRegistries
[2406|t+85418ms|ThreadId(2)] [RsiftPlatformBridge] apply error: ClassNotFoundException: net.minecraft.core.registries.BuiltInRegistries
Exception in thread "Thread-965" [09:28:03] [Thread-965/INFO]: [STDERR]: java.lang.NoSuchMethodError: getWindow
Exception in thread "Thread-966" [09:28:03] [Thread-966/INFO]: [STDERR]: java.lang.NoSuchMethodError: getWindow
Exception in thread "Thread-967" [09:28:03] [Thread-967/INFO]: [STDERR]: java.lang.NoSuchMethodError: getWindow
Exception in thread "Thread-968" [09:28:03] [Thread-968/INFO]: [STDERR]: java.lang.NoSuchMethodError: getWindow
[09:28:03] [Render thread/INFO]: Resizing Chunk Sections UBO, capacity limit of 256 reached during a single frame. New capacity will be 512.
[2407|t+85726ms|ThreadId(2)] [RsiftPlatformBridge] apply error: ClassNotFoundException: net.minecraft.core.registries.BuiltInRegistries
[2408|t+85727ms|ThreadId(2)] [RsiftPlatformBridge] apply error: ClassNotFoundException: net.minecraft.core.registries.BuiltInRegistries
Exception in thread "Thread-969" [09:28:03] [Thread-969/INFO]: [STDERR]: java.lang.NoSuchMethodError: getWindow
Exception in thread "Thread-970" [09:28:03] [Thread-970/INFO]: [STDERR]: java.lang.NoSuchMethodError: getWindow
Exception in thread "Thread-971" [09:28:03] [Thread-971/INFO]: [STDERR]: java.lang.NoSuchMethodError: getWindow
Exception in thread "Thread-972" [09:28:03] [Thread-972/INFO]: [STDERR]: java.lang.NoSuchMethodError: getWindow
[2409|t+85971ms|ThreadId(1)] [hook] render_flip fired (count=3000)
[2410|t+86030ms|ThreadId(2)] [RsiftPlatformBridge] apply error: ClassNotFoundException: net.minecraft.core.registries.BuiltInRegistries
[2411|t+86031ms|ThreadId(2)] [RsiftPlatformBridge] apply error: ClassNotFoundException: net.minecraft.core.registries.BuiltInRegistries
Exception in thread "Thread-973" [09:28:04] [Thread-973/INFO]: [STDERR]: java.lang.NoSuchMethodError: getWindow
Exception in thread "Thread-974" [09:28:04] [Thread-974/INFO]: [STDERR]: java.lang.NoSuchMethodError: getWindow
Exception in thread "Thread-975" [09:28:04] [Thread-975/INFO]: [STDERR]: java.lang.NoSuchMethodError: getWindow
Exception in thread "Thread-976" [09:28:04] [Thread-976/INFO]: [STDERR]: java.lang.NoSuchMethodError: getWindow
[2412|t+86335ms|ThreadId(2)] [RsiftPlatformBridge] apply error: ClassNotFoundException: net.minecraft.core.registries.BuiltInRegistries
[2413|t+86336ms|ThreadId(2)] [RsiftPlatformBridge] apply error: ClassNotFoundException: net.minecraft.core.registries.BuiltInRegistries
Exception in thread "Thread-977" [09:28:04] [Thread-977/INFO]: [STDERR]: java.lang.NoSuchMethodError: getWindow
Exception in thread "Thread-978" [09:28:04] [Thread-978/INFO]: [STDERR]: java.lang.NoSuchMethodError: getWindow
Exception in thread "Thread-979" [09:28:04] [Thread-979/INFO]: [STDERR]: java.lang.NoSuchMethodError: getWindow
Exception in thread "Thread-980" [09:28:04] [Thread-980/INFO]: [STDERR]: java.lang.NoSuchMethodError: getWindow
[2414|t+86639ms|ThreadId(2)] [RsiftPlatformBridge] apply error: ClassNotFoundException: net.minecraft.core.registries.BuiltInRegistries
[2415|t+86640ms|ThreadId(2)] [RsiftPlatformBridge] apply error: ClassNotFoundException: net.minecraft.core.registries.BuiltInRegistries
[2416|t+86641ms|ThreadId(2)] [step] tick_loop — alive tick=960
Exception in thread "Thread-981" [09:28:04] [Thread-981/INFO]: [STDERR]: java.lang.NoSuchMethodError: getWindow
Exception in thread "Thread-982" [09:28:04] [Thread-982/INFO]: [STDERR]: java.lang.NoSuchMethodError: getWindow
Exception in thread "Thread-983" [09:28:04] [Thread-983/INFO]: [STDERR]: java.lang.NoSuchMethodError: getWindow
Exception in thread "Thread-984" [09:28:04] [Thread-984/INFO]: [STDERR]: java.lang.NoSuchMethodError: getWindow
[2417|t+86943ms|ThreadId(2)] [RsiftPlatformBridge] apply error: ClassNotFoundException: net.minecraft.core.registries.BuiltInRegistries
[2418|t+86944ms|ThreadId(2)] [RsiftPlatformBridge] apply error: ClassNotFoundException: net.minecraft.core.registries.BuiltInRegistries
Exception in thread "Thread-985" [09:28:04] [Thread-985/INFO]: [STDERR]: java.lang.NoSuchMethodError: getWindow
Exception in thread "Thread-986" [09:28:04] [Thread-986/INFO]: [STDERR]: java.lang.NoSuchMethodError: getWindow
Exception in thread "Thread-987" [09:28:04] [Thread-987/INFO]: [STDERR]: java.lang.NoSuchMethodError: getWindow
Exception in thread "Thread-988" [09:28:05] [Thread-988/INFO]: [STDERR]: java.lang.NoSuchMethodError: getWindow
[2419|t+87246ms|ThreadId(2)] [RsiftPlatformBridge] apply error: ClassNotFoundException: net.minecraft.core.registries.BuiltInRegistries
[2420|t+87247ms|ThreadId(2)] [RsiftPlatformBridge] apply error: ClassNotFoundException: net.minecraft.core.registries.BuiltInRegistries
Exception in thread "Thread-989" [09:28:05] [Thread-989/INFO]: [STDERR]: java.lang.NoSuchMethodError: getWindow
Exception in thread "Thread-990" [09:28:05] [Thread-990/INFO]: [STDERR]: java.lang.NoSuchMethodError: getWindow
Exception in thread "Thread-991" [09:28:05] [Thread-991/INFO]: [STDERR]: java.lang.NoSuchMethodError: getWindow
Exception in thread "Thread-992" [09:28:05] [Thread-992/INFO]: [STDERR]: java.lang.NoSuchMethodError: getWindow
[2421|t+87551ms|ThreadId(2)] [RsiftPlatformBridge] apply error: ClassNotFoundException: net.minecraft.core.registries.BuiltInRegistries
[2422|t+87552ms|ThreadId(2)] [RsiftPlatformBridge] apply error: ClassNotFoundException: net.minecraft.core.registries.BuiltInRegistries
Exception in thread "Thread-993" [09:28:05] [Thread-993/INFO]: [STDERR]: java.lang.NoSuchMethodError: getWindow
Exception in thread "Thread-994" [09:28:05] [Thread-994/INFO]: [STDERR]: java.lang.NoSuchMethodError: getWindow
Exception in thread "Thread-995" [09:28:05] [Thread-995/INFO]: [STDERR]: java.lang.NoSuchMethodError: getWindow
Exception in thread "Thread-996" [09:28:05] [Thread-996/INFO]: [STDERR]: java.lang.NoSuchMethodError: getWindow
[2423|t+87856ms|ThreadId(2)] [RsiftPlatformBridge] apply error: ClassNotFoundException: net.minecraft.core.registries.BuiltInRegistries
[2424|t+87857ms|ThreadId(2)] [RsiftPlatformBridge] apply error: ClassNotFoundException: net.minecraft.core.registries.BuiltInRegistries
Exception in thread "Thread-997" [09:28:05] [Thread-997/INFO]: [STDERR]: java.lang.NoSuchMethodError: getWindow
Exception in thread "Thread-998" [09:28:05] [Thread-998/INFO]: [STDERR]: java.lang.NoSuchMethodError: getWindow
Exception in thread "Thread-999" [09:28:05] [Thread-999/INFO]: [STDERR]: java.lang.NoSuchMethodError: getWindow
Exception in thread "Thread-1000" [09:28:05] [Thread-1000/INFO]: [STDERR]: java.lang.NoSuchMethodError: getWindow
[2425|t+88161ms|ThreadId(2)] [RsiftPlatformBridge] apply error: ClassNotFoundException: net.minecraft.core.registries.BuiltInRegistries
[2426|t+88162ms|ThreadId(2)] [RsiftPlatformBridge] apply error: ClassNotFoundException: net.minecraft.core.registries.BuiltInRegistries
Exception in thread "Thread-1001" [09:28:06] [Thread-1001/INFO]: [STDERR]: java.lang.NoSuchMethodError: getWindow
Exception in thread "Thread-1002" [09:28:06] [Thread-1002/INFO]: [STDERR]: java.lang.NoSuchMethodError: getWindow
Exception in thread "Thread-1003" [09:28:06] [Thread-1003/INFO]: [STDERR]: java.lang.NoSuchMethodError: getWindow
Exception in thread "Thread-1004" [09:28:06] [Thread-1004/INFO]: [STDERR]: java.lang.NoSuchMethodError: getWindow
[2427|t+88466ms|ThreadId(2)] [RsiftPlatformBridge] apply error: ClassNotFoundException: net.minecraft.core.registries.BuiltInRegistries
[2428|t+88467ms|ThreadId(2)] [RsiftPlatformBridge] apply error: ClassNotFoundException: net.minecraft.core.registries.BuiltInRegistries
Exception in thread "Thread-1005" [09:28:06] [Thread-1005/INFO]: [STDERR]: java.lang.NoSuchMethodError: getWindow
Exception in thread "Thread-1006" [09:28:06] [Thread-1006/INFO]: [STDERR]: java.lang.NoSuchMethodError: getWindow
Exception in thread "Thread-1007" [09:28:06] [Thread-1007/INFO]: [STDERR]: java.lang.NoSuchMethodError: getWindow
Exception in thread "Thread-1008" [09:28:06] [Thread-1008/INFO]: [STDERR]: java.lang.NoSuchMethodError: getWindow
[2429|t+88771ms|ThreadId(2)] [RsiftPlatformBridge] apply error: ClassNotFoundException: net.minecraft.core.registries.BuiltInRegistries
[2430|t+88772ms|ThreadId(2)] [RsiftPlatformBridge] apply error: ClassNotFoundException: net.minecraft.core.registries.BuiltInRegistries
Exception in thread "Thread-1009" [09:28:06] [Thread-1009/INFO]: [STDERR]: java.lang.NoSuchMethodError: getWindow
Exception in thread "Thread-1010" [09:28:06] [Thread-1010/INFO]: [STDERR]: java.lang.NoSuchMethodError: getWindow
Exception in thread "Thread-1011" [09:28:06] [Thread-1011/INFO]: [STDERR]: java.lang.NoSuchMethodError: getWindow
Exception in thread "Thread-1012" [09:28:06] [Thread-1012/INFO]: [STDERR]: java.lang.NoSuchMethodError: getWindow
[2431|t+89075ms|ThreadId(2)] [RsiftPlatformBridge] apply error: ClassNotFoundException: net.minecraft.core.registries.BuiltInRegistries
[2432|t+89076ms|ThreadId(2)] [RsiftPlatformBridge] apply error: ClassNotFoundException: net.minecraft.core.registries.BuiltInRegistries
Exception in thread "Thread-1013" [09:28:07] [Thread-1013/INFO]: [STDERR]: java.lang.NoSuchMethodError: getWindow
Exception in thread "Thread-1014" [09:28:07] [Thread-1014/INFO]: [STDERR]: java.lang.NoSuchMethodError: getWindow
Exception in thread "Thread-1015" [09:28:07] [Thread-1015/INFO]: [STDERR]: java.lang.NoSuchMethodError: getWindow
Exception in thread "Thread-1016" [09:28:07] [Thread-1016/INFO]: [STDERR]: java.lang.NoSuchMethodError: getWindow
[2433|t+89381ms|ThreadId(2)] [RsiftPlatformBridge] apply error: ClassNotFoundException: net.minecraft.core.registries.BuiltInRegistries
[2434|t+89382ms|ThreadId(2)] [RsiftPlatformBridge] apply error: ClassNotFoundException: net.minecraft.core.registries.BuiltInRegistries
Exception in thread "Thread-1017" [09:28:07] [Thread-1017/INFO]: [STDERR]: java.lang.NoSuchMethodError: getWindow
Exception in thread "Thread-1018" [09:28:07] [Thread-1018/INFO]: [STDERR]: java.lang.NoSuchMethodError: getWindow
Exception in thread "Thread-1019" [09:28:07] [Thread-1019/INFO]: [STDERR]: java.lang.NoSuchMethodError: getWindow
[2435|t+89435ms|ThreadId(2)] [step] title_marker — window title set: Minecraft* 1.21.11 - Rsift (RsGraphics Render)
Exception in thread "Thread-1020" [09:28:07] [Thread-1020/INFO]: [STDERR]: java.lang.NoSuchMethodError: getWindow
[2436|t+89687ms|ThreadId(2)] [RsiftPlatformBridge] apply error: ClassNotFoundException: net.minecraft.core.registries.BuiltInRegistries
[2437|t+89688ms|ThreadId(2)] [RsiftPlatformBridge] apply error: ClassNotFoundException: net.minecraft.core.registries.BuiltInRegistries
Exception in thread "Thread-1021" [09:28:07] [Thread-1021/INFO]: [STDERR]: java.lang.NoSuchMethodError: getWindow
Exception in thread "Thread-1022" [09:28:07] [Thread-1022/INFO]: [STDERR]: java.lang.NoSuchMethodError: getWindow
Exception in thread "Thread-1023" [09:28:07] [Thread-1023/INFO]: [STDERR]: java.lang.NoSuchMethodError: getWindow
Exception in thread "Thread-1024" [09:28:07] [Thread-1024/INFO]: [STDERR]: java.lang.NoSuchMethodError: getWindow
[2438|t+89992ms|ThreadId(2)] [RsiftPlatformBridge] apply error: ClassNotFoundException: net.minecraft.core.registries.BuiltInRegistries
[2439|t+89993ms|ThreadId(2)] [RsiftPlatformBridge] apply error: ClassNotFoundException: net.minecraft.core.registries.BuiltInRegistries
Exception in thread "Thread-1025" [09:28:08] [Thread-1025/INFO]: [STDERR]: java.lang.NoSuchMethodError: getWindow
Exception in thread "Thread-1026" [09:28:08] [Thread-1026/INFO]: [STDERR]: java.lang.NoSuchMethodError: getWindow
Exception in thread "Thread-1027" [09:28:08] [Thread-1027/INFO]: [STDERR]: java.lang.NoSuchMethodError: getWindow
Exception in thread "Thread-1028" [09:28:08] [Thread-1028/INFO]: [STDERR]: java.lang.NoSuchMethodError: getWindow
[2440|t+90296ms|ThreadId(2)] [RsiftPlatformBridge] apply error: ClassNotFoundException: net.minecraft.core.registries.BuiltInRegistries
[2441|t+90297ms|ThreadId(2)] [RsiftPlatformBridge] apply error: ClassNotFoundException: net.minecraft.core.registries.BuiltInRegistries
Exception in thread "Thread-1029" [09:28:08] [Thread-1029/INFO]: [STDERR]: java.lang.NoSuchMethodError: getWindow
Exception in thread "Thread-1030" [09:28:08] [Thread-1030/INFO]: [STDERR]: java.lang.NoSuchMethodError: getWindow
Exception in thread "Thread-1031" [09:28:08] [Thread-1031/INFO]: [STDERR]: java.lang.NoSuchMethodError: getWindow
Exception in thread "Thread-1032" [09:28:08] [Thread-1032/INFO]: [STDERR]: java.lang.NoSuchMethodError: getWindow
[2442|t+90601ms|ThreadId(2)] [RsiftPlatformBridge] apply error: ClassNotFoundException: net.minecraft.core.registries.BuiltInRegistries
[2443|t+90602ms|ThreadId(2)] [RsiftPlatformBridge] apply error: ClassNotFoundException: net.minecraft.core.registries.BuiltInRegistries
Exception in thread "Thread-1033" [09:28:08] [Thread-1033/INFO]: [STDERR]: java.lang.NoSuchMethodError: getWindow
Exception in thread "Thread-1034" [09:28:08] [Thread-1034/INFO]: [STDERR]: java.lang.NoSuchMethodError: getWindow
Exception in thread "Thread-1035" [09:28:08] [Thread-1035/INFO]: [STDERR]: java.lang.NoSuchMethodError: getWindow
Exception in thread "Thread-1036" [09:28:08] [Thread-1036/INFO]: [STDERR]: java.lang.NoSuchMethodError: getWindow
[2444|t+90905ms|ThreadId(2)] [RsiftPlatformBridge] apply error: ClassNotFoundException: net.minecraft.core.registries.BuiltInRegistries
[2445|t+90906ms|ThreadId(2)] [RsiftPlatformBridge] apply error: ClassNotFoundException: net.minecraft.core.registries.BuiltInRegistries
Exception in thread "Thread-1037" [09:28:08] [Thread-1037/INFO]: [STDERR]: java.lang.NoSuchMethodError: getWindow
Exception in thread "Thread-1038" [09:28:08] [Thread-1038/INFO]: [STDERR]: java.lang.NoSuchMethodError: getWindow
Exception in thread "Thread-1039" [09:28:08] [Thread-1039/INFO]: [STDERR]: java.lang.NoSuchMethodError: getWindow
Exception in thread "Thread-1040" [09:28:08] [Thread-1040/INFO]: [STDERR]: java.lang.NoSuchMethodError: getWindow
[2446|t+91209ms|ThreadId(2)] [RsiftPlatformBridge] apply error: ClassNotFoundException: net.minecraft.core.registries.BuiltInRegistries
[2447|t+91210ms|ThreadId(2)] [RsiftPlatformBridge] apply error: ClassNotFoundException: net.minecraft.core.registries.BuiltInRegistries
Exception in thread "Thread-1041" [09:28:09] [Thread-1041/INFO]: [STDERR]: java.lang.NoSuchMethodError: getWindow
Exception in thread "Thread-1042" [09:28:09] [Thread-1042/INFO]: [STDERR]: java.lang.NoSuchMethodError: getWindow
Exception in thread "Thread-1043" [09:28:09] [Thread-1043/INFO]: [STDERR]: java.lang.NoSuchMethodError: getWindow
Exception in thread "Thread-1044" [09:28:09] [Thread-1044/INFO]: [STDERR]: java.lang.NoSuchMethodError: getWindow
[2448|t+91515ms|ThreadId(2)] [RsiftPlatformBridge] apply error: ClassNotFoundException: net.minecraft.core.registries.BuiltInRegistries
[2449|t+91516ms|ThreadId(2)] [RsiftPlatformBridge] apply error: ClassNotFoundException: net.minecraft.core.registries.BuiltInRegistries
Exception in thread "Thread-1045" [09:28:09] [Thread-1045/INFO]: [STDERR]: java.lang.NoSuchMethodError: getWindow
Exception in thread "Thread-1046" [09:28:09] [Thread-1046/INFO]: [STDERR]: java.lang.NoSuchMethodError: getWindow
Exception in thread "Thread-1047" [09:28:09] [Thread-1047/INFO]: [STDERR]: java.lang.NoSuchMethodError: getWindow
Exception in thread "Thread-1048" [09:28:09] [Thread-1048/INFO]: [STDERR]: java.lang.NoSuchMethodError: getWindow
[2450|t+91819ms|ThreadId(2)] [RsiftPlatformBridge] apply error: ClassNotFoundException: net.minecraft.core.registries.BuiltInRegistries
[2451|t+91819ms|ThreadId(2)] [RsiftPlatformBridge] apply error: ClassNotFoundException: net.minecraft.core.registries.BuiltInRegistries
Exception in thread "Thread-1049" [09:28:09] [Thread-1049/INFO]: [STDERR]: java.lang.NoSuchMethodError: getWindow
Exception in thread "Thread-1050" [09:28:09] [Thread-1050/INFO]: [STDERR]: java.lang.NoSuchMethodError: getWindow
Exception in thread "Thread-1051" [09:28:09] [Thread-1051/INFO]: [STDERR]: java.lang.NoSuchMethodError: getWindow
Exception in thread "Thread-1052" [09:28:09] [Thread-1052/INFO]: [STDERR]: java.lang.NoSuchMethodError: getWindow
[2452|t+92122ms|ThreadId(2)] [RsiftPlatformBridge] apply error: ClassNotFoundException: net.minecraft.core.registries.BuiltInRegistries
[2453|t+92123ms|ThreadId(2)] [RsiftPlatformBridge] apply error: ClassNotFoundException: net.minecraft.core.registries.BuiltInRegistries
Exception in thread "Thread-1053" [09:28:10] [Thread-1053/INFO]: [STDERR]: java.lang.NoSuchMethodError: getWindow
Exception in thread "Thread-1054" [09:28:10] [Thread-1054/INFO]: [STDERR]: java.lang.NoSuchMethodError: getWindow
Exception in thread "Thread-1055" [09:28:10] [Thread-1055/INFO]: [STDERR]: java.lang.NoSuchMethodError: getWindow
Exception in thread "Thread-1056" [09:28:10] [Thread-1056/INFO]: [STDERR]: java.lang.NoSuchMethodError: getWindow
[2454|t+92428ms|ThreadId(2)] [RsiftPlatformBridge] apply error: ClassNotFoundException: net.minecraft.core.registries.BuiltInRegistries
[2455|t+92429ms|ThreadId(2)] [RsiftPlatformBridge] apply error: ClassNotFoundException: net.minecraft.core.registries.BuiltInRegistries
Exception in thread "Thread-1057" [09:28:10] [Thread-1057/INFO]: [STDERR]: java.lang.NoSuchMethodError: getWindow
Exception in thread "Thread-1058" [09:28:10] [Thread-1058/INFO]: [STDERR]: java.lang.NoSuchMethodError: getWindow
Exception in thread "Thread-1059" [09:28:10] [Thread-1059/INFO]: [STDERR]: java.lang.NoSuchMethodError: getWindow
Exception in thread "Thread-1060" [09:28:10] [Thread-1060/INFO]: [STDERR]: java.lang.NoSuchMethodError: getWindow
[2456|t+92732ms|ThreadId(2)] [RsiftPlatformBridge] apply error: ClassNotFoundException: net.minecraft.core.registries.BuiltInRegistries
[2457|t+92733ms|ThreadId(2)] [RsiftPlatformBridge] apply error: ClassNotFoundException: net.minecraft.core.registries.BuiltInRegistries
Exception in thread "Thread-1061" [09:28:10] [Thread-1061/INFO]: [STDERR]: java.lang.NoSuchMethodError: getWindow
Exception in thread "Thread-1062" [09:28:10] [Thread-1062/INFO]: [STDERR]: java.lang.NoSuchMethodError: getWindow
Exception in thread "Thread-1063" [09:28:10] [Thread-1063/INFO]: [STDERR]: java.lang.NoSuchMethodError: getWindow
Exception in thread "Thread-1064" [09:28:10] [Thread-1064/INFO]: [STDERR]: java.lang.NoSuchMethodError: getWindow
[2458|t+93037ms|ThreadId(2)] [RsiftPlatformBridge] apply error: ClassNotFoundException: net.minecraft.core.registries.BuiltInRegistries
[2459|t+93038ms|ThreadId(2)] [RsiftPlatformBridge] apply error: ClassNotFoundException: net.minecraft.core.registries.BuiltInRegistries
Exception in thread "Thread-1065" [09:28:11] [Thread-1065/INFO]: [STDERR]: java.lang.NoSuchMethodError: getWindow
Exception in thread "Thread-1066" [09:28:11] [Thread-1066/INFO]: [STDERR]: java.lang.NoSuchMethodError: getWindow
Exception in thread "Thread-1067" [09:28:11] [Thread-1067/INFO]: [STDERR]: java.lang.NoSuchMethodError: getWindow
Exception in thread "Thread-1068" [09:28:11] [Thread-1068/INFO]: [STDERR]: java.lang.NoSuchMethodError: getWindow
[2460|t+93340ms|ThreadId(2)] [RsiftPlatformBridge] apply error: ClassNotFoundException: net.minecraft.core.registries.BuiltInRegistries
[2461|t+93341ms|ThreadId(2)] [RsiftPlatformBridge] apply error: ClassNotFoundException: net.minecraft.core.registries.BuiltInRegistries
Exception in thread "Thread-1069" [09:28:11] [Thread-1069/INFO]: [STDERR]: java.lang.NoSuchMethodError: getWindow
Exception in thread "Thread-1070" [09:28:11] [Thread-1070/INFO]: [STDERR]: java.lang.NoSuchMethodError: getWindow
Exception in thread "Thread-1071" [09:28:11] [Thread-1071/INFO]: [STDERR]: java.lang.NoSuchMethodError: getWindow
Exception in thread "Thread-1072" [09:28:11] [Thread-1072/INFO]: [STDERR]: java.lang.NoSuchMethodError: getWindow
[2462|t+93645ms|ThreadId(2)] [RsiftPlatformBridge] apply error: ClassNotFoundException: net.minecraft.core.registries.BuiltInRegistries
[2463|t+93645ms|ThreadId(2)] [RsiftPlatformBridge] apply error: ClassNotFoundException: net.minecraft.core.registries.BuiltInRegistries
Exception in thread "Thread-1073" [09:28:11] [Thread-1073/INFO]: [STDERR]: java.lang.NoSuchMethodError: getWindow
Exception in thread "Thread-1074" [09:28:11] [Thread-1074/INFO]: [STDERR]: java.lang.NoSuchMethodError: getWindow
Exception in thread "Thread-1075" [09:28:11] [Thread-1075/INFO]: [STDERR]: java.lang.NoSuchMethodError: getWindow
Exception in thread "Thread-1076" [09:28:11] [Thread-1076/INFO]: [STDERR]: java.lang.NoSuchMethodError: getWindow
[2464|t+93949ms|ThreadId(2)] [RsiftPlatformBridge] apply error: ClassNotFoundException: net.minecraft.core.registries.BuiltInRegistries
[2465|t+93949ms|ThreadId(2)] [RsiftPlatformBridge] apply error: ClassNotFoundException: net.minecraft.core.registries.BuiltInRegistries
Exception in thread "Thread-1077" [09:28:11] [Thread-1077/INFO]: [STDERR]: java.lang.NoSuchMethodError: getWindow
Exception in thread "Thread-1078" [09:28:11] [Thread-1078/INFO]: [STDERR]: java.lang.NoSuchMethodError: getWindow
Exception in thread "Thread-1079" [09:28:11] [Thread-1079/INFO]: [STDERR]: java.lang.NoSuchMethodError: getWindow
Exception in thread "Thread-1080" [09:28:12] [Thread-1080/INFO]: [STDERR]: java.lang.NoSuchMethodError: getWindow
[2466|t+94254ms|ThreadId(2)] [RsiftPlatformBridge] apply error: ClassNotFoundException: net.minecraft.core.registries.BuiltInRegistries
[2467|t+94255ms|ThreadId(2)] [RsiftPlatformBridge] apply error: ClassNotFoundException: net.minecraft.core.registries.BuiltInRegistries
Exception in thread "Thread-1081" [09:28:12] [Thread-1081/INFO]: [STDERR]: java.lang.NoSuchMethodError: getWindow
Exception in thread "Thread-1082" [09:28:12] [Thread-1082/INFO]: [STDERR]: java.lang.NoSuchMethodError: getWindow
Exception in thread "Thread-1083" [09:28:12] [Thread-1083/INFO]: [STDERR]: java.lang.NoSuchMethodError: getWindow
Exception in thread "Thread-1084" [09:28:12] [Thread-1084/INFO]: [STDERR]: java.lang.NoSuchMethodError: getWindow
[2468|t+94558ms|ThreadId(2)] [RsiftPlatformBridge] apply error: ClassNotFoundException: net.minecraft.core.registries.BuiltInRegistries
[2469|t+94559ms|ThreadId(2)] [RsiftPlatformBridge] apply error: ClassNotFoundException: net.minecraft.core.registries.BuiltInRegistries
Exception in thread "Thread-1085" [09:28:12] [Thread-1085/INFO]: [STDERR]: java.lang.NoSuchMethodError: getWindow
Exception in thread "Thread-1086" [09:28:12] [Thread-1086/INFO]: [STDERR]: java.lang.NoSuchMethodError: getWindow
Exception in thread "Thread-1087" [09:28:12] [Thread-1087/INFO]: [STDERR]: java.lang.NoSuchMethodError: getWindow
Exception in thread "Thread-1088" [09:28:12] [Thread-1088/INFO]: [STDERR]: java.lang.NoSuchMethodError: getWindow
[2470|t+94804ms|ThreadId(1)] [hook] render_flip fired (count=3600)
[2471|t+94862ms|ThreadId(2)] [RsiftPlatformBridge] apply error: ClassNotFoundException: net.minecraft.core.registries.BuiltInRegistries
[2472|t+94863ms|ThreadId(2)] [RsiftPlatformBridge] apply error: ClassNotFoundException: net.minecraft.core.registries.BuiltInRegistries
Exception in thread "Thread-1089" [09:28:12] [Thread-1089/INFO]: [STDERR]: java.lang.NoSuchMethodError: getWindow
Exception in thread "Thread-1090" [09:28:12] [Thread-1090/INFO]: [STDERR]: java.lang.NoSuchMethodError: getWindow
Exception in thread "Thread-1091" [09:28:12] [Thread-1091/INFO]: [STDERR]: java.lang.NoSuchMethodError: getWindow
Exception in thread "Thread-1092" [09:28:12] [Thread-1092/INFO]: [STDERR]: java.lang.NoSuchMethodError: getWindow
[2473|t+95167ms|ThreadId(2)] [RsiftPlatformBridge] apply error: ClassNotFoundException: net.minecraft.core.registries.BuiltInRegistries
[2474|t+95168ms|ThreadId(2)] [RsiftPlatformBridge] apply error: ClassNotFoundException: net.minecraft.core.registries.BuiltInRegistries
Exception in thread "Thread-1093" [09:28:13] [Thread-1093/INFO]: [STDERR]: java.lang.NoSuchMethodError: getWindow
Exception in thread "Thread-1094" [09:28:13] [Thread-1094/INFO]: [STDERR]: java.lang.NoSuchMethodError: getWindow
Exception in thread "Thread-1095" [09:28:13] [Thread-1095/INFO]: [STDERR]: java.lang.NoSuchMethodError: getWindow
Exception in thread "Thread-1096" [09:28:13] [Thread-1096/INFO]: [STDERR]: java.lang.NoSuchMethodError: getWindow
[2475|t+95472ms|ThreadId(2)] [RsiftPlatformBridge] apply error: ClassNotFoundException: net.minecraft.core.registries.BuiltInRegistries
[2476|t+95473ms|ThreadId(2)] [RsiftPlatformBridge] apply error: ClassNotFoundException: net.minecraft.core.registries.BuiltInRegistries
Exception in thread "Thread-1097" [09:28:13] [Thread-1097/INFO]: [STDERR]: java.lang.NoSuchMethodError: getWindow
Exception in thread "Thread-1098" [09:28:13] [Thread-1098/INFO]: [STDERR]: java.lang.NoSuchMethodError: getWindow
Exception in thread "Thread-1099" [09:28:13] [Thread-1099/INFO]: [STDERR]: java.lang.NoSuchMethodError: getWindow
Exception in thread "Thread-1100" [09:28:13] [Thread-1100/INFO]: [STDERR]: java.lang.NoSuchMethodError: getWindow
[2477|t+95777ms|ThreadId(2)] [RsiftPlatformBridge] apply error: ClassNotFoundException: net.minecraft.core.registries.BuiltInRegistries
[2478|t+95778ms|ThreadId(2)] [RsiftPlatformBridge] apply error: ClassNotFoundException: net.minecraft.core.registries.BuiltInRegistries
[2479|t+95779ms|ThreadId(2)] [step] tick_loop — alive tick=1080
Exception in thread "Thread-1101" [09:28:13] [Thread-1101/INFO]: [STDERR]: java.lang.NoSuchMethodError: getWindow
Exception in thread "Thread-1102" [09:28:13] [Thread-1102/INFO]: [STDERR]: java.lang.NoSuchMethodError: getWindow
Exception in thread "Thread-1103" [09:28:13] [Thread-1103/INFO]: [STDERR]: java.lang.NoSuchMethodError: getWindow
Exception in thread "Thread-1104" [09:28:13] [Thread-1104/INFO]: [STDERR]: java.lang.NoSuchMethodError: getWindow
[2480|t+96082ms|ThreadId(2)] [RsiftPlatformBridge] apply error: ClassNotFoundException: net.minecraft.core.registries.BuiltInRegistries
[2481|t+96083ms|ThreadId(2)] [RsiftPlatformBridge] apply error: ClassNotFoundException: net.minecraft.core.registries.BuiltInRegistries
Exception in thread "Thread-1105" [09:28:14] [Thread-1105/INFO]: [STDERR]: java.lang.NoSuchMethodError: getWindow
Exception in thread "Thread-1106" [09:28:14] [Thread-1106/INFO]: [STDERR]: java.lang.NoSuchMethodError: getWindow
Exception in thread "Thread-1107" [09:28:14] [Thread-1107/INFO]: [STDERR]: java.lang.NoSuchMethodError: getWindow
Exception in thread "Thread-1108" [09:28:14] [Thread-1108/INFO]: [STDERR]: java.lang.NoSuchMethodError: getWindow
[2482|t+96390ms|ThreadId(2)] [RsiftPlatformBridge] apply error: ClassNotFoundException: net.minecraft.core.registries.BuiltInRegistries
[2483|t+96391ms|ThreadId(2)] [RsiftPlatformBridge] apply error: ClassNotFoundException: net.minecraft.core.registries.BuiltInRegistries
Exception in thread "Thread-1109" [09:28:14] [Thread-1109/INFO]: [STDERR]: java.lang.NoSuchMethodError: getWindow
Exception in thread "Thread-1110" [09:28:14] [Thread-1110/INFO]: [STDERR]: java.lang.NoSuchMethodError: getWindow
Exception in thread "Thread-1111" [09:28:14] [Thread-1111/INFO]: [STDERR]: java.lang.NoSuchMethodError: getWindow
Exception in thread "Thread-1112" [09:28:14] [Thread-1112/INFO]: [STDERR]: java.lang.NoSuchMethodError: getWindow
[2484|t+96694ms|ThreadId(2)] [RsiftPlatformBridge] apply error: ClassNotFoundException: net.minecraft.core.registries.BuiltInRegistries
[2485|t+96695ms|ThreadId(2)] [RsiftPlatformBridge] apply error: ClassNotFoundException: net.minecraft.core.registries.BuiltInRegistries
Exception in thread "Thread-1113" [09:28:14] [Thread-1113/INFO]: [STDERR]: java.lang.NoSuchMethodError: getWindow
Exception in thread "Thread-1114" [09:28:14] [Thread-1114/INFO]: [STDERR]: java.lang.NoSuchMethodError: getWindow
Exception in thread "Thread-1115" [09:28:14] [Thread-1115/INFO]: [STDERR]: java.lang.NoSuchMethodError: getWindow
Exception in thread "Thread-1116" [09:28:14] [Thread-1116/INFO]: [STDERR]: java.lang.NoSuchMethodError: getWindow
[2486|t+96998ms|ThreadId(2)] [RsiftPlatformBridge] apply error: ClassNotFoundException: net.minecraft.core.registries.BuiltInRegistries
[2487|t+96999ms|ThreadId(2)] [RsiftPlatformBridge] apply error: ClassNotFoundException: net.minecraft.core.registries.BuiltInRegistries
Exception in thread "Thread-1117" [09:28:15] [Thread-1117/INFO]: [STDERR]: java.lang.NoSuchMethodError: getWindow
Exception in thread "Thread-1118" [09:28:15] [Thread-1118/INFO]: [STDERR]: java.lang.NoSuchMethodError: getWindow
Exception in thread "Thread-1119" [09:28:15] [Thread-1119/INFO]: [STDERR]: java.lang.NoSuchMethodError: getWindow
Exception in thread "Thread-1120" [09:28:15] [Thread-1120/INFO]: [STDERR]: java.lang.NoSuchMethodError: getWindow
[2488|t+97302ms|ThreadId(2)] [RsiftPlatformBridge] apply error: ClassNotFoundException: net.minecraft.core.registries.BuiltInRegistries
[2489|t+97303ms|ThreadId(2)] [RsiftPlatformBridge] apply error: ClassNotFoundException: net.minecraft.core.registries.BuiltInRegistries
Exception in thread "Thread-1121" [09:28:15] [Thread-1121/INFO]: [STDERR]: java.lang.NoSuchMethodError: getWindow
Exception in thread "Thread-1122" [09:28:15] [Thread-1122/INFO]: [STDERR]: java.lang.NoSuchMethodError: getWindow
Exception in thread "Thread-1123" [09:28:15] [Thread-1123/INFO]: [STDERR]: java.lang.NoSuchMethodError: getWindow
Exception in thread "Thread-1124" [09:28:15] [Thread-1124/INFO]: [STDERR]: java.lang.NoSuchMethodError: getWindow
[2490|t+97607ms|ThreadId(2)] [RsiftPlatformBridge] apply error: ClassNotFoundException: net.minecraft.core.registries.BuiltInRegistries
[2491|t+97608ms|ThreadId(2)] [RsiftPlatformBridge] apply error: ClassNotFoundException: net.minecraft.core.registries.BuiltInRegistries
Exception in thread "Thread-1125" [09:28:15] [Thread-1125/INFO]: [STDERR]: java.lang.NoSuchMethodError: getWindow
Exception in thread "Thread-1126" [09:28:15] [Thread-1126/INFO]: [STDERR]: java.lang.NoSuchMethodError: getWindow
Exception in thread "Thread-1127" [09:28:15] [Thread-1127/INFO]: [STDERR]: java.lang.NoSuchMethodError: getWindow
Exception in thread "Thread-1128" [09:28:15] [Thread-1128/INFO]: [STDERR]: java.lang.NoSuchMethodError: getWindow
[2492|t+97914ms|ThreadId(2)] [RsiftPlatformBridge] apply error: ClassNotFoundException: net.minecraft.core.registries.BuiltInRegistries
[2493|t+97915ms|ThreadId(2)] [RsiftPlatformBridge] apply error: ClassNotFoundException: net.minecraft.core.registries.BuiltInRegistries
Exception in thread "Thread-1129" [09:28:15] [Thread-1129/INFO]: [STDERR]: java.lang.NoSuchMethodError: getWindow
Exception in thread "Thread-1130" [09:28:15] [Thread-1130/INFO]: [STDERR]: java.lang.NoSuchMethodError: getWindow
Exception in thread "Thread-1131" [09:28:15] [Thread-1131/INFO]: [STDERR]: java.lang.NoSuchMethodError: getWindow
Exception in thread "Thread-1132" [09:28:15] [Thread-1132/INFO]: [STDERR]: java.lang.NoSuchMethodError: getWindow
[2494|t+98218ms|ThreadId(2)] [RsiftPlatformBridge] apply error: ClassNotFoundException: net.minecraft.core.registries.BuiltInRegistries
[2495|t+98219ms|ThreadId(2)] [RsiftPlatformBridge] apply error: ClassNotFoundException: net.minecraft.core.registries.BuiltInRegistries
Exception in thread "Thread-1133" [09:28:16] [Thread-1133/INFO]: [STDERR]: java.lang.NoSuchMethodError: getWindow
Exception in thread "Thread-1134" [09:28:16] [Thread-1134/INFO]: [STDERR]: java.lang.NoSuchMethodError: getWindow
Exception in thread "Thread-1135" [09:28:16] [Thread-1135/INFO]: [STDERR]: java.lang.NoSuchMethodError: getWindow
Exception in thread "Thread-1136" [09:28:16] [Thread-1136/INFO]: [STDERR]: java.lang.NoSuchMethodError: getWindow
[2496|t+98524ms|ThreadId(2)] [RsiftPlatformBridge] apply error: ClassNotFoundException: net.minecraft.core.registries.BuiltInRegistries
[2497|t+98525ms|ThreadId(2)] [RsiftPlatformBridge] apply error: ClassNotFoundException: net.minecraft.core.registries.BuiltInRegistries
Exception in thread "Thread-1137" [09:28:16] [Thread-1137/INFO]: [STDERR]: java.lang.NoSuchMethodError: getWindow
Exception in thread "Thread-1138" [09:28:16] [Thread-1138/INFO]: [STDERR]: java.lang.NoSuchMethodError: getWindow
Exception in thread "Thread-1139" [09:28:16] [Thread-1139/INFO]: [STDERR]: java.lang.NoSuchMethodError: getWindow
Exception in thread "Thread-1140" [09:28:16] [Thread-1140/INFO]: [STDERR]: java.lang.NoSuchMethodError: getWindow
[2498|t+98828ms|ThreadId(2)] [RsiftPlatformBridge] apply error: ClassNotFoundException: net.minecraft.core.registries.BuiltInRegistries
[2499|t+98828ms|ThreadId(2)] [RsiftPlatformBridge] apply error: ClassNotFoundException: net.minecraft.core.registries.BuiltInRegistries
Exception in thread "Thread-1141" [09:28:16] [Thread-1141/INFO]: [STDERR]: java.lang.NoSuchMethodError: getWindow
Exception in thread "Thread-1142" [09:28:16] [Thread-1142/INFO]: [STDERR]: java.lang.NoSuchMethodError: getWindow
Exception in thread "Thread-1143" [09:28:16] [Thread-1143/INFO]: [STDERR]: java.lang.NoSuchMethodError: getWindow
Exception in thread "Thread-1144" [09:28:16] [Thread-1144/INFO]: [STDERR]: java.lang.NoSuchMethodError: getWindow
[2500|t+99131ms|ThreadId(2)] [RsiftPlatformBridge] apply error: ClassNotFoundException: net.minecraft.core.registries.BuiltInRegistries
[2501|t+99132ms|ThreadId(2)] [RsiftPlatformBridge] apply error: ClassNotFoundException: net.minecraft.core.registries.BuiltInRegistries
Exception in thread "Thread-1145" [09:28:17] [Thread-1145/INFO]: [STDERR]: java.lang.NoSuchMethodError: getWindow
Exception in thread "Thread-1146" [09:28:17] [Thread-1146/INFO]: [STDERR]: java.lang.NoSuchMethodError: getWindow
Exception in thread "Thread-1147" [09:28:17] [Thread-1147/INFO]: [STDERR]: java.lang.NoSuchMethodError: getWindow
Exception in thread "Thread-1148" [09:28:17] [Thread-1148/INFO]: [STDERR]: java.lang.NoSuchMethodError: getWindow
[2502|t+99436ms|ThreadId(2)] [RsiftPlatformBridge] apply error: ClassNotFoundException: net.minecraft.core.registries.BuiltInRegistries
[2503|t+99436ms|ThreadId(2)] [RsiftPlatformBridge] apply error: ClassNotFoundException: net.minecraft.core.registries.BuiltInRegistries
Exception in thread "Thread-1149" [09:28:17] [Thread-1149/INFO]: [STDERR]: java.lang.NoSuchMethodError: getWindow
Exception in thread "Thread-1150" [09:28:17] [Thread-1150/INFO]: [STDERR]: java.lang.NoSuchMethodError: getWindow
Exception in thread "Thread-1151" [09:28:17] [Thread-1151/INFO]: [STDERR]: java.lang.NoSuchMethodError: getWindow
Exception in thread "Thread-1152" [09:28:17] [Thread-1152/INFO]: [STDERR]: java.lang.NoSuchMethodError: getWindow
[2504|t+99740ms|ThreadId(2)] [RsiftPlatformBridge] apply error: ClassNotFoundException: net.minecraft.core.registries.BuiltInRegistries
[2505|t+99741ms|ThreadId(2)] [RsiftPlatformBridge] apply error: ClassNotFoundException: net.minecraft.core.registries.BuiltInRegistries
Exception in thread "Thread-1153" [09:28:17] [Thread-1153/INFO]: [STDERR]: java.lang.NoSuchMethodError: getWindow
Exception in thread "Thread-1154" [09:28:17] [Thread-1154/INFO]: [STDERR]: java.lang.NoSuchMethodError: getWindow
Exception in thread "Thread-1155" [09:28:17] [Thread-1155/INFO]: [STDERR]: java.lang.NoSuchMethodError: getWindow
Exception in thread "Thread-1156" [09:28:17] [Thread-1156/INFO]: [STDERR]: java.lang.NoSuchMethodError: getWindow
[2506|t+100044ms|ThreadId(2)] [RsiftPlatformBridge] apply error: ClassNotFoundException: net.minecraft.core.registries.BuiltInRegistries
[2507|t+100045ms|ThreadId(2)] [RsiftPlatformBridge] apply error: ClassNotFoundException: net.minecraft.core.registries.BuiltInRegistries
Exception in thread "Thread-1157" [09:28:18] [Thread-1157/INFO]: [STDERR]: java.lang.NoSuchMethodError: getWindow
Exception in thread "Thread-1158" [09:28:18] [Thread-1158/INFO]: [STDERR]: java.lang.NoSuchMethodError: getWindow
Exception in thread "Thread-1159" [09:28:18] [Thread-1159/INFO]: [STDERR]: java.lang.NoSuchMethodError: getWindow
Exception in thread "Thread-1160" [09:28:18] [Thread-1160/INFO]: [STDERR]: java.lang.NoSuchMethodError: getWindow
[2508|t+100349ms|ThreadId(2)] [RsiftPlatformBridge] apply error: ClassNotFoundException: net.minecraft.core.registries.BuiltInRegistries
[2509|t+100350ms|ThreadId(2)] [RsiftPlatformBridge] apply error: ClassNotFoundException: net.minecraft.core.registries.BuiltInRegistries
Exception in thread "Thread-1161" [09:28:18] [Thread-1161/INFO]: [STDERR]: java.lang.NoSuchMethodError: getWindow
Exception in thread "Thread-1162" [09:28:18] [Thread-1162/INFO]: [STDERR]: java.lang.NoSuchMethodError: getWindow
Exception in thread "Thread-1163" [09:28:18] [Thread-1163/INFO]: [STDERR]: java.lang.NoSuchMethodError: getWindow
Exception in thread "Thread-1164" [09:28:18] [Thread-1164/INFO]: [STDERR]: java.lang.NoSuchMethodError: getWindow
[2510|t+100655ms|ThreadId(2)] [RsiftPlatformBridge] apply error: ClassNotFoundException: net.minecraft.core.registries.BuiltInRegistries
[2511|t+100656ms|ThreadId(2)] [RsiftPlatformBridge] apply error: ClassNotFoundException: net.minecraft.core.registries.BuiltInRegistries
Exception in thread "Thread-1165" [09:28:18] [Thread-1165/INFO]: [STDERR]: java.lang.NoSuchMethodError: getWindow
Exception in thread "Thread-1166" [09:28:18] [Thread-1166/INFO]: [STDERR]: java.lang.NoSuchMethodError: getWindow
Exception in thread "Thread-1167" [09:28:18] [Thread-1167/INFO]: [STDERR]: java.lang.NoSuchMethodError: getWindow
Exception in thread "Thread-1168" [09:28:18] [Thread-1168/INFO]: [STDERR]: java.lang.NoSuchMethodError: getWindow
[2512|t+100962ms|ThreadId(2)] [RsiftPlatformBridge] apply error: ClassNotFoundException: net.minecraft.core.registries.BuiltInRegistries
[2513|t+100964ms|ThreadId(2)] [RsiftPlatformBridge] apply error: ClassNotFoundException: net.minecraft.core.registries.BuiltInRegistries
Exception in thread "Thread-1169" [09:28:18] [Thread-1169/INFO]: [STDERR]: java.lang.NoSuchMethodError: getWindow
Exception in thread "Thread-1170" [09:28:18] [Thread-1170/INFO]: [STDERR]: java.lang.NoSuchMethodError: getWindow
Exception in thread "Thread-1171" [09:28:19] [Thread-1171/INFO]: [STDERR]: java.lang.NoSuchMethodError: getWindow
Exception in thread "Thread-1172" [09:28:19] [Thread-1172/INFO]: [STDERR]: java.lang.NoSuchMethodError: getWindow
[2514|t+101277ms|ThreadId(2)] [RsiftPlatformBridge] apply error: ClassNotFoundException: net.minecraft.core.registries.BuiltInRegistries
[2515|t+101279ms|ThreadId(2)] [RsiftPlatformBridge] apply error: ClassNotFoundException: net.minecraft.core.registries.BuiltInRegistries
Exception in thread "Thread-1173" [09:28:19] [Thread-1173/INFO]: [STDERR]: java.lang.NoSuchMethodError: getWindow
Exception in thread "Thread-1174" [09:28:19] [Thread-1174/INFO]: [STDERR]: java.lang.NoSuchMethodError: getWindow
Exception in thread "Thread-1175" [09:28:19] [Thread-1175/INFO]: [STDERR]: java.lang.NoSuchMethodError: getWindow
Exception in thread "Thread-1176" [09:28:19] [Thread-1176/INFO]: [STDERR]: java.lang.NoSuchMethodError: getWindow
[2516|t+101590ms|ThreadId(2)] [RsiftPlatformBridge] apply error: ClassNotFoundException: net.minecraft.core.registries.BuiltInRegistries
[2517|t+101590ms|ThreadId(2)] [RsiftPlatformBridge] apply error: ClassNotFoundException: net.minecraft.core.registries.BuiltInRegistries
Exception in thread "Thread-1177" [09:28:19] [Thread-1177/INFO]: [STDERR]: java.lang.NoSuchMethodError: getWindow
Exception in thread "Thread-1178" [09:28:19] [Thread-1178/INFO]: [STDERR]: java.lang.NoSuchMethodError: getWindow
Exception in thread "Thread-1179" [09:28:19] [Thread-1179/INFO]: [STDERR]: java.lang.NoSuchMethodError: getWindow
Exception in thread "Thread-1180" [09:28:19] [Thread-1180/INFO]: [STDERR]: java.lang.NoSuchMethodError: getWindow
[2518|t+101894ms|ThreadId(2)] [RsiftPlatformBridge] apply error: ClassNotFoundException: net.minecraft.core.registries.BuiltInRegistries
[2519|t+101895ms|ThreadId(2)] [RsiftPlatformBridge] apply error: ClassNotFoundException: net.minecraft.core.registries.BuiltInRegistries
Exception in thread "Thread-1181" [09:28:19] [Thread-1181/INFO]: [STDERR]: java.lang.NoSuchMethodError: getWindow
Exception in thread "Thread-1182" [09:28:19] [Thread-1182/INFO]: [STDERR]: java.lang.NoSuchMethodError: getWindow
Exception in thread "Thread-1183" [09:28:19] [Thread-1183/INFO]: [STDERR]: java.lang.NoSuchMethodError: getWindow
Exception in thread "Thread-1184" [09:28:19] [Thread-1184/INFO]: [STDERR]: java.lang.NoSuchMethodError: getWindow
[2520|t+102198ms|ThreadId(2)] [RsiftPlatformBridge] apply error: ClassNotFoundException: net.minecraft.core.registries.BuiltInRegistries
[2521|t+102199ms|ThreadId(2)] [RsiftPlatformBridge] apply error: ClassNotFoundException: net.minecraft.core.registries.BuiltInRegistries
Exception in thread "Thread-1185" [09:28:20] [Thread-1185/INFO]: [STDERR]: java.lang.NoSuchMethodError: getWindow
Exception in thread "Thread-1186" [09:28:20] [Thread-1186/INFO]: [STDERR]: java.lang.NoSuchMethodError: getWindow
Exception in thread "Thread-1187" [09:28:20] [Thread-1187/INFO]: [STDERR]: java.lang.NoSuchMethodError: getWindow
Exception in thread "Thread-1188" [09:28:20] [Thread-1188/INFO]: [STDERR]: java.lang.NoSuchMethodError: getWindow
[2522|t+102502ms|ThreadId(2)] [RsiftPlatformBridge] apply error: ClassNotFoundException: net.minecraft.core.registries.BuiltInRegistries
[2523|t+102503ms|ThreadId(2)] [RsiftPlatformBridge] apply error: ClassNotFoundException: net.minecraft.core.registries.BuiltInRegistries
Exception in thread "Thread-1189" [09:28:20] [Thread-1189/INFO]: [STDERR]: java.lang.NoSuchMethodError: getWindow
Exception in thread "Thread-1190" [09:28:20] [Thread-1190/INFO]: [STDERR]: java.lang.NoSuchMethodError: getWindow
Exception in thread "Thread-1191" [09:28:20] [Thread-1191/INFO]: [STDERR]: java.lang.NoSuchMethodError: getWindow
Exception in thread "Thread-1192" [09:28:20] [Thread-1192/INFO]: [STDERR]: java.lang.NoSuchMethodError: getWindow
[2524|t+102807ms|ThreadId(2)] [RsiftPlatformBridge] apply error: ClassNotFoundException: net.minecraft.core.registries.BuiltInRegistries
[2525|t+102807ms|ThreadId(2)] [RsiftPlatformBridge] apply error: ClassNotFoundException: net.minecraft.core.registries.BuiltInRegistries
Exception in thread "Thread-1193" [09:28:20] [Thread-1193/INFO]: [STDERR]: java.lang.NoSuchMethodError: getWindow
Exception in thread "Thread-1194" [09:28:20] [Thread-1194/INFO]: [STDERR]: java.lang.NoSuchMethodError: getWindow
Exception in thread "Thread-1195" [09:28:20] [Thread-1195/INFO]: [STDERR]: java.lang.NoSuchMethodError: getWindow
Exception in thread "Thread-1196" [09:28:20] [Thread-1196/INFO]: [STDERR]: java.lang.NoSuchMethodError: getWindow
[2526|t+102938ms|ThreadId(1)] [hook] render_flip fired (count=4200)
[2527|t+103111ms|ThreadId(2)] [RsiftPlatformBridge] apply error: ClassNotFoundException: net.minecraft.core.registries.BuiltInRegistries
[2528|t+103112ms|ThreadId(2)] [RsiftPlatformBridge] apply error: ClassNotFoundException: net.minecraft.core.registries.BuiltInRegistries
Exception in thread "Thread-1197" [09:28:21] [Thread-1197/INFO]: [STDERR]: java.lang.NoSuchMethodError: getWindow
Exception in thread "Thread-1198" [09:28:21] [Thread-1198/INFO]: [STDERR]: java.lang.NoSuchMethodError: getWindow
Exception in thread "Thread-1199" [09:28:21] [Thread-1199/INFO]: [STDERR]: java.lang.NoSuchMethodError: getWindow
Exception in thread "Thread-1200" [09:28:21] [Thread-1200/INFO]: [STDERR]: java.lang.NoSuchMethodError: getWindow
[2529|t+103415ms|ThreadId(2)] [RsiftPlatformBridge] apply error: ClassNotFoundException: net.minecraft.core.registries.BuiltInRegistries
[2530|t+103416ms|ThreadId(2)] [RsiftPlatformBridge] apply error: ClassNotFoundException: net.minecraft.core.registries.BuiltInRegistries
Exception in thread "Thread-1201" [09:28:21] [Thread-1201/INFO]: [STDERR]: java.lang.NoSuchMethodError: getWindow
Exception in thread "Thread-1202" [09:28:21] [Thread-1202/INFO]: [STDERR]: java.lang.NoSuchMethodError: getWindow
Exception in thread "Thread-1203" [09:28:21] [Thread-1203/INFO]: [STDERR]: java.lang.NoSuchMethodError: getWindow
Exception in thread "Thread-1204" [09:28:21] [Thread-1204/INFO]: [STDERR]: java.lang.NoSuchMethodError: getWindow
[2531|t+103719ms|ThreadId(2)] [RsiftPlatformBridge] apply error: ClassNotFoundException: net.minecraft.core.registries.BuiltInRegistries
[2532|t+103720ms|ThreadId(2)] [RsiftPlatformBridge] apply error: ClassNotFoundException: net.minecraft.core.registries.BuiltInRegistries
Exception in thread "Thread-1205" [09:28:21] [Thread-1205/INFO]: [STDERR]: java.lang.NoSuchMethodError: getWindow
Exception in thread "Thread-1206" [09:28:21] [Thread-1206/INFO]: [STDERR]: java.lang.NoSuchMethodError: getWindow
Exception in thread "Thread-1207" [09:28:21] [Thread-1207/INFO]: [STDERR]: java.lang.NoSuchMethodError: getWindow
Exception in thread "Thread-1208" [09:28:21] [Thread-1208/INFO]: [STDERR]: java.lang.NoSuchMethodError: getWindow
[2533|t+104025ms|ThreadId(2)] [RsiftPlatformBridge] apply error: ClassNotFoundException: net.minecraft.core.registries.BuiltInRegistries
[2534|t+104026ms|ThreadId(2)] [RsiftPlatformBridge] apply error: ClassNotFoundException: net.minecraft.core.registries.BuiltInRegistries
Exception in thread "Thread-1209" [09:28:22] [Thread-1209/INFO]: [STDERR]: java.lang.NoSuchMethodError: getWindow
Exception in thread "Thread-1210" [09:28:22] [Thread-1210/INFO]: [STDERR]: java.lang.NoSuchMethodError: getWindow
Exception in thread "Thread-1211" [09:28:22] [Thread-1211/INFO]: [STDERR]: java.lang.NoSuchMethodError: getWindow
Exception in thread "Thread-1212" [09:28:22] [Thread-1212/INFO]: [STDERR]: java.lang.NoSuchMethodError: getWindow
[2535|t+104331ms|ThreadId(2)] [RsiftPlatformBridge] apply error: ClassNotFoundException: net.minecraft.core.registries.BuiltInRegistries
[2536|t+104332ms|ThreadId(2)] [RsiftPlatformBridge] apply error: ClassNotFoundException: net.minecraft.core.registries.BuiltInRegistries
Exception in thread "Thread-1213" [09:28:22] [Thread-1213/INFO]: [STDERR]: java.lang.NoSuchMethodError: getWindow
Exception in thread "Thread-1214" [09:28:22] [Thread-1214/INFO]: [STDERR]: java.lang.NoSuchMethodError: getWindow
Exception in thread "Thread-1215" [09:28:22] [Thread-1215/INFO]: [STDERR]: java.lang.NoSuchMethodError: getWindow
Exception in thread "Thread-1216" [09:28:22] [Thread-1216/INFO]: [STDERR]: java.lang.NoSuchMethodError: getWindow
[2537|t+104635ms|ThreadId(2)] [RsiftPlatformBridge] apply error: ClassNotFoundException: net.minecraft.core.registries.BuiltInRegistries
[2538|t+104636ms|ThreadId(2)] [RsiftPlatformBridge] apply error: ClassNotFoundException: net.minecraft.core.registries.BuiltInRegistries
Exception in thread "Thread-1217" [09:28:22] [Thread-1217/INFO]: [STDERR]: java.lang.NoSuchMethodError: getWindow
Exception in thread "Thread-1218" [09:28:22] [Thread-1218/INFO]: [STDERR]: java.lang.NoSuchMethodError: getWindow
Exception in thread "Thread-1219" [09:28:22] [Thread-1219/INFO]: [STDERR]: java.lang.NoSuchMethodError: getWindow
[2539|t+104715ms|ThreadId(2)] [step] title_marker — window title set: Minecraft* 1.21.11 - Rsift (RsGraphics Render)
Exception in thread "Thread-1220" [09:28:22] [Thread-1220/INFO]: [STDERR]: java.lang.NoSuchMethodError: getWindow
[2540|t+104967ms|ThreadId(2)] [RsiftPlatformBridge] apply error: ClassNotFoundException: net.minecraft.core.registries.BuiltInRegistries
[2541|t+104968ms|ThreadId(2)] [RsiftPlatformBridge] apply error: ClassNotFoundException: net.minecraft.core.registries.BuiltInRegistries
[2542|t+104969ms|ThreadId(2)] [step] tick_loop — alive tick=1200
Exception in thread "Thread-1221" [09:28:22] [Thread-1221/INFO]: [STDERR]: java.lang.NoSuchMethodError: getWindow
Exception in thread "Thread-1222" [09:28:22] [Thread-1222/INFO]: [STDERR]: java.lang.NoSuchMethodError: getWindow
Exception in thread "Thread-1223" [09:28:23] [Thread-1223/INFO]: [STDERR]: java.lang.NoSuchMethodError: getWindow
Exception in thread "Thread-1224" [09:28:23] [Thread-1224/INFO]: [STDERR]: java.lang.NoSuchMethodError: getWindow
[2543|t+105272ms|ThreadId(2)] [RsiftPlatformBridge] apply error: ClassNotFoundException: net.minecraft.core.registries.BuiltInRegistries
[2544|t+105273ms|ThreadId(2)] [RsiftPlatformBridge] apply error: ClassNotFoundException: net.minecraft.core.registries.BuiltInRegistries
Exception in thread "Thread-1226" [09:28:23] [Thread-1226/INFO]: [STDERR]: java.lang.NoSuchMethodError: getWindow
Exception in thread "Thread-1227" [09:28:23] [Thread-1227/INFO]: [STDERR]: java.lang.NoSuchMethodError: getWindow
Exception in thread "Thread-1228" [09:28:23] [Thread-1228/INFO]: [STDERR]: java.lang.NoSuchMethodError: getWindow
Exception in thread "Thread-1229" [09:28:23] [Thread-1229/INFO]: [STDERR]: java.lang.NoSuchMethodError: getWindow
[2545|t+105576ms|ThreadId(2)] [RsiftPlatformBridge] apply error: ClassNotFoundException: net.minecraft.core.registries.BuiltInRegistries
[2546|t+105577ms|ThreadId(2)] [RsiftPlatformBridge] apply error: ClassNotFoundException: net.minecraft.core.registries.BuiltInRegistries
Exception in thread "Thread-1230" [09:28:23] [Thread-1230/INFO]: [STDERR]: java.lang.NoSuchMethodError: getWindow
Exception in thread "Thread-1231" [09:28:23] [Thread-1231/INFO]: [STDERR]: java.lang.NoSuchMethodError: getWindow
Exception in thread "Thread-1232" [09:28:23] [Thread-1232/INFO]: [STDERR]: java.lang.NoSuchMethodError: getWindow
Exception in thread "Thread-1233" [09:28:23] [Thread-1233/INFO]: [STDERR]: java.lang.NoSuchMethodError: getWindow
[2547|t+105882ms|ThreadId(2)] [RsiftPlatformBridge] apply error: ClassNotFoundException: net.minecraft.core.registries.BuiltInRegistries
[2548|t+105883ms|ThreadId(2)] [RsiftPlatformBridge] apply error: ClassNotFoundException: net.minecraft.core.registries.BuiltInRegistries
Exception in thread "Thread-1234" [09:28:23] [Thread-1234/INFO]: [STDERR]: java.lang.NoSuchMethodError: getWindow
Exception in thread "Thread-1235" [09:28:23] [Thread-1235/INFO]: [STDERR]: java.lang.NoSuchMethodError: getWindow
Exception in thread "Thread-1236" [09:28:23] [Thread-1236/INFO]: [STDERR]: java.lang.NoSuchMethodError: getWindow
Exception in thread "Thread-1237" [09:28:23] [Thread-1237/INFO]: [STDERR]: java.lang.NoSuchMethodError: getWindow
[2549|t+106186ms|ThreadId(2)] [RsiftPlatformBridge] apply error: ClassNotFoundException: net.minecraft.core.registries.BuiltInRegistries
[2550|t+106186ms|ThreadId(2)] [RsiftPlatformBridge] apply error: ClassNotFoundException: net.minecraft.core.registries.BuiltInRegistries
Exception in thread "Thread-1238" [09:28:24] [Thread-1238/INFO]: [STDERR]: java.lang.NoSuchMethodError: getWindow
Exception in thread "Thread-1239" [09:28:24] [Thread-1239/INFO]: [STDERR]: java.lang.NoSuchMethodError: getWindow
Exception in thread "Thread-1240" [09:28:24] [Thread-1240/INFO]: [STDERR]: java.lang.NoSuchMethodError: getWindow
Exception in thread "Thread-1241" [09:28:24] [Thread-1241/INFO]: [STDERR]: java.lang.NoSuchMethodError: getWindow
[2551|t+106489ms|ThreadId(2)] [RsiftPlatformBridge] apply error: ClassNotFoundException: net.minecraft.core.registries.BuiltInRegistries
[2552|t+106490ms|ThreadId(2)] [RsiftPlatformBridge] apply error: ClassNotFoundException: net.minecraft.core.registries.BuiltInRegistries
Exception in thread "Thread-1242" [09:28:24] [Thread-1242/INFO]: [STDERR]: java.lang.NoSuchMethodError: getWindow
Exception in thread "Thread-1243" [09:28:24] [Thread-1243/INFO]: [STDERR]: java.lang.NoSuchMethodError: getWindow
Exception in thread "Thread-1244" [09:28:24] [Thread-1244/INFO]: [STDERR]: java.lang.NoSuchMethodError: getWindow
Exception in thread "Thread-1245" [09:28:24] [Thread-1245/INFO]: [STDERR]: java.lang.NoSuchMethodError: getWindow
[2553|t+106794ms|ThreadId(2)] [RsiftPlatformBridge] apply error: ClassNotFoundException: net.minecraft.core.registries.BuiltInRegistries
[2554|t+106795ms|ThreadId(2)] [RsiftPlatformBridge] apply error: ClassNotFoundException: net.minecraft.core.registries.BuiltInRegistries
Exception in thread "Thread-1246" [09:28:24] [Thread-1246/INFO]: [STDERR]: java.lang.NoSuchMethodError: getWindow
Exception in thread "Thread-1247" [09:28:24] [Thread-1247/INFO]: [STDERR]: java.lang.NoSuchMethodError: getWindow
Exception in thread "Thread-1248" [09:28:24] [Thread-1248/INFO]: [STDERR]: java.lang.NoSuchMethodError: getWindow
Exception in thread "Thread-1249" [09:28:24] [Thread-1249/INFO]: [STDERR]: java.lang.NoSuchMethodError: getWindow
[2555|t+107099ms|ThreadId(2)] [RsiftPlatformBridge] apply error: ClassNotFoundException: net.minecraft.core.registries.BuiltInRegistries
[2556|t+107100ms|ThreadId(2)] [RsiftPlatformBridge] apply error: ClassNotFoundException: net.minecraft.core.registries.BuiltInRegistries
Exception in thread "Thread-1250" [09:28:25] [Thread-1250/INFO]: [STDERR]: java.lang.NoSuchMethodError: getWindow
Exception in thread "Thread-1251" [09:28:25] [Thread-1251/INFO]: [STDERR]: java.lang.NoSuchMethodError: getWindow
Exception in thread "Thread-1252" [09:28:25] [Thread-1252/INFO]: [STDERR]: java.lang.NoSuchMethodError: getWindow
Exception in thread "Thread-1253" [09:28:25] [Thread-1253/INFO]: [STDERR]: java.lang.NoSuchMethodError: getWindow
[2557|t+107403ms|ThreadId(2)] [RsiftPlatformBridge] apply error: ClassNotFoundException: net.minecraft.core.registries.BuiltInRegistries
[2558|t+107404ms|ThreadId(2)] [RsiftPlatformBridge] apply error: ClassNotFoundException: net.minecraft.core.registries.BuiltInRegistries
Exception in thread "Thread-1254" [09:28:25] [Thread-1254/INFO]: [STDERR]: java.lang.NoSuchMethodError: getWindow
Exception in thread "Thread-1255" [09:28:25] [Thread-1255/INFO]: [STDERR]: java.lang.NoSuchMethodError: getWindow
Exception in thread "Thread-1256" [09:28:25] [Thread-1256/INFO]: [STDERR]: java.lang.NoSuchMethodError: getWindow
Exception in thread "Thread-1257" [09:28:25] [Thread-1257/INFO]: [STDERR]: java.lang.NoSuchMethodError: getWindow
[2559|t+107708ms|ThreadId(2)] [RsiftPlatformBridge] apply error: ClassNotFoundException: net.minecraft.core.registries.BuiltInRegistries
[2560|t+107709ms|ThreadId(2)] [RsiftPlatformBridge] apply error: ClassNotFoundException: net.minecraft.core.registries.BuiltInRegistries
Exception in thread "Thread-1258" [09:28:25] [Thread-1258/INFO]: [STDERR]: java.lang.NoSuchMethodError: getWindow
Exception in thread "Thread-1259" [09:28:25] [Thread-1259/INFO]: [STDERR]: java.lang.NoSuchMethodError: getWindow
Exception in thread "Thread-1260" [09:28:25] [Thread-1260/INFO]: [STDERR]: java.lang.NoSuchMethodError: getWindow
Exception in thread "Thread-1261" [09:28:25] [Thread-1261/INFO]: [STDERR]: java.lang.NoSuchMethodError: getWindow
[2561|t+108013ms|ThreadId(2)] [RsiftPlatformBridge] apply error: ClassNotFoundException: net.minecraft.core.registries.BuiltInRegistries
[2562|t+108014ms|ThreadId(2)] [RsiftPlatformBridge] apply error: ClassNotFoundException: net.minecraft.core.registries.BuiltInRegistries
Exception in thread "Thread-1262" [09:28:26] [Thread-1262/INFO]: [STDERR]: java.lang.NoSuchMethodError: getWindow
Exception in thread "Thread-1263" [09:28:26] [Thread-1263/INFO]: [STDERR]: java.lang.NoSuchMethodError: getWindow
Exception in thread "Thread-1264" [09:28:26] [Thread-1264/INFO]: [STDERR]: java.lang.NoSuchMethodError: getWindow
Exception in thread "Thread-1265" [09:28:26] [Thread-1265/INFO]: [STDERR]: java.lang.NoSuchMethodError: getWindow
[2563|t+108317ms|ThreadId(2)] [RsiftPlatformBridge] apply error: ClassNotFoundException: net.minecraft.core.registries.BuiltInRegistries
[2564|t+108318ms|ThreadId(2)] [RsiftPlatformBridge] apply error: ClassNotFoundException: net.minecraft.core.registries.BuiltInRegistries
Exception in thread "Thread-1266" [09:28:26] [Thread-1266/INFO]: [STDERR]: java.lang.NoSuchMethodError: getWindow
Exception in thread "Thread-1267" [09:28:26] [Thread-1267/INFO]: [STDERR]: java.lang.NoSuchMethodError: getWindow
Exception in thread "Thread-1268" [09:28:26] [Thread-1268/INFO]: [STDERR]: java.lang.NoSuchMethodError: getWindow
Exception in thread "Thread-1269" [09:28:26] [Thread-1269/INFO]: [STDERR]: java.lang.NoSuchMethodError: getWindow
[2565|t+108622ms|ThreadId(2)] [RsiftPlatformBridge] apply error: ClassNotFoundException: net.minecraft.core.registries.BuiltInRegistries
[2566|t+108624ms|ThreadId(2)] [RsiftPlatformBridge] apply error: ClassNotFoundException: net.minecraft.core.registries.BuiltInRegistries
Exception in thread "Thread-1270" [09:28:26] [Thread-1270/INFO]: [STDERR]: java.lang.NoSuchMethodError: getWindow
Exception in thread "Thread-1271" [09:28:26] [Thread-1271/INFO]: [STDERR]: java.lang.NoSuchMethodError: getWindow
Exception in thread "Thread-1272" [09:28:26] [Thread-1272/INFO]: [STDERR]: java.lang.NoSuchMethodError: getWindow
Exception in thread "Thread-1273" [09:28:26] [Thread-1273/INFO]: [STDERR]: java.lang.NoSuchMethodError: getWindow
[2567|t+108927ms|ThreadId(2)] [RsiftPlatformBridge] apply error: ClassNotFoundException: net.minecraft.core.registries.BuiltInRegistries
[2568|t+108928ms|ThreadId(2)] [RsiftPlatformBridge] apply error: ClassNotFoundException: net.minecraft.core.registries.BuiltInRegistries
Exception in thread "Thread-1274" [09:28:26] [Thread-1274/INFO]: [STDERR]: java.lang.NoSuchMethodError: getWindow
Exception in thread "Thread-1275" [09:28:26] [Thread-1275/INFO]: [STDERR]: java.lang.NoSuchMethodError: getWindow
Exception in thread "Thread-1276" [09:28:26] [Thread-1276/INFO]: [STDERR]: java.lang.NoSuchMethodError: getWindow
Exception in thread "Thread-1277" [09:28:26] [Thread-1277/INFO]: [STDERR]: java.lang.NoSuchMethodError: getWindow
[2569|t+109232ms|ThreadId(2)] [RsiftPlatformBridge] apply error: ClassNotFoundException: net.minecraft.core.registries.BuiltInRegistries
[2570|t+109233ms|ThreadId(2)] [RsiftPlatformBridge] apply error: ClassNotFoundException: net.minecraft.core.registries.BuiltInRegistries
Exception in thread "Thread-1278" [09:28:27] [Thread-1278/INFO]: [STDERR]: java.lang.NoSuchMethodError: getWindow
Exception in thread "Thread-1279" [09:28:27] [Thread-1279/INFO]: [STDERR]: java.lang.NoSuchMethodError: getWindow
Exception in thread "Thread-1280" [09:28:27] [Thread-1280/INFO]: [STDERR]: java.lang.NoSuchMethodError: getWindow
Exception in thread "Thread-1281" [09:28:27] [Thread-1281/INFO]: [STDERR]: java.lang.NoSuchMethodError: getWindow
[2571|t+109584ms|ThreadId(2)] [RsiftPlatformBridge] apply error: ClassNotFoundException: net.minecraft.core.registries.BuiltInRegistries
[2572|t+109584ms|ThreadId(2)] [RsiftPlatformBridge] apply error: ClassNotFoundException: net.minecraft.core.registries.BuiltInRegistries
Exception in thread "Thread-1282" [09:28:27] [Thread-1282/INFO]: [STDERR]: java.lang.NoSuchMethodError: getWindow
Exception in thread "Thread-1283" [09:28:27] [Thread-1283/INFO]: [STDERR]: java.lang.NoSuchMethodError: getWindow
Exception in thread "Thread-1284" [09:28:27] [Thread-1284/INFO]: [STDERR]: java.lang.NoSuchMethodError: getWindow
Exception in thread "Thread-1285" [09:28:27] [Thread-1285/INFO]: [STDERR]: java.lang.NoSuchMethodError: getWindow
[2573|t+109887ms|ThreadId(2)] [RsiftPlatformBridge] apply error: ClassNotFoundException: net.minecraft.core.registries.BuiltInRegistries
[2574|t+109887ms|ThreadId(2)] [RsiftPlatformBridge] apply error: ClassNotFoundException: net.minecraft.core.registries.BuiltInRegistries
Exception in thread "Thread-1286" [09:28:27] [Thread-1286/INFO]: [STDERR]: java.lang.NoSuchMethodError: getWindow
Exception in thread "Thread-1287" [09:28:27] [Thread-1287/INFO]: [STDERR]: java.lang.NoSuchMethodError: getWindow
Exception in thread "Thread-1288" [09:28:27] [Thread-1288/INFO]: [STDERR]: java.lang.NoSuchMethodError: getWindow
Exception in thread "Thread-1289" [09:28:27] [Thread-1289/INFO]: [STDERR]: java.lang.NoSuchMethodError: getWindow
[2575|t+110191ms|ThreadId(2)] [RsiftPlatformBridge] apply error: ClassNotFoundException: net.minecraft.core.registries.BuiltInRegistries
[2576|t+110192ms|ThreadId(2)] [RsiftPlatformBridge] apply error: ClassNotFoundException: net.minecraft.core.registries.BuiltInRegistries
Exception in thread "Thread-1290" [09:28:28] [Thread-1290/INFO]: [STDERR]: java.lang.NoSuchMethodError: getWindow
Exception in thread "Thread-1291" [09:28:28] [Thread-1291/INFO]: [STDERR]: java.lang.NoSuchMethodError: getWindow
Exception in thread "Thread-1292" [09:28:28] [Thread-1292/INFO]: [STDERR]: java.lang.NoSuchMethodError: getWindow
Exception in thread "Thread-1293" [09:28:28] [Thread-1293/INFO]: [STDERR]: java.lang.NoSuchMethodError: getWindow
[2577|t+110495ms|ThreadId(2)] [RsiftPlatformBridge] apply error: ClassNotFoundException: net.minecraft.core.registries.BuiltInRegistries
[2578|t+110495ms|ThreadId(2)] [RsiftPlatformBridge] apply error: ClassNotFoundException: net.minecraft.core.registries.BuiltInRegistries
Exception in thread "Thread-1294" [09:28:28] [Thread-1294/INFO]: [STDERR]: java.lang.NoSuchMethodError: getWindow
Exception in thread "Thread-1295" [09:28:28] [Thread-1295/INFO]: [STDERR]: java.lang.NoSuchMethodError: getWindow
Exception in thread "Thread-1296" [09:28:28] [Thread-1296/INFO]: [STDERR]: java.lang.NoSuchMethodError: getWindow
Exception in thread "Thread-1297" [09:28:28] [Thread-1297/INFO]: [STDERR]: java.lang.NoSuchMethodError: getWindow
[2579|t+110798ms|ThreadId(2)] [RsiftPlatformBridge] apply error: ClassNotFoundException: net.minecraft.core.registries.BuiltInRegistries
[2580|t+110799ms|ThreadId(2)] [RsiftPlatformBridge] apply error: ClassNotFoundException: net.minecraft.core.registries.BuiltInRegistries
Exception in thread "Thread-1298" [09:28:28] [Thread-1298/INFO]: [STDERR]: java.lang.NoSuchMethodError: getWindow
Exception in thread "Thread-1299" [09:28:28] [Thread-1299/INFO]: [STDERR]: java.lang.NoSuchMethodError: getWindow
Exception in thread "Thread-1300" [09:28:28] [Thread-1300/INFO]: [STDERR]: java.lang.NoSuchMethodError: getWindow
Exception in thread "Thread-1301" [09:28:28] [Thread-1301/INFO]: [STDERR]: java.lang.NoSuchMethodError: getWindow
[2581|t+111078ms|ThreadId(1)] [hook] render_flip fired (count=4800)
[2582|t+111102ms|ThreadId(2)] [RsiftPlatformBridge] apply error: ClassNotFoundException: net.minecraft.core.registries.BuiltInRegistries
[2583|t+111103ms|ThreadId(2)] [RsiftPlatformBridge] apply error: ClassNotFoundException: net.minecraft.core.registries.BuiltInRegistries
Exception in thread "Thread-1302" [09:28:29] [Thread-1302/INFO]: [STDERR]: java.lang.NoSuchMethodError: getWindow
Exception in thread "Thread-1303" [09:28:29] [Thread-1303/INFO]: [STDERR]: java.lang.NoSuchMethodError: getWindow
Exception in thread "Thread-1304" [09:28:29] [Thread-1304/INFO]: [STDERR]: java.lang.NoSuchMethodError: getWindow
Exception in thread "Thread-1305" [09:28:29] [Thread-1305/INFO]: [STDERR]: java.lang.NoSuchMethodError: getWindow
[2584|t+111405ms|ThreadId(2)] [RsiftPlatformBridge] apply error: ClassNotFoundException: net.minecraft.core.registries.BuiltInRegistries
[2585|t+111406ms|ThreadId(2)] [RsiftPlatformBridge] apply error: ClassNotFoundException: net.minecraft.core.registries.BuiltInRegistries
Exception in thread "Thread-1306" [09:28:29] [Thread-1306/INFO]: [STDERR]: java.lang.NoSuchMethodError: getWindow
Exception in thread "Thread-1307" [09:28:29] [Thread-1307/INFO]: [STDERR]: java.lang.NoSuchMethodError: getWindow
Exception in thread "Thread-1308" [09:28:29] [Thread-1308/INFO]: [STDERR]: java.lang.NoSuchMethodError: getWindow
Exception in thread "Thread-1309" [09:28:29] [Thread-1309/INFO]: [STDERR]: java.lang.NoSuchMethodError: getWindow
[2586|t+111710ms|ThreadId(2)] [RsiftPlatformBridge] apply error: ClassNotFoundException: net.minecraft.core.registries.BuiltInRegistries
[2587|t+111711ms|ThreadId(2)] [RsiftPlatformBridge] apply error: ClassNotFoundException: net.minecraft.core.registries.BuiltInRegistries
Exception in thread "Thread-1310" [09:28:29] [Thread-1310/INFO]: [STDERR]: java.lang.NoSuchMethodError: getWindow
Exception in thread "Thread-1311" [09:28:29] [Thread-1311/INFO]: [STDERR]: java.lang.NoSuchMethodError: getWindow
Exception in thread "Thread-1312" [09:28:29] [Thread-1312/INFO]: [STDERR]: java.lang.NoSuchMethodError: getWindow
Exception in thread "Thread-1313" [09:28:29] [Thread-1313/INFO]: [STDERR]: java.lang.NoSuchMethodError: getWindow
[2588|t+112015ms|ThreadId(2)] [RsiftPlatformBridge] apply error: ClassNotFoundException: net.minecraft.core.registries.BuiltInRegistries
[2589|t+112015ms|ThreadId(2)] [RsiftPlatformBridge] apply error: ClassNotFoundException: net.minecraft.core.registries.BuiltInRegistries
Exception in thread "Thread-1314" [09:28:30] [Thread-1314/INFO]: [STDERR]: java.lang.NoSuchMethodError: getWindow
Exception in thread "Thread-1315" [09:28:30] [Thread-1315/INFO]: [STDERR]: java.lang.NoSuchMethodError: getWindow
Exception in thread "Thread-1316" [09:28:30] [Thread-1316/INFO]: [STDERR]: java.lang.NoSuchMethodError: getWindow
Exception in thread "Thread-1317" [09:28:30] [Thread-1317/INFO]: [STDERR]: java.lang.NoSuchMethodError: getWindow
[2590|t+112346ms|ThreadId(2)] [RsiftPlatformBridge] apply error: ClassNotFoundException: net.minecraft.core.registries.BuiltInRegistries
[2591|t+112347ms|ThreadId(2)] [RsiftPlatformBridge] apply error: ClassNotFoundException: net.minecraft.core.registries.BuiltInRegistries
Exception in thread "Thread-1318" [09:28:30] [Thread-1318/INFO]: [STDERR]: java.lang.NoSuchMethodError: getWindow
Exception in thread "Thread-1319" [09:28:30] [Thread-1319/INFO]: [STDERR]: java.lang.NoSuchMethodError: getWindow
Exception in thread "Thread-1320" [09:28:30] [Thread-1320/INFO]: [STDERR]: java.lang.NoSuchMethodError: getWindow
Exception in thread "Thread-1321" [09:28:30] [Thread-1321/INFO]: [STDERR]: java.lang.NoSuchMethodError: getWindow
[2592|t+112651ms|ThreadId(2)] [RsiftPlatformBridge] apply error: ClassNotFoundException: net.minecraft.core.registries.BuiltInRegistries
[2593|t+112652ms|ThreadId(2)] [RsiftPlatformBridge] apply error: ClassNotFoundException: net.minecraft.core.registries.BuiltInRegistries
Exception in thread "Thread-1322" [09:28:30] [Thread-1322/INFO]: [STDERR]: java.lang.NoSuchMethodError: getWindow
Exception in thread "Thread-1323" [09:28:30] [Thread-1323/INFO]: [STDERR]: java.lang.NoSuchMethodError: getWindow
Exception in thread "Thread-1324" [09:28:30] [Thread-1324/INFO]: [STDERR]: java.lang.NoSuchMethodError: getWindow
Exception in thread "Thread-1325" [09:28:30] [Thread-1325/INFO]: [STDERR]: java.lang.NoSuchMethodError: getWindow
[2594|t+112956ms|ThreadId(2)] [RsiftPlatformBridge] apply error: ClassNotFoundException: net.minecraft.core.registries.BuiltInRegistries
[2595|t+112957ms|ThreadId(2)] [RsiftPlatformBridge] apply error: ClassNotFoundException: net.minecraft.core.registries.BuiltInRegistries
Exception in thread "Thread-1326" [09:28:30] [Thread-1326/INFO]: [STDERR]: java.lang.NoSuchMethodError: getWindow
Exception in thread "Thread-1327" [09:28:30] [Thread-1327/INFO]: [STDERR]: java.lang.NoSuchMethodError: getWindow
Exception in thread "Thread-1328" [09:28:31] [Thread-1328/INFO]: [STDERR]: java.lang.NoSuchMethodError: getWindow
Exception in thread "Thread-1329" [09:28:31] [Thread-1329/INFO]: [STDERR]: java.lang.NoSuchMethodError: getWindow
[2596|t+113270ms|ThreadId(2)] [RsiftPlatformBridge] apply error: ClassNotFoundException: net.minecraft.core.registries.BuiltInRegistries
[2597|t+113271ms|ThreadId(2)] [RsiftPlatformBridge] apply error: ClassNotFoundException: net.minecraft.core.registries.BuiltInRegistries
Exception in thread "Thread-1330" [09:28:31] [Thread-1330/INFO]: [STDERR]: java.lang.NoSuchMethodError: getWindow
Exception in thread "Thread-1331" [09:28:31] [Thread-1331/INFO]: [STDERR]: java.lang.NoSuchMethodError: getWindow
Exception in thread "Thread-1332" [09:28:31] [Thread-1332/INFO]: [STDERR]: java.lang.NoSuchMethodError: getWindow
Exception in thread "Thread-1333" [09:28:31] [Thread-1333/INFO]: [STDERR]: java.lang.NoSuchMethodError: getWindow
[2598|t+113576ms|ThreadId(2)] [RsiftPlatformBridge] apply error: ClassNotFoundException: net.minecraft.core.registries.BuiltInRegistries
[2599|t+113577ms|ThreadId(2)] [RsiftPlatformBridge] apply error: ClassNotFoundException: net.minecraft.core.registries.BuiltInRegistries
Exception in thread "Thread-1334" [09:28:31] [Thread-1334/INFO]: [STDERR]: java.lang.NoSuchMethodError: getWindow
Exception in thread "Thread-1335" [09:28:31] [Thread-1335/INFO]: [STDERR]: java.lang.NoSuchMethodError: getWindow
Exception in thread "Thread-1336" [09:28:31] [Thread-1336/INFO]: [STDERR]: java.lang.NoSuchMethodError: getWindow
Exception in thread "Thread-1337" [09:28:31] [Thread-1337/INFO]: [STDERR]: java.lang.NoSuchMethodError: getWindow
[2600|t+113882ms|ThreadId(2)] [RsiftPlatformBridge] apply error: ClassNotFoundException: net.minecraft.core.registries.BuiltInRegistries
[2601|t+113884ms|ThreadId(2)] [RsiftPlatformBridge] apply error: ClassNotFoundException: net.minecraft.core.registries.BuiltInRegistries
Exception in thread "Thread-1338" [09:28:31] [Thread-1338/INFO]: [STDERR]: java.lang.NoSuchMethodError: getWindow
Exception in thread "Thread-1339" [09:28:31] [Thread-1339/INFO]: [STDERR]: java.lang.NoSuchMethodError: getWindow
Exception in thread "Thread-1340" [09:28:31] [Thread-1340/INFO]: [STDERR]: java.lang.NoSuchMethodError: getWindow
Exception in thread "Thread-1341" [09:28:31] [Thread-1341/INFO]: [STDERR]: java.lang.NoSuchMethodError: getWindow
[2602|t+114187ms|ThreadId(2)] [RsiftPlatformBridge] apply error: ClassNotFoundException: net.minecraft.core.registries.BuiltInRegistries
[2603|t+114188ms|ThreadId(2)] [RsiftPlatformBridge] apply error: ClassNotFoundException: net.minecraft.core.registries.BuiltInRegistries
[2604|t+114188ms|ThreadId(2)] [step] tick_loop — alive tick=1320
Exception in thread "Thread-1342" [09:28:32] [Thread-1342/INFO]: [STDERR]: java.lang.NoSuchMethodError: getWindow
Exception in thread "Thread-1343" [09:28:32] [Thread-1343/INFO]: [STDERR]: java.lang.NoSuchMethodError: getWindow
Exception in thread "Thread-1344" [09:28:32] [Thread-1344/INFO]: [STDERR]: java.lang.NoSuchMethodError: getWindow
Exception in thread "Thread-1345" [09:28:32] [Thread-1345/INFO]: [STDERR]: java.lang.NoSuchMethodError: getWindow
[2605|t+114492ms|ThreadId(2)] [RsiftPlatformBridge] apply error: ClassNotFoundException: net.minecraft.core.registries.BuiltInRegistries
[2606|t+114493ms|ThreadId(2)] [RsiftPlatformBridge] apply error: ClassNotFoundException: net.minecraft.core.registries.BuiltInRegistries
Exception in thread "Thread-1346" [09:28:32] [Thread-1346/INFO]: [STDERR]: java.lang.NoSuchMethodError: getWindow
Exception in thread "Thread-1347" [09:28:32] [Thread-1347/INFO]: [STDERR]: java.lang.NoSuchMethodError: getWindow
Exception in thread "Thread-1348" [09:28:32] [Thread-1348/INFO]: [STDERR]: java.lang.NoSuchMethodError: getWindow
Exception in thread "Thread-1349" [09:28:32] [Thread-1349/INFO]: [STDERR]: java.lang.NoSuchMethodError: getWindow
[2607|t+114798ms|ThreadId(2)] [RsiftPlatformBridge] apply error: ClassNotFoundException: net.minecraft.core.registries.BuiltInRegistries
[2608|t+114799ms|ThreadId(2)] [RsiftPlatformBridge] apply error: ClassNotFoundException: net.minecraft.core.registries.BuiltInRegistries
Exception in thread "Thread-1350" [09:28:32] [Thread-1350/INFO]: [STDERR]: java.lang.NoSuchMethodError: getWindow
Exception in thread "Thread-1351" [09:28:32] [Thread-1351/INFO]: [STDERR]: java.lang.NoSuchMethodError: getWindow
[09:28:32] [Thread-1352/INFO]: [STDERR]: java.lang.NoSuchMethodError: getWindow
Exception in thread "Thread-1352" Exception in thread "Thread-1353" [09:28:32] [Thread-1353/INFO]: [STDERR]: java.lang.NoSuchMethodError: getWindow
[2609|t+115163ms|ThreadId(2)] [RsiftPlatformBridge] apply error: ClassNotFoundException: net.minecraft.core.registries.BuiltInRegistries
[2610|t+115164ms|ThreadId(2)] [RsiftPlatformBridge] apply error: ClassNotFoundException: net.minecraft.core.registries.BuiltInRegistries
Exception in thread "Thread-1354" [09:28:33] [Thread-1354/INFO]: [STDERR]: java.lang.NoSuchMethodError: getWindow
Exception in thread "Thread-1355" [09:28:33] [Thread-1355/INFO]: [STDERR]: java.lang.NoSuchMethodError: getWindow
Exception in thread "Thread-1356" [09:28:33] [Thread-1356/INFO]: [STDERR]: java.lang.NoSuchMethodError: getWindow
Exception in thread "Thread-1357" [09:28:33] [Thread-1357/INFO]: [STDERR]: java.lang.NoSuchMethodError: getWindow
[2611|t+115468ms|ThreadId(2)] [RsiftPlatformBridge] apply error: ClassNotFoundException: net.minecraft.core.registries.BuiltInRegistries
[2612|t+115468ms|ThreadId(2)] [RsiftPlatformBridge] apply error: ClassNotFoundException: net.minecraft.core.registries.BuiltInRegistries
Exception in thread "Thread-1358" [09:28:33] [Thread-1358/INFO]: [STDERR]: java.lang.NoSuchMethodError: getWindow
Exception in thread "Thread-1359" [09:28:33] [Thread-1359/INFO]: [STDERR]: java.lang.NoSuchMethodError: getWindow
Exception in thread "Thread-1360" [09:28:33] [Thread-1360/INFO]: [STDERR]: java.lang.NoSuchMethodError: getWindow
Exception in thread "Thread-1361" [09:28:33] [Thread-1361/INFO]: [STDERR]: java.lang.NoSuchMethodError: getWindow
[2613|t+115771ms|ThreadId(2)] [RsiftPlatformBridge] apply error: ClassNotFoundException: net.minecraft.core.registries.BuiltInRegistries
[2614|t+115772ms|ThreadId(2)] [RsiftPlatformBridge] apply error: ClassNotFoundException: net.minecraft.core.registries.BuiltInRegistries
Exception in thread "Thread-1362" [09:28:33] [Thread-1362/INFO]: [STDERR]: java.lang.NoSuchMethodError: getWindow
Exception in thread "Thread-1363" [09:28:33] [Thread-1363/INFO]: [STDERR]: java.lang.NoSuchMethodError: getWindow
Exception in thread "Thread-1364" [09:28:33] [Thread-1364/INFO]: [STDERR]: java.lang.NoSuchMethodError: getWindow
Exception in thread "Thread-1365" [09:28:33] [Thread-1365/INFO]: [STDERR]: java.lang.NoSuchMethodError: getWindow
[2615|t+116076ms|ThreadId(2)] [RsiftPlatformBridge] apply error: ClassNotFoundException: net.minecraft.core.registries.BuiltInRegistries
[2616|t+116076ms|ThreadId(2)] [RsiftPlatformBridge] apply error: ClassNotFoundException: net.minecraft.core.registries.BuiltInRegistries
Exception in thread "Thread-1366" [09:28:34] [Thread-1366/INFO]: [STDERR]: java.lang.NoSuchMethodError: getWindow
Exception in thread "Thread-1367" [09:28:34] [Thread-1367/INFO]: [STDERR]: java.lang.NoSuchMethodError: getWindow
Exception in thread "Thread-1368" [09:28:34] [Thread-1368/INFO]: [STDERR]: java.lang.NoSuchMethodError: getWindow
Exception in thread "Thread-1369" [09:28:34] [Thread-1369/INFO]: [STDERR]: java.lang.NoSuchMethodError: getWindow
[2617|t+116380ms|ThreadId(2)] [RsiftPlatformBridge] apply error: ClassNotFoundException: net.minecraft.core.registries.BuiltInRegistries
[2618|t+116381ms|ThreadId(2)] [RsiftPlatformBridge] apply error: ClassNotFoundException: net.minecraft.core.registries.BuiltInRegistries
Exception in thread "Thread-1370" [09:28:34] [Thread-1370/INFO]: [STDERR]: java.lang.NoSuchMethodError: getWindow
Exception in thread "Thread-1371" [09:28:34] [Thread-1371/INFO]: [STDERR]: java.lang.NoSuchMethodError: getWindow
Exception in thread "Thread-1372" [09:28:34] [Thread-1372/INFO]: [STDERR]: java.lang.NoSuchMethodError: getWindow
Exception in thread "Thread-1373" [09:28:34] [Thread-1373/INFO]: [STDERR]: java.lang.NoSuchMethodError: getWindow
[2619|t+116685ms|ThreadId(2)] [RsiftPlatformBridge] apply error: ClassNotFoundException: net.minecraft.core.registries.BuiltInRegistries
[2620|t+116685ms|ThreadId(2)] [RsiftPlatformBridge] apply error: ClassNotFoundException: net.minecraft.core.registries.BuiltInRegistries
Exception in thread "Thread-1374" [09:28:34] [Thread-1374/INFO]: [STDERR]: java.lang.NoSuchMethodError: getWindow
Exception in thread "Thread-1375" [09:28:34] [Thread-1375/INFO]: [STDERR]: java.lang.NoSuchMethodError: getWindow
Exception in thread "Thread-1376" [09:28:34] [Thread-1376/INFO]: [STDERR]: java.lang.NoSuchMethodError: getWindow
Exception in thread "Thread-1377" [09:28:34] [Thread-1377/INFO]: [STDERR]: java.lang.NoSuchMethodError: getWindow
[2621|t+116988ms|ThreadId(2)] [RsiftPlatformBridge] apply error: ClassNotFoundException: net.minecraft.core.registries.BuiltInRegistries
[2622|t+116989ms|ThreadId(2)] [RsiftPlatformBridge] apply error: ClassNotFoundException: net.minecraft.core.registries.BuiltInRegistries
Exception in thread "Thread-1378" [09:28:34] [Thread-1378/INFO]: [STDERR]: java.lang.NoSuchMethodError: getWindow
Exception in thread "Thread-1379" [09:28:35] [Thread-1379/INFO]: [STDERR]: java.lang.NoSuchMethodError: getWindow
Exception in thread "Thread-1380" [09:28:35] [Thread-1380/INFO]: [STDERR]: java.lang.NoSuchMethodError: getWindow
Exception in thread "Thread-1381" [09:28:35] [Thread-1381/INFO]: [STDERR]: java.lang.NoSuchMethodError: getWindow
[2623|t+117293ms|ThreadId(2)] [RsiftPlatformBridge] apply error: ClassNotFoundException: net.minecraft.core.registries.BuiltInRegistries
[2624|t+117293ms|ThreadId(2)] [RsiftPlatformBridge] apply error: ClassNotFoundException: net.minecraft.core.registries.BuiltInRegistries
Exception in thread "Thread-1382" [09:28:35] [Thread-1382/INFO]: [STDERR]: java.lang.NoSuchMethodError: getWindow
Exception in thread "Thread-1383" [09:28:35] [Thread-1383/INFO]: [STDERR]: java.lang.NoSuchMethodError: getWindow
Exception in thread "Thread-1384" [09:28:35] [Thread-1384/INFO]: [STDERR]: java.lang.NoSuchMethodError: getWindow
Exception in thread "Thread-1385" [09:28:35] [Thread-1385/INFO]: [STDERR]: java.lang.NoSuchMethodError: getWindow
[2625|t+117596ms|ThreadId(2)] [RsiftPlatformBridge] apply error: ClassNotFoundException: net.minecraft.core.registries.BuiltInRegistries
[2626|t+117598ms|ThreadId(2)] [RsiftPlatformBridge] apply error: ClassNotFoundException: net.minecraft.core.registries.BuiltInRegistries
Exception in thread "Thread-1386" [09:28:35] [Thread-1386/INFO]: [STDERR]: java.lang.NoSuchMethodError: getWindow
Exception in thread "Thread-1387" [09:28:35] [Thread-1387/INFO]: [STDERR]: java.lang.NoSuchMethodError: getWindow
Exception in thread "Thread-1388" [09:28:35] [Thread-1388/INFO]: [STDERR]: java.lang.NoSuchMethodError: getWindow
Exception in thread "Thread-1389" [09:28:35] [Thread-1389/INFO]: [STDERR]: java.lang.NoSuchMethodError: getWindow
[2627|t+117901ms|ThreadId(2)] [RsiftPlatformBridge] apply error: ClassNotFoundException: net.minecraft.core.registries.BuiltInRegistries
[2628|t+117902ms|ThreadId(2)] [RsiftPlatformBridge] apply error: ClassNotFoundException: net.minecraft.core.registries.BuiltInRegistries
Exception in thread "Thread-1390" [09:28:35] [Thread-1390/INFO]: [STDERR]: java.lang.NoSuchMethodError: getWindow
Exception in thread "Thread-1391" [09:28:35] [Thread-1391/INFO]: [STDERR]: java.lang.NoSuchMethodError: getWindow
Exception in thread "Thread-1392" [09:28:35] [Thread-1392/INFO]: [STDERR]: java.lang.NoSuchMethodError: getWindow
Exception in thread "Thread-1393" [09:28:35] [Thread-1393/INFO]: [STDERR]: java.lang.NoSuchMethodError: getWindow
[2629|t+118205ms|ThreadId(2)] [RsiftPlatformBridge] apply error: ClassNotFoundException: net.minecraft.core.registries.BuiltInRegistries
[2630|t+118206ms|ThreadId(2)] [RsiftPlatformBridge] apply error: ClassNotFoundException: net.minecraft.core.registries.BuiltInRegistries
Exception in thread "Thread-1394" [09:28:36] [Thread-1394/INFO]: [STDERR]: java.lang.NoSuchMethodError: getWindow
Exception in thread "Thread-1395" [09:28:36] [Thread-1395/INFO]: [STDERR]: java.lang.NoSuchMethodError: getWindow
Exception in thread "Thread-1396" [09:28:36] [Thread-1396/INFO]: [STDERR]: java.lang.NoSuchMethodError: getWindow
Exception in thread "Thread-1397" [09:28:36] [Thread-1397/INFO]: [STDERR]: java.lang.NoSuchMethodError: getWindow
[2631|t+118509ms|ThreadId(2)] [RsiftPlatformBridge] apply error: ClassNotFoundException: net.minecraft.core.registries.BuiltInRegistries
[2632|t+118509ms|ThreadId(2)] [RsiftPlatformBridge] apply error: ClassNotFoundException: net.minecraft.core.registries.BuiltInRegistries
Exception in thread "Thread-1398" [09:28:36] [Thread-1398/INFO]: [STDERR]: java.lang.NoSuchMethodError: getWindow
Exception in thread "Thread-1399" [09:28:36] [Thread-1399/INFO]: [STDERR]: java.lang.NoSuchMethodError: getWindow
Exception in thread "Thread-1400" [09:28:36] [Thread-1400/INFO]: [STDERR]: java.lang.NoSuchMethodError: getWindow
Exception in thread "Thread-1401" [09:28:36] [Thread-1401/INFO]: [STDERR]: java.lang.NoSuchMethodError: getWindow
[2633|t+118813ms|ThreadId(2)] [RsiftPlatformBridge] apply error: ClassNotFoundException: net.minecraft.core.registries.BuiltInRegistries
[2634|t+118814ms|ThreadId(2)] [RsiftPlatformBridge] apply error: ClassNotFoundException: net.minecraft.core.registries.BuiltInRegistries
Exception in thread "Thread-1402" [09:28:36] [Thread-1402/INFO]: [STDERR]: java.lang.NoSuchMethodError: getWindow
Exception in thread "Thread-1403" [09:28:36] [Thread-1403/INFO]: [STDERR]: java.lang.NoSuchMethodError: getWindow
Exception in thread "Thread-1404" [09:28:36] [Thread-1404/INFO]: [STDERR]: java.lang.NoSuchMethodError: getWindow
Exception in thread "Thread-1405" [09:28:36] [Thread-1405/INFO]: [STDERR]: java.lang.NoSuchMethodError: getWindow
[2635|t+119059ms|ThreadId(1)] [hook] render_flip fired (count=5400)
[2636|t+119118ms|ThreadId(2)] [RsiftPlatformBridge] apply error: ClassNotFoundException: net.minecraft.core.registries.BuiltInRegistries
[2637|t+119118ms|ThreadId(2)] [RsiftPlatformBridge] apply error: ClassNotFoundException: net.minecraft.core.registries.BuiltInRegistries
Exception in thread "Thread-1406" [09:28:37] [Thread-1406/INFO]: [STDERR]: java.lang.NoSuchMethodError: getWindow
Exception in thread "Thread-1407" [09:28:37] [Thread-1407/INFO]: [STDERR]: java.lang.NoSuchMethodError: getWindow
Exception in thread "Thread-1408" [09:28:37] [Thread-1408/INFO]: [STDERR]: java.lang.NoSuchMethodError: getWindow
Exception in thread "Thread-1409" [09:28:37] [Thread-1409/INFO]: [STDERR]: java.lang.NoSuchMethodError: getWindow
[2638|t+119421ms|ThreadId(2)] [RsiftPlatformBridge] apply error: ClassNotFoundException: net.minecraft.core.registries.BuiltInRegistries
[2639|t+119422ms|ThreadId(2)] [RsiftPlatformBridge] apply error: ClassNotFoundException: net.minecraft.core.registries.BuiltInRegistries
Exception in thread "Thread-1410" [09:28:37] [Thread-1410/INFO]: [STDERR]: java.lang.NoSuchMethodError: getWindow
Exception in thread "Thread-1411" [09:28:37] [Thread-1411/INFO]: [STDERR]: java.lang.NoSuchMethodError: getWindow
Exception in thread "Thread-1412" [09:28:37] [Thread-1412/INFO]: [STDERR]: java.lang.NoSuchMethodError: getWindow
Exception in thread "Thread-1413" [09:28:37] [Thread-1413/INFO]: [STDERR]: java.lang.NoSuchMethodError: getWindow
[2640|t+119727ms|ThreadId(2)] [RsiftPlatformBridge] apply error: ClassNotFoundException: net.minecraft.core.registries.BuiltInRegistries
[2641|t+119727ms|ThreadId(2)] [RsiftPlatformBridge] apply error: ClassNotFoundException: net.minecraft.core.registries.BuiltInRegistries
Exception in thread "Thread-1414" [09:28:37] [Thread-1414/INFO]: [STDERR]: java.lang.NoSuchMethodError: getWindow
Exception in thread "Thread-1415" [09:28:37] [Thread-1415/INFO]: [STDERR]: java.lang.NoSuchMethodError: getWindow
Exception in thread "Thread-1416" [09:28:37] [Thread-1416/INFO]: [STDERR]: java.lang.NoSuchMethodError: getWindow
Exception in thread "Thread-1417" [09:28:37] [Thread-1417/INFO]: [STDERR]: java.lang.NoSuchMethodError: getWindow
[2642|t+120031ms|ThreadId(2)] [RsiftPlatformBridge] apply error: ClassNotFoundException: net.minecraft.core.registries.BuiltInRegistries
[2643|t+120032ms|ThreadId(2)] [RsiftPlatformBridge] apply error: ClassNotFoundException: net.minecraft.core.registries.BuiltInRegistries
Exception in thread "Thread-1418" [09:28:38] [Thread-1418/INFO]: [STDERR]: java.lang.NoSuchMethodError: getWindow
Exception in thread "Thread-1419" [09:28:38] [Thread-1419/INFO]: [STDERR]: java.lang.NoSuchMethodError: getWindow
Exception in thread "Thread-1420" [09:28:38] [Thread-1420/INFO]: [STDERR]: java.lang.NoSuchMethodError: getWindow
[2644|t+120097ms|ThreadId(2)] [step] title_marker — window title set: Minecraft* 1.21.11 - Rsift (RsGraphics Render)
Exception in thread "Thread-1421" [09:28:38] [Thread-1421/INFO]: [STDERR]: java.lang.NoSuchMethodError: getWindow
[2645|t+120349ms|ThreadId(2)] [RsiftPlatformBridge] apply error: ClassNotFoundException: net.minecraft.core.registries.BuiltInRegistries
[2646|t+120350ms|ThreadId(2)] [RsiftPlatformBridge] apply error: ClassNotFoundException: net.minecraft.core.registries.BuiltInRegistries
Exception in thread "Thread-1422" [09:28:38] [Thread-1422/INFO]: [STDERR]: java.lang.NoSuchMethodError: getWindow
Exception in thread "Thread-1423" [09:28:38] [Thread-1423/INFO]: [STDERR]: java.lang.NoSuchMethodError: getWindow
Exception in thread "Thread-1424" [09:28:38] [Thread-1424/INFO]: [STDERR]: java.lang.NoSuchMethodError: getWindow
Exception in thread "Thread-1425" [09:28:38] [Thread-1425/INFO]: [STDERR]: java.lang.NoSuchMethodError: getWindow
[2647|t+120653ms|ThreadId(2)] [RsiftPlatformBridge] apply error: ClassNotFoundException: net.minecraft.core.registries.BuiltInRegistries
[2648|t+120654ms|ThreadId(2)] [RsiftPlatformBridge] apply error: ClassNotFoundException: net.minecraft.core.registries.BuiltInRegistries
Exception in thread "Thread-1426" [09:28:38] [Thread-1426/INFO]: [STDERR]: java.lang.NoSuchMethodError: getWindow
Exception in thread "Thread-1427" [09:28:38] [Thread-1427/INFO]: [STDERR]: java.lang.NoSuchMethodError: getWindow
Exception in thread "Thread-1428" [09:28:38] [Thread-1428/INFO]: [STDERR]: java.lang.NoSuchMethodError: getWindow
Exception in thread "Thread-1429" [09:28:38] [Thread-1429/INFO]: [STDERR]: java.lang.NoSuchMethodError: getWindow
[2649|t+120958ms|ThreadId(2)] [RsiftPlatformBridge] apply error: ClassNotFoundException: net.minecraft.core.registries.BuiltInRegistries
[2650|t+120959ms|ThreadId(2)] [RsiftPlatformBridge] apply error: ClassNotFoundException: net.minecraft.core.registries.BuiltInRegistries
Exception in thread "Thread-1430" [09:28:38] [Thread-1430/INFO]: [STDERR]: java.lang.NoSuchMethodError: getWindow
Exception in thread "Thread-1431" [09:28:38] [Thread-1431/INFO]: [STDERR]: java.lang.NoSuchMethodError: getWindow
Exception in thread "Thread-1432" [09:28:39] [Thread-1432/INFO]: [STDERR]: java.lang.NoSuchMethodError: getWindow
Exception in thread "Thread-1433" [09:28:39] [Thread-1433/INFO]: [STDERR]: java.lang.NoSuchMethodError: getWindow
[2651|t+121263ms|ThreadId(2)] [RsiftPlatformBridge] apply error: ClassNotFoundException: net.minecraft.core.registries.BuiltInRegistries
[2652|t+121264ms|ThreadId(2)] [RsiftPlatformBridge] apply error: ClassNotFoundException: net.minecraft.core.registries.BuiltInRegistries
Exception in thread "Thread-1434" [09:28:39] [Thread-1434/INFO]: [STDERR]: java.lang.NoSuchMethodError: getWindow
Exception in thread "Thread-1435" [09:28:39] [Thread-1435/INFO]: [STDERR]: java.lang.NoSuchMethodError: getWindow
Exception in thread "Thread-1436" [09:28:39] [Thread-1436/INFO]: [STDERR]: java.lang.NoSuchMethodError: getWindow
Exception in thread "Thread-1437" [09:28:39] [Thread-1437/INFO]: [STDERR]: java.lang.NoSuchMethodError: getWindow
[2653|t+121568ms|ThreadId(2)] [RsiftPlatformBridge] apply error: ClassNotFoundException: net.minecraft.core.registries.BuiltInRegistries
[2654|t+121569ms|ThreadId(2)] [RsiftPlatformBridge] apply error: ClassNotFoundException: net.minecraft.core.registries.BuiltInRegistries
Exception in thread "Thread-1438" [09:28:39] [Thread-1438/INFO]: [STDERR]: java.lang.NoSuchMethodError: getWindow
Exception in thread "Thread-1439" [09:28:39] [Thread-1439/INFO]: [STDERR]: java.lang.NoSuchMethodError: getWindow
Exception in thread "Thread-1440" [09:28:39] [Thread-1440/INFO]: [STDERR]: java.lang.NoSuchMethodError: getWindow
Exception in thread "Thread-1441" [09:28:39] [Thread-1441/INFO]: [STDERR]: java.lang.NoSuchMethodError: getWindow
[2655|t+121873ms|ThreadId(2)] [RsiftPlatformBridge] apply error: ClassNotFoundException: net.minecraft.core.registries.BuiltInRegistries
[2656|t+121874ms|ThreadId(2)] [RsiftPlatformBridge] apply error: ClassNotFoundException: net.minecraft.core.registries.BuiltInRegistries
Exception in thread "Thread-1442" [09:28:39] [Thread-1442/INFO]: [STDERR]: java.lang.NoSuchMethodError: getWindow
Exception in thread "Thread-1443" [09:28:39] [Thread-1443/INFO]: [STDERR]: java.lang.NoSuchMethodError: getWindow
Exception in thread "Thread-1444" [09:28:39] [Thread-1444/INFO]: [STDERR]: java.lang.NoSuchMethodError: getWindow
Exception in thread "Thread-1445" [09:28:39] [Thread-1445/INFO]: [STDERR]: java.lang.NoSuchMethodError: getWindow
[2657|t+122178ms|ThreadId(2)] [RsiftPlatformBridge] apply error: ClassNotFoundException: net.minecraft.core.registries.BuiltInRegistries
[2658|t+122180ms|ThreadId(2)] [RsiftPlatformBridge] apply error: ClassNotFoundException: net.minecraft.core.registries.BuiltInRegistries
Exception in thread "Thread-1446" [09:28:40] [Thread-1446/INFO]: [STDERR]: java.lang.NoSuchMethodError: getWindow
Exception in thread "Thread-1447" [09:28:40] [Thread-1447/INFO]: [STDERR]: java.lang.NoSuchMethodError: getWindow
Exception in thread "Thread-1448" [09:28:40] [Thread-1448/INFO]: [STDERR]: java.lang.NoSuchMethodError: getWindow
Exception in thread "Thread-1449" [09:28:40] [Thread-1449/INFO]: [STDERR]: java.lang.NoSuchMethodError: getWindow
[2659|t+122483ms|ThreadId(2)] [RsiftPlatformBridge] apply error: ClassNotFoundException: net.minecraft.core.registries.BuiltInRegistries
[2660|t+122484ms|ThreadId(2)] [RsiftPlatformBridge] apply error: ClassNotFoundException: net.minecraft.core.registries.BuiltInRegistries
Exception in thread "Thread-1450" [09:28:40] [Thread-1450/INFO]: [STDERR]: java.lang.NoSuchMethodError: getWindow
Exception in thread "Thread-1451" [09:28:40] [Thread-1451/INFO]: [STDERR]: java.lang.NoSuchMethodError: getWindow
Exception in thread "Thread-1452" [09:28:40] [Thread-1452/INFO]: [STDERR]: java.lang.NoSuchMethodError: getWindow
Exception in thread "Thread-1453" [09:28:40] [Thread-1453/INFO]: [STDERR]: java.lang.NoSuchMethodError: getWindow
[2661|t+122786ms|ThreadId(2)] [RsiftPlatformBridge] apply error: ClassNotFoundException: net.minecraft.core.registries.BuiltInRegistries
[2662|t+122787ms|ThreadId(2)] [RsiftPlatformBridge] apply error: ClassNotFoundException: net.minecraft.core.registries.BuiltInRegistries
Exception in thread "Thread-1454" [09:28:40] [Thread-1454/INFO]: [STDERR]: java.lang.NoSuchMethodError: getWindow
Exception in thread "Thread-1455" [09:28:40] [Thread-1455/INFO]: [STDERR]: java.lang.NoSuchMethodError: getWindow
Exception in thread "Thread-1456" [09:28:40] [Thread-1456/INFO]: [STDERR]: java.lang.NoSuchMethodError: getWindow
Exception in thread "Thread-1457" [09:28:40] [Thread-1457/INFO]: [STDERR]: java.lang.NoSuchMethodError: getWindow
[2663|t+123091ms|ThreadId(2)] [RsiftPlatformBridge] apply error: ClassNotFoundException: net.minecraft.core.registries.BuiltInRegistries
[2664|t+123092ms|ThreadId(2)] [RsiftPlatformBridge] apply error: ClassNotFoundException: net.minecraft.core.registries.BuiltInRegistries
Exception in thread "Thread-1458" [09:28:41] [Thread-1458/INFO]: [STDERR]: java.lang.NoSuchMethodError: getWindow
Exception in thread "Thread-1459" [09:28:41] [Thread-1459/INFO]: [STDERR]: java.lang.NoSuchMethodError: getWindow
Exception in thread "Thread-1460" [09:28:41] [Thread-1460/INFO]: [STDERR]: java.lang.NoSuchMethodError: getWindow
Exception in thread "Thread-1461" [09:28:41] [Thread-1461/INFO]: [STDERR]: java.lang.NoSuchMethodError: getWindow
[2665|t+123396ms|ThreadId(2)] [RsiftPlatformBridge] apply error: ClassNotFoundException: net.minecraft.core.registries.BuiltInRegistries
[2666|t+123396ms|ThreadId(2)] [RsiftPlatformBridge] apply error: ClassNotFoundException: net.minecraft.core.registries.BuiltInRegistries
[2667|t+123397ms|ThreadId(2)] [step] tick_loop — alive tick=1440
Exception in thread "Thread-1462" [09:28:41] [Thread-1462/INFO]: [STDERR]: java.lang.NoSuchMethodError: getWindow
Exception in thread "Thread-1463" [09:28:41] [Thread-1463/INFO]: [STDERR]: java.lang.NoSuchMethodError: getWindow
Exception in thread "Thread-1464" [09:28:41] [Thread-1464/INFO]: [STDERR]: java.lang.NoSuchMethodError: getWindow
Exception in thread "Thread-1465" [09:28:41] [Thread-1465/INFO]: [STDERR]: java.lang.NoSuchMethodError: getWindow
[2668|t+123700ms|ThreadId(2)] [RsiftPlatformBridge] apply error: ClassNotFoundException: net.minecraft.core.registries.BuiltInRegistries
[2669|t+123701ms|ThreadId(2)] [RsiftPlatformBridge] apply error: ClassNotFoundException: net.minecraft.core.registries.BuiltInRegistries
Exception in thread "Thread-1466" [09:28:41] [Thread-1466/INFO]: [STDERR]: java.lang.NoSuchMethodError: getWindow
Exception in thread "Thread-1467" [09:28:41] [Thread-1467/INFO]: [STDERR]: java.lang.NoSuchMethodError: getWindow
Exception in thread "Thread-1468" [09:28:41] [Thread-1468/INFO]: [STDERR]: java.lang.NoSuchMethodError: getWindow
Exception in thread "Thread-1469" [09:28:41] [Thread-1469/INFO]: [STDERR]: java.lang.NoSuchMethodError: getWindow
[2670|t+124004ms|ThreadId(2)] [RsiftPlatformBridge] apply error: ClassNotFoundException: net.minecraft.core.registries.BuiltInRegistries
[2671|t+124005ms|ThreadId(2)] [RsiftPlatformBridge] apply error: ClassNotFoundException: net.minecraft.core.registries.BuiltInRegistries
Exception in thread "Thread-1470" [09:28:42] [Thread-1470/INFO]: [STDERR]: java.lang.NoSuchMethodError: getWindow
Exception in thread "Thread-1471" [09:28:42] [Thread-1471/INFO]: [STDERR]: java.lang.NoSuchMethodError: getWindow
Exception in thread "Thread-1472" [09:28:42] [Thread-1472/INFO]: [STDERR]: java.lang.NoSuchMethodError: getWindow
Exception in thread "Thread-1473" [09:28:42] [Thread-1473/INFO]: [STDERR]: java.lang.NoSuchMethodError: getWindow
[2672|t+124308ms|ThreadId(2)] [RsiftPlatformBridge] apply error: ClassNotFoundException: net.minecraft.core.registries.BuiltInRegistries
[2673|t+124309ms|ThreadId(2)] [RsiftPlatformBridge] apply error: ClassNotFoundException: net.minecraft.core.registries.BuiltInRegistries
Exception in thread "Thread-1474" [09:28:42] [Thread-1474/INFO]: [STDERR]: java.lang.NoSuchMethodError: getWindow
Exception in thread "Thread-1475" [09:28:42] [Thread-1475/INFO]: [STDERR]: java.lang.NoSuchMethodError: getWindow
Exception in thread "Thread-1476" [09:28:42] [Thread-1476/INFO]: [STDERR]: java.lang.NoSuchMethodError: getWindow
Exception in thread "Thread-1477" [09:28:42] [Thread-1477/INFO]: [STDERR]: java.lang.NoSuchMethodError: getWindow
[2674|t+124612ms|ThreadId(2)] [RsiftPlatformBridge] apply error: ClassNotFoundException: net.minecraft.core.registries.BuiltInRegistries
[2675|t+124613ms|ThreadId(2)] [RsiftPlatformBridge] apply error: ClassNotFoundException: net.minecraft.core.registries.BuiltInRegistries
Exception in thread "Thread-1478" [09:28:42] [Thread-1478/INFO]: [STDERR]: java.lang.NoSuchMethodError: getWindow
Exception in thread "Thread-1479" [09:28:42] [Thread-1479/INFO]: [STDERR]: java.lang.NoSuchMethodError: getWindow
Exception in thread "Thread-1480" [09:28:42] [Thread-1480/INFO]: [STDERR]: java.lang.NoSuchMethodError: getWindow
Exception in thread "Thread-1481" [09:28:42] [Thread-1481/INFO]: [STDERR]: java.lang.NoSuchMethodError: getWindow
[2676|t+124917ms|ThreadId(2)] [RsiftPlatformBridge] apply error: ClassNotFoundException: net.minecraft.core.registries.BuiltInRegistries
[2677|t+124918ms|ThreadId(2)] [RsiftPlatformBridge] apply error: ClassNotFoundException: net.minecraft.core.registries.BuiltInRegistries
Exception in thread "Thread-1482" [09:28:42] [Thread-1482/INFO]: [STDERR]: java.lang.NoSuchMethodError: getWindow
Exception in thread "Thread-1483" [09:28:42] [Thread-1483/INFO]: [STDERR]: java.lang.NoSuchMethodError: getWindow
Exception in thread "Thread-1484" [09:28:42] [Thread-1484/INFO]: [STDERR]: java.lang.NoSuchMethodError: getWindow
Exception in thread "Thread-1485" [09:28:42] [Thread-1485/INFO]: [STDERR]: java.lang.NoSuchMethodError: getWindow
[2678|t+125221ms|ThreadId(2)] [RsiftPlatformBridge] apply error: ClassNotFoundException: net.minecraft.core.registries.BuiltInRegistries
[2679|t+125222ms|ThreadId(2)] [RsiftPlatformBridge] apply error: ClassNotFoundException: net.minecraft.core.registries.BuiltInRegistries
Exception in thread "Thread-1486" [09:28:43] [Thread-1486/INFO]: [STDERR]: java.lang.NoSuchMethodError: getWindow
Exception in thread "Thread-1487" [09:28:43] [Thread-1487/INFO]: [STDERR]: java.lang.NoSuchMethodError: getWindow
Exception in thread "Thread-1488" [09:28:43] [Thread-1488/INFO]: [STDERR]: java.lang.NoSuchMethodError: getWindow
Exception in thread "Thread-1489" [09:28:43] [Thread-1489/INFO]: [STDERR]: java.lang.NoSuchMethodError: getWindow
[2680|t+125526ms|ThreadId(2)] [RsiftPlatformBridge] apply error: ClassNotFoundException: net.minecraft.core.registries.BuiltInRegistries
[2681|t+125526ms|ThreadId(2)] [RsiftPlatformBridge] apply error: ClassNotFoundException: net.minecraft.core.registries.BuiltInRegistries
Exception in thread "Thread-1490" [09:28:43] [Thread-1490/INFO]: [STDERR]: java.lang.NoSuchMethodError: getWindow
Exception in thread "Thread-1491" [09:28:43] [Thread-1491/INFO]: [STDERR]: java.lang.NoSuchMethodError: getWindow
Exception in thread "Thread-1492" [09:28:43] [Thread-1492/INFO]: [STDERR]: java.lang.NoSuchMethodError: getWindow
Exception in thread "Thread-1493" [09:28:43] [Thread-1493/INFO]: [STDERR]: java.lang.NoSuchMethodError: getWindow
[2682|t+125829ms|ThreadId(2)] [RsiftPlatformBridge] apply error: ClassNotFoundException: net.minecraft.core.registries.BuiltInRegistries
[2683|t+125830ms|ThreadId(2)] [RsiftPlatformBridge] apply error: ClassNotFoundException: net.minecraft.core.registries.BuiltInRegistries
Exception in thread "Thread-1494" [09:28:43] [Thread-1494/INFO]: [STDERR]: java.lang.NoSuchMethodError: getWindow
Exception in thread "Thread-1495" [09:28:43] [Thread-1495/INFO]: [STDERR]: java.lang.NoSuchMethodError: getWindow
Exception in thread "Thread-1496" [09:28:43] [Thread-1496/INFO]: [STDERR]: java.lang.NoSuchMethodError: getWindow
Exception in thread "Thread-1497" [09:28:43] [Thread-1497/INFO]: [STDERR]: java.lang.NoSuchMethodError: getWindow
[2684|t+126072ms|ThreadId(1)] [hook] render_flip fired (count=6000)
[2685|t+126134ms|ThreadId(2)] [RsiftPlatformBridge] apply error: ClassNotFoundException: net.minecraft.core.registries.BuiltInRegistries
[2686|t+126135ms|ThreadId(2)] [RsiftPlatformBridge] apply error: ClassNotFoundException: net.minecraft.core.registries.BuiltInRegistries
Exception in thread "Thread-1498" [09:28:44] [Thread-1498/INFO]: [STDERR]: java.lang.NoSuchMethodError: getWindow
Exception in thread "Thread-1499" [09:28:44] [Thread-1499/INFO]: [STDERR]: java.lang.NoSuchMethodError: getWindow
Exception in thread "Thread-1500" [09:28:44] [Thread-1500/INFO]: [STDERR]: java.lang.NoSuchMethodError: getWindow
Exception in thread "Thread-1501" [09:28:44] [Thread-1501/INFO]: [STDERR]: java.lang.NoSuchMethodError: getWindow
[2687|t+126437ms|ThreadId(2)] [RsiftPlatformBridge] apply error: ClassNotFoundException: net.minecraft.core.registries.BuiltInRegistries
[2688|t+126438ms|ThreadId(2)] [RsiftPlatformBridge] apply error: ClassNotFoundException: net.minecraft.core.registries.BuiltInRegistries
Exception in thread "Thread-1502" [09:28:44] [Thread-1502/INFO]: [STDERR]: java.lang.NoSuchMethodError: getWindow
Exception in thread "Thread-1503" [09:28:44] [Thread-1503/INFO]: [STDERR]: java.lang.NoSuchMethodError: getWindow
Exception in thread "Thread-1504" [09:28:44] [Thread-1504/INFO]: [STDERR]: java.lang.NoSuchMethodError: getWindow
Exception in thread "Thread-1505" [09:28:44] [Thread-1505/INFO]: [STDERR]: java.lang.NoSuchMethodError: getWindow
[2689|t+126741ms|ThreadId(2)] [RsiftPlatformBridge] apply error: ClassNotFoundException: net.minecraft.core.registries.BuiltInRegistries
[2690|t+126742ms|ThreadId(2)] [RsiftPlatformBridge] apply error: ClassNotFoundException: net.minecraft.core.registries.BuiltInRegistries
Exception in thread "Thread-1506" [09:28:44] [Thread-1506/INFO]: [STDERR]: java.lang.NoSuchMethodError: getWindow
Exception in thread "Thread-1507" [09:28:44] [Thread-1507/INFO]: [STDERR]: java.lang.NoSuchMethodError: getWindow
Exception in thread "Thread-1508" [09:28:44] [Thread-1508/INFO]: [STDERR]: java.lang.NoSuchMethodError: getWindow
Exception in thread "Thread-1509" [09:28:44] [Thread-1509/INFO]: [STDERR]: java.lang.NoSuchMethodError: getWindow
[2691|t+127046ms|ThreadId(2)] [RsiftPlatformBridge] apply error: ClassNotFoundException: net.minecraft.core.registries.BuiltInRegistries
[2692|t+127046ms|ThreadId(2)] [RsiftPlatformBridge] apply error: ClassNotFoundException: net.minecraft.core.registries.BuiltInRegistries
Exception in thread "Thread-1510" [09:28:45] [Thread-1510/INFO]: [STDERR]: java.lang.NoSuchMethodError: getWindow
Exception in thread "Thread-1511" [09:28:45] [Thread-1511/INFO]: [STDERR]: java.lang.NoSuchMethodError: getWindow
Exception in thread "Thread-1512" [09:28:45] [Thread-1512/INFO]: [STDERR]: java.lang.NoSuchMethodError: getWindow
Exception in thread "Thread-1513" [09:28:45] [Thread-1513/INFO]: [STDERR]: java.lang.NoSuchMethodError: getWindow
[2693|t+127350ms|ThreadId(2)] [RsiftPlatformBridge] apply error: ClassNotFoundException: net.minecraft.core.registries.BuiltInRegistries
[2694|t+127351ms|ThreadId(2)] [RsiftPlatformBridge] apply error: ClassNotFoundException: net.minecraft.core.registries.BuiltInRegistries
Exception in thread "Thread-1514" [09:28:45] [Thread-1514/INFO]: [STDERR]: java.lang.NoSuchMethodError: getWindow
Exception in thread "Thread-1515" [09:28:45] [Thread-1515/INFO]: [STDERR]: java.lang.NoSuchMethodError: getWindow
Exception in thread "Thread-1516" [09:28:45] [Thread-1516/INFO]: [STDERR]: java.lang.NoSuchMethodError: getWindow
Exception in thread "Thread-1517" [09:28:45] [Thread-1517/INFO]: [STDERR]: java.lang.NoSuchMethodError: getWindow
[2695|t+127654ms|ThreadId(2)] [RsiftPlatformBridge] apply error: ClassNotFoundException: net.minecraft.core.registries.BuiltInRegistries
[2696|t+127655ms|ThreadId(2)] [RsiftPlatformBridge] apply error: ClassNotFoundException: net.minecraft.core.registries.BuiltInRegistries
Exception in thread "Thread-1518" [09:28:45] [Thread-1518/INFO]: [STDERR]: java.lang.NoSuchMethodError: getWindow
Exception in thread "Thread-1519" [09:28:45] [Thread-1519/INFO]: [STDERR]: java.lang.NoSuchMethodError: getWindow
Exception in thread "Thread-1520" [09:28:45] [Thread-1520/INFO]: [STDERR]: java.lang.NoSuchMethodError: getWindow
Exception in thread "Thread-1521" [09:28:45] [Thread-1521/INFO]: [STDERR]: java.lang.NoSuchMethodError: getWindow
[2697|t+127960ms|ThreadId(2)] [RsiftPlatformBridge] apply error: ClassNotFoundException: net.minecraft.core.registries.BuiltInRegistries
[2698|t+127961ms|ThreadId(2)] [RsiftPlatformBridge] apply error: ClassNotFoundException: net.minecraft.core.registries.BuiltInRegistries
Exception in thread "Thread-1522" [09:28:45] [Thread-1522/INFO]: [STDERR]: java.lang.NoSuchMethodError: getWindow
Exception in thread "Thread-1523" [09:28:45] [Thread-1523/INFO]: [STDERR]: java.lang.NoSuchMethodError: getWindow
Exception in thread "Thread-1524" [09:28:46] [Thread-1524/INFO]: [STDERR]: java.lang.NoSuchMethodError: getWindow
Exception in thread "Thread-1525" [09:28:46] [Thread-1525/INFO]: [STDERR]: java.lang.NoSuchMethodError: getWindow
[2699|t+128265ms|ThreadId(2)] [RsiftPlatformBridge] apply error: ClassNotFoundException: net.minecraft.core.registries.BuiltInRegistries
[2700|t+128266ms|ThreadId(2)] [RsiftPlatformBridge] apply error: ClassNotFoundException: net.minecraft.core.registries.BuiltInRegistries
Exception in thread "Thread-1526" [09:28:46] [Thread-1526/INFO]: [STDERR]: java.lang.NoSuchMethodError: getWindow
Exception in thread "Thread-1527" [09:28:46] [Thread-1527/INFO]: [STDERR]: java.lang.NoSuchMethodError: getWindow
Exception in thread "Thread-1528" [09:28:46] [Thread-1528/INFO]: [STDERR]: java.lang.NoSuchMethodError: getWindow
Exception in thread "Thread-1529" [09:28:46] [Thread-1529/INFO]: [STDERR]: java.lang.NoSuchMethodError: getWindow
[2701|t+128570ms|ThreadId(2)] [RsiftPlatformBridge] apply error: ClassNotFoundException: net.minecraft.core.registries.BuiltInRegistries
[2702|t+128571ms|ThreadId(2)] [RsiftPlatformBridge] apply error: ClassNotFoundException: net.minecraft.core.registries.BuiltInRegistries
Exception in thread "Thread-1530" [09:28:46] [Thread-1530/INFO]: [STDERR]: java.lang.NoSuchMethodError: getWindow
Exception in thread "Thread-1531" [09:28:46] [Thread-1531/INFO]: [STDERR]: java.lang.NoSuchMethodError: getWindow
Exception in thread "Thread-1532" [09:28:46] [Thread-1532/INFO]: [STDERR]: java.lang.NoSuchMethodError: getWindow
Exception in thread "Thread-1533" [09:28:46] [Thread-1533/INFO]: [STDERR]: java.lang.NoSuchMethodError: getWindow
[2703|t+128875ms|ThreadId(2)] [RsiftPlatformBridge] apply error: ClassNotFoundException: net.minecraft.core.registries.BuiltInRegistries
[2704|t+128876ms|ThreadId(2)] [RsiftPlatformBridge] apply error: ClassNotFoundException: net.minecraft.core.registries.BuiltInRegistries
Exception in thread "Thread-1534" [09:28:46] [Thread-1534/INFO]: [STDERR]: java.lang.NoSuchMethodError: getWindow
Exception in thread "Thread-1535" [09:28:46] [Thread-1535/INFO]: [STDERR]: java.lang.NoSuchMethodError: getWindow
Exception in thread "Thread-1536" [09:28:46] [Thread-1536/INFO]: [STDERR]: java.lang.NoSuchMethodError: getWindow
Exception in thread "Thread-1537" [09:28:46] [Thread-1537/INFO]: [STDERR]: java.lang.NoSuchMethodError: getWindow
[2705|t+129179ms|ThreadId(2)] [RsiftPlatformBridge] apply error: ClassNotFoundException: net.minecraft.core.registries.BuiltInRegistries
[2706|t+129180ms|ThreadId(2)] [RsiftPlatformBridge] apply error: ClassNotFoundException: net.minecraft.core.registries.BuiltInRegistries
Exception in thread "Thread-1538" [09:28:47] [Thread-1538/INFO]: [STDERR]: java.lang.NoSuchMethodError: getWindow
Exception in thread "Thread-1539" [09:28:47] [Thread-1539/INFO]: [STDERR]: java.lang.NoSuchMethodError: getWindow
Exception in thread "Thread-1540" [09:28:47] [Thread-1540/INFO]: [STDERR]: java.lang.NoSuchMethodError: getWindow
Exception in thread "Thread-1541" [09:28:47] [Thread-1541/INFO]: [STDERR]: java.lang.NoSuchMethodError: getWindow
[2707|t+129484ms|ThreadId(2)] [RsiftPlatformBridge] apply error: ClassNotFoundException: net.minecraft.core.registries.BuiltInRegistries
[2708|t+129485ms|ThreadId(2)] [RsiftPlatformBridge] apply error: ClassNotFoundException: net.minecraft.core.registries.BuiltInRegistries
Exception in thread "Thread-1542" [09:28:47] [Thread-1542/INFO]: [STDERR]: java.lang.NoSuchMethodError: getWindow
Exception in thread "Thread-1543" [09:28:47] [Thread-1543/INFO]: [STDERR]: java.lang.NoSuchMethodError: getWindow
Exception in thread "Thread-1544" [09:28:47] [Thread-1544/INFO]: [STDERR]: java.lang.NoSuchMethodError: getWindow
Exception in thread "Thread-1545" [09:28:47] [Thread-1545/INFO]: [STDERR]: java.lang.NoSuchMethodError: getWindow
[2709|t+129789ms|ThreadId(2)] [RsiftPlatformBridge] apply error: ClassNotFoundException: net.minecraft.core.registries.BuiltInRegistries
[2710|t+129790ms|ThreadId(2)] [RsiftPlatformBridge] apply error: ClassNotFoundException: net.minecraft.core.registries.BuiltInRegistries
Exception in thread "Thread-1546" [09:28:47] [Thread-1546/INFO]: [STDERR]: java.lang.NoSuchMethodError: getWindow
Exception in thread "Thread-1547" [09:28:47] [Thread-1547/INFO]: [STDERR]: java.lang.NoSuchMethodError: getWindow
Exception in thread "Thread-1548" [09:28:47] [Thread-1548/INFO]: [STDERR]: java.lang.NoSuchMethodError: getWindow
Exception in thread "Thread-1549" [09:28:47] [Thread-1549/INFO]: [STDERR]: java.lang.NoSuchMethodError: getWindow
[2711|t+130092ms|ThreadId(2)] [RsiftPlatformBridge] apply error: ClassNotFoundException: net.minecraft.core.registries.BuiltInRegistries
[2712|t+130093ms|ThreadId(2)] [RsiftPlatformBridge] apply error: ClassNotFoundException: net.minecraft.core.registries.BuiltInRegistries
Exception in thread "Thread-1550" [09:28:48] [Thread-1550/INFO]: [STDERR]: java.lang.NoSuchMethodError: getWindow
Exception in thread "Thread-1551" [09:28:48] [Thread-1551/INFO]: [STDERR]: java.lang.NoSuchMethodError: getWindow
Exception in thread "Thread-1552" [09:28:48] [Thread-1552/INFO]: [STDERR]: java.lang.NoSuchMethodError: getWindow
Exception in thread "Thread-1553" [09:28:48] [Thread-1553/INFO]: [STDERR]: java.lang.NoSuchMethodError: getWindow
[2713|t+130397ms|ThreadId(2)] [RsiftPlatformBridge] apply error: ClassNotFoundException: net.minecraft.core.registries.BuiltInRegistries
[2714|t+130397ms|ThreadId(2)] [RsiftPlatformBridge] apply error: ClassNotFoundException: net.minecraft.core.registries.BuiltInRegistries
Exception in thread "Thread-1554" [09:28:48] [Thread-1554/INFO]: [STDERR]: java.lang.NoSuchMethodError: getWindow
Exception in thread "Thread-1555" [09:28:48] [Thread-1555/INFO]: [STDERR]: java.lang.NoSuchMethodError: getWindow
Exception in thread "Thread-1556" [09:28:48] [Thread-1556/INFO]: [STDERR]: java.lang.NoSuchMethodError: getWindow
Exception in thread "Thread-1557" [09:28:48] [Thread-1557/INFO]: [STDERR]: java.lang.NoSuchMethodError: getWindow
[2715|t+130701ms|ThreadId(2)] [RsiftPlatformBridge] apply error: ClassNotFoundException: net.minecraft.core.registries.BuiltInRegistries
[2716|t+130702ms|ThreadId(2)] [RsiftPlatformBridge] apply error: ClassNotFoundException: net.minecraft.core.registries.BuiltInRegistries
Exception in thread "Thread-1558" [09:28:48] [Thread-1558/INFO]: [STDERR]: java.lang.NoSuchMethodError: getWindow
Exception in thread "Thread-1559" [09:28:48] [Thread-1559/INFO]: [STDERR]: java.lang.NoSuchMethodError: getWindow
Exception in thread "Thread-1560" [09:28:48] [Thread-1560/INFO]: [STDERR]: java.lang.NoSuchMethodError: getWindow
Exception in thread "Thread-1561" [09:28:48] [Thread-1561/INFO]: [STDERR]: java.lang.NoSuchMethodError: getWindow
[2717|t+131005ms|ThreadId(2)] [RsiftPlatformBridge] apply error: ClassNotFoundException: net.minecraft.core.registries.BuiltInRegistries
[2718|t+131006ms|ThreadId(2)] [RsiftPlatformBridge] apply error: ClassNotFoundException: net.minecraft.core.registries.BuiltInRegistries
Exception in thread "Thread-1562" [09:28:49] [Thread-1562/INFO]: [STDERR]: java.lang.NoSuchMethodError: getWindow
Exception in thread "Thread-1563" [09:28:49] [Thread-1563/INFO]: [STDERR]: java.lang.NoSuchMethodError: getWindow
Exception in thread "Thread-1564" [09:28:49] [Thread-1564/INFO]: [STDERR]: java.lang.NoSuchMethodError: getWindow
Exception in thread "Thread-1565" [09:28:49] [Thread-1565/INFO]: [STDERR]: java.lang.NoSuchMethodError: getWindow
[2719|t+131310ms|ThreadId(2)] [RsiftPlatformBridge] apply error: ClassNotFoundException: net.minecraft.core.registries.BuiltInRegistries
[2720|t+131310ms|ThreadId(2)] [RsiftPlatformBridge] apply error: ClassNotFoundException: net.minecraft.core.registries.BuiltInRegistries
Exception in thread "Thread-1566" [09:28:49] [Thread-1566/INFO]: [STDERR]: java.lang.NoSuchMethodError: getWindow
Exception in thread "Thread-1567" [09:28:49] [Thread-1567/INFO]: [STDERR]: java.lang.NoSuchMethodError: getWindow
Exception in thread "Thread-1568" [09:28:49] [Thread-1568/INFO]: [STDERR]: java.lang.NoSuchMethodError: getWindow
Exception in thread "Thread-1569" [09:28:49] [Thread-1569/INFO]: [STDERR]: java.lang.NoSuchMethodError: getWindow
[2721|t+131616ms|ThreadId(2)] [RsiftPlatformBridge] apply error: ClassNotFoundException: net.minecraft.core.registries.BuiltInRegistries
[2722|t+131616ms|ThreadId(2)] [RsiftPlatformBridge] apply error: ClassNotFoundException: net.minecraft.core.registries.BuiltInRegistries
Exception in thread "Thread-1570" [09:28:49] [Thread-1570/INFO]: [STDERR]: java.lang.NoSuchMethodError: getWindow
Exception in thread "Thread-1571" [09:28:49] [Thread-1571/INFO]: [STDERR]: java.lang.NoSuchMethodError: getWindow
Exception in thread "Thread-1572" [09:28:49] [Thread-1572/INFO]: [STDERR]: java.lang.NoSuchMethodError: getWindow
Exception in thread "Thread-1573" [09:28:49] [Thread-1573/INFO]: [STDERR]: java.lang.NoSuchMethodError: getWindow
[2723|t+131920ms|ThreadId(2)] [RsiftPlatformBridge] apply error: ClassNotFoundException: net.minecraft.core.registries.BuiltInRegistries
[2724|t+131921ms|ThreadId(2)] [RsiftPlatformBridge] apply error: ClassNotFoundException: net.minecraft.core.registries.BuiltInRegistries
Exception in thread "Thread-1574" [09:28:49] [Thread-1574/INFO]: [STDERR]: java.lang.NoSuchMethodError: getWindow
Exception in thread "Thread-1575" [09:28:49] [Thread-1575/INFO]: [STDERR]: java.lang.NoSuchMethodError: getWindow
Exception in thread "Thread-1576" [09:28:49] [Thread-1576/INFO]: [STDERR]: java.lang.NoSuchMethodError: getWindow
Exception in thread "Thread-1577" [09:28:49] [Thread-1577/INFO]: [STDERR]: java.lang.NoSuchMethodError: getWindow
[2725|t+132225ms|ThreadId(2)] [RsiftPlatformBridge] apply error: ClassNotFoundException: net.minecraft.core.registries.BuiltInRegistries
[2726|t+132225ms|ThreadId(2)] [RsiftPlatformBridge] apply error: ClassNotFoundException: net.minecraft.core.registries.BuiltInRegistries
Exception in thread "Thread-1578" [09:28:50] [Thread-1578/INFO]: [STDERR]: java.lang.NoSuchMethodError: getWindow
Exception in thread "Thread-1579" [09:28:50] [Thread-1579/INFO]: [STDERR]: java.lang.NoSuchMethodError: getWindow
Exception in thread "Thread-1580" [09:28:50] [Thread-1580/INFO]: [STDERR]: java.lang.NoSuchMethodError: getWindow
Exception in thread "Thread-1581" [09:28:50] [Thread-1581/INFO]: [STDERR]: java.lang.NoSuchMethodError: getWindow
[2727|t+132545ms|ThreadId(2)] [RsiftPlatformBridge] apply error: ClassNotFoundException: net.minecraft.core.registries.BuiltInRegistries
[2728|t+132546ms|ThreadId(2)] [RsiftPlatformBridge] apply error: ClassNotFoundException: net.minecraft.core.registries.BuiltInRegistries
[2729|t+132547ms|ThreadId(2)] [step] tick_loop — alive tick=1560
Exception in thread "Thread-1582" [09:28:50] [Thread-1582/INFO]: [STDERR]: java.lang.NoSuchMethodError: getWindow
Exception in thread "Thread-1583" [09:28:50] [Thread-1583/INFO]: [STDERR]: java.lang.NoSuchMethodError: getWindow
Exception in thread "Thread-1584" [09:28:50] [Thread-1584/INFO]: [STDERR]: java.lang.NoSuchMethodError: getWindow
Exception in thread "Thread-1585" [09:28:50] [Thread-1585/INFO]: [STDERR]: java.lang.NoSuchMethodError: getWindow
[2730|t+132850ms|ThreadId(2)] [RsiftPlatformBridge] apply error: ClassNotFoundException: net.minecraft.core.registries.BuiltInRegistries
[2731|t+132851ms|ThreadId(2)] [RsiftPlatformBridge] apply error: ClassNotFoundException: net.minecraft.core.registries.BuiltInRegistries
Exception in thread "Thread-1586" [09:28:50] [Thread-1586/INFO]: [STDERR]: java.lang.NoSuchMethodError: getWindow
Exception in thread "Thread-1587" [09:28:50] [Thread-1587/INFO]: [STDERR]: java.lang.NoSuchMethodError: getWindow
Exception in thread "Thread-1588" [09:28:50] [Thread-1588/INFO]: [STDERR]: java.lang.NoSuchMethodError: getWindow
Exception in thread "Thread-1589" [09:28:50] [Thread-1589/INFO]: [STDERR]: java.lang.NoSuchMethodError: getWindow
[2732|t+133153ms|ThreadId(2)] [RsiftPlatformBridge] apply error: ClassNotFoundException: net.minecraft.core.registries.BuiltInRegistries
[2733|t+133154ms|ThreadId(2)] [RsiftPlatformBridge] apply error: ClassNotFoundException: net.minecraft.core.registries.BuiltInRegistries
Exception in thread "Thread-1590" [09:28:51] [Thread-1590/INFO]: [STDERR]: java.lang.NoSuchMethodError: getWindow
Exception in thread "Thread-1591" [09:28:51] [Thread-1591/INFO]: [STDERR]: java.lang.NoSuchMethodError: getWindow
Exception in thread "Thread-1592" [09:28:51] [Thread-1592/INFO]: [STDERR]: java.lang.NoSuchMethodError: getWindow
Exception in thread "Thread-1593" [09:28:51] [Thread-1593/INFO]: [STDERR]: java.lang.NoSuchMethodError: getWindow
[2734|t+133235ms|ThreadId(1)] [hook] render_flip fired (count=6600)
[2735|t+133458ms|ThreadId(2)] [RsiftPlatformBridge] apply error: ClassNotFoundException: net.minecraft.core.registries.BuiltInRegistries
[2736|t+133459ms|ThreadId(2)] [RsiftPlatformBridge] apply error: ClassNotFoundException: net.minecraft.core.registries.BuiltInRegistries
Exception in thread "Thread-1594" [09:28:51] [Thread-1594/INFO]: [STDERR]: java.lang.NoSuchMethodError: getWindow
Exception in thread "Thread-1595" [09:28:51] [Thread-1595/INFO]: [STDERR]: java.lang.NoSuchMethodError: getWindow
Exception in thread "Thread-1596" [09:28:51] [Thread-1596/INFO]: [STDERR]: java.lang.NoSuchMethodError: getWindow
Exception in thread "Thread-1597" [09:28:51] [Thread-1597/INFO]: [STDERR]: java.lang.NoSuchMethodError: getWindow
[2737|t+133762ms|ThreadId(2)] [RsiftPlatformBridge] apply error: ClassNotFoundException: net.minecraft.core.registries.BuiltInRegistries
[2738|t+133762ms|ThreadId(2)] [RsiftPlatformBridge] apply error: ClassNotFoundException: net.minecraft.core.registries.BuiltInRegistries
Exception in thread "Thread-1598" [09:28:51] [Thread-1598/INFO]: [STDERR]: java.lang.NoSuchMethodError: getWindow
Exception in thread "Thread-1599" [09:28:51] [Thread-1599/INFO]: [STDERR]: java.lang.NoSuchMethodError: getWindow
Exception in thread "Thread-1600" [09:28:51] [Thread-1600/INFO]: [STDERR]: java.lang.NoSuchMethodError: getWindow
Exception in thread "Thread-1601" [09:28:51] [Thread-1601/INFO]: [STDERR]: java.lang.NoSuchMethodError: getWindow
[2739|t+134066ms|ThreadId(2)] [RsiftPlatformBridge] apply error: ClassNotFoundException: net.minecraft.core.registries.BuiltInRegistries
[2740|t+134067ms|ThreadId(2)] [RsiftPlatformBridge] apply error: ClassNotFoundException: net.minecraft.core.registries.BuiltInRegistries
Exception in thread "Thread-1602" [09:28:52] [Thread-1602/INFO]: [STDERR]: java.lang.NoSuchMethodError: getWindow
Exception in thread "Thread-1603" [09:28:52] [Thread-1603/INFO]: [STDERR]: java.lang.NoSuchMethodError: getWindow
Exception in thread "Thread-1604" [09:28:52] [Thread-1604/INFO]: [STDERR]: java.lang.NoSuchMethodError: getWindow
Exception in thread "Thread-1605" [09:28:52] [Thread-1605/INFO]: [STDERR]: java.lang.NoSuchMethodError: getWindow
[2741|t+134372ms|ThreadId(2)] [RsiftPlatformBridge] apply error: ClassNotFoundException: net.minecraft.core.registries.BuiltInRegistries
[2742|t+134372ms|ThreadId(2)] [RsiftPlatformBridge] apply error: ClassNotFoundException: net.minecraft.core.registries.BuiltInRegistries
Exception in thread "Thread-1606" [09:28:52] [Thread-1606/INFO]: [STDERR]: java.lang.NoSuchMethodError: getWindow
Exception in thread "Thread-1607" [09:28:52] [Thread-1607/INFO]: [STDERR]: java.lang.NoSuchMethodError: getWindow
Exception in thread "Thread-1608" [09:28:52] [Thread-1608/INFO]: [STDERR]: java.lang.NoSuchMethodError: getWindow
Exception in thread "Thread-1609" [09:28:52] [Thread-1609/INFO]: [STDERR]: java.lang.NoSuchMethodError: getWindow
[2743|t+134674ms|ThreadId(2)] [RsiftPlatformBridge] apply error: ClassNotFoundException: net.minecraft.core.registries.BuiltInRegistries
[2744|t+134675ms|ThreadId(2)] [RsiftPlatformBridge] apply error: ClassNotFoundException: net.minecraft.core.registries.BuiltInRegistries
Exception in thread "Thread-1610" [09:28:52] [Thread-1610/INFO]: [STDERR]: java.lang.NoSuchMethodError: getWindow
Exception in thread "Thread-1611" [09:28:52] [Thread-1611/INFO]: [STDERR]: java.lang.NoSuchMethodError: getWindow
Exception in thread "Thread-1612" [09:28:52] [Thread-1612/INFO]: [STDERR]: java.lang.NoSuchMethodError: getWindow
Exception in thread "Thread-1613" [09:28:52] [Thread-1613/INFO]: [STDERR]: java.lang.NoSuchMethodError: getWindow
[2745|t+134979ms|ThreadId(2)] [RsiftPlatformBridge] apply error: ClassNotFoundException: net.minecraft.core.registries.BuiltInRegistries
[2746|t+134980ms|ThreadId(2)] [RsiftPlatformBridge] apply error: ClassNotFoundException: net.minecraft.core.registries.BuiltInRegistries
Exception in thread "Thread-1614" [09:28:52] [Thread-1614/INFO]: [STDERR]: java.lang.NoSuchMethodError: getWindow
Exception in thread "Thread-1615" [09:28:53] [Thread-1615/INFO]: [STDERR]: java.lang.NoSuchMethodError: getWindow
Exception in thread "Thread-1616" [09:28:53] [Thread-1616/INFO]: [STDERR]: java.lang.NoSuchMethodError: getWindow
Exception in thread "Thread-1617" [09:28:53] [Thread-1617/INFO]: [STDERR]: java.lang.NoSuchMethodError: getWindow
[2747|t+135282ms|ThreadId(2)] [RsiftPlatformBridge] apply error: ClassNotFoundException: net.minecraft.core.registries.BuiltInRegistries
[2748|t+135283ms|ThreadId(2)] [RsiftPlatformBridge] apply error: ClassNotFoundException: net.minecraft.core.registries.BuiltInRegistries
Exception in thread "Thread-1618" [09:28:53] [Thread-1618/INFO]: [STDERR]: java.lang.NoSuchMethodError: getWindow
Exception in thread "Thread-1619" [09:28:53] [Thread-1619/INFO]: [STDERR]: java.lang.NoSuchMethodError: getWindow
Exception in thread "Thread-1620" [09:28:53] [Thread-1620/INFO]: [STDERR]: java.lang.NoSuchMethodError: getWindow
[2749|t+135358ms|ThreadId(2)] [step] title_marker — window title set: Minecraft* 1.21.11 - Rsift (RsGraphics Render)
Exception in thread "Thread-1621" [09:28:53] [Thread-1621/INFO]: [STDERR]: java.lang.NoSuchMethodError: getWindow
[2750|t+135610ms|ThreadId(2)] [RsiftRuntimeHooks] install failed: gfj.getConnection()
[2751|t+135611ms|ThreadId(2)] [RsiftPlatformBridge] apply error: ClassNotFoundException: net.minecraft.core.registries.BuiltInRegistries
[2752|t+135612ms|ThreadId(2)] [RsiftPlatformBridge] apply error: ClassNotFoundException: net.minecraft.core.registries.BuiltInRegistries
Exception in thread "Thread-1622" [09:28:53] [Thread-1622/INFO]: [STDERR]: java.lang.NoSuchMethodError: getWindow
Exception in thread "Thread-1623" [09:28:53] [Thread-1623/INFO]: [STDERR]: java.lang.NoSuchMethodError: getWindow
Exception in thread "Thread-1624" [09:28:53] [Thread-1624/INFO]: [STDERR]: java.lang.NoSuchMethodError: getWindow
Exception in thread "Thread-1625" [09:28:53] [Thread-1625/INFO]: [STDERR]: java.lang.NoSuchMethodError: getWindow
[2753|t+135916ms|ThreadId(2)] [RsiftPlatformBridge] apply error: ClassNotFoundException: net.minecraft.core.registries.BuiltInRegistries
[2754|t+135916ms|ThreadId(2)] [RsiftPlatformBridge] apply error: ClassNotFoundException: net.minecraft.core.registries.BuiltInRegistries
Exception in thread "Thread-1626" [09:28:53] [Thread-1626/INFO]: [STDERR]: java.lang.NoSuchMethodError: getWindow
Exception in thread "Thread-1627" [09:28:53] [Thread-1627/INFO]: [STDERR]: java.lang.NoSuchMethodError: getWindow
Exception in thread "Thread-1628" [09:28:53] [Thread-1628/INFO]: [STDERR]: java.lang.NoSuchMethodError: getWindow
Exception in thread "Thread-1629" [09:28:53] [Thread-1629/INFO]: [STDERR]: java.lang.NoSuchMethodError: getWindow
[2755|t+136220ms|ThreadId(2)] [RsiftPlatformBridge] apply error: ClassNotFoundException: net.minecraft.core.registries.BuiltInRegistries
[2756|t+136220ms|ThreadId(2)] [RsiftPlatformBridge] apply error: ClassNotFoundException: net.minecraft.core.registries.BuiltInRegistries
Exception in thread "Thread-1630" [09:28:54] [Thread-1630/INFO]: [STDERR]: java.lang.NoSuchMethodError: getWindow
Exception in thread "Thread-1631" [09:28:54] [Thread-1631/INFO]: [STDERR]: java.lang.NoSuchMethodError: getWindow
Exception in thread "Thread-1632" [09:28:54] [Thread-1632/INFO]: [STDERR]: java.lang.NoSuchMethodError: getWindow
Exception in thread "Thread-1633" [09:28:54] [Thread-1633/INFO]: [STDERR]: java.lang.NoSuchMethodError: getWindow
[2757|t+136523ms|ThreadId(2)] [RsiftPlatformBridge] apply error: ClassNotFoundException: net.minecraft.core.registries.BuiltInRegistries
[2758|t+136524ms|ThreadId(2)] [RsiftPlatformBridge] apply error: ClassNotFoundException: net.minecraft.core.registries.BuiltInRegistries
Exception in thread "Thread-1634" [09:28:54] [Thread-1634/INFO]: [STDERR]: java.lang.NoSuchMethodError: getWindow
Exception in thread "Thread-1635" [09:28:54] [Thread-1635/INFO]: [STDERR]: java.lang.NoSuchMethodError: getWindow
Exception in thread "Thread-1636" [09:28:54] [Thread-1636/INFO]: [STDERR]: java.lang.NoSuchMethodError: getWindow
Exception in thread "Thread-1637" [09:28:54] [Thread-1637/INFO]: [STDERR]: java.lang.NoSuchMethodError: getWindow
[2759|t+136827ms|ThreadId(2)] [RsiftPlatformBridge] apply error: ClassNotFoundException: net.minecraft.core.registries.BuiltInRegistries
[2760|t+136828ms|ThreadId(2)] [RsiftPlatformBridge] apply error: ClassNotFoundException: net.minecraft.core.registries.BuiltInRegistries
Exception in thread "Thread-1638" [09:28:54] [Thread-1638/INFO]: [STDERR]: java.lang.NoSuchMethodError: getWindow
Exception in thread "Thread-1639" [09:28:54] [Thread-1639/INFO]: [STDERR]: java.lang.NoSuchMethodError: getWindow
Exception in thread "Thread-1640" [09:28:54] [Thread-1640/INFO]: [STDERR]: java.lang.NoSuchMethodError: getWindow
Exception in thread "Thread-1641" [09:28:54] [Thread-1641/INFO]: [STDERR]: java.lang.NoSuchMethodError: getWindow
[2761|t+137132ms|ThreadId(2)] [RsiftPlatformBridge] apply error: ClassNotFoundException: net.minecraft.core.registries.BuiltInRegistries
[2762|t+137133ms|ThreadId(2)] [RsiftPlatformBridge] apply error: ClassNotFoundException: net.minecraft.core.registries.BuiltInRegistries
Exception in thread "Thread-1642" [09:28:55] [Thread-1642/INFO]: [STDERR]: java.lang.NoSuchMethodError: getWindow
Exception in thread "Thread-1643" [09:28:55] [Thread-1643/INFO]: [STDERR]: java.lang.NoSuchMethodError: getWindow
Exception in thread "Thread-1644" [09:28:55] [Thread-1644/INFO]: [STDERR]: java.lang.NoSuchMethodError: getWindow
Exception in thread "Thread-1645" [09:28:55] [Thread-1645/INFO]: [STDERR]: java.lang.NoSuchMethodError: getWindow
[2763|t+137435ms|ThreadId(2)] [RsiftPlatformBridge] apply error: ClassNotFoundException: net.minecraft.core.registries.BuiltInRegistries
[2764|t+137436ms|ThreadId(2)] [RsiftPlatformBridge] apply error: ClassNotFoundException: net.minecraft.core.registries.BuiltInRegistries
Exception in thread "Thread-1646" [09:28:55] [Thread-1646/INFO]: [STDERR]: java.lang.NoSuchMethodError: getWindow
Exception in thread "Thread-1647" [09:28:55] [Thread-1647/INFO]: [STDERR]: java.lang.NoSuchMethodError: getWindow
Exception in thread "Thread-1648" [09:28:55] [Thread-1648/INFO]: [STDERR]: java.lang.NoSuchMethodError: getWindow
Exception in thread "Thread-1649" [09:28:55] [Thread-1649/INFO]: [STDERR]: java.lang.NoSuchMethodError: getWindow
[2765|t+137739ms|ThreadId(2)] [RsiftPlatformBridge] apply error: ClassNotFoundException: net.minecraft.core.registries.BuiltInRegistries
[2766|t+137740ms|ThreadId(2)] [RsiftPlatformBridge] apply error: ClassNotFoundException: net.minecraft.core.registries.BuiltInRegistries
Exception in thread "Thread-1650" [09:28:55] [Thread-1650/INFO]: [STDERR]: java.lang.NoSuchMethodError: getWindow
Exception in thread "Thread-1651" [09:28:55] [Thread-1651/INFO]: [STDERR]: java.lang.NoSuchMethodError: getWindow
Exception in thread "Thread-1652" [09:28:55] [Thread-1652/INFO]: [STDERR]: java.lang.NoSuchMethodError: getWindow
Exception in thread "Thread-1653" [09:28:55] [Thread-1653/INFO]: [STDERR]: java.lang.NoSuchMethodError: getWindow
[2767|t+138042ms|ThreadId(2)] [RsiftPlatformBridge] apply error: ClassNotFoundException: net.minecraft.core.registries.BuiltInRegistries
[2768|t+138043ms|ThreadId(2)] [RsiftPlatformBridge] apply error: ClassNotFoundException: net.minecraft.core.registries.BuiltInRegistries
Exception in thread "Thread-1654" [09:28:56] [Thread-1654/INFO]: [STDERR]: java.lang.NoSuchMethodError: getWindow
Exception in thread "Thread-1655" [09:28:56] [Thread-1655/INFO]: [STDERR]: java.lang.NoSuchMethodError: getWindow
Exception in thread "Thread-1656" [09:28:56] [Thread-1656/INFO]: [STDERR]: java.lang.NoSuchMethodError: getWindow
Exception in thread "Thread-1657" [09:28:56] [Thread-1657/INFO]: [STDERR]: java.lang.NoSuchMethodError: getWindow
[2769|t+138347ms|ThreadId(2)] [RsiftPlatformBridge] apply error: ClassNotFoundException: net.minecraft.core.registries.BuiltInRegistries
[2770|t+138348ms|ThreadId(2)] [RsiftPlatformBridge] apply error: ClassNotFoundException: net.minecraft.core.registries.BuiltInRegistries
Exception in thread "Thread-1658" [09:28:56] [Thread-1658/INFO]: [STDERR]: java.lang.NoSuchMethodError: getWindow
Exception in thread "Thread-1659" [09:28:56] [Thread-1659/INFO]: [STDERR]: java.lang.NoSuchMethodError: getWindow
Exception in thread "Thread-1660" [09:28:56] [Thread-1660/INFO]: [STDERR]: java.lang.NoSuchMethodError: getWindow
Exception in thread "Thread-1661" [09:28:56] [Thread-1661/INFO]: [STDERR]: java.lang.NoSuchMethodError: getWindow
[2771|t+138651ms|ThreadId(2)] [RsiftPlatformBridge] apply error: ClassNotFoundException: net.minecraft.core.registries.BuiltInRegistries
[2772|t+138652ms|ThreadId(2)] [RsiftPlatformBridge] apply error: ClassNotFoundException: net.minecraft.core.registries.BuiltInRegistries
Exception in thread "Thread-1662" [09:28:56] [Thread-1662/INFO]: [STDERR]: java.lang.NoSuchMethodError: getWindow
Exception in thread "Thread-1663" [09:28:56] [Thread-1663/INFO]: [STDERR]: java.lang.NoSuchMethodError: getWindow
Exception in thread "Thread-1664" [09:28:56] [Thread-1664/INFO]: [STDERR]: java.lang.NoSuchMethodError: getWindow
Exception in thread "Thread-1665" [09:28:56] [Thread-1665/INFO]: [STDERR]: java.lang.NoSuchMethodError: getWindow
[2773|t+138954ms|ThreadId(2)] [RsiftPlatformBridge] apply error: ClassNotFoundException: net.minecraft.core.registries.BuiltInRegistries
[2774|t+138955ms|ThreadId(2)] [RsiftPlatformBridge] apply error: ClassNotFoundException: net.minecraft.core.registries.BuiltInRegistries
Exception in thread "Thread-1666" [09:28:56] [Thread-1666/INFO]: [STDERR]: java.lang.NoSuchMethodError: getWindow
Exception in thread "Thread-1667" [09:28:56] [Thread-1667/INFO]: [STDERR]: java.lang.NoSuchMethodError: getWindow
Exception in thread "Thread-1668" [09:28:56] [Thread-1668/INFO]: [STDERR]: java.lang.NoSuchMethodError: getWindow
Exception in thread "Thread-1669" [09:28:57] [Thread-1669/INFO]: [STDERR]: java.lang.NoSuchMethodError: getWindow
[2775|t+139258ms|ThreadId(2)] [RsiftPlatformBridge] apply error: ClassNotFoundException: net.minecraft.core.registries.BuiltInRegistries
[2776|t+139259ms|ThreadId(2)] [RsiftPlatformBridge] apply error: ClassNotFoundException: net.minecraft.core.registries.BuiltInRegistries
Exception in thread "Thread-1670" [09:28:57] [Thread-1670/INFO]: [STDERR]: java.lang.NoSuchMethodError: getWindow
Exception in thread "Thread-1671" [09:28:57] [Thread-1671/INFO]: [STDERR]: java.lang.NoSuchMethodError: getWindow
Exception in thread "Thread-1672" [09:28:57] [Thread-1672/INFO]: [STDERR]: java.lang.NoSuchMethodError: getWindow
Exception in thread "Thread-1673" [09:28:57] [Thread-1673/INFO]: [STDERR]: java.lang.NoSuchMethodError: getWindow
[2777|t+139397ms|ThreadId(1)] [hook] render_flip fired (count=7200)
[2778|t+139562ms|ThreadId(2)] [RsiftPlatformBridge] apply error: ClassNotFoundException: net.minecraft.core.registries.BuiltInRegistries
[2779|t+139563ms|ThreadId(2)] [RsiftPlatformBridge] apply error: ClassNotFoundException: net.minecraft.core.registries.BuiltInRegistries
Exception in thread "Thread-1674" [09:28:57] [Thread-1674/INFO]: [STDERR]: java.lang.NoSuchMethodError: getWindow
Exception in thread "Thread-1675" [09:28:57] [Thread-1675/INFO]: [STDERR]: java.lang.NoSuchMethodError: getWindow
Exception in thread "Thread-1676" [09:28:57] [Thread-1676/INFO]: [STDERR]: java.lang.NoSuchMethodError: getWindow
Exception in thread "Thread-1677" [09:28:57] [Thread-1677/INFO]: [STDERR]: java.lang.NoSuchMethodError: getWindow
[2780|t+139866ms|ThreadId(2)] [RsiftPlatformBridge] apply error: ClassNotFoundException: net.minecraft.core.registries.BuiltInRegistries
[2781|t+139867ms|ThreadId(2)] [RsiftPlatformBridge] apply error: ClassNotFoundException: net.minecraft.core.registries.BuiltInRegistries
Exception in thread "Thread-1678" [09:28:57] [Thread-1678/INFO]: [STDERR]: java.lang.NoSuchMethodError: getWindow
Exception in thread "Thread-1679" [09:28:57] [Thread-1679/INFO]: [STDERR]: java.lang.NoSuchMethodError: getWindow
Exception in thread "Thread-1680" [09:28:57] [Thread-1680/INFO]: [STDERR]: java.lang.NoSuchMethodError: getWindow
Exception in thread "Thread-1681" [09:28:57] [Thread-1681/INFO]: [STDERR]: java.lang.NoSuchMethodError: getWindow
[2782|t+140172ms|ThreadId(2)] [RsiftPlatformBridge] apply error: ClassNotFoundException: net.minecraft.core.registries.BuiltInRegistries
[2783|t+140173ms|ThreadId(2)] [RsiftPlatformBridge] apply error: ClassNotFoundException: net.minecraft.core.registries.BuiltInRegistries
Exception in thread "Thread-1682" [09:28:58] [Thread-1682/INFO]: [STDERR]: java.lang.NoSuchMethodError: getWindow
Exception in thread "Thread-1683" [09:28:58] [Thread-1683/INFO]: [STDERR]: java.lang.NoSuchMethodError: getWindow
Exception in thread "Thread-1684" [09:28:58] [Thread-1684/INFO]: [STDERR]: java.lang.NoSuchMethodError: getWindow
Exception in thread "Thread-1685" [09:28:58] [Thread-1685/INFO]: [STDERR]: java.lang.NoSuchMethodError: getWindow
[2784|t+140477ms|ThreadId(2)] [RsiftPlatformBridge] apply error: ClassNotFoundException: net.minecraft.core.registries.BuiltInRegistries
[2785|t+140478ms|ThreadId(2)] [RsiftPlatformBridge] apply error: ClassNotFoundException: net.minecraft.core.registries.BuiltInRegistries
Exception in thread "Thread-1686" [09:28:58] [Thread-1686/INFO]: [STDERR]: java.lang.NoSuchMethodError: getWindow
Exception in thread "Thread-1687" [09:28:58] [Thread-1687/INFO]: [STDERR]: java.lang.NoSuchMethodError: getWindow
Exception in thread "Thread-1688" [09:28:58] [Thread-1688/INFO]: [STDERR]: java.lang.NoSuchMethodError: getWindow
Exception in thread "Thread-1689" [09:28:58] [Thread-1689/INFO]: [STDERR]: java.lang.NoSuchMethodError: getWindow
[2786|t+140782ms|ThreadId(2)] [RsiftPlatformBridge] apply error: ClassNotFoundException: net.minecraft.core.registries.BuiltInRegistries
[2787|t+140783ms|ThreadId(2)] [RsiftPlatformBridge] apply error: ClassNotFoundException: net.minecraft.core.registries.BuiltInRegistries
Exception in thread "Thread-1690" [09:28:58] [Thread-1690/INFO]: [STDERR]: java.lang.NoSuchMethodError: getWindow
Exception in thread "Thread-1691" [09:28:58] [Thread-1691/INFO]: [STDERR]: java.lang.NoSuchMethodError: getWindow
Exception in thread "Thread-1692" [09:28:58] [Thread-1692/INFO]: [STDERR]: java.lang.NoSuchMethodError: getWindow
Exception in thread "Thread-1693" [09:28:58] [Thread-1693/INFO]: [STDERR]: java.lang.NoSuchMethodError: getWindow
[2788|t+141086ms|ThreadId(2)] [RsiftPlatformBridge] apply error: ClassNotFoundException: net.minecraft.core.registries.BuiltInRegistries
[2789|t+141086ms|ThreadId(2)] [RsiftPlatformBridge] apply error: ClassNotFoundException: net.minecraft.core.registries.BuiltInRegistries
Exception in thread "Thread-1694" [09:28:59] [Thread-1694/INFO]: [STDERR]: java.lang.NoSuchMethodError: getWindow
Exception in thread "Thread-1695" [09:28:59] [Thread-1695/INFO]: [STDERR]: java.lang.NoSuchMethodError: getWindow
Exception in thread "Thread-1696" [09:28:59] [Thread-1696/INFO]: [STDERR]: java.lang.NoSuchMethodError: getWindow
Exception in thread "Thread-1697" [09:28:59] [Thread-1697/INFO]: [STDERR]: java.lang.NoSuchMethodError: getWindow
[2790|t+141390ms|ThreadId(2)] [RsiftPlatformBridge] apply error: ClassNotFoundException: net.minecraft.core.registries.BuiltInRegistries
[2791|t+141391ms|ThreadId(2)] [RsiftPlatformBridge] apply error: ClassNotFoundException: net.minecraft.core.registries.BuiltInRegistries
Exception in thread "Thread-1698" [09:28:59] [Thread-1698/INFO]: [STDERR]: java.lang.NoSuchMethodError: getWindow
Exception in thread "Thread-1699" [09:28:59] [Thread-1699/INFO]: [STDERR]: java.lang.NoSuchMethodError: getWindow
Exception in thread "Thread-1700" [09:28:59] [Thread-1700/INFO]: [STDERR]: java.lang.NoSuchMethodError: getWindow
Exception in thread "Thread-1701" [09:28:59] [Thread-1701/INFO]: [STDERR]: java.lang.NoSuchMethodError: getWindow
[2792|t+141694ms|ThreadId(2)] [RsiftPlatformBridge] apply error: ClassNotFoundException: net.minecraft.core.registries.BuiltInRegistries
[2793|t+141694ms|ThreadId(2)] [RsiftPlatformBridge] apply error: ClassNotFoundException: net.minecraft.core.registries.BuiltInRegistries
[2794|t+141695ms|ThreadId(2)] [step] tick_loop — alive tick=1680
Exception in thread "Thread-1702" [09:28:59] [Thread-1702/INFO]: [STDERR]: java.lang.NoSuchMethodError: getWindow
Exception in thread "Thread-1703" [09:28:59] [Thread-1703/INFO]: [STDERR]: java.lang.NoSuchMethodError: getWindow
Exception in thread "Thread-1704" [09:28:59] [Thread-1704/INFO]: [STDERR]: java.lang.NoSuchMethodError: getWindow
Exception in thread "Thread-1705" [09:28:59] [Thread-1705/INFO]: [STDERR]: java.lang.NoSuchMethodError: getWindow
[2795|t+141998ms|ThreadId(2)] [RsiftPlatformBridge] apply error: ClassNotFoundException: net.minecraft.core.registries.BuiltInRegistries
[2796|t+141999ms|ThreadId(2)] [RsiftPlatformBridge] apply error: ClassNotFoundException: net.minecraft.core.registries.BuiltInRegistries
Exception in thread "Thread-1706" [09:29:00] [Thread-1706/INFO]: [STDERR]: java.lang.NoSuchMethodError: getWindow
Exception in thread "Thread-1707" [09:29:00] [Thread-1707/INFO]: [STDERR]: java.lang.NoSuchMethodError: getWindow
Exception in thread "Thread-1708" [09:29:00] [Thread-1708/INFO]: [STDERR]: java.lang.NoSuchMethodError: getWindow
Exception in thread "Thread-1709" [09:29:00] [Thread-1709/INFO]: [STDERR]: java.lang.NoSuchMethodError: getWindow
[2797|t+142304ms|ThreadId(2)] [RsiftPlatformBridge] apply error: ClassNotFoundException: net.minecraft.core.registries.BuiltInRegistries
[2798|t+142305ms|ThreadId(2)] [RsiftPlatformBridge] apply error: ClassNotFoundException: net.minecraft.core.registries.BuiltInRegistries
Exception in thread "Thread-1710" [09:29:00] [Thread-1710/INFO]: [STDERR]: java.lang.NoSuchMethodError: getWindow
Exception in thread "Thread-1711" [09:29:00] [Thread-1711/INFO]: [STDERR]: java.lang.NoSuchMethodError: getWindow
Exception in thread "Thread-1712" [09:29:00] [Thread-1712/INFO]: [STDERR]: java.lang.NoSuchMethodError: getWindow
Exception in thread "Thread-1713" [09:29:00] [Thread-1713/INFO]: [STDERR]: java.lang.NoSuchMethodError: getWindow
[2799|t+142609ms|ThreadId(2)] [RsiftPlatformBridge] apply error: ClassNotFoundException: net.minecraft.core.registries.BuiltInRegistries
[2800|t+142610ms|ThreadId(2)] [RsiftPlatformBridge] apply error: ClassNotFoundException: net.minecraft.core.registries.BuiltInRegistries
Exception in thread "Thread-1714" [09:29:00] [Thread-1714/INFO]: [STDERR]: java.lang.NoSuchMethodError: getWindow
Exception in thread "Thread-1715" [09:29:00] [Thread-1715/INFO]: [STDERR]: java.lang.NoSuchMethodError: getWindow
Exception in thread "Thread-1716" [09:29:00] [Thread-1716/INFO]: [STDERR]: java.lang.NoSuchMethodError: getWindow
Exception in thread "Thread-1717" [09:29:00] [Thread-1717/INFO]: [STDERR]: java.lang.NoSuchMethodError: getWindow
[2801|t+142915ms|ThreadId(2)] [RsiftPlatformBridge] apply error: ClassNotFoundException: net.minecraft.core.registries.BuiltInRegistries
[2802|t+142915ms|ThreadId(2)] [RsiftPlatformBridge] apply error: ClassNotFoundException: net.minecraft.core.registries.BuiltInRegistries
Exception in thread "Thread-1718" [09:29:00] [Thread-1718/INFO]: [STDERR]: java.lang.NoSuchMethodError: getWindow
Exception in thread "Thread-1719" [09:29:00] [Thread-1719/INFO]: [STDERR]: java.lang.NoSuchMethodError: getWindow
Exception in thread "Thread-1720" [09:29:00] [Thread-1720/INFO]: [STDERR]: java.lang.NoSuchMethodError: getWindow
Exception in thread "Thread-1721" [09:29:00] [Thread-1721/INFO]: [STDERR]: java.lang.NoSuchMethodError: getWindow
[2803|t+143228ms|ThreadId(2)] [RsiftPlatformBridge] apply error: ClassNotFoundException: net.minecraft.core.registries.BuiltInRegistries
[2804|t+143229ms|ThreadId(2)] [RsiftPlatformBridge] apply error: ClassNotFoundException: net.minecraft.core.registries.BuiltInRegistries
Exception in thread "Thread-1722" [09:29:01] [Thread-1722/INFO]: [STDERR]: java.lang.NoSuchMethodError: getWindow
Exception in thread "Thread-1723" [09:29:01] [Thread-1723/INFO]: [STDERR]: java.lang.NoSuchMethodError: getWindow
Exception in thread "Thread-1724" [09:29:01] [Thread-1724/INFO]: [STDERR]: java.lang.NoSuchMethodError: getWindow
Exception in thread "Thread-1725" [09:29:01] [Thread-1725/INFO]: [STDERR]: java.lang.NoSuchMethodError: getWindow
[2805|t+143534ms|ThreadId(2)] [RsiftPlatformBridge] apply error: ClassNotFoundException: net.minecraft.core.registries.BuiltInRegistries
[2806|t+143534ms|ThreadId(2)] [RsiftPlatformBridge] apply error: ClassNotFoundException: net.minecraft.core.registries.BuiltInRegistries
Exception in thread "Thread-1726" [09:29:01] [Thread-1726/INFO]: [STDERR]: java.lang.NoSuchMethodError: getWindow
Exception in thread "Thread-1727" [09:29:01] [Thread-1727/INFO]: [STDERR]: java.lang.NoSuchMethodError: getWindow
Exception in thread "Thread-1728" [09:29:01] [Thread-1728/INFO]: [STDERR]: java.lang.NoSuchMethodError: getWindow
Exception in thread "Thread-1729" [09:29:01] [Thread-1729/INFO]: [STDERR]: java.lang.NoSuchMethodError: getWindow
[2807|t+143837ms|ThreadId(2)] [RsiftPlatformBridge] apply error: ClassNotFoundException: net.minecraft.core.registries.BuiltInRegistries
[2808|t+143838ms|ThreadId(2)] [RsiftPlatformBridge] apply error: ClassNotFoundException: net.minecraft.core.registries.BuiltInRegistries
Exception in thread "Thread-1730" [09:29:01] [Thread-1730/INFO]: [STDERR]: java.lang.NoSuchMethodError: getWindow
Exception in thread "Thread-1731" [09:29:01] [Thread-1731/INFO]: [STDERR]: java.lang.NoSuchMethodError: getWindow
Exception in thread "Thread-1732" [09:29:01] [Thread-1732/INFO]: [STDERR]: java.lang.NoSuchMethodError: getWindow
Exception in thread "Thread-1733" [09:29:01] [Thread-1733/INFO]: [STDERR]: java.lang.NoSuchMethodError: getWindow
[2809|t+144142ms|ThreadId(2)] [RsiftPlatformBridge] apply error: ClassNotFoundException: net.minecraft.core.registries.BuiltInRegistries
[2810|t+144143ms|ThreadId(2)] [RsiftPlatformBridge] apply error: ClassNotFoundException: net.minecraft.core.registries.BuiltInRegistries
Exception in thread "Thread-1734" [09:29:02] [Thread-1734/INFO]: [STDERR]: java.lang.NoSuchMethodError: getWindow
Exception in thread "Thread-1735" [09:29:02] [Thread-1735/INFO]: [STDERR]: java.lang.NoSuchMethodError: getWindow
Exception in thread "Thread-1736" [09:29:02] [Thread-1736/INFO]: [STDERR]: java.lang.NoSuchMethodError: getWindow
Exception in thread "Thread-1737" [09:29:02] [Thread-1737/INFO]: [STDERR]: java.lang.NoSuchMethodError: getWindow
[2811|t+144447ms|ThreadId(2)] [RsiftPlatformBridge] apply error: ClassNotFoundException: net.minecraft.core.registries.BuiltInRegistries
[2812|t+144448ms|ThreadId(2)] [RsiftPlatformBridge] apply error: ClassNotFoundException: net.minecraft.core.registries.BuiltInRegistries
Exception in thread "Thread-1738" [09:29:02] [Thread-1738/INFO]: [STDERR]: java.lang.NoSuchMethodError: getWindow
Exception in thread "Thread-1739" [09:29:02] [Thread-1739/INFO]: [STDERR]: java.lang.NoSuchMethodError: getWindow
Exception in thread "Thread-1740" [09:29:02] [Thread-1740/INFO]: [STDERR]: java.lang.NoSuchMethodError: getWindow
Exception in thread "Thread-1741" [09:29:02] [Thread-1741/INFO]: [STDERR]: java.lang.NoSuchMethodError: getWindow
[2813|t+144751ms|ThreadId(2)] [RsiftPlatformBridge] apply error: ClassNotFoundException: net.minecraft.core.registries.BuiltInRegistries
[2814|t+144752ms|ThreadId(2)] [RsiftPlatformBridge] apply error: ClassNotFoundException: net.minecraft.core.registries.BuiltInRegistries
Exception in thread "Thread-1742" [09:29:02] [Thread-1742/INFO]: [STDERR]: java.lang.NoSuchMethodError: getWindow
Exception in thread "Thread-1743" [09:29:02] [Thread-1743/INFO]: [STDERR]: java.lang.NoSuchMethodError: getWindow
Exception in thread "Thread-1744" [09:29:02] [Thread-1744/INFO]: [STDERR]: java.lang.NoSuchMethodError: getWindow
Exception in thread "Thread-1745" [09:29:02] [Thread-1745/INFO]: [STDERR]: java.lang.NoSuchMethodError: getWindow
[2815|t+145055ms|ThreadId(2)] [RsiftPlatformBridge] apply error: ClassNotFoundException: net.minecraft.core.registries.BuiltInRegistries
[2816|t+145056ms|ThreadId(2)] [RsiftPlatformBridge] apply error: ClassNotFoundException: net.minecraft.core.registries.BuiltInRegistries
Exception in thread "Thread-1746" [09:29:03] [Thread-1746/INFO]: [STDERR]: java.lang.NoSuchMethodError: getWindow
Exception in thread "Thread-1747" [09:29:03] [Thread-1747/INFO]: [STDERR]: java.lang.NoSuchMethodError: getWindow
Exception in thread "Thread-1748" [09:29:03] [Thread-1748/INFO]: [STDERR]: java.lang.NoSuchMethodError: getWindow
Exception in thread "Thread-1749" [09:29:03] [Thread-1749/INFO]: [STDERR]: java.lang.NoSuchMethodError: getWindow
[2817|t+145359ms|ThreadId(2)] [RsiftPlatformBridge] apply error: ClassNotFoundException: net.minecraft.core.registries.BuiltInRegistries
[2818|t+145360ms|ThreadId(2)] [RsiftPlatformBridge] apply error: ClassNotFoundException: net.minecraft.core.registries.BuiltInRegistries
Exception in thread "Thread-1750" [09:29:03] [Thread-1750/INFO]: [STDERR]: java.lang.NoSuchMethodError: getWindow
Exception in thread "Thread-1751" [09:29:03] [Thread-1751/INFO]: [STDERR]: java.lang.NoSuchMethodError: getWindow
Exception in thread "Thread-1752" [09:29:03] [Thread-1752/INFO]: [STDERR]: java.lang.NoSuchMethodError: getWindow
Exception in thread "Thread-1753" [09:29:03] [Thread-1753/INFO]: [STDERR]: java.lang.NoSuchMethodError: getWindow
[2819|t+145663ms|ThreadId(2)] [RsiftPlatformBridge] apply error: ClassNotFoundException: net.minecraft.core.registries.BuiltInRegistries
[2820|t+145664ms|ThreadId(2)] [RsiftPlatformBridge] apply error: ClassNotFoundException: net.minecraft.core.registries.BuiltInRegistries
Exception in thread "Thread-1754" [09:29:03] [Thread-1754/INFO]: [STDERR]: java.lang.NoSuchMethodError: getWindow
[2821|t+145675ms|ThreadId(1)] [hook] render_flip fired (count=7800)
Exception in thread "Thread-1755" [09:29:03] [Thread-1755/INFO]: [STDERR]: java.lang.NoSuchMethodError: getWindow
Exception in thread "Thread-1756" [09:29:03] [Thread-1756/INFO]: [STDERR]: java.lang.NoSuchMethodError: getWindow
Exception in thread "Thread-1757" [09:29:03] [Thread-1757/INFO]: [STDERR]: java.lang.NoSuchMethodError: getWindow
[2822|t+145968ms|ThreadId(2)] [RsiftPlatformBridge] apply error: ClassNotFoundException: net.minecraft.core.registries.BuiltInRegistries
[2823|t+145969ms|ThreadId(2)] [RsiftPlatformBridge] apply error: ClassNotFoundException: net.minecraft.core.registries.BuiltInRegistries
Exception in thread "Thread-1758" [09:29:03] [Thread-1758/INFO]: [STDERR]: java.lang.NoSuchMethodError: getWindow
Exception in thread "Thread-1759" [09:29:03] [Thread-1759/INFO]: [STDERR]: java.lang.NoSuchMethodError: getWindow
Exception in thread "Thread-1760" [09:29:04] [Thread-1760/INFO]: [STDERR]: java.lang.NoSuchMethodError: getWindow
Exception in thread "Thread-1761" [09:29:04] [Thread-1761/INFO]: [STDERR]: java.lang.NoSuchMethodError: getWindow
[2824|t+146274ms|ThreadId(2)] [RsiftPlatformBridge] apply error: ClassNotFoundException: net.minecraft.core.registries.BuiltInRegistries
[2825|t+146275ms|ThreadId(2)] [RsiftPlatformBridge] apply error: ClassNotFoundException: net.minecraft.core.registries.BuiltInRegistries
Exception in thread "Thread-1762" [09:29:04] [Thread-1762/INFO]: [STDERR]: java.lang.NoSuchMethodError: getWindow
Exception in thread "Thread-1763" [09:29:04] [Thread-1763/INFO]: [STDERR]: java.lang.NoSuchMethodError: getWindow
Exception in thread "Thread-1764" [09:29:04] [Thread-1764/INFO]: [STDERR]: java.lang.NoSuchMethodError: getWindow
Exception in thread "Thread-1765" [09:29:04] [Thread-1765/INFO]: [STDERR]: java.lang.NoSuchMethodError: getWindow
[2826|t+146579ms|ThreadId(2)] [RsiftPlatformBridge] apply error: ClassNotFoundException: net.minecraft.core.registries.BuiltInRegistries
[2827|t+146580ms|ThreadId(2)] [RsiftPlatformBridge] apply error: ClassNotFoundException: net.minecraft.core.registries.BuiltInRegistries
Exception in thread "Thread-1766" [09:29:04] [Thread-1766/INFO]: [STDERR]: java.lang.NoSuchMethodError: getWindow
Exception in thread "Thread-1767" [09:29:04] [Thread-1767/INFO]: [STDERR]: java.lang.NoSuchMethodError: getWindow
Exception in thread "Thread-1768" [09:29:04] [Thread-1768/INFO]: [STDERR]: java.lang.NoSuchMethodError: getWindow
Exception in thread "Thread-1769" [09:29:04] [Thread-1769/INFO]: [STDERR]: java.lang.NoSuchMethodError: getWindow
[2828|t+146884ms|ThreadId(2)] [RsiftPlatformBridge] apply error: ClassNotFoundException: net.minecraft.core.registries.BuiltInRegistries
[2829|t+146885ms|ThreadId(2)] [RsiftPlatformBridge] apply error: ClassNotFoundException: net.minecraft.core.registries.BuiltInRegistries
Exception in thread "Thread-1770" [09:29:04] [Thread-1770/INFO]: [STDERR]: java.lang.NoSuchMethodError: getWindow
Exception in thread "Thread-1771" [09:29:04] [Thread-1771/INFO]: [STDERR]: java.lang.NoSuchMethodError: getWindow
Exception in thread "Thread-1772" [09:29:04] [Thread-1772/INFO]: [STDERR]: java.lang.NoSuchMethodError: getWindow
Exception in thread "Thread-1773" [09:29:04] [Thread-1773/INFO]: [STDERR]: java.lang.NoSuchMethodError: getWindow
[2830|t+147209ms|ThreadId(2)] [RsiftPlatformBridge] apply error: ClassNotFoundException: net.minecraft.core.registries.BuiltInRegistries
[2831|t+147210ms|ThreadId(2)] [RsiftPlatformBridge] apply error: ClassNotFoundException: net.minecraft.core.registries.BuiltInRegistries
Exception in thread "Thread-1774" [09:29:05] [Thread-1774/INFO]: [STDERR]: java.lang.NoSuchMethodError: getWindow
Exception in thread "Thread-1775" [09:29:05] [Thread-1775/INFO]: [STDERR]: java.lang.NoSuchMethodError: getWindow
Exception in thread "Thread-1776" [09:29:05] [Thread-1776/INFO]: [STDERR]: java.lang.NoSuchMethodError: getWindow
Exception in thread "Thread-1777" [09:29:05] [Thread-1777/INFO]: [STDERR]: java.lang.NoSuchMethodError: getWindow
[2832|t+147513ms|ThreadId(2)] [RsiftPlatformBridge] apply error: ClassNotFoundException: net.minecraft.core.registries.BuiltInRegistries
[2833|t+147514ms|ThreadId(2)] [RsiftPlatformBridge] apply error: ClassNotFoundException: net.minecraft.core.registries.BuiltInRegistries
Exception in thread "Thread-1778" [09:29:05] [Thread-1778/INFO]: [STDERR]: java.lang.NoSuchMethodError: getWindow
Exception in thread "Thread-1779" [09:29:05] [Thread-1779/INFO]: [STDERR]: java.lang.NoSuchMethodError: getWindow
Exception in thread "Thread-1780" [09:29:05] [Thread-1780/INFO]: [STDERR]: java.lang.NoSuchMethodError: getWindow
Exception in thread "Thread-1781" [09:29:05] [Thread-1781/INFO]: [STDERR]: java.lang.NoSuchMethodError: getWindow
[2834|t+147823ms|ThreadId(2)] [RsiftPlatformBridge] apply error: ClassNotFoundException: net.minecraft.core.registries.BuiltInRegistries
[2835|t+147824ms|ThreadId(2)] [RsiftPlatformBridge] apply error: ClassNotFoundException: net.minecraft.core.registries.BuiltInRegistries
Exception in thread "Thread-1782" [09:29:05] [Thread-1782/INFO]: [STDERR]: java.lang.NoSuchMethodError: getWindow
Exception in thread "Thread-1783" [09:29:05] [Thread-1783/INFO]: [STDERR]: java.lang.NoSuchMethodError: getWindow
Exception in thread "Thread-1784" [09:29:05] [Thread-1784/INFO]: [STDERR]: java.lang.NoSuchMethodError: getWindow
Exception in thread "Thread-1785" [09:29:05] [Thread-1785/INFO]: [STDERR]: java.lang.NoSuchMethodError: getWindow
[2836|t+148131ms|ThreadId(2)] [RsiftPlatformBridge] apply error: ClassNotFoundException: net.minecraft.core.registries.BuiltInRegistries
[2837|t+148132ms|ThreadId(2)] [RsiftPlatformBridge] apply error: ClassNotFoundException: net.minecraft.core.registries.BuiltInRegistries
Exception in thread "Thread-1786" [09:29:06] [Thread-1786/INFO]: [STDERR]: java.lang.NoSuchMethodError: getWindow
Exception in thread "Thread-1787" [09:29:06] [Thread-1787/INFO]: [STDERR]: java.lang.NoSuchMethodError: getWindow
Exception in thread "Thread-1788" [09:29:06] [Thread-1788/INFO]: [STDERR]: java.lang.NoSuchMethodError: getWindow
Exception in thread "Thread-1789" [09:29:06] [Thread-1789/INFO]: [STDERR]: java.lang.NoSuchMethodError: getWindow
[2838|t+148435ms|ThreadId(2)] [RsiftPlatformBridge] apply error: ClassNotFoundException: net.minecraft.core.registries.BuiltInRegistries
[2839|t+148436ms|ThreadId(2)] [RsiftPlatformBridge] apply error: ClassNotFoundException: net.minecraft.core.registries.BuiltInRegistries
Exception in thread "Thread-1790" [09:29:06] [Thread-1790/INFO]: [STDERR]: java.lang.NoSuchMethodError: getWindow
Exception in thread "Thread-1791" [09:29:06] [Thread-1791/INFO]: [STDERR]: java.lang.NoSuchMethodError: getWindow
Exception in thread "Thread-1792" [09:29:06] [Thread-1792/INFO]: [STDERR]: java.lang.NoSuchMethodError: getWindow
Exception in thread "Thread-1793" [09:29:06] [Thread-1793/INFO]: [STDERR]: java.lang.NoSuchMethodError: getWindow
[2840|t+148740ms|ThreadId(2)] [RsiftPlatformBridge] apply error: ClassNotFoundException: net.minecraft.core.registries.BuiltInRegistries
[2841|t+148740ms|ThreadId(2)] [RsiftPlatformBridge] apply error: ClassNotFoundException: net.minecraft.core.registries.BuiltInRegistries
Exception in thread "Thread-1794" [09:29:06] [Thread-1794/INFO]: [STDERR]: java.lang.NoSuchMethodError: getWindow
Exception in thread "Thread-1795" [09:29:06] [Thread-1795/INFO]: [STDERR]: java.lang.NoSuchMethodError: getWindow
Exception in thread "Thread-1796" [09:29:06] [Thread-1796/INFO]: [STDERR]: java.lang.NoSuchMethodError: getWindow
Exception in thread "Thread-1797" [09:29:06] [Thread-1797/INFO]: [STDERR]: java.lang.NoSuchMethodError: getWindow
[2842|t+149060ms|ThreadId(2)] [RsiftPlatformBridge] apply error: ClassNotFoundException: net.minecraft.core.registries.BuiltInRegistries
[2843|t+149060ms|ThreadId(2)] [RsiftPlatformBridge] apply error: ClassNotFoundException: net.minecraft.core.registries.BuiltInRegistries
Exception in thread "Thread-1798" [09:29:07] [Thread-1798/INFO]: [STDERR]: java.lang.NoSuchMethodError: getWindow
Exception in thread "Thread-1799" [09:29:07] [Thread-1799/INFO]: [STDERR]: java.lang.NoSuchMethodError: getWindow
Exception in thread "Thread-1800" [09:29:07] [Thread-1800/INFO]: [STDERR]: java.lang.NoSuchMethodError: getWindow
Exception in thread "Thread-1801" [09:29:07] [Thread-1801/INFO]: [STDERR]: java.lang.NoSuchMethodError: getWindow
[2844|t+149373ms|ThreadId(2)] [RsiftPlatformBridge] apply error: ClassNotFoundException: net.minecraft.core.registries.BuiltInRegistries
[2845|t+149373ms|ThreadId(2)] [RsiftPlatformBridge] apply error: ClassNotFoundException: net.minecraft.core.registries.BuiltInRegistries
Exception in thread "Thread-1802" [09:29:07] [Thread-1802/INFO]: [STDERR]: java.lang.NoSuchMethodError: getWindow
Exception in thread "Thread-1803" [09:29:07] [Thread-1803/INFO]: [STDERR]: java.lang.NoSuchMethodError: getWindow
Exception in thread "Thread-1804" [09:29:07] [Thread-1804/INFO]: [STDERR]: java.lang.NoSuchMethodError: getWindow
Exception in thread "Thread-1805" [09:29:07] [Thread-1805/INFO]: [STDERR]: java.lang.NoSuchMethodError: getWindow
[2846|t+149718ms|ThreadId(2)] [RsiftPlatformBridge] apply error: ClassNotFoundException: net.minecraft.core.registries.BuiltInRegistries
[2847|t+149719ms|ThreadId(2)] [RsiftPlatformBridge] apply error: ClassNotFoundException: net.minecraft.core.registries.BuiltInRegistries
Exception in thread "Thread-1806" [09:29:07] [Thread-1806/INFO]: [STDERR]: java.lang.NoSuchMethodError: getWindow
Exception in thread "Thread-1807" [09:29:07] [Thread-1807/INFO]: [STDERR]: java.lang.NoSuchMethodError: getWindow
Exception in thread "Thread-1808" [09:29:07] [Thread-1808/INFO]: [STDERR]: java.lang.NoSuchMethodError: getWindow
Exception in thread "Thread-1809" [09:29:07] [Thread-1809/INFO]: [STDERR]: java.lang.NoSuchMethodError: getWindow
[2848|t+150078ms|ThreadId(2)] [RsiftPlatformBridge] apply error: ClassNotFoundException: net.minecraft.core.registries.BuiltInRegistries
[2849|t+150079ms|ThreadId(2)] [RsiftPlatformBridge] apply error: ClassNotFoundException: net.minecraft.core.registries.BuiltInRegistries
Exception in thread "Thread-1810" [09:29:08] [Thread-1810/INFO]: [STDERR]: java.lang.NoSuchMethodError: getWindow
Exception in thread "Thread-1811" [09:29:08] [Thread-1811/INFO]: [STDERR]: java.lang.NoSuchMethodError: getWindow
Exception in thread "Thread-1812" [09:29:08] [Thread-1812/INFO]: [STDERR]: java.lang.NoSuchMethodError: getWindow
Exception in thread "Thread-1813" [09:29:08] [Thread-1813/INFO]: [STDERR]: java.lang.NoSuchMethodError: getWindow
[2850|t+150383ms|ThreadId(2)] [RsiftPlatformBridge] apply error: ClassNotFoundException: net.minecraft.core.registries.BuiltInRegistries
[2851|t+150384ms|ThreadId(2)] [RsiftPlatformBridge] apply error: ClassNotFoundException: net.minecraft.core.registries.BuiltInRegistries
Exception in thread "Thread-1814" [09:29:08] [Thread-1814/INFO]: [STDERR]: java.lang.NoSuchMethodError: getWindow
Exception in thread "Thread-1815" [09:29:08] [Thread-1815/INFO]: [STDERR]: java.lang.NoSuchMethodError: getWindow
Exception in thread "Thread-1816" [09:29:08] [Thread-1816/INFO]: [STDERR]: java.lang.NoSuchMethodError: getWindow
Exception in thread "Thread-1817" [09:29:08] [Thread-1817/INFO]: [STDERR]: java.lang.NoSuchMethodError: getWindow
[2852|t+150688ms|ThreadId(2)] [RsiftPlatformBridge] apply error: ClassNotFoundException: net.minecraft.core.registries.BuiltInRegistries
[2853|t+150688ms|ThreadId(2)] [RsiftPlatformBridge] apply error: ClassNotFoundException: net.minecraft.core.registries.BuiltInRegistries
Exception in thread "Thread-1818" [09:29:08] [Thread-1818/INFO]: [STDERR]: java.lang.NoSuchMethodError: getWindow
Exception in thread "Thread-1819" [09:29:08] [Thread-1819/INFO]: [STDERR]: java.lang.NoSuchMethodError: getWindow
Exception in thread "Thread-1820" [09:29:08] [Thread-1820/INFO]: [STDERR]: java.lang.NoSuchMethodError: getWindow
[2854|t+150742ms|ThreadId(2)] [step] title_marker — window title set: Minecraft* 1.21.11 - Rsift (RsGraphics Render)
Exception in thread "Thread-1821" [09:29:08] [Thread-1821/INFO]: [STDERR]: java.lang.NoSuchMethodError: getWindow
[2855|t+150993ms|ThreadId(2)] [RsiftPlatformBridge] apply error: ClassNotFoundException: net.minecraft.core.registries.BuiltInRegistries
[2856|t+150994ms|ThreadId(2)] [RsiftPlatformBridge] apply error: ClassNotFoundException: net.minecraft.core.registries.BuiltInRegistries
[2857|t+150994ms|ThreadId(2)] [step] tick_loop — alive tick=1800
Exception in thread "Thread-1822" [09:29:09] [Thread-1822/INFO]: [STDERR]: java.lang.NoSuchMethodError: getWindow
Exception in thread "Thread-1823" [09:29:09] [Thread-1823/INFO]: [STDERR]: java.lang.NoSuchMethodError: getWindow
Exception in thread "Thread-1824" [09:29:09] [Thread-1824/INFO]: [STDERR]: java.lang.NoSuchMethodError: getWindow
Exception in thread "Thread-1825" [09:29:09] [Thread-1825/INFO]: [STDERR]: java.lang.NoSuchMethodError: getWindow
[09:29:09] [Server thread/INFO]: Saving and pausing game...
[09:29:09] [Server thread/INFO]: Saving chunks for level 'ServerLevel[New World]'/minecraft:overworld
[09:29:09] [Server thread/INFO]: Saving chunks for level 'ServerLevel[New World]'/minecraft:the_end
[09:29:09] [Server thread/INFO]: Saving chunks for level 'ServerLevel[New World]'/minecraft:the_nether
[2858|t+151298ms|ThreadId(2)] [RsiftPlatformBridge] apply error: ClassNotFoundException: net.minecraft.core.registries.BuiltInRegistries
[2859|t+151356ms|ThreadId(2)] [RsiftPlatformBridge] apply error: ClassNotFoundException: net.minecraft.core.registries.BuiltInRegistries
Exception in thread "Thread-1828" [09:29:09] [Thread-1828/INFO]: [STDERR]: java.lang.NoSuchMethodError: getWindow
Exception in thread "Thread-1831" [09:29:09] [Thread-1831/INFO]: [STDERR]: java.lang.NoSuchMethodError: getWindow
Exception in thread "Thread-1832" [09:29:09] [Thread-1832/INFO]: [STDERR]: java.lang.NoSuchMethodError: getWindow
Exception in thread "Thread-1833" [09:29:09] [Thread-1833/INFO]: [STDERR]: java.lang.NoSuchMethodError: getWindow
[2860|t+151739ms|ThreadId(2)] [RsiftPlatformBridge] apply error: ClassNotFoundException: net.minecraft.core.registries.BuiltInRegistries
[2861|t+151740ms|ThreadId(2)] [RsiftPlatformBridge] apply error: ClassNotFoundException: net.minecraft.core.registries.BuiltInRegistries
Exception in thread "Thread-1834" [09:29:09] [Thread-1834/INFO]: [STDERR]: java.lang.NoSuchMethodError: getWindow
Exception in thread "Thread-1835" [09:29:09] [Thread-1835/INFO]: [STDERR]: java.lang.NoSuchMethodError: getWindow
Exception in thread "Thread-1836" [09:29:09] [Thread-1836/INFO]: [STDERR]: java.lang.NoSuchMethodError: getWindow
Exception in thread "Thread-1837" [09:29:09] [Thread-1837/INFO]: [STDERR]: java.lang.NoSuchMethodError: getWindow
[2862|t+152043ms|ThreadId(2)] [RsiftPlatformBridge] apply error: ClassNotFoundException: net.minecraft.core.registries.BuiltInRegistries
[2863|t+152044ms|ThreadId(2)] [RsiftPlatformBridge] apply error: ClassNotFoundException: net.minecraft.core.registries.BuiltInRegistries
Exception in thread "Thread-1838" [09:29:10] [Thread-1838/INFO]: [STDERR]: java.lang.NoSuchMethodError: getWindow
Exception in thread "Thread-1839" [09:29:10] [Thread-1839/INFO]: [STDERR]: java.lang.NoSuchMethodError: getWindow
Exception in thread "Thread-1840" [09:29:10] [Thread-1840/INFO]: [STDERR]: java.lang.NoSuchMethodError: getWindow
Exception in thread "Thread-1841" [09:29:10] [Thread-1841/INFO]: [STDERR]: java.lang.NoSuchMethodError: getWindow
[09:29:10] [Server thread/INFO]: Ifuto_mitai lost connection: Disconnected
[09:29:10] [Server thread/INFO]: Ifuto_mitai left the game
[09:29:10] [Server thread/INFO]: Stopping singleplayer server as player logged out
[09:29:10] [Server thread/INFO]: Stopping server
[09:29:10] [Server thread/INFO]: Saving players
[09:29:10] [Server thread/INFO]: Saving worlds
[2864|t+152347ms|ThreadId(2)] [RsiftPlatformBridge] apply error: ClassNotFoundException: net.minecraft.core.registries.BuiltInRegistries
[2865|t+152366ms|ThreadId(2)] [RsiftPlatformBridge] apply error: ClassNotFoundException: net.minecraft.core.registries.BuiltInRegistries
Exception in thread "Thread-1842" [09:29:10] [Thread-1842/INFO]: [STDERR]: java.lang.NoSuchMethodError: getWindow
Exception in thread "Thread-1843" [09:29:10] [Server thread/INFO]: Saving chunks for level 'ServerLevel[New World]'/minecraft:overworld
[09:29:10] [Thread-1843/INFO]: [STDERR]: java.lang.NoSuchMethodError: getWindow
Exception in thread "Thread-1844" [09:29:10] [Thread-1844/INFO]: [STDERR]: java.lang.NoSuchMethodError: getWindow
Exception in thread "Thread-1845" [09:29:10] [Thread-1845/INFO]: [STDERR]: java.lang.NoSuchMethodError: getWindow
[2866|t+152703ms|ThreadId(2)] [RsiftPlatformBridge] apply error: ClassNotFoundException: net.minecraft.core.registries.BuiltInRegistries
[2867|t+152704ms|ThreadId(2)] [RsiftPlatformBridge] apply error: ClassNotFoundException: net.minecraft.core.registries.BuiltInRegistries
Exception in thread "Thread-1846" [09:29:10] [Thread-1846/INFO]: [STDERR]: java.lang.NoSuchMethodError: getWindow
Exception in thread "Thread-1847" [09:29:10] [Thread-1847/INFO]: [STDERR]: java.lang.NoSuchMethodError: getWindow
Exception in thread "Thread-1848" [09:29:10] [Thread-1848/INFO]: [STDERR]: java.lang.NoSuchMethodError: getWindow
Exception in thread "Thread-1849" [09:29:10] [Thread-1849/INFO]: [STDERR]: java.lang.NoSuchMethodError: getWindow
[2868|t+153007ms|ThreadId(2)] [RsiftPlatformBridge] apply error: ClassNotFoundException: net.minecraft.core.registries.BuiltInRegistries
[2869|t+153008ms|ThreadId(2)] [RsiftPlatformBridge] apply error: ClassNotFoundException: net.minecraft.core.registries.BuiltInRegistries
Exception in thread "Thread-1850" [09:29:11] [Thread-1850/INFO]: [STDERR]: java.lang.NoSuchMethodError: getWindow
Exception in thread "Thread-1851" [09:29:11] [Thread-1851/INFO]: [STDERR]: java.lang.NoSuchMethodError: getWindow
Exception in thread "Thread-1852" [09:29:11] [Thread-1852/INFO]: [STDERR]: java.lang.NoSuchMethodError: getWindow
Exception in thread "Thread-1853" [09:29:11] [Thread-1853/INFO]: [STDERR]: java.lang.NoSuchMethodError: getWindow
[2870|t+153335ms|ThreadId(2)] [RsiftPlatformBridge] apply error: ClassNotFoundException: net.minecraft.core.registries.BuiltInRegistries
[2871|t+153336ms|ThreadId(2)] [RsiftPlatformBridge] apply error: ClassNotFoundException: net.minecraft.core.registries.BuiltInRegistries
Exception in thread "Thread-1854" [09:29:11] [Thread-1854/INFO]: [STDERR]: java.lang.NoSuchMethodError: getWindow
Exception in thread "Thread-1855" [09:29:11] [Thread-1855/INFO]: [STDERR]: java.lang.NoSuchMethodError: getWindow
Exception in thread "Thread-1856" [09:29:11] [Thread-1856/INFO]: [STDERR]: java.lang.NoSuchMethodError: getWindow
Exception in thread "Thread-1857" [09:29:11] [Thread-1857/INFO]: [STDERR]: java.lang.NoSuchMethodError: getWindow
[2872|t+153586ms|ThreadId(1)] [hook] render_flip fired (count=8400)
[2873|t+153640ms|ThreadId(2)] [RsiftPlatformBridge] apply error: ClassNotFoundException: net.minecraft.core.registries.BuiltInRegistries
[2874|t+153641ms|ThreadId(2)] [RsiftPlatformBridge] apply error: ClassNotFoundException: net.minecraft.core.registries.BuiltInRegistries
Exception in thread "Thread-1858" [09:29:11] [Thread-1858/INFO]: [STDERR]: java.lang.NoSuchMethodError: getWindow
Exception in thread "Thread-1859" [09:29:11] [Thread-1859/INFO]: [STDERR]: java.lang.NoSuchMethodError: getWindow
Exception in thread "Thread-1860" [09:29:11] [Thread-1860/INFO]: [STDERR]: java.lang.NoSuchMethodError: getWindow
Exception in thread "Thread-1861" [09:29:11] [Thread-1861/INFO]: [STDERR]: java.lang.NoSuchMethodError: getWindow
[2875|t+153944ms|ThreadId(2)] [RsiftPlatformBridge] apply error: ClassNotFoundException: net.minecraft.core.registries.BuiltInRegistries
[2876|t+153945ms|ThreadId(2)] [RsiftPlatformBridge] apply error: ClassNotFoundException: net.minecraft.core.registries.BuiltInRegistries
Exception in thread "Thread-1862" [09:29:11] [Thread-1862/INFO]: [STDERR]: java.lang.NoSuchMethodError: getWindow
Exception in thread "Thread-1863" [09:29:11] [Thread-1863/INFO]: [STDERR]: java.lang.NoSuchMethodError: getWindow
Exception in thread "Thread-1864" [09:29:11] [Thread-1864/INFO]: [STDERR]: java.lang.NoSuchMethodError: getWindow
Exception in thread "Thread-1865" [09:29:12] [Thread-1865/INFO]: [STDERR]: java.lang.NoSuchMethodError: getWindow
[2877|t+154249ms|ThreadId(2)] [RsiftPlatformBridge] apply error: ClassNotFoundException: net.minecraft.core.registries.BuiltInRegistries
[2878|t+154250ms|ThreadId(2)] [RsiftPlatformBridge] apply error: ClassNotFoundException: net.minecraft.core.registries.BuiltInRegistries
Exception in thread "Thread-1866" [09:29:12] [Thread-1866/INFO]: [STDERR]: java.lang.NoSuchMethodError: getWindow
Exception in thread "Thread-1867" [09:29:12] [Thread-1867/INFO]: [STDERR]: java.lang.NoSuchMethodError: getWindow
Exception in thread "Thread-1868" [09:29:12] [Thread-1868/INFO]: [STDERR]: java.lang.NoSuchMethodError: getWindow
Exception in thread "Thread-1869" [09:29:12] [Thread-1869/INFO]: [STDERR]: java.lang.NoSuchMethodError: getWindow
[2879|t+154552ms|ThreadId(2)] [RsiftPlatformBridge] apply error: ClassNotFoundException: net.minecraft.core.registries.BuiltInRegistries
[2880|t+154553ms|ThreadId(2)] [RsiftPlatformBridge] apply error: ClassNotFoundException: net.minecraft.core.registries.BuiltInRegistries
Exception in thread "Thread-1870" [09:29:12] [Thread-1870/INFO]: [STDERR]: java.lang.NoSuchMethodError: getWindow
Exception in thread "Thread-1871" [09:29:12] [Thread-1871/INFO]: [STDERR]: java.lang.NoSuchMethodError: getWindow
Exception in thread "Thread-1872" [09:29:12] [Thread-1872/INFO]: [STDERR]: java.lang.NoSuchMethodError: getWindow
Exception in thread "Thread-1873" [09:29:12] [Thread-1873/INFO]: [STDERR]: java.lang.NoSuchMethodError: getWindow
[2881|t+154857ms|ThreadId(2)] [RsiftPlatformBridge] apply error: ClassNotFoundException: net.minecraft.core.registries.BuiltInRegistries
[2882|t+154858ms|ThreadId(2)] [RsiftPlatformBridge] apply error: ClassNotFoundException: net.minecraft.core.registries.BuiltInRegistries
Exception in thread "Thread-1874" [09:29:12] [Thread-1874/INFO]: [STDERR]: java.lang.NoSuchMethodError: getWindow
Exception in thread "Thread-1875" [09:29:12] [Thread-1875/INFO]: [STDERR]: java.lang.NoSuchMethodError: getWindow
Exception in thread "Thread-1876" [09:29:12] [Thread-1876/INFO]: [STDERR]: java.lang.NoSuchMethodError: getWindow
Exception in thread "Thread-1877" [09:29:12] [Thread-1877/INFO]: [STDERR]: java.lang.NoSuchMethodError: getWindow
[2883|t+155161ms|ThreadId(2)] [RsiftPlatformBridge] apply error: ClassNotFoundException: net.minecraft.core.registries.BuiltInRegistries
[2884|t+155162ms|ThreadId(2)] [RsiftPlatformBridge] apply error: ClassNotFoundException: net.minecraft.core.registries.BuiltInRegistries
Exception in thread "Thread-1878" [09:29:13] [Thread-1878/INFO]: [STDERR]: java.lang.NoSuchMethodError: getWindow
Exception in thread "Thread-1879" [09:29:13] [Thread-1879/INFO]: [STDERR]: java.lang.NoSuchMethodError: getWindow
Exception in thread "Thread-1880" [09:29:13] [Thread-1880/INFO]: [STDERR]: java.lang.NoSuchMethodError: getWindow
Exception in thread "Thread-1881" [09:29:13] [Thread-1881/INFO]: [STDERR]: java.lang.NoSuchMethodError: getWindow
[2885|t+155465ms|ThreadId(2)] [RsiftPlatformBridge] apply error: ClassNotFoundException: net.minecraft.core.registries.BuiltInRegistries
[2886|t+155466ms|ThreadId(2)] [RsiftPlatformBridge] apply error: ClassNotFoundException: net.minecraft.core.registries.BuiltInRegistries
Exception in thread "Thread-1882" [09:29:13] [Thread-1882/INFO]: [STDERR]: java.lang.NoSuchMethodError: getWindow
Exception in thread "Thread-1883" [09:29:13] [Thread-1883/INFO]: [STDERR]: java.lang.NoSuchMethodError: getWindow
Exception in thread "Thread-1884" [09:29:13] [Thread-1884/INFO]: [STDERR]: java.lang.NoSuchMethodError: getWindow
Exception in thread "Thread-1885" [09:29:13] [Thread-1885/INFO]: [STDERR]: java.lang.NoSuchMethodError: getWindow
[2887|t+155769ms|ThreadId(2)] [RsiftPlatformBridge] apply error: ClassNotFoundException: net.minecraft.core.registries.BuiltInRegistries
[2888|t+155770ms|ThreadId(2)] [RsiftPlatformBridge] apply error: ClassNotFoundException: net.minecraft.core.registries.BuiltInRegistries
Exception in thread "Thread-1886" [09:29:13] [Thread-1886/INFO]: [STDERR]: java.lang.NoSuchMethodError: getWindow
Exception in thread "Thread-1887" [09:29:13] [Thread-1887/INFO]: [STDERR]: java.lang.NoSuchMethodError: getWindow
Exception in thread "Thread-1888" [09:29:13] [Thread-1888/INFO]: [STDERR]: java.lang.NoSuchMethodError: getWindow
Exception in thread "Thread-1889" [09:29:13] [Thread-1889/INFO]: [STDERR]: java.lang.NoSuchMethodError: getWindow
[2889|t+156074ms|ThreadId(2)] [RsiftPlatformBridge] apply error: ClassNotFoundException: net.minecraft.core.registries.BuiltInRegistries
[2890|t+156076ms|ThreadId(2)] [RsiftPlatformBridge] apply error: ClassNotFoundException: net.minecraft.core.registries.BuiltInRegistries
Exception in thread "Thread-1890" [09:29:14] [Thread-1890/INFO]: [STDERR]: java.lang.NoSuchMethodError: getWindow
Exception in thread "Thread-1891" [09:29:14] [Thread-1891/INFO]: [STDERR]: java.lang.NoSuchMethodError: getWindow
Exception in thread "Thread-1892" [09:29:14] [Thread-1892/INFO]: [STDERR]: java.lang.NoSuchMethodError: getWindow
Exception in thread "Thread-1893" [09:29:14] [Thread-1893/INFO]: [STDERR]: java.lang.NoSuchMethodError: getWindow
[2891|t+156379ms|ThreadId(2)] [RsiftPlatformBridge] apply error: ClassNotFoundException: net.minecraft.core.registries.BuiltInRegistries
[2892|t+156380ms|ThreadId(2)] [RsiftPlatformBridge] apply error: ClassNotFoundException: net.minecraft.core.registries.BuiltInRegistries
Exception in thread "Thread-1894" [09:29:14] [Thread-1894/INFO]: [STDERR]: java.lang.NoSuchMethodError: getWindow
Exception in thread "Thread-1895" [09:29:14] [Thread-1895/INFO]: [STDERR]: java.lang.NoSuchMethodError: getWindow
Exception in thread "Thread-1896" [09:29:14] [Thread-1896/INFO]: [STDERR]: java.lang.NoSuchMethodError: getWindow
Exception in thread "Thread-1897" [09:29:14] [Thread-1897/INFO]: [STDERR]: java.lang.NoSuchMethodError: getWindow
[2893|t+156683ms|ThreadId(2)] [RsiftPlatformBridge] apply error: ClassNotFoundException: net.minecraft.core.registries.BuiltInRegistries
[2894|t+156684ms|ThreadId(2)] [RsiftPlatformBridge] apply error: ClassNotFoundException: net.minecraft.core.registries.BuiltInRegistries
Exception in thread "Thread-1898" [09:29:14] [Thread-1898/INFO]: [STDERR]: java.lang.NoSuchMethodError: getWindow
Exception in thread "Thread-1899" [09:29:14] [Thread-1899/INFO]: [STDERR]: java.lang.NoSuchMethodError: getWindow
Exception in thread "Thread-1900" [09:29:14] [Thread-1900/INFO]: [STDERR]: java.lang.NoSuchMethodError: getWindow
Exception in thread "Thread-1901" [09:29:14] [Thread-1901/INFO]: [STDERR]: java.lang.NoSuchMethodError: getWindow
[2895|t+156987ms|ThreadId(2)] [RsiftPlatformBridge] apply error: ClassNotFoundException: net.minecraft.core.registries.BuiltInRegistries
[2896|t+156988ms|ThreadId(2)] [RsiftPlatformBridge] apply error: ClassNotFoundException: net.minecraft.core.registries.BuiltInRegistries
Exception in thread "Thread-1902" [09:29:14] [Thread-1902/INFO]: [STDERR]: java.lang.NoSuchMethodError: getWindow
Exception in thread "Thread-1903" [09:29:15] [Thread-1903/INFO]: [STDERR]: java.lang.NoSuchMethodError: getWindow
Exception in thread "Thread-1904" [09:29:15] [Thread-1904/INFO]: [STDERR]: java.lang.NoSuchMethodError: getWindow
Exception in thread "Thread-1905" [09:29:15] [Thread-1905/INFO]: [STDERR]: java.lang.NoSuchMethodError: getWindow
[2897|t+157292ms|ThreadId(2)] [RsiftPlatformBridge] apply error: ClassNotFoundException: net.minecraft.core.registries.BuiltInRegistries
[2898|t+157293ms|ThreadId(2)] [RsiftPlatformBridge] apply error: ClassNotFoundException: net.minecraft.core.registries.BuiltInRegistries
Exception in thread "Thread-1906" [09:29:15] [Thread-1906/INFO]: [STDERR]: java.lang.NoSuchMethodError: getWindow
Exception in thread "Thread-1907" [09:29:15] [Thread-1907/INFO]: [STDERR]: java.lang.NoSuchMethodError: getWindow
Exception in thread "Thread-1908" [09:29:15] [Thread-1908/INFO]: [STDERR]: java.lang.NoSuchMethodError: getWindow
Exception in thread "Thread-1909" [09:29:15] [Thread-1909/INFO]: [STDERR]: java.lang.NoSuchMethodError: getWindow
[09:29:15] [Server thread/INFO]: Saving chunks for level 'ServerLevel[New World]'/minecraft:the_end
[2899|t+157598ms|ThreadId(2)] [RsiftPlatformBridge] apply error: ClassNotFoundException: net.minecraft.core.registries.BuiltInRegistries
[2900|t+157599ms|ThreadId(2)] [RsiftPlatformBridge] apply error: ClassNotFoundException: net.minecraft.core.registries.BuiltInRegistries
Exception in thread "Thread-1910" [09:29:15] [Thread-1910/INFO]: [STDERR]: java.lang.NoSuchMethodError: getWindow
Exception in thread "Thread-1911" [09:29:15] [Thread-1911/INFO]: [STDERR]: java.lang.NoSuchMethodError: getWindow
Exception in thread "Thread-1912" [09:29:15] [Thread-1912/INFO]: [STDERR]: java.lang.NoSuchMethodError: getWindow
Exception in thread "Thread-1913" [09:29:15] [Thread-1913/INFO]: [STDERR]: java.lang.NoSuchMethodError: getWindow
[09:29:15] [Server thread/INFO]: Saving chunks for level 'ServerLevel[New World]'/minecraft:the_nether
[09:29:15] [Server thread/INFO]: ThreadedAnvilChunkStorage (New World): All chunks are saved
[09:29:15] [Server thread/INFO]: ThreadedAnvilChunkStorage (DIM1): All chunks are saved
[09:29:15] [Server thread/INFO]: ThreadedAnvilChunkStorage (DIM-1): All chunks are saved
[09:29:15] [Server thread/INFO]: ThreadedAnvilChunkStorage: All dimensions are saved
[2901|t+157903ms|ThreadId(2)] [RsiftPlatformBridge] apply error: ClassNotFoundException: net.minecraft.core.registries.BuiltInRegistries
[2902|t+157904ms|ThreadId(2)] [RsiftPlatformBridge] apply error: ClassNotFoundException: net.minecraft.core.registries.BuiltInRegistries
Exception in thread "Thread-1914" [09:29:15] [Thread-1914/INFO]: [STDERR]: java.lang.NoSuchMethodError: getWindow
Exception in thread "Thread-1915" [09:29:15] [Thread-1915/INFO]: [STDERR]: java.lang.NoSuchMethodError: getWindow
Exception in thread "Thread-1916" [09:29:15] [Thread-1916/INFO]: [STDERR]: java.lang.NoSuchMethodError: getWindow
Exception in thread "Thread-1917" [09:29:15] [Thread-1917/INFO]: [STDERR]: java.lang.NoSuchMethodError: getWindow
[2903|t+158208ms|ThreadId(2)] [RsiftPlatformBridge] apply error: ClassNotFoundException: net.minecraft.core.registries.BuiltInRegistries
[2904|t+158208ms|ThreadId(2)] [RsiftPlatformBridge] apply error: ClassNotFoundException: net.minecraft.core.registries.BuiltInRegistries
Exception in thread "Thread-1918" [09:29:16] [Thread-1918/INFO]: [STDERR]: java.lang.NoSuchMethodError: getWindow
Exception in thread "Thread-1919" [09:29:16] [Thread-1919/INFO]: [STDERR]: java.lang.NoSuchMethodError: getWindow
Exception in thread "Thread-1920" [09:29:16] [Thread-1920/INFO]: [STDERR]: java.lang.NoSuchMethodError: getWindow
Exception in thread "Thread-1921" [09:29:16] [Thread-1921/INFO]: [STDERR]: java.lang.NoSuchMethodError: getWindow
[2905|t+158512ms|ThreadId(2)] [RsiftPlatformBridge] apply error: ClassNotFoundException: net.minecraft.core.registries.BuiltInRegistries
[2906|t+158513ms|ThreadId(2)] [RsiftPlatformBridge] apply error: ClassNotFoundException: net.minecraft.core.registries.BuiltInRegistries
Exception in thread "Thread-1923" [09:29:16] [Thread-1923/INFO]: [STDERR]: java.lang.NoSuchMethodError: getWindow
Exception in thread "Thread-1924" [09:29:16] [Thread-1924/INFO]: [STDERR]: java.lang.NoSuchMethodError: getWindow
Exception in thread "Thread-1925" [09:29:16] [Thread-1925/INFO]: [STDERR]: java.lang.NoSuchMethodError: getWindow
Exception in thread "Thread-1926" [09:29:16] [Thread-1926/INFO]: [STDERR]: java.lang.NoSuchMethodError: getWindow
[09:29:16] [Render thread/INFO]: [System] [CHAT] Saved screenshot as 2026-08-06_09.29.16.png
[2907|t+158816ms|ThreadId(2)] [RsiftPlatformBridge] apply error: ClassNotFoundException: net.minecraft.core.registries.BuiltInRegistries
[2908|t+158817ms|ThreadId(2)] [RsiftPlatformBridge] apply error: ClassNotFoundException: net.minecraft.core.registries.BuiltInRegistries
Exception in thread "Thread-1927" [09:29:16] [Thread-1927/INFO]: [STDERR]: java.lang.NoSuchMethodError: getWindow
Exception in thread "Thread-1928" [09:29:16] [Thread-1928/INFO]: [STDERR]: java.lang.NoSuchMethodError: getWindow
Exception in thread "Thread-1929" [09:29:16] [Thread-1929/INFO]: [STDERR]: java.lang.NoSuchMethodError: getWindow
Exception in thread "Thread-1930" [09:29:16] [Thread-1930/INFO]: [STDERR]: java.lang.NoSuchMethodError: getWindow
[2909|t+159119ms|ThreadId(2)] [RsiftPlatformBridge] apply error: ClassNotFoundException: net.minecraft.core.registries.BuiltInRegistries
[2910|t+159120ms|ThreadId(2)] [RsiftPlatformBridge] apply error: ClassNotFoundException: net.minecraft.core.registries.BuiltInRegistries
Exception in thread "Thread-1931" [09:29:17] [Thread-1931/INFO]: [STDERR]: java.lang.NoSuchMethodError: getWindow
Exception in thread "Thread-1932" [09:29:17] [Thread-1932/INFO]: [STDERR]: java.lang.NoSuchMethodError: getWindow
Exception in thread "Thread-1933" [09:29:17] [Thread-1933/INFO]: [STDERR]: java.lang.NoSuchMethodError: getWindow
Exception in thread "Thread-1934" [09:29:17] [Thread-1934/INFO]: [STDERR]: java.lang.NoSuchMethodError: getWindow
[2911|t+159423ms|ThreadId(2)] [RsiftPlatformBridge] apply error: ClassNotFoundException: net.minecraft.core.registries.BuiltInRegistries
[2912|t+159423ms|ThreadId(2)] [RsiftPlatformBridge] apply error: ClassNotFoundException: net.minecraft.core.registries.BuiltInRegistries
Exception in thread "Thread-1935" [09:29:17] [Thread-1935/INFO]: [STDERR]: java.lang.NoSuchMethodError: getWindow
Exception in thread "Thread-1936" [09:29:17] [Thread-1936/INFO]: [STDERR]: java.lang.NoSuchMethodError: getWindow
Exception in thread "Thread-1937" [09:29:17] [Thread-1937/INFO]: [STDERR]: java.lang.NoSuchMethodError: getWindow
Exception in thread "Thread-1938" [09:29:17] [Thread-1938/INFO]: [STDERR]: java.lang.NoSuchMethodError: getWindow
[2913|t+159725ms|ThreadId(2)] [RsiftPlatformBridge] apply error: ClassNotFoundException: net.minecraft.core.registries.BuiltInRegistries
[2914|t+159726ms|ThreadId(2)] [RsiftPlatformBridge] apply error: ClassNotFoundException: net.minecraft.core.registries.BuiltInRegistries
Exception in thread "Thread-1939" [09:29:17] [Thread-1939/INFO]: [STDERR]: java.lang.NoSuchMethodError: getWindow
Exception in thread "Thread-1940" [09:29:17] [Thread-1940/INFO]: [STDERR]: java.lang.NoSuchMethodError: getWindow
Exception in thread "Thread-1941" [09:29:17] [Thread-1941/INFO]: [STDERR]: java.lang.NoSuchMethodError: getWindow
Exception in thread "Thread-1942" [09:29:17] [Thread-1942/INFO]: [STDERR]: java.lang.NoSuchMethodError: getWindow
[2915|t+160029ms|ThreadId(2)] [RsiftPlatformBridge] apply error: ClassNotFoundException: net.minecraft.core.registries.BuiltInRegistries
[2916|t+160030ms|ThreadId(2)] [RsiftPlatformBridge] apply error: ClassNotFoundException: net.minecraft.core.registries.BuiltInRegistries
Exception in thread "Thread-1943" [09:29:18] [Thread-1943/INFO]: [STDERR]: java.lang.NoSuchMethodError: getWindow
Exception in thread "Thread-1944" [09:29:18] [Thread-1944/INFO]: [STDERR]: java.lang.NoSuchMethodError: getWindow
Exception in thread "Thread-1945" [09:29:18] [Thread-1945/INFO]: [STDERR]: java.lang.NoSuchMethodError: getWindow
Exception in thread "Thread-1946" [09:29:18] [Thread-1946/INFO]: [STDERR]: java.lang.NoSuchMethodError: getWindow
[2917|t+160334ms|ThreadId(2)] [RsiftPlatformBridge] apply error: ClassNotFoundException: net.minecraft.core.registries.BuiltInRegistries
[2918|t+160335ms|ThreadId(2)] [RsiftPlatformBridge] apply error: ClassNotFoundException: net.minecraft.core.registries.BuiltInRegistries
[2919|t+160336ms|ThreadId(2)] [step] tick_loop — alive tick=1920
Exception in thread "Thread-1947" [09:29:18] [Thread-1947/INFO]: [STDERR]: java.lang.NoSuchMethodError: getWindow
Exception in thread "Thread-1948" [09:29:18] [Thread-1948/INFO]: [STDERR]: java.lang.NoSuchMethodError: getWindow
Exception in thread "Thread-1949" [09:29:18] [Thread-1949/INFO]: [STDERR]: java.lang.NoSuchMethodError: getWindow
Exception in thread "Thread-1950" [09:29:18] [Thread-1950/INFO]: [STDERR]: java.lang.NoSuchMethodError: getWindow
[2920|t+160639ms|ThreadId(2)] [RsiftPlatformBridge] apply error: ClassNotFoundException: net.minecraft.core.registries.BuiltInRegistries
[2921|t+160640ms|ThreadId(2)] [RsiftPlatformBridge] apply error: ClassNotFoundException: net.minecraft.core.registries.BuiltInRegistries
Exception in thread "Thread-1951" [09:29:18] [Thread-1951/INFO]: [STDERR]: java.lang.NoSuchMethodError: getWindow
Exception in thread "Thread-1952" [09:29:18] [Thread-1952/INFO]: [STDERR]: java.lang.NoSuchMethodError: getWindow
Exception in thread "Thread-1953" [09:29:18] [Thread-1953/INFO]: [STDERR]: java.lang.NoSuchMethodError: getWindow
[09:29:18] [Render thread/INFO]: Stopping!
Exception in thread "Thread-1954" [09:29:18] [Thread-1954/INFO]: [STDERR]: java.lang.NoSuchMethodError: getWindow
Minecraftは終了コード 0 で終了しました。
Clipboard copy at: 06 Aug 2026 09:31:18 +0900
