[0001|t+0ms|ThreadId(1)] ==========================================================================
[0002|t+2ms|ThreadId(1)] [Rsift] session start: agentpath opts=
[0003|t+2ms|ThreadId(1)] [Rsift] log file: "C:\\Users\\Junji\\AppData\\Roaming\\PrismLauncher\\instances\\rsift\\rsift-natives\\rsift-bootstrap.log"
[0004|t+2ms|ThreadId(1)] [Rsift] dll directory: "C:\\Users\\Junji\\AppData\\Roaming\\PrismLauncher\\instances\\rsift\\rsift-natives"
[0005|t+3ms|ThreadId(1)] [Rsift] bootstrap jar: exists=true size=Some(43992)
[0006|t+4ms|ThreadId(1)] [Rsift] rsift_jvm.dll: exists=true size=Some(11697152)
[0007|t+4ms|ThreadId(1)] ==========================================================================
[0008|t+5ms|ThreadId(1)] [step] Agent_OnLoad — entered
[0009|t+5ms|ThreadId(1)] [step] Agent_OnLoad — options=""
[0010|t+8ms|ThreadId(1)] [step] jvmti — Agent_OnLoad: AddToBootstrapClassLoaderSearch rc=0 — RsiftHooks 可視化 (bootstrap CL): C:\Users\Junji\AppData\Roaming\PrismLauncher\instances\rsift\rsift-natives\rsift-bootstrap.jar
[0011|t+9ms|ThreadId(1)] [step] Agent_OnLoad — bootstrap classpath ensure rc=0
[0012|t+9ms|ThreadId(1)] [step] Agent_OnLoad — scheduling deferred init thread (mods load in background thread)
[0013|t+9ms|ThreadId(1)] [step] schedule_deferred_init — from_agentpath=true opts_len=0 agentpath_active=false
[0014|t+10ms|ThreadId(1)] [step] agentpath — marker written "C:\\Users\\Junji\\AppData\\Roaming\\PrismLauncher\\instances\\rsift\\rsift-natives\\.rsift-agentpath-active"
[0015|t+11ms|ThreadId(1)] [step] schedule_deferred_init — thread spawn OK
[0016|t+11ms|ThreadId(2)] [step] deferred_init — thread entered
[0017|t+13ms|ThreadId(1)] [step] Agent_OnLoad — complete — returning 0 to JVM[0018|t+13ms|ThreadId(2)] [step] deferred_init — brief wait before JNI (agentpath-only, no javaagent)

[0019|t+1014ms|ThreadId(2)] [step] deferred_init — pre-JNI wait complete
[0020|t+1015ms|ThreadId(2)] [step] boot_markers — agentpath=true javaagent=false
[0021|t+1016ms|ThreadId(2)] [step] deferred_init — loading mods
[0022|t+1018ms|ThreadId(2)] [step] agent_premain — loading mods args=
[0023|t+1018ms|ThreadId(2)] [Rsift] mod_dir from game cwd: "C:\\Users\\Junji\\AppData\\Roaming\\PrismLauncher\\instances\\rsift\\.minecraft\\mods"
[0024|t+1020ms|ThreadId(2)] [step] agent_premain — mod_dir="C:\\Users\\Junji\\AppData\\Roaming\\PrismLauncher\\instances\\rsift\\.minecraft\\mods"
[0025|t+1022ms|ThreadId(2)] [step] agent_premain — mod candidates (3): ["rsgraphics.dll", "rsreplay.dll", "rszoom.dll"]
[0026|t+1024ms|ThreadId(2)] [step] agent_premain — official mod restore: all official mods already present
[0027|t+1025ms|ThreadId(2)] [step] agent_premain — abi table installed v1.21.11
[0028|t+1029ms|ThreadId(2)] [step] agent_premain — sim runtime ready backend=std_seek cores=8
[0029|t+8807ms|ThreadId(2)] [step] agent_premain — mods loaded OK: ["rsgraphics", "rsreplay", "rszoom"]
[0030|t+8808ms|ThreadId(2)] [step] deferred_init — JavaVM::from_raw addr=0x7ff8a2f137b0
[0031|t+9222ms|ThreadId(2)] [Rsift] [obf_map] client.txt loaded → Obfuscated mode (classes=10291 methods=89557 fields=45679)
[0032|t+9223ms|ThreadId(2)] [step] deferred_init — obf_map mode = Obfuscated
[0033|t+9224ms|ThreadId(2)] [step] obf_method_aliases — registered 5 / 11 runtime method aliases (rest fall back to mojmap name)
[0034|t+9225ms|ThreadId(2)] [step] classloader_probe — attempt 0 attach OK
[0035|t+9228ms|ThreadId(2)] [step] jvmti — AddCapabilities request all_hook=true early_hook=false redefine=true retransform=true retransform_any=true (potential ∩ desired)
[0036|t+9228ms|ThreadId(2)] [step] jvmti — AddCapabilities rc=0 (全請求受理)
[0037|t+9229ms|ThreadId(2)] [step] jvmti — GetCapabilities rc=0 all_hook=true early_hook=false redefine=true retransform=true retransform_any=true
[0038|t+9230ms|ThreadId(2)] [JVMTI] ClassFileLoadHook + ClassLoad enabled (exact-spec indices)
[0039|t+9231ms|ThreadId(2)] [step] f3_marker — static spec pre-registered (load-free, reflection-independent): glz#getLines ()Ljava/util/List; (mojmap DebugScreenEntryList#getLines)
[0040|t+9231ms|ThreadId(2)] [step] deferred_init — JVMTI CFLH install (attached thread, attempt 0) = true
[0041|t+9232ms|ThreadId(2)] [step] classloader — attempt 0 — game still booting, deferring JNI probes
[0042|t+9232ms|ThreadId(2)] [step] classloader_probe — attempt 0 — not ready yet
[0043|t+10056ms|ThreadId(1)] [CFLH] net/minecraft/world/entity/Entity (runtime=cgk) matched target but NOT modified (method name/desc not found or refused) — 106567 bytes
[0044|t+10088ms|ThreadId(1)] [CFLH] net/minecraft/server/level/ServerLevel (runtime=axf) matched target but NOT modified (method name/desc not found or refused) — 58743 bytes
[0045|t+10630ms|ThreadId(1)] [CFLH] net/minecraft/world/level/material/FlowingFluid (runtime=fkz) matched target but NOT modified (method name/desc not found or refused) — 14050 bytes
[0046|t+11103ms|ThreadId(1)] [CFLH] net/minecraft/world/entity/Mob (runtime=chn) matched target but NOT modified (method name/desc not found or refused) — 38522 bytes
[0047|t+11725ms|ThreadId(1)] [CFLH] net/minecraft/world/level/block/entity/HopperBlockEntity (runtime=emf) matched target but NOT modified (method name/desc not found or refused) — 12215 bytes
[0048|t+14068ms|ThreadId(1)] [CFLH] net/minecraft/world/level/chunk/LevelChunk (runtime=eqq) matched target but NOT modified (method name/desc not found or refused) — 23059 bytes
[0049|t+14235ms|ThreadId(2)] [step] classloader_probe — attempt 5 attach OK
[0050|t+14244ms|ThreadId(2)] [CFLH] net/minecraft/client/Minecraft (runtime=gfj) matched target but NOT modified (method name/desc not found or refused) — 88505 bytes
[0051|t+14250ms|ThreadId(2)] [JVMTI] wanted class captured at ClassLoad (loader-independent): gfj
[0052|t+14251ms|ThreadId(2)] [Rsift] game ClassLoader cached
[0053|t+14252ms|ThreadId(2)] [step] classloader — FOUND via named thread context ClassLoader
[0054|t+14252ms|ThreadId(2)] [step] classloader_probe — FOUND on attempt 5
[0055|t+14255ms|ThreadId(2)] [Rsift] RsiftScreenHooks ready (minimal bootstrap)
[0056|t+14257ms|ThreadId(2)] [Rsift] RsiftPacketTap は同梱 bootstrap jar に未収録のためパケットタップは無効 (継続)
[0057|t+14257ms|ThreadId(2)] [Rsift] RsiftModBridge loaded
[0058|t+14260ms|ThreadId(2)] [Rsift] RsiftPlatformBridge loaded
[0059|t+14262ms|ThreadId(2)] [step] bridge_load — UiBridge=true ModBridge=true
[0060|t+14264ms|ThreadId(2)] [JVMTI] wanted class captured at ClassLoad (loader-independent): gjm
[0061|t+14274ms|ThreadId(2)] [JVMTI] game ClassLoader captured via CFLH (first class: net/minecraft/server/MinecraftServer)
[0062|t+14288ms|ThreadId(2)] [warn] jni_exc — loadClass(net.minecraft.client.gui.components.debug.DebugScreenOverlay [from mojmap net.minecraft.client.gui.components.debug.DebugScreenOverlay]) via game loader — returning None to caller: java.lang.ClassNotFoundException: net.minecraft.client.gui.components.debug.DebugScreenOverlay
[0063|t+14288ms|ThreadId(2)] [step] f3_marker — no F3-lines method (0-arg, List<String|Component>) found via reflection — F3 marker skipped honestly (window title marker remains)
[0064|t+14291ms|ThreadId(2)] [CFLH] PATCHED com/mojang/blaze3d/systems/RenderSystem (runtime=com/mojang/blaze3d/systems/RenderSystem) 11688 → 11742 bytes
[0065|t+14293ms|ThreadId(2)] [CFLH] net/minecraft/client/gui/screens/Screen (runtime=gsb) matched target but NOT modified (method name/desc not found or refused) — 19699 bytes
[0066|t+14301ms|ThreadId(2)] [JVMTI] wanted class captured at ClassLoad (loader-independent): gsb
[0067|t+14302ms|ThreadId(2)] [CFLH] net/minecraft/network/Connection (runtime=wu) matched target but NOT modified (method name/desc not found or refused) — 22766 bytes
[0068|t+14306ms|ThreadId(2)] [JVMTI] wanted class captured at ClassLoad (loader-independent): wu
[0069|t+14307ms|ThreadId(2)] [warn] jni_exc — loadClass(net.minecraft.world.level.redstone.RedstoneWireBlock [from mojmap net.minecraft.world.level.redstone.RedstoneWireBlock]) via game loader — returning None to caller: java.lang.ClassNotFoundException: net.minecraft.world.level.redstone.RedstoneWireBlock
[0070|t+14307ms|ThreadId(2)] [warn] jni_exc — retransform sweep: could not obtain jclass for net.minecraft.world.level.redstone.RedstoneWireBlock: java.lang.ClassNotFoundException: net.minecraft.world.level.redstone.RedstoneWireBlock
[0071|t+14506ms|ThreadId(2)] [step] retransform — RetransformClasses rc=0 (10 of 11 target classes already loaded)
[0072|t+14646ms|ThreadId(2)] [step] class_dump — 2314 interesting classes loaded (of 12443 total)
[0073|t+14646ms|ThreadId(2)] [class_dump] [B
[0074|t+14646ms|ThreadId(2)] [class_dump] [C
[0075|t+14647ms|ThreadId(2)] [class_dump] [D
[0076|t+14647ms|ThreadId(2)] [class_dump] [F
[0077|t+14647ms|ThreadId(2)] [class_dump] [I
[0078|t+14648ms|ThreadId(2)] [class_dump] [J
[0079|t+14648ms|ThreadId(2)] [class_dump] [Lbhh;
[0080|t+14648ms|ThreadId(2)] [class_dump] [Lbhr;
[0081|t+14649ms|ThreadId(2)] [class_dump] [Lbhz;
[0082|t+14651ms|ThreadId(2)] [class_dump] [Lbyo;
[0083|t+14652ms|ThreadId(2)] [class_dump] [Lcev;
[0084|t+14652ms|ThreadId(2)] [class_dump] [Lcew;
[0085|t+14653ms|ThreadId(2)] [class_dump] [Lcfb;
[0086|t+14653ms|ThreadId(2)] [class_dump] [Lcfl;
[0087|t+14653ms|ThreadId(2)] [class_dump] [Lcgl;
[0088|t+14654ms|ThreadId(2)] [class_dump] [Lcgv;
[0089|t+14654ms|ThreadId(2)] [class_dump] [Lcgw;
[0090|t+14654ms|ThreadId(2)] [class_dump] [Lchb;
[0091|t+14655ms|ThreadId(2)] [class_dump] [Lcho;
[0092|t+14655ms|ThreadId(2)] [class_dump] [Lchx;
[0093|t+14656ms|ThreadId(2)] [class_dump] [Lcwg;
[0094|t+14656ms|ThreadId(2)] [class_dump] [Lddp;
[0095|t+14656ms|ThreadId(2)] [class_dump] [Ldgw;
[0096|t+14657ms|ThreadId(2)] [class_dump] [Ldkr;
[0097|t+14657ms|ThreadId(2)] [class_dump] [Ldlv;
[0098|t+14657ms|ThreadId(2)] [class_dump] [Ldmp;
[0099|t+14658ms|ThreadId(2)] [class_dump] [Ldnf;
[0100|t+14658ms|ThreadId(2)] [class_dump] [Ldou;
[0101|t+14659ms|ThreadId(2)] [class_dump] [Ldss;
[0102|t+14659ms|ThreadId(2)] [class_dump] [Ldvt;
[0103|t+14660ms|ThreadId(2)] [class_dump] [Ldwf;
[0104|t+14660ms|ThreadId(2)] [class_dump] [Ldwn;
[0105|t+14662ms|ThreadId(2)] [class_dump] [Ldwq;
[0106|t+14663ms|ThreadId(2)] [class_dump] [Ldzq;
[0107|t+14663ms|ThreadId(2)] [class_dump] [Leev;
[0108|t+14664ms|ThreadId(2)] [class_dump] [Legm;
[0109|t+14664ms|ThreadId(2)] [class_dump] [Leig;
[0110|t+14665ms|ThreadId(2)] [class_dump] [Lenk;
[0111|t+14665ms|ThreadId(2)] [class_dump] [Lens;
[0112|t+14665ms|ThreadId(2)] [class_dump] [Leog;
[0113|t+14667ms|ThreadId(2)] [class_dump] [Leos;
[0114|t+14669ms|ThreadId(2)] [class_dump] [Leot;
[0115|t+14670ms|ThreadId(2)] [class_dump] [Leou;
[0116|t+14670ms|ThreadId(2)] [class_dump] [Leov;
[0117|t+14670ms|ThreadId(2)] [class_dump] [Leoy;
[0118|t+14671ms|ThreadId(2)] [class_dump] [Leoz;
[0119|t+14671ms|ThreadId(2)] [class_dump] [Lepa;
[0120|t+14672ms|ThreadId(2)] [class_dump] [Lepb;
[0121|t+14672ms|ThreadId(2)] [class_dump] [Lepc;
[0122|t+14673ms|ThreadId(2)] [class_dump] [Lepd;
[0123|t+14674ms|ThreadId(2)] [class_dump] [Lepe;
[0124|t+14674ms|ThreadId(2)] [class_dump] [Lepg;
[0125|t+14675ms|ThreadId(2)] [class_dump] [Lepi;
[0126|t+14675ms|ThreadId(2)] [class_dump] [Lepj;
[0127|t+14676ms|ThreadId(2)] [class_dump] [Lepk;
[0128|t+14676ms|ThreadId(2)] [class_dump] [Lepl;
[0129|t+14677ms|ThreadId(2)] [class_dump] [Lepm;
[0130|t+14677ms|ThreadId(2)] [class_dump] [Lepo;
[0131|t+14677ms|ThreadId(2)] [class_dump] [Lepp;
[0132|t+14678ms|ThreadId(2)] [class_dump] [Lepq;
[0133|t+14678ms|ThreadId(2)] [class_dump] [Lepr;
[0134|t+14679ms|ThreadId(2)] [class_dump] [Leps;
[0135|t+14679ms|ThreadId(2)] [class_dump] [Lept;
[0136|t+14679ms|ThreadId(2)] [class_dump] [Lepu;
[0137|t+14680ms|ThreadId(2)] [class_dump] [Lepv;
[0138|t+14681ms|ThreadId(2)] [class_dump] [Lf;
[0139|t+14681ms|ThreadId(2)] [class_dump] [Lflf;
[0140|t+14681ms|ThreadId(2)] [class_dump] [Lflg;
[0141|t+14682ms|ThreadId(2)] [class_dump] [Lflq;
[0142|t+14682ms|ThreadId(2)] [class_dump] [Lfnw;
[0143|t+14682ms|ThreadId(2)] [class_dump] [Lfoa;
[0144|t+14686ms|ThreadId(2)] [class_dump] [Lftm;
[0145|t+14687ms|ThreadId(2)] [class_dump] [Lfug;
[0146|t+14687ms|ThreadId(2)] [class_dump] [Lh;
[0147|t+14688ms|ThreadId(2)] [class_dump] [Lip;
[0148|t+14688ms|ThreadId(2)] [class_dump] [Liz;
[0149|t+14688ms|ThreadId(2)] [class_dump] [Ljb;
[0150|t+14689ms|ThreadId(2)] [class_dump] [Ljd;
[0151|t+14689ms|ThreadId(2)] [class_dump] [Ljn;
[0152|t+14690ms|ThreadId(2)] [class_dump] [Ll;
[0153|t+14690ms|ThreadId(2)] [class_dump] [Lux;
[0154|t+14691ms|ThreadId(2)] [class_dump] [Lvp;
[0155|t+14691ms|ThreadId(2)] [class_dump] [Lvq;
[0156|t+14692ms|ThreadId(2)] [class_dump] [Lvz;
[0157|t+14692ms|ThreadId(2)] [class_dump] [S
[0158|t+14693ms|ThreadId(2)] [class_dump] [Z
[0159|t+14693ms|ThreadId(2)] [class_dump] [[B
[0160|t+14694ms|ThreadId(2)] [class_dump] [[C
[0161|t+14694ms|ThreadId(2)] [class_dump] [[I
[0162|t+14694ms|ThreadId(2)] [class_dump] [[J
[0163|t+14695ms|ThreadId(2)] [class_dump] [[Lbhh;
[0164|t+14695ms|ThreadId(2)] [class_dump] [[Lf;
[0165|t+14695ms|ThreadId(2)] [class_dump] [[Lh;
[0166|t+14696ms|ThreadId(2)] [class_dump] [[S
[0167|t+14696ms|ThreadId(2)] [class_dump] [[[C
[0168|t+14696ms|ThreadId(2)] [class_dump] aa → net.minecraft.WorldVersion
[0169|t+14697ms|ThreadId(2)] [class_dump] aah → net.minecraft.network.chat.numbers.NumberFormatType
[0170|t+14697ms|ThreadId(2)] [class_dump] aai → net.minecraft.network.chat.numbers.NumberFormatTypes
[0171|t+14697ms|ThreadId(2)] [class_dump] aam → net.minecraft.network.codec.ByteBufCodecs
[0172|t+14698ms|ThreadId(2)] [class_dump] aao → net.minecraft.network.codec.StreamCodec
[0173|t+14698ms|ThreadId(2)] [class_dump] aap → net.minecraft.network.codec.StreamDecoder
[0174|t+14698ms|ThreadId(2)] [class_dump] aaq → net.minecraft.network.codec.StreamEncoder
[0175|t+14699ms|ThreadId(2)] [class_dump] aay → net.minecraft.network.protocol.Packet
[0176|t+14703ms|ThreadId(2)] [class_dump] abk → net.minecraft.network.protocol.common.ClientboundDisconnectPacket
[0177|t+14704ms|ThreadId(2)] [class_dump] acv → net.minecraft.network.protocol.cookie.ClientCookiePacketListener
[0178|t+14704ms|ThreadId(2)] [class_dump] aj → net.minecraft.advancements.CriteriaTriggers
[0179|t+14705ms|ThreadId(2)] [class_dump] ako → net.minecraft.network.protocol.login.ClientLoginPacketListener
[0180|t+14705ms|ThreadId(2)] [class_dump] aks → net.minecraft.network.protocol.login.ClientboundLoginDisconnectPacket
[0181|t+14705ms|ThreadId(2)] [class_dump] alw → net.minecraft.network.syncher.EntityDataAccessor
[0182|t+14705ms|ThreadId(2)] [class_dump] alx → net.minecraft.network.syncher.EntityDataSerializer
[0183|t+14706ms|ThreadId(2)] [class_dump] aly → net.minecraft.network.syncher.EntityDataSerializers
[0184|t+14706ms|ThreadId(2)] [class_dump] alz → net.minecraft.network.syncher.SyncedDataHolder
[0185|t+14706ms|ThreadId(2)] [class_dump] am → net.minecraft.advancements.CriterionTrigger
[0186|t+14707ms|ThreadId(2)] [class_dump] ama → net.minecraft.network.syncher.SynchedEntityData
[0187|t+14707ms|ThreadId(2)] [class_dump] amh → net.minecraft.references.Blocks
[0188|t+14707ms|ThreadId(2)] [class_dump] ami → net.minecraft.references.Items
[0189|t+14708ms|ThreadId(2)] [class_dump] aml → net.minecraft.resources.DependantName
[0190|t+14708ms|ThreadId(2)] [class_dump] amn → net.minecraft.resources.HolderSetCodec
[0191|t+14708ms|ThreadId(2)] [class_dump] amo → net.minecraft.resources.Identifier
[0192|t+14708ms|ThreadId(2)] [class_dump] amq → net.minecraft.resources.RegistryFileCodec
[0193|t+14709ms|ThreadId(2)] [class_dump] amr → net.minecraft.resources.RegistryFixedCodec
[0194|t+14709ms|ThreadId(2)] [class_dump] amt → net.minecraft.resources.ResourceKey
[0195|t+14709ms|ThreadId(2)] [class_dump] amv → net.minecraft.server.Bootstrap
[0196|t+14710ms|ThreadId(2)] [class_dump] amy → net.minecraft.server.DebugLoggedPrintStream
[0197|t+14710ms|ThreadId(2)] [class_dump] ana → net.minecraft.server.LoggedPrintStream
[0198|t+14710ms|ThreadId(2)] [class_dump] anf → net.minecraft.server.RunningOnDifferentThreadException
[0199|t+14711ms|ThreadId(2)] [class_dump] anj → net.minecraft.server.ServerInfo
[0200|t+14711ms|ThreadId(2)] [class_dump] anm → net.minecraft.server.ServerScoreboard
[0201|t+14711ms|ThreadId(2)] [class_dump] ann → net.minecraft.server.ServerTickRateManager
[0202|t+14712ms|ThreadId(2)] [class_dump] as → net.minecraft.advancements.criterion.BlockPredicate
[0203|t+14712ms|ThreadId(2)] [class_dump] asm → net.minecraft.server.dialog.DialogTypes
[0204|t+14713ms|ThreadId(2)] [class_dump] asu → net.minecraft.server.dialog.action.ActionTypes
[0205|t+14713ms|ThreadId(2)] [class_dump] atb → net.minecraft.server.dialog.body.DialogBodyTypes
[0206|t+14714ms|ThreadId(2)] [class_dump] ath → net.minecraft.server.dialog.input.InputControlTypes
[0207|t+14714ms|ThreadId(2)] [class_dump] ats → net.minecraft.server.jsonrpc.IncomingRpcMethod
[0208|t+14714ms|ThreadId(2)] [class_dump] att → net.minecraft.server.jsonrpc.IncomingRpcMethods
[0209|t+14715ms|ThreadId(2)] [class_dump] awk → net.minecraft.server.level.ChunkResult
[0210|t+14715ms|ThreadId(2)] [class_dump] axc → net.minecraft.server.level.ServerChunkCache
[0211|t+14715ms|ThreadId(2)] [class_dump] axe → net.minecraft.server.level.ServerEntityGetter
[0212|t+14715ms|ThreadId(2)] [class_dump] axf → net.minecraft.server.level.ServerLevel
[0213|t+14716ms|ThreadId(2)] [class_dump] axg → net.minecraft.server.level.ServerPlayer
[0214|t+14717ms|ThreadId(2)] [class_dump] axq → net.minecraft.server.level.progress.LevelLoadListener
[0215|t+14718ms|ThreadId(2)] [class_dump] axx → net.minecraft.server.network.Filterable
[0216|t+14719ms|ThreadId(2)] [class_dump] azl → net.minecraft.server.packs.PackResources
[0217|t+14719ms|ThreadId(2)] [class_dump] azz → net.minecraft.server.packs.metadata.pack.PackFormat
[0218|t+14720ms|ThreadId(2)] [class_dump] bat → net.minecraft.server.packs.resources.PreparableReloadListener
[0219|t+14720ms|ThreadId(2)] [class_dump] baz → net.minecraft.server.packs.resources.ResourceManager
[0220|t+14720ms|ThreadId(2)] [class_dump] bbc → net.minecraft.server.packs.resources.ResourceProvider
[0221|t+14720ms|ThreadId(2)] [class_dump] bbk → net.minecraft.server.permissions.PermissionCheckTypes
[0222|t+14721ms|ThreadId(2)] [class_dump] bbn → net.minecraft.server.permissions.PermissionSet
[0223|t+14721ms|ThreadId(2)] [class_dump] bbq → net.minecraft.server.permissions.PermissionTypes
[0224|t+14721ms|ThreadId(2)] [class_dump] bca → net.minecraft.server.players.ProfileResolver
[0225|t+14722ms|ThreadId(2)] [class_dump] bcz → net.minecraft.sounds.SoundEvent
[0226|t+14722ms|ThreadId(2)] [class_dump] bda → net.minecraft.sounds.SoundEvents
[0227|t+14722ms|ThreadId(2)] [class_dump] beb → net.minecraft.tags.StructureTags
[0228|t+14723ms|ThreadId(2)] [class_dump] bef → net.minecraft.tags.TagKey
[0229|t+14723ms|ThreadId(2)] [class_dump] bel → net.minecraft.util.ARGB
[0230|t+14723ms|ThreadId(2)] [class_dump] beu → net.minecraft.util.ByIdMap
[0231|t+14724ms|ThreadId(2)] [class_dump] bew → net.minecraft.util.ClassTreeIdRegistry
[0232|t+14724ms|ThreadId(2)] [class_dump] bex → net.minecraft.util.ColorRGBA
[0233|t+14724ms|ThreadId(2)] [class_dump] bfa → net.minecraft.util.CrudeIncrementalIntIdentityHashBiMap
[0234|t+14724ms|ThreadId(2)] [class_dump] bfk → net.minecraft.util.EncoderCache
[0235|t+14725ms|ThreadId(2)] [class_dump] bfm → net.minecraft.util.ExtraCodecs
[0236|t+14725ms|ThreadId(2)] [class_dump] bfr → net.minecraft.util.FormattedCharSequence
[0237|t+14725ms|ThreadId(2)] [class_dump] bfs → net.minecraft.util.FormattedCharSink
[0238|t+14725ms|ThreadId(2)] [class_dump] bfv → net.minecraft.util.GsonHelper
[0239|t+14726ms|ThreadId(2)] [class_dump] bgh → net.minecraft.util.MemoryReserve
[0240|t+14726ms|ThreadId(2)] [class_dump] bgj → net.minecraft.util.Mth
[0241|t+14726ms|ThreadId(2)] [class_dump] bgp → net.minecraft.util.ProblemReporter
[0242|t+14727ms|ThreadId(2)] [class_dump] bgq → net.minecraft.util.ProgressListener
[0243|t+14727ms|ThreadId(2)] [class_dump] bgr → net.minecraft.util.RandomSource
[0244|t+14727ms|ThreadId(2)] [class_dump] bgt → net.minecraft.util.SegmentedAnglePrecision
[0245|t+14727ms|ThreadId(2)] [class_dump] bh → net.minecraft.advancements.criterion.DataComponentMatchers
[0246|t+14728ms|ThreadId(2)] [class_dump] bhh → net.minecraft.util.StringRepresentable
[0247|t+14728ms|ThreadId(2)] [class_dump] bhm → net.minecraft.util.TimeSource
[0248|t+14728ms|ThreadId(2)] [class_dump] bhr → net.minecraft.util.Unit
[0249|t+14729ms|ThreadId(2)] [class_dump] bhs → net.minecraft.util.Util
[0250|t+14729ms|ThreadId(2)] [class_dump] bhv → net.minecraft.util.context.ContextKey
[0251|t+14729ms|ThreadId(2)] [class_dump] bhw → net.minecraft.util.context.ContextKeySet
[0252|t+14729ms|ThreadId(2)] [class_dump] bhz → net.minecraft.util.datafix.DataFixTypes
[0253|t+14730ms|ThreadId(2)] [class_dump] bia → net.minecraft.util.datafix.DataFixers
[0254|t+14730ms|ThreadId(2)] [class_dump] bib → net.minecraft.util.datafix.ExtraDataFixUtils
[0255|t+14730ms|ThreadId(2)] [class_dump] bie → net.minecraft.util.datafix.fixes.AbstractArrowPickupFix
[0256|t+14731ms|ThreadId(2)] [class_dump] bif → net.minecraft.util.datafix.fixes.AbstractBlockPropertyFix
[0257|t+14731ms|ThreadId(2)] [class_dump] big → net.minecraft.util.datafix.fixes.AbstractPoiSectionFix
[0258|t+14731ms|ThreadId(2)] [class_dump] bih → net.minecraft.util.datafix.fixes.AbstractUUIDFix
[0259|t+14731ms|ThreadId(2)] [class_dump] bii → net.minecraft.util.datafix.fixes.AddFieldFix
[0260|t+14732ms|ThreadId(2)] [class_dump] bij → net.minecraft.util.datafix.fixes.AddFlagIfNotPresentFix
[0261|t+14732ms|ThreadId(2)] [class_dump] bik → net.minecraft.util.datafix.fixes.AddNewChoices
[0262|t+14735ms|ThreadId(2)] [class_dump] bil → net.minecraft.util.datafix.fixes.AdvancementsFix
[0263|t+14735ms|ThreadId(2)] [class_dump] bim → net.minecraft.util.datafix.fixes.AdvancementsRenameFix
[0264|t+14736ms|ThreadId(2)] [class_dump] bin → net.minecraft.util.datafix.fixes.AreaEffectCloudDurationScaleFix
[0265|t+14736ms|ThreadId(2)] [class_dump] bio → net.minecraft.util.datafix.fixes.AreaEffectCloudPotionFix
[0266|t+14736ms|ThreadId(2)] [class_dump] bip → net.minecraft.util.datafix.fixes.AttributeIdPrefixFix
[0267|t+14737ms|ThreadId(2)] [class_dump] biq → net.minecraft.util.datafix.fixes.AttributeModifierIdFix
[0268|t+14737ms|ThreadId(2)] [class_dump] bir → net.minecraft.util.datafix.fixes.AttributesRenameFix
[0269|t+14737ms|ThreadId(2)] [class_dump] bis → net.minecraft.util.datafix.fixes.AttributesRenameLegacy
[0270|t+14738ms|ThreadId(2)] [class_dump] bit → net.minecraft.util.datafix.fixes.BannerEntityCustomNameToOverrideComponentFix
[0271|t+14738ms|ThreadId(2)] [class_dump] biu → net.minecraft.util.datafix.fixes.BannerPatternFormatFix
[0272|t+14738ms|ThreadId(2)] [class_dump] biv → net.minecraft.util.datafix.fixes.BedItemColorFix
[0273|t+14739ms|ThreadId(2)] [class_dump] biw → net.minecraft.util.datafix.fixes.BeehiveFieldRenameFix
[0274|t+14739ms|ThreadId(2)] [class_dump] bix → net.minecraft.util.datafix.fixes.BiomeFix
[0275|t+14740ms|ThreadId(2)] [class_dump] biy → net.minecraft.util.datafix.fixes.BitStorageAlignFix
[0276|t+14740ms|ThreadId(2)] [class_dump] biz → net.minecraft.util.datafix.fixes.BlendingDataFix
[0277|t+14740ms|ThreadId(2)] [class_dump] bja → net.minecraft.util.datafix.fixes.BlendingDataRemoveFromNetherEndFix
[0278|t+14741ms|ThreadId(2)] [class_dump] bjb → net.minecraft.util.datafix.fixes.BlockEntityBannerColorFix
[0279|t+14741ms|ThreadId(2)] [class_dump] bjc → net.minecraft.util.datafix.fixes.BlockEntityBlockStateFix
[0280|t+14741ms|ThreadId(2)] [class_dump] bjd → net.minecraft.util.datafix.fixes.BlockEntityCustomNameToComponentFix
[0281|t+14742ms|ThreadId(2)] [class_dump] bje → net.minecraft.util.datafix.fixes.BlockEntityFurnaceBurnTimeFix
[0282|t+14742ms|ThreadId(2)] [class_dump] bjf → net.minecraft.util.datafix.fixes.BlockEntityIdFix
[0283|t+14743ms|ThreadId(2)] [class_dump] bjg → net.minecraft.util.datafix.fixes.BlockEntityJukeboxFix
[0284|t+14743ms|ThreadId(2)] [class_dump] bjh → net.minecraft.util.datafix.fixes.BlockEntityKeepPacked
[0285|t+14744ms|ThreadId(2)] [class_dump] bji → net.minecraft.util.datafix.fixes.BlockEntityRenameFix
[0286|t+14744ms|ThreadId(2)] [class_dump] bjj → net.minecraft.util.datafix.fixes.BlockEntityShulkerBoxColorFix
[0287|t+14744ms|ThreadId(2)] [class_dump] bjk → net.minecraft.util.datafix.fixes.BlockEntitySignDoubleSidedEditableTextFix
[0288|t+14745ms|ThreadId(2)] [class_dump] bjl → net.minecraft.util.datafix.fixes.BlockEntityUUIDFix
[0289|t+14745ms|ThreadId(2)] [class_dump] bjm → net.minecraft.util.datafix.fixes.BlockNameFlatteningFix
[0290|t+14745ms|ThreadId(2)] [class_dump] bjn → net.minecraft.util.datafix.fixes.BlockPosFormatAndRenamesFix
[0291|t+14746ms|ThreadId(2)] [class_dump] bjo → net.minecraft.util.datafix.fixes.BlockPropertyRenameAndFix
[0292|t+14746ms|ThreadId(2)] [class_dump] bjp → net.minecraft.util.datafix.fixes.BlockRenameFix
[0293|t+14746ms|ThreadId(2)] [class_dump] bjr → net.minecraft.util.datafix.fixes.BlockStateStructureTemplateFix
[0294|t+14747ms|ThreadId(2)] [class_dump] bjs → net.minecraft.util.datafix.fixes.BoatSplitFix
[0295|t+14747ms|ThreadId(2)] [class_dump] bjt → net.minecraft.util.datafix.fixes.CarvingStepRemoveFix
[0296|t+14747ms|ThreadId(2)] [class_dump] bju → net.minecraft.util.datafix.fixes.CatTypeFix
[0297|t+14747ms|ThreadId(2)] [class_dump] bjv → net.minecraft.util.datafix.fixes.CauldronRenameFix
[0298|t+14748ms|ThreadId(2)] [class_dump] bjw → net.minecraft.util.datafix.fixes.CavesAndCliffsRenames
[0299|t+14748ms|ThreadId(2)] [class_dump] bjx → net.minecraft.util.datafix.fixes.ChestedHorsesInventoryZeroIndexingFix
[0300|t+14749ms|ThreadId(2)] [class_dump] bjy → net.minecraft.util.datafix.fixes.ChunkBedBlockEntityInjecterFix
[0301|t+14751ms|ThreadId(2)] [class_dump] bjz → net.minecraft.util.datafix.fixes.ChunkBiomeFix
[0302|t+14753ms|ThreadId(2)] [class_dump] bka → net.minecraft.util.datafix.fixes.ChunkDeleteIgnoredLightDataFix
[0303|t+14754ms|ThreadId(2)] [class_dump] bkb → net.minecraft.util.datafix.fixes.ChunkDeleteLightFix
[0304|t+14754ms|ThreadId(2)] [class_dump] bkc → net.minecraft.util.datafix.fixes.ChunkHeightAndBiomeFix
[0305|t+14754ms|ThreadId(2)] [class_dump] bkd → net.minecraft.util.datafix.fixes.ChunkLightRemoveFix
[0306|t+14755ms|ThreadId(2)] [class_dump] bke → net.minecraft.util.datafix.fixes.ChunkPalettedStorageFix
[0307|t+14755ms|ThreadId(2)] [class_dump] bkf → net.minecraft.util.datafix.fixes.ChunkProtoTickListFix
[0308|t+14755ms|ThreadId(2)] [class_dump] bkg → net.minecraft.util.datafix.fixes.ChunkRenamesFix
[0309|t+14756ms|ThreadId(2)] [class_dump] bkh → net.minecraft.util.datafix.fixes.ChunkStatusFix
[0310|t+14756ms|ThreadId(2)] [class_dump] bki → net.minecraft.util.datafix.fixes.ChunkStatusFix2
[0311|t+14756ms|ThreadId(2)] [class_dump] bkj → net.minecraft.util.datafix.fixes.ChunkStructuresTemplateRenameFix
[0312|t+14757ms|ThreadId(2)] [class_dump] bkk → net.minecraft.util.datafix.fixes.ChunkTicketUnpackPosFix
[0313|t+14757ms|ThreadId(2)] [class_dump] bkl → net.minecraft.util.datafix.fixes.ChunkToProtochunkFix
[0314|t+14757ms|ThreadId(2)] [class_dump] bkm → net.minecraft.util.datafix.fixes.ColorlessShulkerEntityFix
[0315|t+14758ms|ThreadId(2)] [class_dump] bkn → net.minecraft.util.datafix.fixes.ContainerBlockEntityLockPredicateFix
[0316|t+14758ms|ThreadId(2)] [class_dump] bko → net.minecraft.util.datafix.fixes.CopperGolemWeatherStateFix
[0317|t+14758ms|ThreadId(2)] [class_dump] bkp → net.minecraft.util.datafix.fixes.CriteriaRenameFix
[0318|t+14759ms|ThreadId(2)] [class_dump] bkq → net.minecraft.util.datafix.fixes.CustomModelDataExpandFix
[0319|t+14759ms|ThreadId(2)] [class_dump] bkr → net.minecraft.util.datafix.fixes.DataComponentRemainderFix
[0320|t+14759ms|ThreadId(2)] [class_dump] bks → net.minecraft.util.datafix.fixes.DebugProfileOverlayReferenceFix
[0321|t+14761ms|ThreadId(2)] [class_dump] bkt → net.minecraft.util.datafix.fixes.DecoratedPotFieldRenameFix
[0322|t+14761ms|ThreadId(2)] [class_dump] bku → net.minecraft.util.datafix.fixes.DropChancesFormatFix
[0323|t+14762ms|ThreadId(2)] [class_dump] bkv → net.minecraft.util.datafix.fixes.DropInvalidSignDataFix
[0324|t+14762ms|ThreadId(2)] [class_dump] bkw → net.minecraft.util.datafix.fixes.DyeItemRenameFix
[0325|t+14763ms|ThreadId(2)] [class_dump] bkx → net.minecraft.util.datafix.fixes.EffectDurationFix
[0326|t+14763ms|ThreadId(2)] [class_dump] bky → net.minecraft.util.datafix.fixes.EmptyItemInHotbarFix
[0327|t+14764ms|ThreadId(2)] [class_dump] bkz → net.minecraft.util.datafix.fixes.EmptyItemInVillagerTradeFix
[0328|t+14764ms|ThreadId(2)] [class_dump] bla → net.minecraft.util.datafix.fixes.EntityArmorStandSilentFix
[0329|t+14764ms|ThreadId(2)] [class_dump] blb → net.minecraft.util.datafix.fixes.EntityAttributeBaseValueFix
[0330|t+14765ms|ThreadId(2)] [class_dump] blc → net.minecraft.util.datafix.fixes.EntityBlockStateFix
[0331|t+14765ms|ThreadId(2)] [class_dump] bld → net.minecraft.util.datafix.fixes.EntityBrushableBlockFieldsRenameFix
[0332|t+14765ms|ThreadId(2)] [class_dump] ble → net.minecraft.util.datafix.fixes.EntityCatSplitFix
[0333|t+14766ms|ThreadId(2)] [class_dump] blf → net.minecraft.util.datafix.fixes.EntityCodSalmonFix
[0334|t+14768ms|ThreadId(2)] [class_dump] blg → net.minecraft.util.datafix.fixes.EntityCustomNameToComponentFix
[0335|t+14771ms|ThreadId(2)] [class_dump] blh → net.minecraft.util.datafix.fixes.EntityElderGuardianSplitFix
[0336|t+14772ms|ThreadId(2)] [class_dump] bli → net.minecraft.util.datafix.fixes.EntityEquipmentToArmorAndHandFix
[0337|t+14772ms|ThreadId(2)] [class_dump] blj → net.minecraft.util.datafix.fixes.EntityFallDistanceFloatToDoubleFix
[0338|t+14772ms|ThreadId(2)] [class_dump] blk → net.minecraft.util.datafix.fixes.EntityFieldsRenameFix
[0339|t+14773ms|ThreadId(2)] [class_dump] bll → net.minecraft.util.datafix.fixes.EntityGoatMissingStateFix
[0340|t+14773ms|ThreadId(2)] [class_dump] blm → net.minecraft.util.datafix.fixes.EntityHealthFix
[0341|t+14774ms|ThreadId(2)] [class_dump] bln → net.minecraft.util.datafix.fixes.EntityHorseSaddleFix
[0342|t+14774ms|ThreadId(2)] [class_dump] blo → net.minecraft.util.datafix.fixes.EntityHorseSplitFix
[0343|t+14774ms|ThreadId(2)] [class_dump] blp → net.minecraft.util.datafix.fixes.EntityIdFix
[0344|t+14775ms|ThreadId(2)] [class_dump] blq → net.minecraft.util.datafix.fixes.EntityItemFrameDirectionFix
[0345|t+14775ms|ThreadId(2)] [class_dump] blr → net.minecraft.util.datafix.fixes.EntityMinecartIdentifiersFix
[0346|t+14775ms|ThreadId(2)] [class_dump] bls → net.minecraft.util.datafix.fixes.EntityPaintingItemFrameDirectionFix
[0347|t+14776ms|ThreadId(2)] [class_dump] blt → net.minecraft.util.datafix.fixes.EntityPaintingMotiveFix
[0348|t+14776ms|ThreadId(2)] [class_dump] blu → net.minecraft.util.datafix.fixes.EntityProjectileOwnerFix
[0349|t+14776ms|ThreadId(2)] [class_dump] blv → net.minecraft.util.datafix.fixes.EntityPufferfishRenameFix
[0350|t+14776ms|ThreadId(2)] [class_dump] blw → net.minecraft.util.datafix.fixes.EntityRavagerRenameFix
[0351|t+14777ms|ThreadId(2)] [class_dump] blx → net.minecraft.util.datafix.fixes.EntityRedundantChanceTagsFix
[0352|t+14777ms|ThreadId(2)] [class_dump] bly → net.minecraft.util.datafix.fixes.EntityRenameFix
[0353|t+14777ms|ThreadId(2)] [class_dump] blz → net.minecraft.util.datafix.fixes.EntityRidingToPassengersFix
[0354|t+14778ms|ThreadId(2)] [class_dump] bma → net.minecraft.util.datafix.fixes.EntitySalmonSizeFix
[0355|t+14778ms|ThreadId(2)] [class_dump] bmb → net.minecraft.util.datafix.fixes.EntityShulkerColorFix
[0356|t+14778ms|ThreadId(2)] [class_dump] bmc → net.minecraft.util.datafix.fixes.EntityShulkerRotationFix
[0357|t+14779ms|ThreadId(2)] [class_dump] bmd → net.minecraft.util.datafix.fixes.EntitySkeletonSplitFix
[0358|t+14779ms|ThreadId(2)] [class_dump] bme → net.minecraft.util.datafix.fixes.EntitySpawnerItemVariantComponentFix
[0359|t+14779ms|ThreadId(2)] [class_dump] bmf → net.minecraft.util.datafix.fixes.EntityStringUuidFix
[0360|t+14779ms|ThreadId(2)] [class_dump] bmg → net.minecraft.util.datafix.fixes.EntityTheRenameningFix
[0361|t+14780ms|ThreadId(2)] [class_dump] bmh → net.minecraft.util.datafix.fixes.EntityTippedArrowFix
[0362|t+14780ms|ThreadId(2)] [class_dump] bmi → net.minecraft.util.datafix.fixes.EntityUUIDFix
[0363|t+14780ms|ThreadId(2)] [class_dump] bmj → net.minecraft.util.datafix.fixes.EntityVariantFix
[0364|t+14781ms|ThreadId(2)] [class_dump] bmk → net.minecraft.util.datafix.fixes.EntityWolfColorFix
[0365|t+14781ms|ThreadId(2)] [class_dump] bml → net.minecraft.util.datafix.fixes.EntityZombieSplitFix
[0366|t+14781ms|ThreadId(2)] [class_dump] bmm → net.minecraft.util.datafix.fixes.EntityZombieVillagerTypeFix
[0367|t+14781ms|ThreadId(2)] [class_dump] bmn → net.minecraft.util.datafix.fixes.EntityZombifiedPiglinRenameFix
[0368|t+14782ms|ThreadId(2)] [class_dump] bmo → net.minecraft.util.datafix.fixes.EquipmentFormatFix
[0369|t+14782ms|ThreadId(2)] [class_dump] bmp → net.minecraft.util.datafix.fixes.EquippableAssetRenameFix
[0370|t+14782ms|ThreadId(2)] [class_dump] bmq → net.minecraft.util.datafix.fixes.FeatureFlagRemoveFix
[0371|t+14783ms|ThreadId(2)] [class_dump] bmr → net.minecraft.util.datafix.fixes.FilteredBooksFix
[0372|t+14784ms|ThreadId(2)] [class_dump] bms → net.minecraft.util.datafix.fixes.FilteredSignsFix
[0373|t+14785ms|ThreadId(2)] [class_dump] bmt → net.minecraft.util.datafix.fixes.FireResistantToDamageResistantComponentFix
[0374|t+14785ms|ThreadId(2)] [class_dump] bmu → net.minecraft.util.datafix.fixes.FixProjectileStoredItem
[0375|t+14786ms|ThreadId(2)] [class_dump] bmv → net.minecraft.util.datafix.fixes.FixWolfHealth
[0376|t+14786ms|ThreadId(2)] [class_dump] bmw → net.minecraft.util.datafix.fixes.FoodToConsumableFix
[0377|t+14787ms|ThreadId(2)] [class_dump] bmx → net.minecraft.util.datafix.fixes.ForcePoiRebuild
[0378|t+14787ms|ThreadId(2)] [class_dump] bmy → net.minecraft.util.datafix.fixes.ForcedChunkToTicketFix
[0379|t+14787ms|ThreadId(2)] [class_dump] bmz → net.minecraft.util.datafix.fixes.FurnaceRecipeFix
[0380|t+14787ms|ThreadId(2)] [class_dump] bna → net.minecraft.util.datafix.fixes.GameRuleRegistryFix
[0381|t+14788ms|ThreadId(2)] [class_dump] bnb → net.minecraft.util.datafix.fixes.GoatHornIdFix
[0382|t+14788ms|ThreadId(2)] [class_dump] bnc → net.minecraft.util.datafix.fixes.GossipUUIDFix
[0383|t+14788ms|ThreadId(2)] [class_dump] bnd → net.minecraft.util.datafix.fixes.HeightmapRenamingFix
[0384|t+14789ms|ThreadId(2)] [class_dump] bne → net.minecraft.util.datafix.fixes.HorseBodyArmorItemFix
[0385|t+14789ms|ThreadId(2)] [class_dump] bnf → net.minecraft.util.datafix.fixes.IglooMetadataRemovalFix
[0386|t+14789ms|ThreadId(2)] [class_dump] bng → net.minecraft.util.datafix.fixes.InlineBlockPosFormatFix
[0387|t+14790ms|ThreadId(2)] [class_dump] bnh → net.minecraft.util.datafix.fixes.InvalidBlockEntityLockFix
[0388|t+14790ms|ThreadId(2)] [class_dump] bni → net.minecraft.util.datafix.fixes.InvalidLockComponentFix
[0389|t+14791ms|ThreadId(2)] [class_dump] bnj → net.minecraft.util.datafix.fixes.ItemBannerColorFix
[0390|t+14791ms|ThreadId(2)] [class_dump] bnk → net.minecraft.util.datafix.fixes.ItemCustomNameToComponentFix
[0391|t+14792ms|ThreadId(2)] [class_dump] bnl → net.minecraft.util.datafix.fixes.ItemIdFix
[0392|t+14792ms|ThreadId(2)] [class_dump] bnm → net.minecraft.util.datafix.fixes.ItemLoreFix
[0393|t+14793ms|ThreadId(2)] [class_dump] bnn → net.minecraft.util.datafix.fixes.ItemPotionFix
[0394|t+14793ms|ThreadId(2)] [class_dump] bno → net.minecraft.util.datafix.fixes.ItemRenameFix
[0395|t+14794ms|ThreadId(2)] [class_dump] bnp → net.minecraft.util.datafix.fixes.ItemShulkerBoxColorFix
[0396|t+14794ms|ThreadId(2)] [class_dump] bnq → net.minecraft.util.datafix.fixes.ItemSpawnEggFix
[0397|t+14794ms|ThreadId(2)] [class_dump] bnr → net.minecraft.util.datafix.fixes.ItemStackComponentizationFix
[0398|t+14795ms|ThreadId(2)] [class_dump] bns → net.minecraft.util.datafix.fixes.ItemStackCustomNameToOverrideComponentFix
[0399|t+14796ms|ThreadId(2)] [class_dump] bnt → net.minecraft.util.datafix.fixes.ItemStackEnchantmentNamesFix
[0400|t+14796ms|ThreadId(2)] [class_dump] bnu → net.minecraft.util.datafix.fixes.ItemStackMapIdFix
[0401|t+14796ms|ThreadId(2)] [class_dump] bnv → net.minecraft.util.datafix.fixes.ItemStackSpawnEggFix
[0402|t+14797ms|ThreadId(2)] [class_dump] bnw → net.minecraft.util.datafix.fixes.ItemStackTagFix
[0403|t+14797ms|ThreadId(2)] [class_dump] bnx → net.minecraft.util.datafix.fixes.ItemStackTagRemainderFix
[0404|t+14797ms|ThreadId(2)] [class_dump] bny → net.minecraft.util.datafix.fixes.ItemStackTheFlatteningFix
[0405|t+14798ms|ThreadId(2)] [class_dump] bnz → net.minecraft.util.datafix.fixes.ItemStackUUIDFix
[0406|t+14798ms|ThreadId(2)] [class_dump] boa → net.minecraft.util.datafix.fixes.ItemWaterPotionFix
[0407|t+14798ms|ThreadId(2)] [class_dump] bob → net.minecraft.util.datafix.fixes.JigsawPropertiesFix
[0408|t+14798ms|ThreadId(2)] [class_dump] boc → net.minecraft.util.datafix.fixes.JigsawRotationFix
[0409|t+14799ms|ThreadId(2)] [class_dump] bod → net.minecraft.util.datafix.fixes.JukeboxTicksSinceSongStartedFix
[0410|t+14800ms|ThreadId(2)] [class_dump] boe → net.minecraft.util.datafix.fixes.LeavesFix
[0411|t+14802ms|ThreadId(2)] [class_dump] bof → net.minecraft.util.datafix.fixes.LegacyDimensionIdFix
[0412|t+14802ms|ThreadId(2)] [class_dump] bog → net.minecraft.util.datafix.fixes.LegacyDragonFightFix
[0413|t+14803ms|ThreadId(2)] [class_dump] boh → net.minecraft.util.datafix.fixes.LegacyHoverEventFix
[0414|t+14804ms|ThreadId(2)] [class_dump] boi → net.minecraft.util.datafix.fixes.LegacyWorldBorderFix
[0415|t+14804ms|ThreadId(2)] [class_dump] boj → net.minecraft.util.datafix.fixes.LevelDataGeneratorOptionsFix
[0416|t+14804ms|ThreadId(2)] [class_dump] bok → net.minecraft.util.datafix.fixes.LevelFlatGeneratorInfoFix
[0417|t+14805ms|ThreadId(2)] [class_dump] bol → net.minecraft.util.datafix.fixes.LevelLegacyWorldGenSettingsFix
[0418|t+14805ms|ThreadId(2)] [class_dump] bom → net.minecraft.util.datafix.fixes.LevelUUIDFix
[0419|t+14806ms|ThreadId(2)] [class_dump] bon → net.minecraft.util.datafix.fixes.LockComponentPredicateFix
[0420|t+14806ms|ThreadId(2)] [class_dump] boo → net.minecraft.util.datafix.fixes.LodestoneCompassComponentFix
[0421|t+14806ms|ThreadId(2)] [class_dump] bop → net.minecraft.util.datafix.fixes.MapBannerBlockPosFormatFix
[0422|t+14807ms|ThreadId(2)] [class_dump] boq → net.minecraft.util.datafix.fixes.MapIdFix
[0423|t+14807ms|ThreadId(2)] [class_dump] bor → net.minecraft.util.datafix.fixes.MemoryExpiryDataFix
[0424|t+14807ms|ThreadId(2)] [class_dump] bos → net.minecraft.util.datafix.fixes.MissingDimensionFix
[0425|t+14808ms|ThreadId(2)] [class_dump] bot → net.minecraft.util.datafix.fixes.MobEffectIdFix
[0426|t+14808ms|ThreadId(2)] [class_dump] bou → net.minecraft.util.datafix.fixes.MobSpawnerEntityIdentifiersFix
[0427|t+14809ms|ThreadId(2)] [class_dump] bov → net.minecraft.util.datafix.fixes.NamedEntityConvertUncheckedFix
[0428|t+14809ms|ThreadId(2)] [class_dump] bow → net.minecraft.util.datafix.fixes.NamedEntityFix
[0429|t+14809ms|ThreadId(2)] [class_dump] box → net.minecraft.util.datafix.fixes.NamedEntityWriteReadFix
[0430|t+14810ms|ThreadId(2)] [class_dump] boy → net.minecraft.util.datafix.fixes.NamespacedTypeRenameFix
[0431|t+14810ms|ThreadId(2)] [class_dump] boz → net.minecraft.util.datafix.fixes.NewVillageFix
[0432|t+14810ms|ThreadId(2)] [class_dump] bpa → net.minecraft.util.datafix.fixes.ObjectiveRenderTypeFix
[0433|t+14811ms|ThreadId(2)] [class_dump] bpb → net.minecraft.util.datafix.fixes.OminousBannerBlockEntityRenameFix
[0434|t+14811ms|ThreadId(2)] [class_dump] bpc → net.minecraft.util.datafix.fixes.OminousBannerRarityFix
[0435|t+14811ms|ThreadId(2)] [class_dump] bpd → net.minecraft.util.datafix.fixes.OminousBannerRenameFix
[0436|t+14812ms|ThreadId(2)] [class_dump] bpe → net.minecraft.util.datafix.fixes.OptionsAccessibilityOnboardFix
[0437|t+14812ms|ThreadId(2)] [class_dump] bpf → net.minecraft.util.datafix.fixes.OptionsAddTextBackgroundFix
[0438|t+14812ms|ThreadId(2)] [class_dump] bpg → net.minecraft.util.datafix.fixes.OptionsAmbientOcclusionFix
[0439|t+14813ms|ThreadId(2)] [class_dump] bph → net.minecraft.util.datafix.fixes.OptionsFancyGraphicsToGraphicsModeFix
[0440|t+14813ms|ThreadId(2)] [class_dump] bpi → net.minecraft.util.datafix.fixes.OptionsForceVBOFix
[0441|t+14813ms|ThreadId(2)] [class_dump] bpj → net.minecraft.util.datafix.fixes.OptionsGraphicsModeSplitFix
[0442|t+14814ms|ThreadId(2)] [class_dump] bpk → net.minecraft.util.datafix.fixes.OptionsKeyLwjgl3Fix
[0443|t+14814ms|ThreadId(2)] [class_dump] bpl → net.minecraft.util.datafix.fixes.OptionsKeyTranslationFix
[0444|t+14815ms|ThreadId(2)] [class_dump] bpm → net.minecraft.util.datafix.fixes.OptionsLowerCaseLanguageFix
[0445|t+14815ms|ThreadId(2)] [class_dump] bpn → net.minecraft.util.datafix.fixes.OptionsMenuBlurrinessFix
[0446|t+14815ms|ThreadId(2)] [class_dump] bpo → net.minecraft.util.datafix.fixes.OptionsMusicToastFix
[0447|t+14816ms|ThreadId(2)] [class_dump] bpp → net.minecraft.util.datafix.fixes.OptionsProgrammerArtFix
[0448|t+14819ms|ThreadId(2)] [class_dump] bpq → net.minecraft.util.datafix.fixes.OptionsRenameFieldFix
[0449|t+14820ms|ThreadId(2)] [class_dump] bpr → net.minecraft.util.datafix.fixes.OptionsSetGraphicsPresetToCustomFix
[0450|t+14821ms|ThreadId(2)] [class_dump] bps → net.minecraft.util.datafix.fixes.OverreachingTickFix
[0451|t+14821ms|ThreadId(2)] [class_dump] bpt → net.minecraft.util.datafix.fixes.ParticleUnflatteningFix
[0452|t+14822ms|ThreadId(2)] [class_dump] bpu → net.minecraft.util.datafix.fixes.PlayerEquipmentFix
[0453|t+14822ms|ThreadId(2)] [class_dump] bpv → net.minecraft.util.datafix.fixes.PlayerHeadBlockProfileFix
[0454|t+14822ms|ThreadId(2)] [class_dump] bpw → net.minecraft.util.datafix.fixes.PlayerRespawnDataFix
[0455|t+14823ms|ThreadId(2)] [class_dump] bpx → net.minecraft.util.datafix.fixes.PlayerUUIDFix
[0456|t+14823ms|ThreadId(2)] [class_dump] bpy → net.minecraft.util.datafix.fixes.PoiTypeRemoveFix
[0457|t+14823ms|ThreadId(2)] [class_dump] bpz → net.minecraft.util.datafix.fixes.PoiTypeRenameFix
[0458|t+14824ms|ThreadId(2)] [class_dump] bqa → net.minecraft.util.datafix.fixes.PrimedTntBlockStateFixer
[0459|t+14824ms|ThreadId(2)] [class_dump] bqb → net.minecraft.util.datafix.fixes.ProjectileStoredWeaponFix
[0460|t+14824ms|ThreadId(2)] [class_dump] bqc → net.minecraft.util.datafix.fixes.RaidRenamesDataFix
[0461|t+14825ms|ThreadId(2)] [class_dump] bqd → net.minecraft.util.datafix.fixes.RandomSequenceSettingsFix
[0462|t+14825ms|ThreadId(2)] [class_dump] bqe → net.minecraft.util.datafix.fixes.RecipesFix
[0463|t+14825ms|ThreadId(2)] [class_dump] bqf → net.minecraft.util.datafix.fixes.RecipesRenameningFix
[0464|t+14826ms|ThreadId(2)] [class_dump] bqg → net.minecraft.util.datafix.fixes.RedstoneWireConnectionsFix
[0465|t+14826ms|ThreadId(2)] [class_dump] bqh → net.minecraft.util.datafix.fixes.References
[0466|t+14826ms|ThreadId(2)] [class_dump] bqi → net.minecraft.util.datafix.fixes.RemapChunkStatusFix
[0467|t+14827ms|ThreadId(2)] [class_dump] bqj → net.minecraft.util.datafix.fixes.RemoveBlockEntityTagFix
[0468|t+14827ms|ThreadId(2)] [class_dump] bqk → net.minecraft.util.datafix.fixes.RemoveEmptyItemInBrushableBlockFix
[0469|t+14827ms|ThreadId(2)] [class_dump] bql → net.minecraft.util.datafix.fixes.RemoveGolemGossipFix
[0470|t+14828ms|ThreadId(2)] [class_dump] bqm → net.minecraft.util.datafix.fixes.RenameEnchantmentsFix
[0471|t+14828ms|ThreadId(2)] [class_dump] bqn → net.minecraft.util.datafix.fixes.RenamedCoralFansFix
[0472|t+14829ms|ThreadId(2)] [class_dump] bqo → net.minecraft.util.datafix.fixes.RenamedCoralFix
[0473|t+14829ms|ThreadId(2)] [class_dump] bqp → net.minecraft.util.datafix.fixes.ReorganizePoi
[0474|t+14829ms|ThreadId(2)] [class_dump] bqq → net.minecraft.util.datafix.fixes.SaddleEquipmentSlotFix
[0475|t+14830ms|ThreadId(2)] [class_dump] bqr → net.minecraft.util.datafix.fixes.SavedDataFeaturePoolElementFix
[0476|t+14831ms|ThreadId(2)] [class_dump] bqs → net.minecraft.util.datafix.fixes.SavedDataUUIDFix
[0477|t+14831ms|ThreadId(2)] [class_dump] bqt → net.minecraft.util.datafix.fixes.ScoreboardDisplayNameFix
[0478|t+14831ms|ThreadId(2)] [class_dump] bqu → net.minecraft.util.datafix.fixes.ScoreboardDisplaySlotFix
[0479|t+14832ms|ThreadId(2)] [class_dump] bqv → net.minecraft.util.datafix.fixes.SignTextStrictJsonFix
[0480|t+14832ms|ThreadId(2)] [class_dump] bqw → net.minecraft.util.datafix.fixes.SimpleEntityRenameFix
[0481|t+14833ms|ThreadId(2)] [class_dump] bqx → net.minecraft.util.datafix.fixes.SimplestEntityRenameFix
[0482|t+14836ms|ThreadId(2)] [class_dump] bqy → net.minecraft.util.datafix.fixes.SpawnerDataFix
[0483|t+14836ms|ThreadId(2)] [class_dump] bqz → net.minecraft.util.datafix.fixes.StatsCounterFix
[0484|t+14837ms|ThreadId(2)] [class_dump] bra → net.minecraft.util.datafix.fixes.StatsRenameFix
[0485|t+14837ms|ThreadId(2)] [class_dump] brb → net.minecraft.util.datafix.fixes.StriderGravityFix
[0486|t+14837ms|ThreadId(2)] [class_dump] brc → net.minecraft.util.datafix.fixes.StructureReferenceCountFix
[0487|t+14838ms|ThreadId(2)] [class_dump] brd → net.minecraft.util.datafix.fixes.StructureSettingsFlattenFix
[0488|t+14838ms|ThreadId(2)] [class_dump] bre → net.minecraft.util.datafix.fixes.StructuresBecomeConfiguredFix
[0489|t+14839ms|ThreadId(2)] [class_dump] brf → net.minecraft.util.datafix.fixes.TextComponentHoverAndClickEventFix
[0490|t+14839ms|ThreadId(2)] [class_dump] brg → net.minecraft.util.datafix.fixes.TextComponentStringifiedFlagsFix
[0491|t+14840ms|ThreadId(2)] [class_dump] brh → net.minecraft.util.datafix.fixes.ThrownPotionSplitFix
[0492|t+14841ms|ThreadId(2)] [class_dump] bri → net.minecraft.util.datafix.fixes.TippedArrowPotionToItemFix
[0493|t+14841ms|ThreadId(2)] [class_dump] brj → net.minecraft.util.datafix.fixes.TooltipDisplayComponentFix
[0494|t+14842ms|ThreadId(2)] [class_dump] brk → net.minecraft.util.datafix.fixes.TrappedChestBlockEntityFix
[0495|t+14842ms|ThreadId(2)] [class_dump] brl → net.minecraft.util.datafix.fixes.TrialSpawnerConfigFix
[0496|t+14843ms|ThreadId(2)] [class_dump] brm → net.minecraft.util.datafix.fixes.TrialSpawnerConfigInRegistryFix
[0497|t+14843ms|ThreadId(2)] [class_dump] brn → net.minecraft.util.datafix.fixes.TridentAnimationFix
[0498|t+14844ms|ThreadId(2)] [class_dump] bro → net.minecraft.util.datafix.fixes.UnflattenTextComponentFix
[0499|t+14846ms|ThreadId(2)] [class_dump] brp → net.minecraft.util.datafix.fixes.VariantRenameFix
[0500|t+14846ms|ThreadId(2)] [class_dump] brq → net.minecraft.util.datafix.fixes.VillagerDataFix
[0501|t+14847ms|ThreadId(2)] [class_dump] brr → net.minecraft.util.datafix.fixes.VillagerFollowRangeFix
[0502|t+14847ms|ThreadId(2)] [class_dump] brs → net.minecraft.util.datafix.fixes.VillagerRebuildLevelAndXpFix
[0503|t+14848ms|ThreadId(2)] [class_dump] brt → net.minecraft.util.datafix.fixes.VillagerSetCanPickUpLootFix
[0504|t+14848ms|ThreadId(2)] [class_dump] bru → net.minecraft.util.datafix.fixes.VillagerTradeFix
[0505|t+14848ms|ThreadId(2)] [class_dump] brv → net.minecraft.util.datafix.fixes.WallPropertyFix
[0506|t+14849ms|ThreadId(2)] [class_dump] brw → net.minecraft.util.datafix.fixes.WeaponSmithChestLootTableFix
[0507|t+14849ms|ThreadId(2)] [class_dump] brx → net.minecraft.util.datafix.fixes.WorldBorderWarningTimeFix
[0508|t+14850ms|ThreadId(2)] [class_dump] bry → net.minecraft.util.datafix.fixes.WorldGenSettingsDisallowOldCustomWorldsFix
[0509|t+14851ms|ThreadId(2)] [class_dump] brz → net.minecraft.util.datafix.fixes.WorldGenSettingsFix
[0510|t+14852ms|ThreadId(2)] [class_dump] bsa → net.minecraft.util.datafix.fixes.WorldGenSettingsHeightAndBiomeFix
[0511|t+14853ms|ThreadId(2)] [class_dump] bsb → net.minecraft.util.datafix.fixes.WorldSpawnDataFix
[0512|t+14853ms|ThreadId(2)] [class_dump] bsc → net.minecraft.util.datafix.fixes.WriteAndReadFix
[0513|t+14854ms|ThreadId(2)] [class_dump] bsd → net.minecraft.util.datafix.fixes.WrittenBookPagesStrictJsonFix
[0514|t+14854ms|ThreadId(2)] [class_dump] bse → net.minecraft.util.datafix.fixes.ZombieVillagerRebuildXpFix
[0515|t+14854ms|ThreadId(2)] [class_dump] bsh → net.minecraft.util.datafix.schemas.NamespacedSchema
[0516|t+14855ms|ThreadId(2)] [class_dump] bsi → net.minecraft.util.datafix.schemas.V100
[0517|t+14855ms|ThreadId(2)] [class_dump] bsj → net.minecraft.util.datafix.schemas.V102
[0518|t+14855ms|ThreadId(2)] [class_dump] bsk → net.minecraft.util.datafix.schemas.V1022
[0519|t+14855ms|ThreadId(2)] [class_dump] bsl → net.minecraft.util.datafix.schemas.V106
[0520|t+14856ms|ThreadId(2)] [class_dump] bsm → net.minecraft.util.datafix.schemas.V107
[0521|t+14856ms|ThreadId(2)] [class_dump] bsn → net.minecraft.util.datafix.schemas.V1125
[0522|t+14856ms|ThreadId(2)] [class_dump] bso → net.minecraft.util.datafix.schemas.V135
[0523|t+14857ms|ThreadId(2)] [class_dump] bsp → net.minecraft.util.datafix.schemas.V143
[0524|t+14857ms|ThreadId(2)] [class_dump] bsq → net.minecraft.util.datafix.schemas.V1451
[0525|t+14857ms|ThreadId(2)] [class_dump] bsr → net.minecraft.util.datafix.schemas.V1451_1
[0526|t+14857ms|ThreadId(2)] [class_dump] bss → net.minecraft.util.datafix.schemas.V1451_2
[0527|t+14858ms|ThreadId(2)] [class_dump] bst → net.minecraft.util.datafix.schemas.V1451_3
[0528|t+14858ms|ThreadId(2)] [class_dump] bsu → net.minecraft.util.datafix.schemas.V1451_4
[0529|t+14858ms|ThreadId(2)] [class_dump] bsv → net.minecraft.util.datafix.schemas.V1451_5
[0530|t+14859ms|ThreadId(2)] [class_dump] bsw → net.minecraft.util.datafix.schemas.V1451_6
[0531|t+14859ms|ThreadId(2)] [class_dump] bsx → net.minecraft.util.datafix.schemas.V1458
[0532|t+14859ms|ThreadId(2)] [class_dump] bsy → net.minecraft.util.datafix.schemas.V1460
[0533|t+14860ms|ThreadId(2)] [class_dump] bsz → net.minecraft.util.datafix.schemas.V1466
[0534|t+14860ms|ThreadId(2)] [class_dump] bta → net.minecraft.util.datafix.schemas.V1470
[0535|t+14860ms|ThreadId(2)] [class_dump] btb → net.minecraft.util.datafix.schemas.V1481
[0536|t+14861ms|ThreadId(2)] [class_dump] btc → net.minecraft.util.datafix.schemas.V1483
[0537|t+14861ms|ThreadId(2)] [class_dump] btd → net.minecraft.util.datafix.schemas.V1486
[0538|t+14861ms|ThreadId(2)] [class_dump] bte → net.minecraft.util.datafix.schemas.V1488
[0539|t+14862ms|ThreadId(2)] [class_dump] btf → net.minecraft.util.datafix.schemas.V1510
[0540|t+14862ms|ThreadId(2)] [class_dump] btg → net.minecraft.util.datafix.schemas.V1800
[0541|t+14862ms|ThreadId(2)] [class_dump] bth → net.minecraft.util.datafix.schemas.V1801
[0542|t+14863ms|ThreadId(2)] [class_dump] bti → net.minecraft.util.datafix.schemas.V1904
[0543|t+14863ms|ThreadId(2)] [class_dump] btj → net.minecraft.util.datafix.schemas.V1906
[0544|t+14863ms|ThreadId(2)] [class_dump] btk → net.minecraft.util.datafix.schemas.V1909
[0545|t+14864ms|ThreadId(2)] [class_dump] btl → net.minecraft.util.datafix.schemas.V1920
[0546|t+14864ms|ThreadId(2)] [class_dump] btm → net.minecraft.util.datafix.schemas.V1928
[0547|t+14864ms|ThreadId(2)] [class_dump] btn → net.minecraft.util.datafix.schemas.V1929
[0548|t+14865ms|ThreadId(2)] [class_dump] bto → net.minecraft.util.datafix.schemas.V1931
[0549|t+14865ms|ThreadId(2)] [class_dump] btp → net.minecraft.util.datafix.schemas.V2100
[0550|t+14865ms|ThreadId(2)] [class_dump] btq → net.minecraft.util.datafix.schemas.V2501
[0551|t+14868ms|ThreadId(2)] [class_dump] btr → net.minecraft.util.datafix.schemas.V2502
[0552|t+14869ms|ThreadId(2)] [class_dump] bts → net.minecraft.util.datafix.schemas.V2505
[0553|t+14870ms|ThreadId(2)] [class_dump] btt → net.minecraft.util.datafix.schemas.V2509
[0554|t+14870ms|ThreadId(2)] [class_dump] btu → net.minecraft.util.datafix.schemas.V2511_1
[0555|t+14871ms|ThreadId(2)] [class_dump] btv → net.minecraft.util.datafix.schemas.V2519
[0556|t+14871ms|ThreadId(2)] [class_dump] btw → net.minecraft.util.datafix.schemas.V2522
[0557|t+14871ms|ThreadId(2)] [class_dump] btx → net.minecraft.util.datafix.schemas.V2551
[0558|t+14872ms|ThreadId(2)] [class_dump] bty → net.minecraft.util.datafix.schemas.V2568
[0559|t+14872ms|ThreadId(2)] [class_dump] btz → net.minecraft.util.datafix.schemas.V2571
[0560|t+14873ms|ThreadId(2)] [class_dump] bu → net.minecraft.advancements.criterion.EntitySubPredicates
[0561|t+14873ms|ThreadId(2)] [class_dump] bua → net.minecraft.util.datafix.schemas.V2684
[0562|t+14873ms|ThreadId(2)] [class_dump] bub → net.minecraft.util.datafix.schemas.V2686
[0563|t+14874ms|ThreadId(2)] [class_dump] buc → net.minecraft.util.datafix.schemas.V2688
[0564|t+14874ms|ThreadId(2)] [class_dump] bud → net.minecraft.util.datafix.schemas.V2704
[0565|t+14874ms|ThreadId(2)] [class_dump] bue → net.minecraft.util.datafix.schemas.V2707
[0566|t+14875ms|ThreadId(2)] [class_dump] buf → net.minecraft.util.datafix.schemas.V2831
[0567|t+14875ms|ThreadId(2)] [class_dump] bug → net.minecraft.util.datafix.schemas.V2832
[0568|t+14875ms|ThreadId(2)] [class_dump] buh → net.minecraft.util.datafix.schemas.V2842
[0569|t+14875ms|ThreadId(2)] [class_dump] bui → net.minecraft.util.datafix.schemas.V3076
[0570|t+14876ms|ThreadId(2)] [class_dump] buj → net.minecraft.util.datafix.schemas.V3078
[0571|t+14876ms|ThreadId(2)] [class_dump] buk → net.minecraft.util.datafix.schemas.V3081
[0572|t+14876ms|ThreadId(2)] [class_dump] bul → net.minecraft.util.datafix.schemas.V3082
[0573|t+14877ms|ThreadId(2)] [class_dump] bum → net.minecraft.util.datafix.schemas.V3083
[0574|t+14877ms|ThreadId(2)] [class_dump] bun → net.minecraft.util.datafix.schemas.V3202
[0575|t+14877ms|ThreadId(2)] [class_dump] buo → net.minecraft.util.datafix.schemas.V3203
[0576|t+14877ms|ThreadId(2)] [class_dump] bup → net.minecraft.util.datafix.schemas.V3204
[0577|t+14878ms|ThreadId(2)] [class_dump] buq → net.minecraft.util.datafix.schemas.V3325
[0578|t+14878ms|ThreadId(2)] [class_dump] bur → net.minecraft.util.datafix.schemas.V3326
[0579|t+14878ms|ThreadId(2)] [class_dump] bus → net.minecraft.util.datafix.schemas.V3327
[0580|t+14879ms|ThreadId(2)] [class_dump] but → net.minecraft.util.datafix.schemas.V3328
[0581|t+14879ms|ThreadId(2)] [class_dump] buu → net.minecraft.util.datafix.schemas.V3438
[0582|t+14879ms|ThreadId(2)] [class_dump] buv → net.minecraft.util.datafix.schemas.V3439
[0583|t+14880ms|ThreadId(2)] [class_dump] buw → net.minecraft.util.datafix.schemas.V3439_1
[0584|t+14880ms|ThreadId(2)] [class_dump] bux → net.minecraft.util.datafix.schemas.V3448
[0585|t+14880ms|ThreadId(2)] [class_dump] buy → net.minecraft.util.datafix.schemas.V3682
[0586|t+14881ms|ThreadId(2)] [class_dump] buz → net.minecraft.util.datafix.schemas.V3683
[0587|t+14881ms|ThreadId(2)] [class_dump] bva → net.minecraft.util.datafix.schemas.V3685
[0588|t+14881ms|ThreadId(2)] [class_dump] bvb → net.minecraft.util.datafix.schemas.V3689
[0589|t+14882ms|ThreadId(2)] [class_dump] bvc → net.minecraft.util.datafix.schemas.V3799
[0590|t+14882ms|ThreadId(2)] [class_dump] bvd → net.minecraft.util.datafix.schemas.V3807
[0591|t+14883ms|ThreadId(2)] [class_dump] bve → net.minecraft.util.datafix.schemas.V3808
[0592|t+14887ms|ThreadId(2)] [class_dump] bvf → net.minecraft.util.datafix.schemas.V3808_1
[0593|t+14887ms|ThreadId(2)] [class_dump] bvg → net.minecraft.util.datafix.schemas.V3808_2
[0594|t+14887ms|ThreadId(2)] [class_dump] bvh → net.minecraft.util.datafix.schemas.V3813
[0595|t+14888ms|ThreadId(2)] [class_dump] bvi → net.minecraft.util.datafix.schemas.V3816
[0596|t+14888ms|ThreadId(2)] [class_dump] bvj → net.minecraft.util.datafix.schemas.V3818
[0597|t+14888ms|ThreadId(2)] [class_dump] bvk → net.minecraft.util.datafix.schemas.V3818_3
[0598|t+14889ms|ThreadId(2)] [class_dump] bvl → net.minecraft.util.datafix.schemas.V3818_4
[0599|t+14889ms|ThreadId(2)] [class_dump] bvm → net.minecraft.util.datafix.schemas.V3818_5
[0600|t+14889ms|ThreadId(2)] [class_dump] bvn → net.minecraft.util.datafix.schemas.V3825
[0601|t+14890ms|ThreadId(2)] [class_dump] bvo → net.minecraft.util.datafix.schemas.V3938
[0602|t+14890ms|ThreadId(2)] [class_dump] bvp → net.minecraft.util.datafix.schemas.V4059
[0603|t+14890ms|ThreadId(2)] [class_dump] bvq → net.minecraft.util.datafix.schemas.V4067
[0604|t+14891ms|ThreadId(2)] [class_dump] bvr → net.minecraft.util.datafix.schemas.V4070
[0605|t+14891ms|ThreadId(2)] [class_dump] bvs → net.minecraft.util.datafix.schemas.V4071
[0606|t+14891ms|ThreadId(2)] [class_dump] bvt → net.minecraft.util.datafix.schemas.V4290
[0607|t+14892ms|ThreadId(2)] [class_dump] bvu → net.minecraft.util.datafix.schemas.V4292
[0608|t+14892ms|ThreadId(2)] [class_dump] bvv → net.minecraft.util.datafix.schemas.V4300
[0609|t+14892ms|ThreadId(2)] [class_dump] bvw → net.minecraft.util.datafix.schemas.V4301
[0610|t+14893ms|ThreadId(2)] [class_dump] bvx → net.minecraft.util.datafix.schemas.V4302
[0611|t+14893ms|ThreadId(2)] [class_dump] bvy → net.minecraft.util.datafix.schemas.V4306
[0612|t+14893ms|ThreadId(2)] [class_dump] bvz → net.minecraft.util.datafix.schemas.V4307
[0613|t+14894ms|ThreadId(2)] [class_dump] bwa → net.minecraft.util.datafix.schemas.V4312
[0614|t+14894ms|ThreadId(2)] [class_dump] bwb → net.minecraft.util.datafix.schemas.V4420
[0615|t+14894ms|ThreadId(2)] [class_dump] bwc → net.minecraft.util.datafix.schemas.V4421
[0616|t+14895ms|ThreadId(2)] [class_dump] bwd → net.minecraft.util.datafix.schemas.V4531
[0617|t+14895ms|ThreadId(2)] [class_dump] bwe → net.minecraft.util.datafix.schemas.V4532
[0618|t+14896ms|ThreadId(2)] [class_dump] bwf → net.minecraft.util.datafix.schemas.V4533
[0619|t+14896ms|ThreadId(2)] [class_dump] bwg → net.minecraft.util.datafix.schemas.V4543
[0620|t+14896ms|ThreadId(2)] [class_dump] bwh → net.minecraft.util.datafix.schemas.V4648
[0621|t+14897ms|ThreadId(2)] [class_dump] bwi → net.minecraft.util.datafix.schemas.V4656
[0622|t+14897ms|ThreadId(2)] [class_dump] bwj → net.minecraft.util.datafix.schemas.V501
[0623|t+14897ms|ThreadId(2)] [class_dump] bwk → net.minecraft.util.datafix.schemas.V700
[0624|t+14898ms|ThreadId(2)] [class_dump] bwl → net.minecraft.util.datafix.schemas.V701
[0625|t+14898ms|ThreadId(2)] [class_dump] bwm → net.minecraft.util.datafix.schemas.V702
[0626|t+14898ms|ThreadId(2)] [class_dump] bwn → net.minecraft.util.datafix.schemas.V703
[0627|t+14899ms|ThreadId(2)] [class_dump] bwo → net.minecraft.util.datafix.schemas.V704
[0628|t+14899ms|ThreadId(2)] [class_dump] bwp → net.minecraft.util.datafix.schemas.V705
[0629|t+14899ms|ThreadId(2)] [class_dump] bwq → net.minecraft.util.datafix.schemas.V808
[0630|t+14904ms|ThreadId(2)] [class_dump] bwr → net.minecraft.util.datafix.schemas.V99
[0631|t+14904ms|ThreadId(2)] [class_dump] bxe → net.minecraft.util.debug.DebugSubscription
[0632|t+14905ms|ThreadId(2)] [class_dump] bxf → net.minecraft.util.debug.DebugSubscriptions
[0633|t+14905ms|ThreadId(2)] [class_dump] bxh → net.minecraft.util.debug.DebugValueSource
[0634|t+14905ms|ThreadId(2)] [class_dump] bxm → net.minecraft.util.debugchart.AbstractSampleLogger
[0635|t+14906ms|ThreadId(2)] [class_dump] bxn → net.minecraft.util.debugchart.LocalSampleLogger
[0636|t+14906ms|ThreadId(2)] [class_dump] bxo → net.minecraft.util.debugchart.RemoteDebugSampleType
[0637|t+14906ms|ThreadId(2)] [class_dump] bxq → net.minecraft.util.debugchart.SampleLogger
[0638|t+14906ms|ThreadId(2)] [class_dump] bxr → net.minecraft.util.debugchart.SampleStorage
[0639|t+14907ms|ThreadId(2)] [class_dump] byc → net.minecraft.util.parsing.packrat.Atom
[0640|t+14907ms|ThreadId(2)] [class_dump] byf → net.minecraft.util.parsing.packrat.DelayedException
[0641|t+14907ms|ThreadId(2)] [class_dump] byg → net.minecraft.util.parsing.packrat.Dictionary
[0642|t+14907ms|ThreadId(2)] [class_dump] byh → net.minecraft.util.parsing.packrat.ErrorCollector
[0643|t+14908ms|ThreadId(2)] [class_dump] byj → net.minecraft.util.parsing.packrat.NamedRule
[0644|t+14908ms|ThreadId(2)] [class_dump] byk → net.minecraft.util.parsing.packrat.ParseState
[0645|t+14908ms|ThreadId(2)] [class_dump] byl → net.minecraft.util.parsing.packrat.Rule
[0646|t+14909ms|ThreadId(2)] [class_dump] bym → net.minecraft.util.parsing.packrat.Scope
[0647|t+14909ms|ThreadId(2)] [class_dump] byn → net.minecraft.util.parsing.packrat.SuggestionSupplier
[0648|t+14909ms|ThreadId(2)] [class_dump] byo → net.minecraft.util.parsing.packrat.Term
[0649|t+14909ms|ThreadId(2)] [class_dump] byp → net.minecraft.util.parsing.packrat.commands.CommandArgumentParser
[0650|t+14910ms|ThreadId(2)] [class_dump] byq → net.minecraft.util.parsing.packrat.commands.Grammar
[0651|t+14910ms|ThreadId(2)] [class_dump] byr → net.minecraft.util.parsing.packrat.commands.GreedyPatternParseRule
[0652|t+14910ms|ThreadId(2)] [class_dump] bys → net.minecraft.util.parsing.packrat.commands.GreedyPredicateParseRule
[0653|t+14910ms|ThreadId(2)] [class_dump] byu → net.minecraft.util.parsing.packrat.commands.NumberRunParseRule
[0654|t+14911ms|ThreadId(2)] [class_dump] byz → net.minecraft.util.parsing.packrat.commands.StringReaderTerms
[0655|t+14911ms|ThreadId(2)] [class_dump] bzb → net.minecraft.util.parsing.packrat.commands.UnquotedStringParseRule
[0656|t+14911ms|ThreadId(2)] [class_dump] bzm → net.minecraft.util.profiling.ProfilerFiller
[0657|t+14912ms|ThreadId(2)] [class_dump] caz → net.minecraft.util.profiling.metrics.MetricsSamplerProvider
[0658|t+14912ms|ThreadId(2)] [class_dump] cba → net.minecraft.util.profiling.metrics.ProfilerMeasured
[0659|t+14912ms|ThreadId(2)] [class_dump] cbe → net.minecraft.util.profiling.metrics.profiling.MetricsRecorder
[0660|t+14912ms|ThreadId(2)] [class_dump] cbm → net.minecraft.util.random.Weighted
[0661|t+14913ms|ThreadId(2)] [class_dump] cbn → net.minecraft.util.random.WeightedList
[0662|t+14913ms|ThreadId(2)] [class_dump] cbo → net.minecraft.util.random.WeightedRandom
[0663|t+14914ms|ThreadId(2)] [class_dump] cbr → net.minecraft.util.thread.BlockableEventLoop
[0664|t+14914ms|ThreadId(2)] [class_dump] cbv → net.minecraft.util.thread.ReentrantBlockableEventLoop
[0665|t+14915ms|ThreadId(2)] [class_dump] cbx → net.minecraft.util.thread.TaskScheduler
[0666|t+14915ms|ThreadId(2)] [class_dump] cbz → net.minecraft.util.valueproviders.BiasedToBottomInt
[0667|t+14916ms|ThreadId(2)] [class_dump] ccb → net.minecraft.util.valueproviders.ClampedNormalFloat
[0668|t+14917ms|ThreadId(2)] [class_dump] cce → net.minecraft.util.valueproviders.ConstantInt
[0669|t+14917ms|ThreadId(2)] [class_dump] ccf → net.minecraft.util.valueproviders.FloatProvider
[0670|t+14918ms|ThreadId(2)] [class_dump] cch → net.minecraft.util.valueproviders.IntProvider
[0671|t+14918ms|ThreadId(2)] [class_dump] cci → net.minecraft.util.valueproviders.IntProviderType
[0672|t+14919ms|ThreadId(2)] [class_dump] cck → net.minecraft.util.valueproviders.SampledFloat
[0673|t+14919ms|ThreadId(2)] [class_dump] ccm → net.minecraft.util.valueproviders.UniformFloat
[0674|t+14919ms|ThreadId(2)] [class_dump] ccn → net.minecraft.util.valueproviders.UniformInt
[0675|t+14920ms|ThreadId(2)] [class_dump] cco → net.minecraft.util.valueproviders.WeightedListInt
[0676|t+14921ms|ThreadId(2)] [class_dump] cct → net.minecraft.world.Clearable
[0677|t+14921ms|ThreadId(2)] [class_dump] ccv → net.minecraft.world.Container
[0678|t+14921ms|ThreadId(2)] [class_dump] cdb → net.minecraft.world.InteractionHand
[0679|t+14922ms|ThreadId(2)] [class_dump] cdc → net.minecraft.world.InteractionResult
[0680|t+14922ms|ThreadId(2)] [class_dump] cde → net.minecraft.world.LockCode
[0681|t+14922ms|ThreadId(2)] [class_dump] cdf → net.minecraft.world.MenuProvider
[0682|t+14923ms|ThreadId(2)] [class_dump] cdg → net.minecraft.world.Nameable
[0683|t+14923ms|ThreadId(2)] [class_dump] cdj → net.minecraft.world.RandomizableContainer
[0684|t+14924ms|ThreadId(2)] [class_dump] cdo → net.minecraft.world.TickRateManager
[0685|t+14924ms|ThreadId(2)] [class_dump] cdp → net.minecraft.world.WorldlyContainer
[0686|t+14924ms|ThreadId(2)] [class_dump] cdq → net.minecraft.world.WorldlyContainerHolder
[0687|t+14925ms|ThreadId(2)] [class_dump] cdw → net.minecraft.world.attribute.AttributeType
[0688|t+14925ms|ThreadId(2)] [class_dump] cdx → net.minecraft.world.attribute.AttributeTypes
[0689|t+14925ms|ThreadId(2)] [class_dump] cea → net.minecraft.world.attribute.EnvironmentAttribute
[0690|t+14926ms|ThreadId(2)] [class_dump] cee → net.minecraft.world.attribute.EnvironmentAttributeReader
[0691|t+14926ms|ThreadId(2)] [class_dump] ceg → net.minecraft.world.attribute.EnvironmentAttributes
[0692|t+14926ms|ThreadId(2)] [class_dump] cev → net.minecraft.world.damagesource.DamageEffects
[0693|t+14926ms|ThreadId(2)] [class_dump] cew → net.minecraft.world.damagesource.DamageScaling
[0694|t+14927ms|ThreadId(2)] [class_dump] cez → net.minecraft.world.damagesource.DamageType
[0695|t+14927ms|ThreadId(2)] [class_dump] cfb → net.minecraft.world.damagesource.DeathMessageType
[0696|t+14927ms|ThreadId(2)] [class_dump] cfe → net.minecraft.world.effect.AbsorptionMobEffect
[0697|t+14928ms|ThreadId(2)] [class_dump] cff → net.minecraft.world.effect.BadOmenMobEffect
[0698|t+14928ms|ThreadId(2)] [class_dump] cfg → net.minecraft.world.effect.HealOrHarmMobEffect
[0699|t+14928ms|ThreadId(2)] [class_dump] cfh → net.minecraft.world.effect.HungerMobEffect
[0700|t+14929ms|ThreadId(2)] [class_dump] cfi → net.minecraft.world.effect.InfestedMobEffect
[0701|t+14929ms|ThreadId(2)] [class_dump] cfj → net.minecraft.world.effect.InstantenousMobEffect
[0702|t+14929ms|ThreadId(2)] [class_dump] cfk → net.minecraft.world.effect.MobEffect
[0703|t+14930ms|ThreadId(2)] [class_dump] cfl → net.minecraft.world.effect.MobEffectCategory
[0704|t+14930ms|ThreadId(2)] [class_dump] cfm → net.minecraft.world.effect.MobEffectInstance
[0705|t+14930ms|ThreadId(2)] [class_dump] cfo → net.minecraft.world.effect.MobEffects
[0706|t+14931ms|ThreadId(2)] [class_dump] cfp → net.minecraft.world.effect.OozingMobEffect
[0707|t+14931ms|ThreadId(2)] [class_dump] cfq → net.minecraft.world.effect.PoisonMobEffect
[0708|t+14931ms|ThreadId(2)] [class_dump] cfr → net.minecraft.world.effect.RaidOmenMobEffect
[0709|t+14931ms|ThreadId(2)] [class_dump] cfs → net.minecraft.world.effect.RegenerationMobEffect
[0710|t+14932ms|ThreadId(2)] [class_dump] cft → net.minecraft.world.effect.SaturationMobEffect
[0711|t+14932ms|ThreadId(2)] [class_dump] cfu → net.minecraft.world.effect.WeavingMobEffect
[0712|t+14932ms|ThreadId(2)] [class_dump] cfv → net.minecraft.world.effect.WindChargedMobEffect
[0713|t+14935ms|ThreadId(2)] [class_dump] cfw → net.minecraft.world.effect.WitherMobEffect
[0714|t+14936ms|ThreadId(2)] [class_dump] cfy → net.minecraft.world.entity.AgeableMob
[0715|t+14936ms|ThreadId(2)] [class_dump] cg → net.minecraft.advancements.criterion.ItemPredicate
[0716|t+14937ms|ThreadId(2)] [class_dump] cga → net.minecraft.world.entity.AreaEffectCloud
[0717|t+14937ms|ThreadId(2)] [class_dump] cgb → net.minecraft.world.entity.Attackable
[0718|t+14937ms|ThreadId(2)] [class_dump] cgc → net.minecraft.world.entity.Avatar
[0719|t+14938ms|ThreadId(2)] [class_dump] cgd → net.minecraft.world.entity.ContainerUser
[0720|t+14938ms|ThreadId(2)] [class_dump] cgh → net.minecraft.world.entity.Display
[0721|t+14938ms|ThreadId(2)] [class_dump] cgk → net.minecraft.world.entity.Entity
[0722|t+14938ms|ThreadId(2)] [class_dump] cgl → net.minecraft.world.entity.EntityAttachment
[0723|t+14939ms|ThreadId(2)] [class_dump] cgm → net.minecraft.world.entity.EntityAttachments
[0724|t+14939ms|ThreadId(2)] [class_dump] cgn → net.minecraft.world.entity.EntityDimensions
[0725|t+14939ms|ThreadId(2)] [class_dump] cgr → net.minecraft.world.entity.EntityReference
[0726|t+14940ms|ThreadId(2)] [class_dump] cgt → net.minecraft.world.entity.EntitySpawnReason
[0727|t+14940ms|ThreadId(2)] [class_dump] cgu → net.minecraft.world.entity.EntityType
[0728|t+14940ms|ThreadId(2)] [class_dump] cgv → net.minecraft.world.entity.EquipmentSlot
[0729|t+14941ms|ThreadId(2)] [class_dump] cgw → net.minecraft.world.entity.EquipmentSlotGroup
[0730|t+14941ms|ThreadId(2)] [class_dump] cgy → net.minecraft.world.entity.EquipmentUser
[0731|t+14941ms|ThreadId(2)] [class_dump] cgz → net.minecraft.world.entity.ExperienceOrb
[0732|t+14942ms|ThreadId(2)] [class_dump] cha → net.minecraft.world.entity.HasCustomInventoryScreen
[0733|t+14942ms|ThreadId(2)] [class_dump] chb → net.minecraft.world.entity.HumanoidArm
[0734|t+14942ms|ThreadId(2)] [class_dump] chc → net.minecraft.world.entity.InsideBlockEffectApplier
[0735|t+14943ms|ThreadId(2)] [class_dump] che → net.minecraft.world.entity.Interaction
[0736|t+14943ms|ThreadId(2)] [class_dump] chh → net.minecraft.world.entity.ItemOwner
[0737|t+14943ms|ThreadId(2)] [class_dump] chi → net.minecraft.world.entity.ItemSteerable
[0738|t+14944ms|ThreadId(2)] [class_dump] chj → net.minecraft.world.entity.Leashable
[0739|t+14944ms|ThreadId(2)] [class_dump] chk → net.minecraft.world.entity.LightningBolt
[0740|t+14944ms|ThreadId(2)] [class_dump] chl → net.minecraft.world.entity.LivingEntity
[0741|t+14945ms|ThreadId(2)] [class_dump] chm → net.minecraft.world.entity.Marker
[0742|t+14946ms|ThreadId(2)] [class_dump] chn → net.minecraft.world.entity.Mob
[0743|t+14946ms|ThreadId(2)] [class_dump] cho → net.minecraft.world.entity.MobCategory
[0744|t+14946ms|ThreadId(2)] [class_dump] chq → net.minecraft.world.entity.NeutralMob
[0745|t+14947ms|ThreadId(2)] [class_dump] chr → net.minecraft.world.entity.OminousItemSpawner
[0746|t+14947ms|ThreadId(2)] [class_dump] chs → net.minecraft.world.entity.OwnableEntity
[0747|t+14947ms|ThreadId(2)] [class_dump] cht → net.minecraft.world.entity.PathfinderMob
[0748|t+14948ms|ThreadId(2)] [class_dump] chu → net.minecraft.world.entity.PlayerRideable
[0749|t+14948ms|ThreadId(2)] [class_dump] chv → net.minecraft.world.entity.PlayerRideableJumping
[0750|t+14948ms|ThreadId(2)] [class_dump] chx → net.minecraft.world.entity.Pose
[0751|t+14949ms|ThreadId(2)] [class_dump] cia → net.minecraft.world.entity.ReputationEventHandler
[0752|t+14949ms|ThreadId(2)] [class_dump] cib → net.minecraft.world.entity.Shearable
[0753|t+14950ms|ThreadId(2)] [class_dump] cic → net.minecraft.world.entity.SlotAccess
[0754|t+14953ms|ThreadId(2)] [class_dump] cid → net.minecraft.world.entity.SlotProvider
[0755|t+14954ms|ThreadId(2)] [class_dump] cie → net.minecraft.world.entity.SpawnGroupData
[0756|t+14954ms|ThreadId(2)] [class_dump] cii → net.minecraft.world.entity.TamableAnimal
[0757|t+14954ms|ThreadId(2)] [class_dump] cij → net.minecraft.world.entity.Targeting
[0758|t+14955ms|ThreadId(2)] [class_dump] cik → net.minecraft.world.entity.TraceableEntity
[0759|t+14955ms|ThreadId(2)] [class_dump] cin → net.minecraft.world.entity.ai.attributes.Attribute
[0760|t+14955ms|ThreadId(2)] [class_dump] ciq → net.minecraft.world.entity.ai.attributes.AttributeModifier
[0761|t+14956ms|ThreadId(2)] [class_dump] cis → net.minecraft.world.entity.ai.attributes.Attributes
[0762|t+14956ms|ThreadId(2)] [class_dump] ciu → net.minecraft.world.entity.ai.attributes.RangedAttribute
[0763|t+14956ms|ThreadId(2)] [class_dump] cnl → net.minecraft.world.entity.ai.control.BodyRotationControl
[0764|t+14957ms|ThreadId(2)] [class_dump] cnm → net.minecraft.world.entity.ai.control.Control
[0765|t+14957ms|ThreadId(2)] [class_dump] cnn → net.minecraft.world.entity.ai.control.FlyingMoveControl
[0766|t+14957ms|ThreadId(2)] [class_dump] cno → net.minecraft.world.entity.ai.control.JumpControl
[0767|t+14957ms|ThreadId(2)] [class_dump] cnp → net.minecraft.world.entity.ai.control.LookControl
[0768|t+14958ms|ThreadId(2)] [class_dump] cnq → net.minecraft.world.entity.ai.control.MoveControl
[0769|t+14958ms|ThreadId(2)] [class_dump] cnr → net.minecraft.world.entity.ai.control.SmoothSwimmingLookControl
[0770|t+14958ms|ThreadId(2)] [class_dump] cns → net.minecraft.world.entity.ai.control.SmoothSwimmingMoveControl
[0771|t+14959ms|ThreadId(2)] [class_dump] cnu → net.minecraft.world.entity.ai.goal.AvoidEntityGoal
[0772|t+14959ms|ThreadId(2)] [class_dump] cnv → net.minecraft.world.entity.ai.goal.BegGoal
[0773|t+14959ms|ThreadId(2)] [class_dump] cnx → net.minecraft.world.entity.ai.goal.BreakDoorGoal
[0774|t+14960ms|ThreadId(2)] [class_dump] cny → net.minecraft.world.entity.ai.goal.BreathAirGoal
[0775|t+14960ms|ThreadId(2)] [class_dump] cnz → net.minecraft.world.entity.ai.goal.BreedGoal
[0776|t+14961ms|ThreadId(2)] [class_dump] coa → net.minecraft.world.entity.ai.goal.CatLieOnBedGoal
[0777|t+14961ms|ThreadId(2)] [class_dump] cob → net.minecraft.world.entity.ai.goal.CatSitOnBlockGoal
[0778|t+14961ms|ThreadId(2)] [class_dump] coc → net.minecraft.world.entity.ai.goal.ClimbOnTopOfPowderSnowGoal
[0779|t+14961ms|ThreadId(2)] [class_dump] cod → net.minecraft.world.entity.ai.goal.DolphinJumpGoal
[0780|t+14962ms|ThreadId(2)] [class_dump] coe → net.minecraft.world.entity.ai.goal.DoorInteractGoal
[0781|t+14962ms|ThreadId(2)] [class_dump] cof → net.minecraft.world.entity.ai.goal.EatBlockGoal
[0782|t+14962ms|ThreadId(2)] [class_dump] cog → net.minecraft.world.entity.ai.goal.FleeSunGoal
[0783|t+14963ms|ThreadId(2)] [class_dump] coh → net.minecraft.world.entity.ai.goal.FloatGoal
[0784|t+14963ms|ThreadId(2)] [class_dump] coi → net.minecraft.world.entity.ai.goal.FollowBoatGoal
[0785|t+14963ms|ThreadId(2)] [class_dump] coj → net.minecraft.world.entity.ai.goal.FollowFlockLeaderGoal
[0786|t+14963ms|ThreadId(2)] [class_dump] cok → net.minecraft.world.entity.ai.goal.FollowMobGoal
[0787|t+14964ms|ThreadId(2)] [class_dump] col → net.minecraft.world.entity.ai.goal.FollowOwnerGoal
[0788|t+14964ms|ThreadId(2)] [class_dump] com.mojang.authlib.GameProfile
[0789|t+14964ms|ThreadId(2)] [class_dump] com.mojang.authlib.exceptions.AuthenticationException
[0790|t+14965ms|ThreadId(2)] [class_dump] com.mojang.authlib.minecraft.TelemetryPropertyContainer
[0791|t+14965ms|ThreadId(2)] [class_dump] com.mojang.authlib.properties.Property
[0792|t+14965ms|ThreadId(2)] [class_dump] com.mojang.authlib.properties.PropertyMap
[0793|t+14966ms|ThreadId(2)] [class_dump] com.mojang.blaze3d.systems.GpuDevice → com.mojang.blaze3d.systems.GpuDevice
[0794|t+14967ms|ThreadId(2)] [class_dump] com.mojang.blaze3d.systems.RenderSystem → com.mojang.blaze3d.systems.RenderSystem
[0795|t+14968ms|ThreadId(2)] [class_dump] com.mojang.brigadier.ImmutableStringReader
[0796|t+14971ms|ThreadId(2)] [class_dump] com.mojang.brigadier.LiteralMessage
[0797|t+14971ms|ThreadId(2)] [class_dump] com.mojang.brigadier.Message
[0798|t+14971ms|ThreadId(2)] [class_dump] com.mojang.brigadier.arguments.ArgumentType
[0799|t+14972ms|ThreadId(2)] [class_dump] com.mojang.brigadier.exceptions.BuiltInExceptionProvider
[0800|t+14972ms|ThreadId(2)] [class_dump] com.mojang.brigadier.exceptions.BuiltInExceptions
[0801|t+14972ms|ThreadId(2)] [class_dump] com.mojang.brigadier.exceptions.BuiltInExceptions$$Lambda/0x0000000800253400
[0802|t+14973ms|ThreadId(2)] [class_dump] com.mojang.brigadier.exceptions.BuiltInExceptions$$Lambda/0x0000000800253800
[0803|t+14973ms|ThreadId(2)] [class_dump] com.mojang.brigadier.exceptions.BuiltInExceptions$$Lambda/0x0000000800253a10
[0804|t+14973ms|ThreadId(2)] [class_dump] com.mojang.brigadier.exceptions.BuiltInExceptions$$Lambda/0x0000000800253c20
[0805|t+14974ms|ThreadId(2)] [class_dump] com.mojang.brigadier.exceptions.BuiltInExceptions$$Lambda/0x0000000800257c48
[0806|t+14974ms|ThreadId(2)] [class_dump] com.mojang.brigadier.exceptions.BuiltInExceptions$$Lambda/0x0000000800258000
[0807|t+14974ms|ThreadId(2)] [class_dump] com.mojang.brigadier.exceptions.BuiltInExceptions$$Lambda/0x0000000800258210
[0808|t+14974ms|ThreadId(2)] [class_dump] com.mojang.brigadier.exceptions.BuiltInExceptions$$Lambda/0x0000000800258420
[0809|t+14975ms|ThreadId(2)] [class_dump] com.mojang.brigadier.exceptions.BuiltInExceptions$$Lambda/0x0000000800258840
[0810|t+14975ms|ThreadId(2)] [class_dump] com.mojang.brigadier.exceptions.BuiltInExceptions$$Lambda/0x0000000800258ea0
[0811|t+14975ms|ThreadId(2)] [class_dump] com.mojang.brigadier.exceptions.BuiltInExceptions$$Lambda/0x00000008002590d0
[0812|t+14976ms|ThreadId(2)] [class_dump] com.mojang.brigadier.exceptions.BuiltInExceptions$$Lambda/0x0000000800259300
[0813|t+14976ms|ThreadId(2)] [class_dump] com.mojang.brigadier.exceptions.BuiltInExceptions$$Lambda/0x0000000800259530
[0814|t+14976ms|ThreadId(2)] [class_dump] com.mojang.brigadier.exceptions.BuiltInExceptions$$Lambda/0x0000000800259760
[0815|t+14977ms|ThreadId(2)] [class_dump] com.mojang.brigadier.exceptions.BuiltInExceptions$$Lambda/0x0000000800259990
[0816|t+14977ms|ThreadId(2)] [class_dump] com.mojang.brigadier.exceptions.BuiltInExceptions$$Lambda/0x0000000800259bc0
[0817|t+14978ms|ThreadId(2)] [class_dump] com.mojang.brigadier.exceptions.BuiltInExceptions$$Lambda/0x0000000800259df0
[0818|t+14978ms|ThreadId(2)] [class_dump] com.mojang.brigadier.exceptions.CommandExceptionType
[0819|t+14978ms|ThreadId(2)] [class_dump] com.mojang.brigadier.exceptions.CommandSyntaxException
[0820|t+14979ms|ThreadId(2)] [class_dump] com.mojang.brigadier.exceptions.Dynamic2CommandExceptionType
[0821|t+14979ms|ThreadId(2)] [class_dump] com.mojang.brigadier.exceptions.Dynamic2CommandExceptionType$Function
[0822|t+14979ms|ThreadId(2)] [class_dump] com.mojang.brigadier.exceptions.DynamicCommandExceptionType
[0823|t+14980ms|ThreadId(2)] [class_dump] com.mojang.brigadier.exceptions.SimpleCommandExceptionType
[0824|t+14980ms|ThreadId(2)] [class_dump] com.mojang.datafixers.DSL
[0825|t+14980ms|ThreadId(2)] [class_dump] com.mojang.datafixers.DSL$$Lambda/0x00000008002d1af0
[0826|t+14981ms|ThreadId(2)] [class_dump] com.mojang.datafixers.DSL$$Lambda/0x00000008002d5c88
[0827|t+14981ms|ThreadId(2)] [class_dump] com.mojang.datafixers.DSL$$Lambda/0x00000008002d5eb8
[0828|t+14981ms|ThreadId(2)] [class_dump] com.mojang.datafixers.DSL$$Lambda/0x0000000800328708
[0829|t+14982ms|ThreadId(2)] [class_dump] com.mojang.datafixers.DSL$$Lambda/0x0000000800369920
[0830|t+14982ms|ThreadId(2)] [class_dump] com.mojang.datafixers.DSL$Instances
[0831|t+14982ms|ThreadId(2)] [class_dump] com.mojang.datafixers.DSL$Instances$TaggedChoiceCacheKey
[0832|t+14983ms|ThreadId(2)] [class_dump] com.mojang.datafixers.DSL$TypeReference
[0833|t+14983ms|ThreadId(2)] [class_dump] com.mojang.datafixers.DataFix
[0834|t+14985ms|ThreadId(2)] [class_dump] com.mojang.datafixers.DataFix$$Lambda/0x0000000800383348
[0835|t+14985ms|ThreadId(2)] [class_dump] com.mojang.datafixers.DataFix$$Lambda/0x00000008003872d0
[0836|t+14986ms|ThreadId(2)] [class_dump] com.mojang.datafixers.DataFix$$Lambda/0x0000000800396dd8
[0837|t+14986ms|ThreadId(2)] [class_dump] com.mojang.datafixers.DataFix$$Lambda/0x00000008003a0d78
[0838|t+14986ms|ThreadId(2)] [class_dump] com.mojang.datafixers.DataFix$NamedFunctionWrapper
[0839|t+14987ms|ThreadId(2)] [class_dump] com.mojang.datafixers.DataFixUtils
[0840|t+14987ms|ThreadId(2)] [class_dump] com.mojang.datafixers.DataFixUtils$$Lambda/0x0000000800385910
[0841|t+14987ms|ThreadId(2)] [class_dump] com.mojang.datafixers.DataFixUtils$$Lambda/0x00000008003863c8
[0842|t+14988ms|ThreadId(2)] [class_dump] com.mojang.datafixers.DataFixUtils$$Lambda/0x00000008004c8a18
[0843|t+14988ms|ThreadId(2)] [class_dump] com.mojang.datafixers.DataFixer
[0844|t+14988ms|ThreadId(2)] [class_dump] com.mojang.datafixers.DataFixerBuilder
[0845|t+14989ms|ThreadId(2)] [class_dump] com.mojang.datafixers.DataFixerBuilder$Result
[0846|t+14989ms|ThreadId(2)] [class_dump] com.mojang.datafixers.DataFixerBuilder$Result$$Lambda/0x000000080037eda0
[0847|t+14989ms|ThreadId(2)] [class_dump] com.mojang.datafixers.DataFixerBuilder$Result$$Lambda/0x000000080037efd0
[0848|t+14990ms|ThreadId(2)] [class_dump] com.mojang.datafixers.DataFixerBuilder$Result$$Lambda/0x000000080037f1e8
[0849|t+14990ms|ThreadId(2)] [class_dump] com.mojang.datafixers.DataFixerBuilder$Result$$Lambda/0x000000080037f420
[0850|t+14990ms|ThreadId(2)] [class_dump] com.mojang.datafixers.DataFixerBuilder$Result$$Lambda/0x0000000800384000
[0851|t+14991ms|ThreadId(2)] [class_dump] com.mojang.datafixers.DataFixerBuilder$Result$$Lambda/0x0000000800384db0
[0852|t+14991ms|ThreadId(2)] [class_dump] com.mojang.datafixers.DataFixerBuilder$Result$$Lambda/0x0000000800384fd8
[0853|t+14991ms|ThreadId(2)] [class_dump] com.mojang.datafixers.DataFixerUpper
[0854|t+14992ms|ThreadId(2)] [class_dump] com.mojang.datafixers.DataFixerUpper$$Lambda/0x0000000800306c90
[0855|t+14993ms|ThreadId(2)] [class_dump] com.mojang.datafixers.DataFixerUpper$$Lambda/0x000000080037fa70
[0856|t+14993ms|ThreadId(2)] [class_dump] com.mojang.datafixers.FieldFinder
[0857|t+14993ms|ThreadId(2)] [class_dump] com.mojang.datafixers.NamedChoiceFinder
[0858|t+14994ms|ThreadId(2)] [class_dump] com.mojang.datafixers.OpticFinder
[0859|t+14994ms|ThreadId(2)] [class_dump] com.mojang.datafixers.Products
[0860|t+14994ms|ThreadId(2)] [class_dump] com.mojang.datafixers.Products$P1
[0861|t+14995ms|ThreadId(2)] [class_dump] com.mojang.datafixers.Products$P11
[0862|t+14995ms|ThreadId(2)] [class_dump] com.mojang.datafixers.Products$P2
[0863|t+14995ms|ThreadId(2)] [class_dump] com.mojang.datafixers.Products$P3
[0864|t+14995ms|ThreadId(2)] [class_dump] com.mojang.datafixers.Products$P4
[0865|t+14996ms|ThreadId(2)] [class_dump] com.mojang.datafixers.Products$P5
[0866|t+14996ms|ThreadId(2)] [class_dump] com.mojang.datafixers.Products$P6
[0867|t+14996ms|ThreadId(2)] [class_dump] com.mojang.datafixers.Products$P7
[0868|t+14997ms|ThreadId(2)] [class_dump] com.mojang.datafixers.Products$P8
[0869|t+14997ms|ThreadId(2)] [class_dump] com.mojang.datafixers.Products$P9
[0870|t+14997ms|ThreadId(2)] [class_dump] com.mojang.datafixers.RewriteResult
[0871|t+14997ms|ThreadId(2)] [class_dump] com.mojang.datafixers.TypeRewriteRule
[0872|t+14998ms|ThreadId(2)] [class_dump] com.mojang.datafixers.TypeRewriteRule$All
[0873|t+14998ms|ThreadId(2)] [class_dump] com.mojang.datafixers.TypeRewriteRule$Everywhere
[0874|t+14998ms|ThreadId(2)] [class_dump] com.mojang.datafixers.TypeRewriteRule$IfSame
[0875|t+14998ms|ThreadId(2)] [class_dump] com.mojang.datafixers.TypeRewriteRule$Nop
[0876|t+14999ms|ThreadId(2)] [class_dump] com.mojang.datafixers.TypeRewriteRule$OrElse
[0877|t+14999ms|ThreadId(2)] [class_dump] com.mojang.datafixers.TypeRewriteRule$Seq
[0878|t+14999ms|ThreadId(2)] [class_dump] com.mojang.datafixers.TypeRewriteRule$Seq$$Lambda/0x0000000800392000
[0879|t+15000ms|ThreadId(2)] [class_dump] com.mojang.datafixers.Typed
[0880|t+15000ms|ThreadId(2)] [class_dump] com.mojang.datafixers.TypedOptic
[0881|t+15001ms|ThreadId(2)] [class_dump] com.mojang.datafixers.TypedOptic$Element
[0882|t+15001ms|ThreadId(2)] [class_dump] com.mojang.datafixers.View
[0883|t+15004ms|ThreadId(2)] [class_dump] com.mojang.datafixers.View$$Lambda/0x00000008003933a8
[0884|t+15005ms|ThreadId(2)] [class_dump] com.mojang.datafixers.functions.Apply
[0885|t+15005ms|ThreadId(2)] [class_dump] com.mojang.datafixers.functions.Comp
[0886|t+15005ms|ThreadId(2)] [class_dump] com.mojang.datafixers.functions.Comp$$Lambda/0x00000008003d7008
[0887|t+15006ms|ThreadId(2)] [class_dump] com.mojang.datafixers.functions.Fold
[0888|t+15006ms|ThreadId(2)] [class_dump] com.mojang.datafixers.functions.FunctionWrapper
[0889|t+15006ms|ThreadId(2)] [class_dump] com.mojang.datafixers.functions.Functions
[0890|t+15007ms|ThreadId(2)] [class_dump] com.mojang.datafixers.functions.Id
[0891|t+15007ms|ThreadId(2)] [class_dump] com.mojang.datafixers.functions.In
[0892|t+15007ms|ThreadId(2)] [class_dump] com.mojang.datafixers.functions.Out
[0893|t+15008ms|ThreadId(2)] [class_dump] com.mojang.datafixers.functions.PointFree
[0894|t+15008ms|ThreadId(2)] [class_dump] com.mojang.datafixers.functions.PointFreeRule
[0895|t+15008ms|ThreadId(2)] [class_dump] com.mojang.datafixers.functions.PointFreeRule$AppNest
[0896|t+15009ms|ThreadId(2)] [class_dump] com.mojang.datafixers.functions.PointFreeRule$CataFuseDifferent
[0897|t+15009ms|ThreadId(2)] [class_dump] com.mojang.datafixers.functions.PointFreeRule$CataFuseSame
[0898|t+15009ms|ThreadId(2)] [class_dump] com.mojang.datafixers.functions.PointFreeRule$CompRewrite
[0899|t+15009ms|ThreadId(2)] [class_dump] com.mojang.datafixers.functions.PointFreeRule$CompRewrite$$Lambda/0x0000000800303168
[0900|t+15010ms|ThreadId(2)] [class_dump] com.mojang.datafixers.functions.PointFreeRule$CompRewrite$$Lambda/0x00000008003d0ea8
[0901|t+15010ms|ThreadId(2)] [class_dump] com.mojang.datafixers.functions.PointFreeRule$CompRewrite$$Lambda/0x00000008003d6df8
[0902|t+15010ms|ThreadId(2)] [class_dump] com.mojang.datafixers.functions.PointFreeRule$Everywhere
[0903|t+15011ms|ThreadId(2)] [class_dump] com.mojang.datafixers.functions.PointFreeRule$LensComp
[0904|t+15011ms|ThreadId(2)] [class_dump] com.mojang.datafixers.functions.PointFreeRule$Nop
[0905|t+15011ms|ThreadId(2)] [class_dump] com.mojang.datafixers.functions.PointFreeRule$Seq
[0906|t+15012ms|ThreadId(2)] [class_dump] com.mojang.datafixers.functions.PointFreeRule$SortInj
[0907|t+15012ms|ThreadId(2)] [class_dump] com.mojang.datafixers.functions.PointFreeRule$SortProj
[0908|t+15012ms|ThreadId(2)] [class_dump] com.mojang.datafixers.functions.ProfunctorTransformer
[0909|t+15012ms|ThreadId(2)] [class_dump] com.mojang.datafixers.kinds.App
[0910|t+15013ms|ThreadId(2)] [class_dump] com.mojang.datafixers.kinds.App2
[0911|t+15013ms|ThreadId(2)] [class_dump] com.mojang.datafixers.kinds.Applicative
[0912|t+15013ms|ThreadId(2)] [class_dump] com.mojang.datafixers.kinds.Applicative$$Lambda/0x000000080048a250
[0913|t+15014ms|ThreadId(2)] [class_dump] com.mojang.datafixers.kinds.Applicative$$Lambda/0x00000008006b0870
[0914|t+15014ms|ThreadId(2)] [class_dump] com.mojang.datafixers.kinds.Applicative$$Lambda/0x00000008006bc2a8
[0915|t+15014ms|ThreadId(2)] [class_dump] com.mojang.datafixers.kinds.Applicative$$Lambda/0x00000008007022d0
[0916|t+15015ms|ThreadId(2)] [class_dump] com.mojang.datafixers.kinds.Applicative$$Lambda/0x0000000800710270
[0917|t+15015ms|ThreadId(2)] [class_dump] com.mojang.datafixers.kinds.Applicative$$Lambda/0x000000080071b618
[0918|t+15015ms|ThreadId(2)] [class_dump] com.mojang.datafixers.kinds.Functor
[0919|t+15016ms|ThreadId(2)] [class_dump] com.mojang.datafixers.kinds.K1
[0920|t+15016ms|ThreadId(2)] [class_dump] com.mojang.datafixers.kinds.Kind1
[0921|t+15020ms|ThreadId(2)] [class_dump] com.mojang.datafixers.kinds.Kind2$Mu
[0922|t+15021ms|ThreadId(2)] [class_dump] com.mojang.datafixers.optics.Adapter
[0923|t+15022ms|ThreadId(2)] [class_dump] com.mojang.datafixers.optics.Affine
[0924|t+15022ms|ThreadId(2)] [class_dump] com.mojang.datafixers.optics.IdAdapter
[0925|t+15023ms|ThreadId(2)] [class_dump] com.mojang.datafixers.optics.Inj1
[0926|t+15023ms|ThreadId(2)] [class_dump] com.mojang.datafixers.optics.Inj2
[0927|t+15023ms|ThreadId(2)] [class_dump] com.mojang.datafixers.optics.Lens
[0928|t+15024ms|ThreadId(2)] [class_dump] com.mojang.datafixers.optics.ListTraversal
[0929|t+15024ms|ThreadId(2)] [class_dump] com.mojang.datafixers.optics.Optic
[0930|t+15024ms|ThreadId(2)] [class_dump] com.mojang.datafixers.optics.Optics
[0931|t+15025ms|ThreadId(2)] [class_dump] com.mojang.datafixers.optics.PStore
[0932|t+15025ms|ThreadId(2)] [class_dump] com.mojang.datafixers.optics.Prism
[0933|t+15025ms|ThreadId(2)] [class_dump] com.mojang.datafixers.optics.Proj1
[0934|t+15025ms|ThreadId(2)] [class_dump] com.mojang.datafixers.optics.Proj2
[0935|t+15026ms|ThreadId(2)] [class_dump] com.mojang.datafixers.optics.ReForgetC
[0936|t+15026ms|ThreadId(2)] [class_dump] com.mojang.datafixers.optics.ReForgetE
[0937|t+15026ms|ThreadId(2)] [class_dump] com.mojang.datafixers.optics.ReForgetEP
[0938|t+15026ms|ThreadId(2)] [class_dump] com.mojang.datafixers.optics.ReForgetP
[0939|t+15027ms|ThreadId(2)] [class_dump] com.mojang.datafixers.optics.Traversal
[0940|t+15027ms|ThreadId(2)] [class_dump] com.mojang.datafixers.optics.Wander
[0941|t+15027ms|ThreadId(2)] [class_dump] com.mojang.datafixers.optics.profunctors.AffineP$Mu
[0942|t+15027ms|ThreadId(2)] [class_dump] com.mojang.datafixers.optics.profunctors.AffineP$Mu$1
[0943|t+15028ms|ThreadId(2)] [class_dump] com.mojang.datafixers.optics.profunctors.Cartesian$Mu
[0944|t+15028ms|ThreadId(2)] [class_dump] com.mojang.datafixers.optics.profunctors.Cartesian$Mu$1
[0945|t+15028ms|ThreadId(2)] [class_dump] com.mojang.datafixers.optics.profunctors.Cocartesian$Mu
[0946|t+15029ms|ThreadId(2)] [class_dump] com.mojang.datafixers.optics.profunctors.Cocartesian$Mu$1
[0947|t+15029ms|ThreadId(2)] [class_dump] com.mojang.datafixers.optics.profunctors.Profunctor$Mu
[0948|t+15029ms|ThreadId(2)] [class_dump] com.mojang.datafixers.optics.profunctors.Profunctor$Mu$1
[0949|t+15030ms|ThreadId(2)] [class_dump] com.mojang.datafixers.optics.profunctors.TraversalP$Mu
[0950|t+15030ms|ThreadId(2)] [class_dump] com.mojang.datafixers.optics.profunctors.TraversalP$Mu$1
[0951|t+15030ms|ThreadId(2)] [class_dump] com.mojang.datafixers.schemas.Schema
[0952|t+15030ms|ThreadId(2)] [class_dump] com.mojang.datafixers.schemas.Schema$$Lambda/0x00000008002c15a0
[0953|t+15031ms|ThreadId(2)] [class_dump] com.mojang.datafixers.schemas.Schema$$Lambda/0x00000008002c2a30
[0954|t+15031ms|ThreadId(2)] [class_dump] com.mojang.datafixers.schemas.Schema$$Lambda/0x00000008002d0440
[0955|t+15031ms|ThreadId(2)] [class_dump] com.mojang.datafixers.schemas.Schema$$Lambda/0x00000008002d6528
[0956|t+15032ms|ThreadId(2)] [class_dump] com.mojang.datafixers.schemas.Schema$$Lambda/0x000000080037f648
[0957|t+15032ms|ThreadId(2)] [class_dump] com.mojang.datafixers.schemas.Schema$$Lambda/0x0000000800385da8
[0958|t+15032ms|ThreadId(2)] [class_dump] com.mojang.datafixers.schemas.Schema$$Lambda/0x0000000800386810
[0959|t+15033ms|ThreadId(2)] [class_dump] com.mojang.datafixers.schemas.Schema$$Lambda/0x000000080038ee70
[0960|t+15041ms|ThreadId(2)] [class_dump] com.mojang.datafixers.types.Func
[0961|t+15043ms|ThreadId(2)] [class_dump] com.mojang.datafixers.types.Type
[0962|t+15044ms|ThreadId(2)] [class_dump] com.mojang.datafixers.types.Type$$Lambda/0x000000080038e830
[0963|t+15044ms|ThreadId(2)] [class_dump] com.mojang.datafixers.types.Type$$Lambda/0x0000000800392d20
[0964|t+15044ms|ThreadId(2)] [class_dump] com.mojang.datafixers.types.Type$$Lambda/0x0000000800393170
[0965|t+15045ms|ThreadId(2)] [class_dump] com.mojang.datafixers.types.Type$$Lambda/0x00000008003935d8
[0966|t+15045ms|ThreadId(2)] [class_dump] com.mojang.datafixers.types.Type$$Lambda/0x0000000800397010
[0967|t+15045ms|ThreadId(2)] [class_dump] com.mojang.datafixers.types.Type$$Lambda/0x0000000800397d20
[0968|t+15046ms|ThreadId(2)] [class_dump] com.mojang.datafixers.types.Type$RewriteCacheKey
[0969|t+15046ms|ThreadId(2)] [class_dump] com.mojang.datafixers.types.Type$TypeMatcher
[0970|t+15046ms|ThreadId(2)] [class_dump] com.mojang.datafixers.types.constant.EmptyPart
[0971|t+15047ms|ThreadId(2)] [class_dump] com.mojang.datafixers.types.constant.EmptyPartPassthrough
[0972|t+15047ms|ThreadId(2)] [class_dump] com.mojang.datafixers.types.families.Algebra
[0973|t+15047ms|ThreadId(2)] [class_dump] com.mojang.datafixers.types.families.ListAlgebra
[0974|t+15047ms|ThreadId(2)] [class_dump] com.mojang.datafixers.types.families.RecursiveTypeFamily
[0975|t+15048ms|ThreadId(2)] [class_dump] com.mojang.datafixers.types.families.RecursiveTypeFamily$$Lambda/0x0000000800304d88
[0976|t+15048ms|ThreadId(2)] [class_dump] com.mojang.datafixers.types.families.RecursiveTypeFamily$$Lambda/0x0000000800305250
[0977|t+15048ms|ThreadId(2)] [class_dump] com.mojang.datafixers.types.families.RecursiveTypeFamily$$Lambda/0x00000008003aa110
[0978|t+15049ms|ThreadId(2)] [class_dump] com.mojang.datafixers.types.families.TypeFamily
[0979|t+15049ms|ThreadId(2)] [class_dump] com.mojang.datafixers.types.templates.Check
[0980|t+15050ms|ThreadId(2)] [class_dump] com.mojang.datafixers.types.templates.Check$1
[0981|t+15051ms|ThreadId(2)] [class_dump] com.mojang.datafixers.types.templates.Check$CheckType
[0982|t+15051ms|ThreadId(2)] [class_dump] com.mojang.datafixers.types.templates.CompoundList
[0983|t+15052ms|ThreadId(2)] [class_dump] com.mojang.datafixers.types.templates.CompoundList$$Lambda/0x0000000800305688
[0984|t+15052ms|ThreadId(2)] [class_dump] com.mojang.datafixers.types.templates.CompoundList$CompoundListType
[0985|t+15053ms|ThreadId(2)] [class_dump] com.mojang.datafixers.types.templates.Const
[0986|t+15053ms|ThreadId(2)] [class_dump] com.mojang.datafixers.types.templates.Const$1
[0987|t+15054ms|ThreadId(2)] [class_dump] com.mojang.datafixers.types.templates.Const$PrimitiveType
[0988|t+15054ms|ThreadId(2)] [class_dump] com.mojang.datafixers.types.templates.Hook
[0989|t+15055ms|ThreadId(2)] [class_dump] com.mojang.datafixers.types.templates.Hook$$Lambda/0x0000000800326778
[0990|t+15055ms|ThreadId(2)] [class_dump] com.mojang.datafixers.types.templates.Hook$HookFunction
[0991|t+15055ms|ThreadId(2)] [class_dump] com.mojang.datafixers.types.templates.Hook$HookFunction$1
[0992|t+15055ms|ThreadId(2)] [class_dump] com.mojang.datafixers.types.templates.Hook$HookType
[0993|t+15056ms|ThreadId(2)] [class_dump] com.mojang.datafixers.types.templates.List
[0994|t+15056ms|ThreadId(2)] [class_dump] com.mojang.datafixers.types.templates.List$1
[0995|t+15056ms|ThreadId(2)] [class_dump] com.mojang.datafixers.types.templates.List$ListType
[0996|t+15057ms|ThreadId(2)] [class_dump] com.mojang.datafixers.types.templates.Named
[0997|t+15057ms|ThreadId(2)] [class_dump] com.mojang.datafixers.types.templates.Named$$Lambda/0x00000008002dbda8
[0998|t+15057ms|ThreadId(2)] [class_dump] com.mojang.datafixers.types.templates.Named$NamedType
[0999|t+15057ms|ThreadId(2)] [class_dump] com.mojang.datafixers.types.templates.Product
[1000|t+15058ms|ThreadId(2)] [class_dump] com.mojang.datafixers.types.templates.Product$1
[1001|t+15058ms|ThreadId(2)] [class_dump] com.mojang.datafixers.types.templates.Product$ProductType
[1002|t+15058ms|ThreadId(2)] [class_dump] com.mojang.datafixers.types.templates.Product$ProductType$$Lambda/0x00000008003865f8
[1003|t+15059ms|ThreadId(2)] [class_dump] com.mojang.datafixers.types.templates.Product$ProductType$$Lambda/0x000000080038e618
[1004|t+15059ms|ThreadId(2)] [class_dump] com.mojang.datafixers.types.templates.RecursivePoint
[1005|t+15059ms|ThreadId(2)] [class_dump] com.mojang.datafixers.types.templates.RecursivePoint$1
[1006|t+15059ms|ThreadId(2)] [class_dump] com.mojang.datafixers.types.templates.RecursivePoint$RecursivePointType
[1007|t+15060ms|ThreadId(2)] [class_dump] com.mojang.datafixers.types.templates.RecursivePoint$RecursivePointType$$Lambda/0x000000080039fab0
[1008|t+15060ms|ThreadId(2)] [class_dump] com.mojang.datafixers.types.templates.Sum
[1009|t+15060ms|ThreadId(2)] [class_dump] com.mojang.datafixers.types.templates.Sum$1
[1010|t+15061ms|ThreadId(2)] [class_dump] com.mojang.datafixers.types.templates.Sum$SumType
[1011|t+15061ms|ThreadId(2)] [class_dump] com.mojang.datafixers.types.templates.Sum$SumType$$Lambda/0x00000008003856f8
[1012|t+15061ms|ThreadId(2)] [class_dump] com.mojang.datafixers.types.templates.Sum$SumType$$Lambda/0x0000000800385fb8
[1013|t+15062ms|ThreadId(2)] [class_dump] com.mojang.datafixers.types.templates.Sum$SumType$$Lambda/0x000000080038e400
[1014|t+15062ms|ThreadId(2)] [class_dump] com.mojang.datafixers.types.templates.Tag
[1015|t+15062ms|ThreadId(2)] [class_dump] com.mojang.datafixers.types.templates.Tag$1
[1016|t+15062ms|ThreadId(2)] [class_dump] com.mojang.datafixers.types.templates.Tag$TagType
[1017|t+15063ms|ThreadId(2)] [class_dump] com.mojang.datafixers.types.templates.TaggedChoice
[1018|t+15063ms|ThreadId(2)] [class_dump] com.mojang.datafixers.types.templates.TaggedChoice$$Lambda/0x00000008002d4f30
[1019|t+15063ms|ThreadId(2)] [class_dump] com.mojang.datafixers.types.templates.TaggedChoice$$Lambda/0x0000000800326990
[1020|t+15063ms|ThreadId(2)] [class_dump] com.mojang.datafixers.types.templates.TaggedChoice$$Lambda/0x0000000800326ba8
[1021|t+15064ms|ThreadId(2)] [class_dump] com.mojang.datafixers.types.templates.TaggedChoice$TaggedChoiceType
[1022|t+15064ms|ThreadId(2)] [class_dump] com.mojang.datafixers.types.templates.TaggedChoice$TaggedChoiceType$$Lambda/0x00000008003d5750
[1023|t+15064ms|ThreadId(2)] [class_dump] com.mojang.datafixers.types.templates.TaggedChoice$TaggedChoiceType$$Lambda/0x00000008003d5b80
[1024|t+15065ms|ThreadId(2)] [class_dump] com.mojang.datafixers.types.templates.TaggedChoice$TaggedChoiceType$RewriteFunc
[1025|t+15065ms|ThreadId(2)] [class_dump] com.mojang.datafixers.types.templates.TypeTemplate
[1026|t+15065ms|ThreadId(2)] [class_dump] com.mojang.datafixers.util.Either
[1027|t+15065ms|ThreadId(2)] [class_dump] com.mojang.datafixers.util.Either$Left
[1028|t+15066ms|ThreadId(2)] [class_dump] com.mojang.datafixers.util.Either$Right
[1029|t+15066ms|ThreadId(2)] [class_dump] com.mojang.datafixers.util.Function11
[1030|t+15066ms|ThreadId(2)] [class_dump] com.mojang.datafixers.util.Function3
[1031|t+15068ms|ThreadId(2)] [class_dump] com.mojang.datafixers.util.Function4
[1032|t+15069ms|ThreadId(2)] [class_dump] com.mojang.datafixers.util.Function5
[1033|t+15070ms|ThreadId(2)] [class_dump] com.mojang.datafixers.util.Function6
[1034|t+15070ms|ThreadId(2)] [class_dump] com.mojang.datafixers.util.Function7
[1035|t+15071ms|ThreadId(2)] [class_dump] com.mojang.datafixers.util.Function8
[1036|t+15071ms|ThreadId(2)] [class_dump] com.mojang.datafixers.util.Function9
[1037|t+15071ms|ThreadId(2)] [class_dump] com.mojang.datafixers.util.Pair
[1038|t+15072ms|ThreadId(2)] [class_dump] com.mojang.datafixers.util.Pair$$Lambda/0x00000008002d1d20
[1039|t+15072ms|ThreadId(2)] [class_dump] com.mojang.datafixers.util.Pair$$Lambda/0x00000008002d1f50
[1040|t+15073ms|ThreadId(2)] [class_dump] com.mojang.datafixers.util.Unit
[1041|t+15073ms|ThreadId(2)] [class_dump] com.mojang.jtracy.TracyClient
[1042|t+15073ms|ThreadId(2)] [class_dump] com.mojang.logging.LogListeners
[1043|t+15074ms|ThreadId(2)] [class_dump] com.mojang.logging.LogListeners$$Lambda/0x00000008001b6c40
[1044|t+15074ms|ThreadId(2)] [class_dump] com.mojang.logging.LogListeners$Target
[1045|t+15075ms|ThreadId(2)] [class_dump] com.mojang.logging.LogQueues
[1046|t+15075ms|ThreadId(2)] [class_dump] com.mojang.logging.LogQueues$$Lambda/0x00000008001a9588
[1047|t+15075ms|ThreadId(2)] [class_dump] com.mojang.logging.LogUtils
[1048|t+15076ms|ThreadId(2)] [class_dump] com.mojang.logging.plugins.LegacyXMLLayout
[1049|t+15076ms|ThreadId(2)] [class_dump] com.mojang.logging.plugins.ListenerLogAppender
[1050|t+15076ms|ThreadId(2)] [class_dump] com.mojang.logging.plugins.QueueLogAppender
[1051|t+15077ms|ThreadId(2)] [class_dump] com.mojang.serialization.Codec
[1052|t+15077ms|ThreadId(2)] [class_dump] com.mojang.serialization.Codec$$Lambda/0x0000000800215bd0
[1053|t+15077ms|ThreadId(2)] [class_dump] com.mojang.serialization.Codec$$Lambda/0x0000000800215e00
[1054|t+15077ms|ThreadId(2)] [class_dump] com.mojang.serialization.Codec$$Lambda/0x000000080021e818
[1055|t+15078ms|ThreadId(2)] [class_dump] com.mojang.serialization.Codec$$Lambda/0x000000080021ea50
[1056|t+15078ms|ThreadId(2)] [class_dump] com.mojang.serialization.Codec$$Lambda/0x00000008002252d0
[1057|t+15078ms|ThreadId(2)] [class_dump] com.mojang.serialization.Codec$$Lambda/0x000000080022f078
[1058|t+15079ms|ThreadId(2)] [class_dump] com.mojang.serialization.Codec$$Lambda/0x000000080022f2b0
[1059|t+15079ms|ThreadId(2)] [class_dump] com.mojang.serialization.Codec$$Lambda/0x000000080023cf20
[1060|t+15079ms|ThreadId(2)] [class_dump] com.mojang.serialization.Codec$$Lambda/0x0000000800247728
[1061|t+15080ms|ThreadId(2)] [class_dump] com.mojang.serialization.Codec$$Lambda/0x0000000800247960
[1062|t+15080ms|ThreadId(2)] [class_dump] com.mojang.serialization.Codec$$Lambda/0x000000080056d518
[1063|t+15080ms|ThreadId(2)] [class_dump] com.mojang.serialization.Codec$$Lambda/0x000000080067c218
[1064|t+15081ms|ThreadId(2)] [class_dump] com.mojang.serialization.Codec$1
[1065|t+15081ms|ThreadId(2)] [class_dump] com.mojang.serialization.Codec$10
[1066|t+15081ms|ThreadId(2)] [class_dump] com.mojang.serialization.Codec$11
[1067|t+15082ms|ThreadId(2)] [class_dump] com.mojang.serialization.Codec$12
[1068|t+15082ms|ThreadId(2)] [class_dump] com.mojang.serialization.Codec$13
[1069|t+15083ms|ThreadId(2)] [class_dump] com.mojang.serialization.Codec$14
[1070|t+15086ms|ThreadId(2)] [class_dump] com.mojang.serialization.Codec$15
[1071|t+15087ms|ThreadId(2)] [class_dump] com.mojang.serialization.Codec$16
[1072|t+15087ms|ThreadId(2)] [class_dump] com.mojang.serialization.Codec$17
[1073|t+15087ms|ThreadId(2)] [class_dump] com.mojang.serialization.Codec$18
[1074|t+15088ms|ThreadId(2)] [class_dump] com.mojang.serialization.Codec$19
[1075|t+15088ms|ThreadId(2)] [class_dump] com.mojang.serialization.Codec$2
[1076|t+15089ms|ThreadId(2)] [class_dump] com.mojang.serialization.Codec$20
[1077|t+15089ms|ThreadId(2)] [class_dump] com.mojang.serialization.Codec$3
[1078|t+15090ms|ThreadId(2)] [class_dump] com.mojang.serialization.Codec$4
[1079|t+15090ms|ThreadId(2)] [class_dump] com.mojang.serialization.Codec$9
[1080|t+15090ms|ThreadId(2)] [class_dump] com.mojang.serialization.Codec$RecursiveCodec
[1081|t+15091ms|ThreadId(2)] [class_dump] com.mojang.serialization.Codec$RecursiveCodec$$Lambda/0x000000080025d520
[1082|t+15091ms|ThreadId(2)] [class_dump] com.mojang.serialization.Codec$ResultFunction
[1083|t+15091ms|ThreadId(2)] [class_dump] com.mojang.serialization.Compressable
[1084|t+15092ms|ThreadId(2)] [class_dump] com.mojang.serialization.CompressorHolder
[1085|t+15092ms|ThreadId(2)] [class_dump] com.mojang.serialization.DataResult
[1086|t+15093ms|ThreadId(2)] [class_dump] com.mojang.serialization.Decoder
[1087|t+15094ms|ThreadId(2)] [class_dump] com.mojang.serialization.Decoder$$Lambda/0x000000080022c230
[1088|t+15094ms|ThreadId(2)] [class_dump] com.mojang.serialization.Decoder$1
[1089|t+15095ms|ThreadId(2)] [class_dump] com.mojang.serialization.Decoder$2
[1090|t+15096ms|ThreadId(2)] [class_dump] com.mojang.serialization.Decoder$5
[1091|t+15097ms|ThreadId(2)] [class_dump] com.mojang.serialization.Dynamic
[1092|t+15097ms|ThreadId(2)] [class_dump] com.mojang.serialization.DynamicLike
[1093|t+15098ms|ThreadId(2)] [class_dump] com.mojang.serialization.DynamicOps
[1094|t+15098ms|ThreadId(2)] [class_dump] com.mojang.serialization.Encoder
[1095|t+15099ms|ThreadId(2)] [class_dump] com.mojang.serialization.Encoder$1
[1096|t+15099ms|ThreadId(2)] [class_dump] com.mojang.serialization.Encoder$2
[1097|t+15099ms|ThreadId(2)] [class_dump] com.mojang.serialization.Encoder$4
[1098|t+15102ms|ThreadId(2)] [class_dump] com.mojang.serialization.JavaOps
[1099|t+15103ms|ThreadId(2)] [class_dump] com.mojang.serialization.JsonOps
[1100|t+15103ms|ThreadId(2)] [class_dump] com.mojang.serialization.Keyable
[1101|t+15104ms|ThreadId(2)] [class_dump] com.mojang.serialization.Lifecycle
[1102|t+15104ms|ThreadId(2)] [class_dump] com.mojang.serialization.Lifecycle$1
[1103|t+15104ms|ThreadId(2)] [class_dump] com.mojang.serialization.Lifecycle$2
[1104|t+15105ms|ThreadId(2)] [class_dump] com.mojang.serialization.Lifecycle$Deprecated
[1105|t+15105ms|ThreadId(2)] [class_dump] com.mojang.serialization.ListBuilder
[1106|t+15105ms|ThreadId(2)] [class_dump] com.mojang.serialization.MapCodec
[1107|t+15106ms|ThreadId(2)] [class_dump] com.mojang.serialization.MapCodec$$Lambda/0x00000008002061e8
[1108|t+15106ms|ThreadId(2)] [class_dump] com.mojang.serialization.MapCodec$$Lambda/0x00000008002482d0
[1109|t+15106ms|ThreadId(2)] [class_dump] com.mojang.serialization.MapCodec$$Lambda/0x0000000800268ce0
[1110|t+15106ms|ThreadId(2)] [class_dump] com.mojang.serialization.MapCodec$$Lambda/0x00000008004c55b8
[1111|t+15107ms|ThreadId(2)] [class_dump] com.mojang.serialization.MapCodec$$Lambda/0x00000008004cc000
[1112|t+15107ms|ThreadId(2)] [class_dump] com.mojang.serialization.MapCodec$$Lambda/0x00000008004cc230
[1113|t+15107ms|ThreadId(2)] [class_dump] com.mojang.serialization.MapCodec$$Lambda/0x00000008004e7b60
[1114|t+15107ms|ThreadId(2)] [class_dump] com.mojang.serialization.MapCodec$1
[1115|t+15108ms|ThreadId(2)] [class_dump] com.mojang.serialization.MapCodec$10
[1116|t+15108ms|ThreadId(2)] [class_dump] com.mojang.serialization.MapCodec$11
[1117|t+15108ms|ThreadId(2)] [class_dump] com.mojang.serialization.MapCodec$2
[1118|t+15109ms|ThreadId(2)] [class_dump] com.mojang.serialization.MapCodec$3
[1119|t+15109ms|ThreadId(2)] [class_dump] com.mojang.serialization.MapCodec$4
[1120|t+15109ms|ThreadId(2)] [class_dump] com.mojang.serialization.MapCodec$6
[1121|t+15109ms|ThreadId(2)] [class_dump] com.mojang.serialization.MapCodec$7
[1122|t+15110ms|ThreadId(2)] [class_dump] com.mojang.serialization.MapCodec$8
[1123|t+15110ms|ThreadId(2)] [class_dump] com.mojang.serialization.MapCodec$Dependent
[1124|t+15111ms|ThreadId(2)] [class_dump] com.mojang.serialization.MapCodec$MapCodecCodec
[1125|t+15111ms|ThreadId(2)] [class_dump] com.mojang.serialization.MapCodec$RecursiveMapCodec
[1126|t+15111ms|ThreadId(2)] [class_dump] com.mojang.serialization.MapCodec$RecursiveMapCodec$$Lambda/0x0000000800677cc8
[1127|t+15111ms|ThreadId(2)] [class_dump] com.mojang.serialization.MapCodec$ResultFunction
[1128|t+15112ms|ThreadId(2)] [class_dump] com.mojang.serialization.MapDecoder
[1129|t+15112ms|ThreadId(2)] [class_dump] com.mojang.serialization.MapDecoder$3
[1130|t+15112ms|ThreadId(2)] [class_dump] com.mojang.serialization.MapDecoder$4
[1131|t+15112ms|ThreadId(2)] [class_dump] com.mojang.serialization.MapDecoder$Implementation
[1132|t+15113ms|ThreadId(2)] [class_dump] com.mojang.serialization.MapEncoder
[1133|t+15113ms|ThreadId(2)] [class_dump] com.mojang.serialization.MapEncoder$1
[1134|t+15113ms|ThreadId(2)] [class_dump] com.mojang.serialization.MapEncoder$2
[1135|t+15113ms|ThreadId(2)] [class_dump] com.mojang.serialization.MapEncoder$Implementation
[1136|t+15114ms|ThreadId(2)] [class_dump] com.mojang.serialization.MapLike
[1137|t+15114ms|ThreadId(2)] [class_dump] com.mojang.serialization.RecordBuilder
[1138|t+15114ms|ThreadId(2)] [class_dump] com.mojang.serialization.codecs.BaseMapCodec
[1139|t+15114ms|ThreadId(2)] [class_dump] com.mojang.serialization.codecs.DispatchedMapCodec
[1140|t+15115ms|ThreadId(2)] [class_dump] com.mojang.serialization.codecs.EitherCodec
[1141|t+15115ms|ThreadId(2)] [class_dump] com.mojang.serialization.codecs.EitherMapCodec
[1142|t+15115ms|ThreadId(2)] [class_dump] com.mojang.serialization.codecs.FieldDecoder
[1143|t+15116ms|ThreadId(2)] [class_dump] com.mojang.serialization.codecs.FieldEncoder
[1144|t+15116ms|ThreadId(2)] [class_dump] com.mojang.serialization.codecs.KeyDispatchCodec
[1145|t+15117ms|ThreadId(2)] [class_dump] com.mojang.serialization.codecs.KeyDispatchCodec$$Lambda/0x00000008004cc460
[1146|t+15117ms|ThreadId(2)] [class_dump] com.mojang.serialization.codecs.ListCodec
[1147|t+15118ms|ThreadId(2)] [class_dump] com.mojang.serialization.codecs.OptionalFieldCodec
[1148|t+15118ms|ThreadId(2)] [class_dump] com.mojang.serialization.codecs.PairMapCodec
[1149|t+15119ms|ThreadId(2)] [class_dump] com.mojang.serialization.codecs.PrimitiveCodec
[1150|t+15119ms|ThreadId(2)] [class_dump] com.mojang.serialization.codecs.RecordCodecBuilder
[1151|t+15120ms|ThreadId(2)] [class_dump] com.mojang.serialization.codecs.RecordCodecBuilder$$Lambda/0x0000000800224c20
[1152|t+15121ms|ThreadId(2)] [class_dump] com.mojang.serialization.codecs.RecordCodecBuilder$$Lambda/0x0000000800225a10
[1153|t+15121ms|ThreadId(2)] [class_dump] com.mojang.serialization.codecs.RecordCodecBuilder$$Lambda/0x000000080022c000
[1154|t+15121ms|ThreadId(2)] [class_dump] com.mojang.serialization.codecs.RecordCodecBuilder$2
[1155|t+15122ms|ThreadId(2)] [class_dump] com.mojang.serialization.codecs.RecordCodecBuilder$Instance
[1156|t+15122ms|ThreadId(2)] [class_dump] com.mojang.serialization.codecs.RecordCodecBuilder$Instance$$Lambda/0x000000080022c718
[1157|t+15122ms|ThreadId(2)] [class_dump] com.mojang.serialization.codecs.RecordCodecBuilder$Instance$$Lambda/0x000000080022c950
[1158|t+15123ms|ThreadId(2)] [class_dump] com.mojang.serialization.codecs.RecordCodecBuilder$Instance$$Lambda/0x000000080023e000
[1159|t+15123ms|ThreadId(2)] [class_dump] com.mojang.serialization.codecs.RecordCodecBuilder$Instance$$Lambda/0x000000080023e238
[1160|t+15123ms|ThreadId(2)] [class_dump] com.mojang.serialization.codecs.RecordCodecBuilder$Instance$$Lambda/0x0000000800446aa8
[1161|t+15124ms|ThreadId(2)] [class_dump] com.mojang.serialization.codecs.RecordCodecBuilder$Instance$$Lambda/0x0000000800446ce0
[1162|t+15124ms|ThreadId(2)] [class_dump] com.mojang.serialization.codecs.RecordCodecBuilder$Instance$$Lambda/0x0000000800446f18
[1163|t+15124ms|ThreadId(2)] [class_dump] com.mojang.serialization.codecs.RecordCodecBuilder$Instance$$Lambda/0x000000080048a480
[1164|t+15125ms|ThreadId(2)] [class_dump] com.mojang.serialization.codecs.RecordCodecBuilder$Instance$$Lambda/0x00000008004e1938
[1165|t+15125ms|ThreadId(2)] [class_dump] com.mojang.serialization.codecs.RecordCodecBuilder$Instance$$Lambda/0x00000008004e1b70
[1166|t+15125ms|ThreadId(2)] [class_dump] com.mojang.serialization.codecs.RecordCodecBuilder$Instance$1
[1167|t+15126ms|ThreadId(2)] [class_dump] com.mojang.serialization.codecs.RecordCodecBuilder$Instance$3
[1168|t+15126ms|ThreadId(2)] [class_dump] com.mojang.serialization.codecs.RecordCodecBuilder$Instance$5
[1169|t+15126ms|ThreadId(2)] [class_dump] com.mojang.serialization.codecs.RecordCodecBuilder$Instance$7
[1170|t+15126ms|ThreadId(2)] [class_dump] com.mojang.serialization.codecs.UnboundedMapCodec
[1171|t+15127ms|ThreadId(2)] [class_dump] com.mojang.util.UndashedUuid
[1172|t+15127ms|ThreadId(2)] [class_dump] coo → net.minecraft.world.entity.ai.goal.FollowParentGoal
[1173|t+15127ms|ThreadId(2)] [class_dump] cop → net.minecraft.world.entity.ai.goal.Goal
[1174|t+15128ms|ThreadId(2)] [class_dump] cor → net.minecraft.world.entity.ai.goal.GolemRandomStrollInVillageGoal
[1175|t+15128ms|ThreadId(2)] [class_dump] cos → net.minecraft.world.entity.ai.goal.InteractGoal
[1176|t+15128ms|ThreadId(2)] [class_dump] cot → net.minecraft.world.entity.ai.goal.JumpGoal
[1177|t+15128ms|ThreadId(2)] [class_dump] cou → net.minecraft.world.entity.ai.goal.LandOnOwnersShoulderGoal
[1178|t+15129ms|ThreadId(2)] [class_dump] cov → net.minecraft.world.entity.ai.goal.LeapAtTargetGoal
[1179|t+15129ms|ThreadId(2)] [class_dump] cow → net.minecraft.world.entity.ai.goal.LlamaFollowCaravanGoal
[1180|t+15130ms|ThreadId(2)] [class_dump] cox → net.minecraft.world.entity.ai.goal.LookAtPlayerGoal
[1181|t+15130ms|ThreadId(2)] [class_dump] coy → net.minecraft.world.entity.ai.goal.LookAtTradingPlayerGoal
[1182|t+15130ms|ThreadId(2)] [class_dump] coz → net.minecraft.world.entity.ai.goal.MeleeAttackGoal
[1183|t+15131ms|ThreadId(2)] [class_dump] cpa → net.minecraft.world.entity.ai.goal.MoveBackToVillageGoal
[1184|t+15131ms|ThreadId(2)] [class_dump] cpb → net.minecraft.world.entity.ai.goal.MoveThroughVillageGoal
[1185|t+15131ms|ThreadId(2)] [class_dump] cpc → net.minecraft.world.entity.ai.goal.MoveToBlockGoal
[1186|t+15132ms|ThreadId(2)] [class_dump] cpd → net.minecraft.world.entity.ai.goal.MoveTowardsRestrictionGoal
[1187|t+15132ms|ThreadId(2)] [class_dump] cpe → net.minecraft.world.entity.ai.goal.MoveTowardsTargetGoal
[1188|t+15132ms|ThreadId(2)] [class_dump] cpf → net.minecraft.world.entity.ai.goal.OcelotAttackGoal
[1189|t+15133ms|ThreadId(2)] [class_dump] cpg → net.minecraft.world.entity.ai.goal.OfferFlowerGoal
[1190|t+15135ms|ThreadId(2)] [class_dump] cph → net.minecraft.world.entity.ai.goal.OpenDoorGoal
[1191|t+15136ms|ThreadId(2)] [class_dump] cpi → net.minecraft.world.entity.ai.goal.PanicGoal
[1192|t+15137ms|ThreadId(2)] [class_dump] cpj → net.minecraft.world.entity.ai.goal.PathfindToRaidGoal
[1193|t+15137ms|ThreadId(2)] [class_dump] cpk → net.minecraft.world.entity.ai.goal.RandomLookAroundGoal
[1194|t+15137ms|ThreadId(2)] [class_dump] cpl → net.minecraft.world.entity.ai.goal.RandomStandGoal
[1195|t+15138ms|ThreadId(2)] [class_dump] cpm → net.minecraft.world.entity.ai.goal.RandomStrollGoal
[1196|t+15138ms|ThreadId(2)] [class_dump] cpn → net.minecraft.world.entity.ai.goal.RandomSwimmingGoal
[1197|t+15138ms|ThreadId(2)] [class_dump] cpo → net.minecraft.world.entity.ai.goal.RangedAttackGoal
[1198|t+15138ms|ThreadId(2)] [class_dump] cpp → net.minecraft.world.entity.ai.goal.RangedBowAttackGoal
[1199|t+15139ms|ThreadId(2)] [class_dump] cpq → net.minecraft.world.entity.ai.goal.RangedCrossbowAttackGoal
[1200|t+15139ms|ThreadId(2)] [class_dump] cpr → net.minecraft.world.entity.ai.goal.RemoveBlockGoal
[1201|t+15140ms|ThreadId(2)] [class_dump] cps → net.minecraft.world.entity.ai.goal.RestrictSunGoal
[1202|t+15140ms|ThreadId(2)] [class_dump] cpt → net.minecraft.world.entity.ai.goal.RunAroundLikeCrazyGoal
[1203|t+15140ms|ThreadId(2)] [class_dump] cpu → net.minecraft.world.entity.ai.goal.SitWhenOrderedToGoal
[1204|t+15141ms|ThreadId(2)] [class_dump] cpv → net.minecraft.world.entity.ai.goal.SpearUseGoal
[1205|t+15141ms|ThreadId(2)] [class_dump] cpw → net.minecraft.world.entity.ai.goal.StrollThroughVillageGoal
[1206|t+15141ms|ThreadId(2)] [class_dump] cpx → net.minecraft.world.entity.ai.goal.SwellGoal
[1207|t+15142ms|ThreadId(2)] [class_dump] cpy → net.minecraft.world.entity.ai.goal.TemptGoal
[1208|t+15142ms|ThreadId(2)] [class_dump] cpz → net.minecraft.world.entity.ai.goal.TradeWithPlayerGoal
[1209|t+15142ms|ThreadId(2)] [class_dump] cq → net.minecraft.advancements.criterion.MinMaxBounds
[1210|t+15143ms|ThreadId(2)] [class_dump] cqa → net.minecraft.world.entity.ai.goal.TryFindWaterGoal
[1211|t+15143ms|ThreadId(2)] [class_dump] cqb → net.minecraft.world.entity.ai.goal.UseItemGoal
[1212|t+15143ms|ThreadId(2)] [class_dump] cqc → net.minecraft.world.entity.ai.goal.WaterAvoidingRandomFlyingGoal
[1213|t+15144ms|ThreadId(2)] [class_dump] cqd → net.minecraft.world.entity.ai.goal.WaterAvoidingRandomStrollGoal
[1214|t+15144ms|ThreadId(2)] [class_dump] cqf → net.minecraft.world.entity.ai.goal.ZombieAttackGoal
[1215|t+15144ms|ThreadId(2)] [class_dump] cqh → net.minecraft.world.entity.ai.goal.target.DefendVillageTargetGoal
[1216|t+15145ms|ThreadId(2)] [class_dump] cqi → net.minecraft.world.entity.ai.goal.target.HurtByTargetGoal
[1217|t+15145ms|ThreadId(2)] [class_dump] cqj → net.minecraft.world.entity.ai.goal.target.NearestAttackableTargetGoal
[1218|t+15145ms|ThreadId(2)] [class_dump] cqk → net.minecraft.world.entity.ai.goal.target.NearestAttackableWitchTargetGoal
[1219|t+15146ms|ThreadId(2)] [class_dump] cql → net.minecraft.world.entity.ai.goal.target.NearestHealableRaiderTargetGoal
[1220|t+15146ms|ThreadId(2)] [class_dump] cqm → net.minecraft.world.entity.ai.goal.target.NonTameRandomTargetGoal
[1221|t+15146ms|ThreadId(2)] [class_dump] cqn → net.minecraft.world.entity.ai.goal.target.OwnerHurtByTargetGoal
[1222|t+15147ms|ThreadId(2)] [class_dump] cqo → net.minecraft.world.entity.ai.goal.target.OwnerHurtTargetGoal
[1223|t+15147ms|ThreadId(2)] [class_dump] cqp → net.minecraft.world.entity.ai.goal.target.ResetUniversalAngerTargetGoal
[1224|t+15148ms|ThreadId(2)] [class_dump] cqq → net.minecraft.world.entity.ai.goal.target.TargetGoal
[1225|t+15148ms|ThreadId(2)] [class_dump] crb → net.minecraft.world.entity.ai.navigation.AmphibiousPathNavigation
[1226|t+15148ms|ThreadId(2)] [class_dump] crc → net.minecraft.world.entity.ai.navigation.FlyingPathNavigation
[1227|t+15149ms|ThreadId(2)] [class_dump] crd → net.minecraft.world.entity.ai.navigation.GroundPathNavigation
[1228|t+15149ms|ThreadId(2)] [class_dump] cre → net.minecraft.world.entity.ai.navigation.PathNavigation
[1229|t+15149ms|ThreadId(2)] [class_dump] crf → net.minecraft.world.entity.ai.navigation.WallClimberNavigation
[1230|t+15150ms|ThreadId(2)] [class_dump] crg → net.minecraft.world.entity.ai.navigation.WaterBoundPathNavigation
[1231|t+15153ms|ThreadId(2)] [class_dump] ct → net.minecraft.advancements.criterion.NbtPredicate
[1232|t+15153ms|ThreadId(2)] [class_dump] cta → net.minecraft.world.entity.ai.village.poi.PoiType
[1233|t+15154ms|ThreadId(2)] [class_dump] ctb → net.minecraft.world.entity.ai.village.poi.PoiTypes
[1234|t+15154ms|ThreadId(2)] [class_dump] ctd → net.minecraft.world.entity.ambient.AmbientCreature
[1235|t+15154ms|ThreadId(2)] [class_dump] cte → net.minecraft.world.entity.ambient.Bat
[1236|t+15155ms|ThreadId(2)] [class_dump] ctg → net.minecraft.world.entity.animal.AgeableWaterCreature
[1237|t+15155ms|ThreadId(2)] [class_dump] cth → net.minecraft.world.entity.animal.Animal
[1238|t+15155ms|ThreadId(2)] [class_dump] cti → net.minecraft.world.entity.animal.Bucketable
[1239|t+15156ms|ThreadId(2)] [class_dump] ctj → net.minecraft.world.entity.animal.FlyingAnimal
[1240|t+15156ms|ThreadId(2)] [class_dump] ctl → net.minecraft.world.entity.animal.allay.Allay
[1241|t+15156ms|ThreadId(2)] [class_dump] cto → net.minecraft.world.entity.animal.armadillo.Armadillo
[1242|t+15157ms|ThreadId(2)] [class_dump] ctr → net.minecraft.world.entity.animal.axolotl.Axolotl
[1243|t+15157ms|ThreadId(2)] [class_dump] ctw → net.minecraft.world.entity.animal.bee.Bee
[1244|t+15157ms|ThreadId(2)] [class_dump] cty → net.minecraft.world.entity.animal.camel.Camel
[1245|t+15157ms|ThreadId(2)] [class_dump] cua → net.minecraft.world.entity.animal.camel.CamelHusk
[1246|t+15158ms|ThreadId(2)] [class_dump] cuc → net.minecraft.world.entity.animal.chicken.Chicken
[1247|t+15158ms|ThreadId(2)] [class_dump] cud → net.minecraft.world.entity.animal.chicken.ChickenVariant
[1248|t+15158ms|ThreadId(2)] [class_dump] cug → net.minecraft.world.entity.animal.cow.AbstractCow
[1249|t+15159ms|ThreadId(2)] [class_dump] cuh → net.minecraft.world.entity.animal.cow.Cow
[1250|t+15159ms|ThreadId(2)] [class_dump] cui → net.minecraft.world.entity.animal.cow.CowVariant
[1251|t+15159ms|ThreadId(2)] [class_dump] cuk → net.minecraft.world.entity.animal.cow.MushroomCow
[1252|t+15160ms|ThreadId(2)] [class_dump] cum → net.minecraft.world.entity.animal.dolphin.Dolphin
[1253|t+15160ms|ThreadId(2)] [class_dump] cuo → net.minecraft.world.entity.animal.equine.AbstractChestedHorse
[1254|t+15160ms|ThreadId(2)] [class_dump] cup → net.minecraft.world.entity.animal.equine.AbstractHorse
[1255|t+15161ms|ThreadId(2)] [class_dump] cuq → net.minecraft.world.entity.animal.equine.Donkey
[1256|t+15161ms|ThreadId(2)] [class_dump] cur → net.minecraft.world.entity.animal.equine.Horse
[1257|t+15161ms|ThreadId(2)] [class_dump] cus → net.minecraft.world.entity.animal.equine.Llama
[1258|t+15162ms|ThreadId(2)] [class_dump] cuu → net.minecraft.world.entity.animal.equine.Mule
[1259|t+15162ms|ThreadId(2)] [class_dump] cuv → net.minecraft.world.entity.animal.equine.SkeletonHorse
[1260|t+15163ms|ThreadId(2)] [class_dump] cuw → net.minecraft.world.entity.animal.equine.SkeletonTrapGoal
[1261|t+15163ms|ThreadId(2)] [class_dump] cux → net.minecraft.world.entity.animal.equine.TraderLlama
[1262|t+15164ms|ThreadId(2)] [class_dump] cuz → net.minecraft.world.entity.animal.equine.ZombieHorse
[1263|t+15164ms|ThreadId(2)] [class_dump] cvb → net.minecraft.world.entity.animal.feline.Cat
[1264|t+15164ms|ThreadId(2)] [class_dump] cvc → net.minecraft.world.entity.animal.feline.CatVariant
[1265|t+15165ms|ThreadId(2)] [class_dump] cve → net.minecraft.world.entity.animal.feline.Ocelot
[1266|t+15165ms|ThreadId(2)] [class_dump] cvg → net.minecraft.world.entity.animal.fish.AbstractFish
[1267|t+15165ms|ThreadId(2)] [class_dump] cvh → net.minecraft.world.entity.animal.fish.AbstractSchoolingFish
[1268|t+15166ms|ThreadId(2)] [class_dump] cvi → net.minecraft.world.entity.animal.fish.Cod
[1269|t+15166ms|ThreadId(2)] [class_dump] cvj → net.minecraft.world.entity.animal.fish.Pufferfish
[1270|t+15171ms|ThreadId(2)] [class_dump] cvk → net.minecraft.world.entity.animal.fish.Salmon
[1271|t+15171ms|ThreadId(2)] [class_dump] cvl → net.minecraft.world.entity.animal.fish.TropicalFish
[1272|t+15172ms|ThreadId(2)] [class_dump] cvm → net.minecraft.world.entity.animal.fish.WaterAnimal
[1273|t+15172ms|ThreadId(2)] [class_dump] cvo → net.minecraft.world.entity.animal.fox.Fox
[1274|t+15172ms|ThreadId(2)] [class_dump] cvq → net.minecraft.world.entity.animal.frog.Frog
[1275|t+15173ms|ThreadId(2)] [class_dump] cvs → net.minecraft.world.entity.animal.frog.FrogVariant
[1276|t+15173ms|ThreadId(2)] [class_dump] cvv → net.minecraft.world.entity.animal.frog.Tadpole
[1277|t+15173ms|ThreadId(2)] [class_dump] cvy → net.minecraft.world.entity.animal.goat.Goat
[1278|t+15173ms|ThreadId(2)] [class_dump] cwb → net.minecraft.world.entity.animal.golem.AbstractGolem
[1279|t+15174ms|ThreadId(2)] [class_dump] cwc → net.minecraft.world.entity.animal.golem.CopperGolem
[1280|t+15174ms|ThreadId(2)] [class_dump] cwg → net.minecraft.world.entity.animal.golem.CopperGolemState
[1281|t+15174ms|ThreadId(2)] [class_dump] cwh → net.minecraft.world.entity.animal.golem.IronGolem
[1282|t+15175ms|ThreadId(2)] [class_dump] cwi → net.minecraft.world.entity.animal.golem.SnowGolem
[1283|t+15175ms|ThreadId(2)] [class_dump] cwk → net.minecraft.world.entity.animal.happyghast.HappyGhast
[1284|t+15175ms|ThreadId(2)] [class_dump] cwn → net.minecraft.world.entity.animal.nautilus.AbstractNautilus
[1285|t+15175ms|ThreadId(2)] [class_dump] cwo → net.minecraft.world.entity.animal.nautilus.Nautilus
[1286|t+15176ms|ThreadId(2)] [class_dump] cwq → net.minecraft.world.entity.animal.nautilus.ZombieNautilus
[1287|t+15176ms|ThreadId(2)] [class_dump] cws → net.minecraft.world.entity.animal.nautilus.ZombieNautilusVariant
[1288|t+15176ms|ThreadId(2)] [class_dump] cww → net.minecraft.world.entity.animal.panda.Panda
[1289|t+15177ms|ThreadId(2)] [class_dump] cwy → net.minecraft.world.entity.animal.parrot.Parrot
[1290|t+15177ms|ThreadId(2)] [class_dump] cwz → net.minecraft.world.entity.animal.parrot.ShoulderRidingEntity
[1291|t+15177ms|ThreadId(2)] [class_dump] cxb → net.minecraft.world.entity.animal.pig.Pig
[1292|t+15177ms|ThreadId(2)] [class_dump] cxc → net.minecraft.world.entity.animal.pig.PigVariant
[1293|t+15178ms|ThreadId(2)] [class_dump] cxf → net.minecraft.world.entity.animal.polarbear.PolarBear
[1294|t+15178ms|ThreadId(2)] [class_dump] cxh → net.minecraft.world.entity.animal.rabbit.Rabbit
[1295|t+15178ms|ThreadId(2)] [class_dump] cxj → net.minecraft.world.entity.animal.sheep.Sheep
[1296|t+15179ms|ThreadId(2)] [class_dump] cxm → net.minecraft.world.entity.animal.sniffer.Sniffer
[1297|t+15179ms|ThreadId(2)] [class_dump] cxp → net.minecraft.world.entity.animal.squid.GlowSquid
[1298|t+15179ms|ThreadId(2)] [class_dump] cxq → net.minecraft.world.entity.animal.squid.Squid
[1299|t+15180ms|ThreadId(2)] [class_dump] cxs → net.minecraft.world.entity.animal.turtle.Turtle
[1300|t+15180ms|ThreadId(2)] [class_dump] cxu → net.minecraft.world.entity.animal.wolf.Wolf
[1301|t+15180ms|ThreadId(2)] [class_dump] cxv → net.minecraft.world.entity.animal.wolf.WolfSoundVariant
[1302|t+15181ms|ThreadId(2)] [class_dump] cxx → net.minecraft.world.entity.animal.wolf.WolfVariant
[1303|t+15181ms|ThreadId(2)] [class_dump] cyb → net.minecraft.world.entity.boss.enderdragon.EndCrystal
[1304|t+15181ms|ThreadId(2)] [class_dump] cyc → net.minecraft.world.entity.boss.enderdragon.EnderDragon
[1305|t+15181ms|ThreadId(2)] [class_dump] cyw → net.minecraft.world.entity.boss.wither.WitherBoss
[1306|t+15182ms|ThreadId(2)] [class_dump] cyy → net.minecraft.world.entity.decoration.ArmorStand
[1307|t+15182ms|ThreadId(2)] [class_dump] cyz → net.minecraft.world.entity.decoration.BlockAttachedEntity
[1308|t+15182ms|ThreadId(2)] [class_dump] cza → net.minecraft.world.entity.decoration.GlowItemFrame
[1309|t+15183ms|ThreadId(2)] [class_dump] czb → net.minecraft.world.entity.decoration.HangingEntity
[1310|t+15183ms|ThreadId(2)] [class_dump] czc → net.minecraft.world.entity.decoration.ItemFrame
[1311|t+15184ms|ThreadId(2)] [class_dump] czd → net.minecraft.world.entity.decoration.LeashFenceKnotEntity
[1312|t+15184ms|ThreadId(2)] [class_dump] cze → net.minecraft.world.entity.decoration.Mannequin
[1313|t+15185ms|ThreadId(2)] [class_dump] czg → net.minecraft.world.entity.decoration.painting.Painting
[1314|t+15185ms|ThreadId(2)] [class_dump] czh → net.minecraft.world.entity.decoration.painting.PaintingVariant
[1315|t+15186ms|ThreadId(2)] [class_dump] czk → net.minecraft.world.entity.item.FallingBlockEntity
[1316|t+15186ms|ThreadId(2)] [class_dump] czl → net.minecraft.world.entity.item.ItemEntity
[1317|t+15187ms|ThreadId(2)] [class_dump] czm → net.minecraft.world.entity.item.PrimedTnt
[1318|t+15187ms|ThreadId(2)] [class_dump] czo → net.minecraft.world.entity.monster.Blaze
[1319|t+15187ms|ThreadId(2)] [class_dump] czp → net.minecraft.world.entity.monster.Creeper
[1320|t+15188ms|ThreadId(2)] [class_dump] czq → net.minecraft.world.entity.monster.CrossbowAttackMob
[1321|t+15188ms|ThreadId(2)] [class_dump] czr → net.minecraft.world.entity.monster.ElderGuardian
[1322|t+15188ms|ThreadId(2)] [class_dump] czs → net.minecraft.world.entity.monster.EnderMan
[1323|t+15188ms|ThreadId(2)] [class_dump] czt → net.minecraft.world.entity.monster.Endermite
[1324|t+15189ms|ThreadId(2)] [class_dump] czu → net.minecraft.world.entity.monster.Enemy
[1325|t+15189ms|ThreadId(2)] [class_dump] czv → net.minecraft.world.entity.monster.Ghast
[1326|t+15190ms|ThreadId(2)] [class_dump] czw → net.minecraft.world.entity.monster.Giant
[1327|t+15190ms|ThreadId(2)] [class_dump] czx → net.minecraft.world.entity.monster.Guardian
[1328|t+15190ms|ThreadId(2)] [class_dump] czy → net.minecraft.world.entity.monster.MagmaCube
[1329|t+15191ms|ThreadId(2)] [class_dump] czz → net.minecraft.world.entity.monster.Monster
[1330|t+15191ms|ThreadId(2)] [class_dump] daa → net.minecraft.world.entity.monster.PatrollingMonster
[1331|t+15191ms|ThreadId(2)] [class_dump] dab → net.minecraft.world.entity.monster.Phantom
[1332|t+15192ms|ThreadId(2)] [class_dump] dac → net.minecraft.world.entity.monster.RangedAttackMob
[1333|t+15192ms|ThreadId(2)] [class_dump] dad → net.minecraft.world.entity.monster.Ravager
[1334|t+15193ms|ThreadId(2)] [class_dump] dae → net.minecraft.world.entity.monster.Shulker
[1335|t+15193ms|ThreadId(2)] [class_dump] daf → net.minecraft.world.entity.monster.Silverfish
[1336|t+15194ms|ThreadId(2)] [class_dump] dag → net.minecraft.world.entity.monster.Slime
[1337|t+15194ms|ThreadId(2)] [class_dump] dah → net.minecraft.world.entity.monster.Strider
[1338|t+15195ms|ThreadId(2)] [class_dump] dai → net.minecraft.world.entity.monster.Vex
[1339|t+15195ms|ThreadId(2)] [class_dump] daj → net.minecraft.world.entity.monster.Witch
[1340|t+15195ms|ThreadId(2)] [class_dump] dak → net.minecraft.world.entity.monster.Zoglin
[1341|t+15195ms|ThreadId(2)] [class_dump] dal → net.minecraft.world.entity.monster.breeze.Breeze
[1342|t+15196ms|ThreadId(2)] [class_dump] dat → net.minecraft.world.entity.monster.creaking.Creaking
[1343|t+15196ms|ThreadId(2)] [class_dump] daw → net.minecraft.world.entity.monster.hoglin.Hoglin
[1344|t+15196ms|ThreadId(2)] [class_dump] day → net.minecraft.world.entity.monster.hoglin.HoglinBase
[1345|t+15196ms|ThreadId(2)] [class_dump] dba → net.minecraft.world.entity.monster.illager.AbstractIllager
[1346|t+15197ms|ThreadId(2)] [class_dump] dbb → net.minecraft.world.entity.monster.illager.Evoker
[1347|t+15197ms|ThreadId(2)] [class_dump] dbc → net.minecraft.world.entity.monster.illager.Illusioner
[1348|t+15197ms|ThreadId(2)] [class_dump] dbd → net.minecraft.world.entity.monster.illager.Pillager
[1349|t+15197ms|ThreadId(2)] [class_dump] dbe → net.minecraft.world.entity.monster.illager.SpellcasterIllager
[1350|t+15198ms|ThreadId(2)] [class_dump] dbf → net.minecraft.world.entity.monster.illager.Vindicator
[1351|t+15198ms|ThreadId(2)] [class_dump] dbi → net.minecraft.world.entity.monster.piglin.AbstractPiglin
[1352|t+15198ms|ThreadId(2)] [class_dump] dbj → net.minecraft.world.entity.monster.piglin.Piglin
[1353|t+15198ms|ThreadId(2)] [class_dump] dbm → net.minecraft.world.entity.monster.piglin.PiglinBrute
[1354|t+15199ms|ThreadId(2)] [class_dump] dbv → net.minecraft.world.entity.monster.skeleton.AbstractSkeleton
[1355|t+15199ms|ThreadId(2)] [class_dump] dbw → net.minecraft.world.entity.monster.skeleton.Bogged
[1356|t+15199ms|ThreadId(2)] [class_dump] dbx → net.minecraft.world.entity.monster.skeleton.Parched
[1357|t+15200ms|ThreadId(2)] [class_dump] dby → net.minecraft.world.entity.monster.skeleton.Skeleton
[1358|t+15202ms|ThreadId(2)] [class_dump] dbz → net.minecraft.world.entity.monster.skeleton.Stray
[1359|t+15203ms|ThreadId(2)] [class_dump] dca → net.minecraft.world.entity.monster.skeleton.WitherSkeleton
[1360|t+15203ms|ThreadId(2)] [class_dump] dcc → net.minecraft.world.entity.monster.spider.CaveSpider
[1361|t+15204ms|ThreadId(2)] [class_dump] dcd → net.minecraft.world.entity.monster.spider.Spider
[1362|t+15204ms|ThreadId(2)] [class_dump] dch → net.minecraft.world.entity.monster.warden.Warden
[1363|t+15204ms|ThreadId(2)] [class_dump] dcl → net.minecraft.world.entity.monster.zombie.Drowned
[1364|t+15205ms|ThreadId(2)] [class_dump] dcm → net.minecraft.world.entity.monster.zombie.Husk
[1365|t+15205ms|ThreadId(2)] [class_dump] dcn → net.minecraft.world.entity.monster.zombie.Zombie
[1366|t+15205ms|ThreadId(2)] [class_dump] dco → net.minecraft.world.entity.monster.zombie.ZombieVillager
[1367|t+15206ms|ThreadId(2)] [class_dump] dcp → net.minecraft.world.entity.monster.zombie.ZombifiedPiglin
[1368|t+15206ms|ThreadId(2)] [class_dump] dct → net.minecraft.world.entity.npc.InventoryCarrier
[1369|t+15206ms|ThreadId(2)] [class_dump] dcu → net.minecraft.world.entity.npc.Npc
[1370|t+15206ms|ThreadId(2)] [class_dump] dcw → net.minecraft.world.entity.npc.villager.AbstractVillager
[1371|t+15207ms|ThreadId(2)] [class_dump] dcx → net.minecraft.world.entity.npc.villager.Villager
[1372|t+15207ms|ThreadId(2)] [class_dump] dcy → net.minecraft.world.entity.npc.villager.VillagerData
[1373|t+15208ms|ThreadId(2)] [class_dump] dcz → net.minecraft.world.entity.npc.villager.VillagerDataHolder
[1374|t+15208ms|ThreadId(2)] [class_dump] dda → net.minecraft.world.entity.npc.villager.VillagerProfession
[1375|t+15208ms|ThreadId(2)] [class_dump] ddc → net.minecraft.world.entity.npc.villager.VillagerType
[1376|t+15209ms|ThreadId(2)] [class_dump] dde → net.minecraft.world.entity.npc.wanderingtrader.WanderingTrader
[1377|t+15209ms|ThreadId(2)] [class_dump] ddm → net.minecraft.world.entity.player.Player
[1378|t+15209ms|ThreadId(2)] [class_dump] ddp → net.minecraft.world.entity.player.PlayerModelType
[1379|t+15209ms|ThreadId(2)] [class_dump] ddq → net.minecraft.world.entity.player.PlayerSkin
[1380|t+15210ms|ThreadId(2)] [class_dump] ddw → net.minecraft.world.entity.projectile.EvokerFangs
[1381|t+15210ms|ThreadId(2)] [class_dump] ddx → net.minecraft.world.entity.projectile.EyeOfEnder
[1382|t+15210ms|ThreadId(2)] [class_dump] ddy → net.minecraft.world.entity.projectile.FireworkRocketEntity
[1383|t+15211ms|ThreadId(2)] [class_dump] ddz → net.minecraft.world.entity.projectile.FishingHook
[1384|t+15211ms|ThreadId(2)] [class_dump] dea → net.minecraft.world.entity.projectile.ItemSupplier
[1385|t+15211ms|ThreadId(2)] [class_dump] deb → net.minecraft.world.entity.projectile.LlamaSpit
[1386|t+15211ms|ThreadId(2)] [class_dump] dec → net.minecraft.world.entity.projectile.Projectile
[1387|t+15212ms|ThreadId(2)] [class_dump] def → net.minecraft.world.entity.projectile.ShulkerBullet
[1388|t+15212ms|ThreadId(2)] [class_dump] deg → net.minecraft.world.entity.projectile.ThrowableProjectile
[1389|t+15212ms|ThreadId(2)] [class_dump] deh → net.minecraft.world.entity.projectile.arrow.AbstractArrow
[1390|t+15212ms|ThreadId(2)] [class_dump] dei → net.minecraft.world.entity.projectile.arrow.Arrow
[1391|t+15213ms|ThreadId(2)] [class_dump] dej → net.minecraft.world.entity.projectile.arrow.SpectralArrow
[1392|t+15213ms|ThreadId(2)] [class_dump] dek → net.minecraft.world.entity.projectile.arrow.ThrownTrident
[1393|t+15213ms|ThreadId(2)] [class_dump] dem → net.minecraft.world.entity.projectile.hurtingprojectile.AbstractHurtingProjectile
[1394|t+15214ms|ThreadId(2)] [class_dump] den → net.minecraft.world.entity.projectile.hurtingprojectile.DragonFireball
[1395|t+15214ms|ThreadId(2)] [class_dump] deo → net.minecraft.world.entity.projectile.hurtingprojectile.Fireball
[1396|t+15214ms|ThreadId(2)] [class_dump] dep → net.minecraft.world.entity.projectile.hurtingprojectile.LargeFireball
[1397|t+15214ms|ThreadId(2)] [class_dump] deq → net.minecraft.world.entity.projectile.hurtingprojectile.SmallFireball
[1398|t+15215ms|ThreadId(2)] [class_dump] der → net.minecraft.world.entity.projectile.hurtingprojectile.WitherSkull
[1399|t+15215ms|ThreadId(2)] [class_dump] det → net.minecraft.world.entity.projectile.hurtingprojectile.windcharge.AbstractWindCharge
[1400|t+15215ms|ThreadId(2)] [class_dump] deu → net.minecraft.world.entity.projectile.hurtingprojectile.windcharge.BreezeWindCharge
[1401|t+15215ms|ThreadId(2)] [class_dump] dev → net.minecraft.world.entity.projectile.hurtingprojectile.windcharge.WindCharge
[1402|t+15216ms|ThreadId(2)] [class_dump] dey → net.minecraft.world.entity.projectile.throwableitemprojectile.AbstractThrownPotion
[1403|t+15216ms|ThreadId(2)] [class_dump] dez → net.minecraft.world.entity.projectile.throwableitemprojectile.Snowball
[1404|t+15216ms|ThreadId(2)] [class_dump] dfa → net.minecraft.world.entity.projectile.throwableitemprojectile.ThrowableItemProjectile
[1405|t+15216ms|ThreadId(2)] [class_dump] dfb → net.minecraft.world.entity.projectile.throwableitemprojectile.ThrownEgg
[1406|t+15220ms|ThreadId(2)] [class_dump] dfc → net.minecraft.world.entity.projectile.throwableitemprojectile.ThrownEnderpearl
[1407|t+15221ms|ThreadId(2)] [class_dump] dfd → net.minecraft.world.entity.projectile.throwableitemprojectile.ThrownExperienceBottle
[1408|t+15221ms|ThreadId(2)] [class_dump] dfe → net.minecraft.world.entity.projectile.throwableitemprojectile.ThrownLingeringPotion
[1409|t+15221ms|ThreadId(2)] [class_dump] dff → net.minecraft.world.entity.projectile.throwableitemprojectile.ThrownSplashPotion
[1410|t+15222ms|ThreadId(2)] [class_dump] dfi → net.minecraft.world.entity.raid.Raider
[1411|t+15222ms|ThreadId(2)] [class_dump] dfo → net.minecraft.world.entity.variant.ModelAndTexture
[1412|t+15222ms|ThreadId(2)] [class_dump] dfq → net.minecraft.world.entity.variant.PriorityProvider
[1413|t+15223ms|ThreadId(2)] [class_dump] dfr → net.minecraft.world.entity.variant.SpawnCondition
[1414|t+15223ms|ThreadId(2)] [class_dump] dfs → net.minecraft.world.entity.variant.SpawnConditions
[1415|t+15223ms|ThreadId(2)] [class_dump] dfu → net.minecraft.world.entity.variant.SpawnPrioritySelectors
[1416|t+15224ms|ThreadId(2)] [class_dump] dfy → net.minecraft.world.entity.vehicle.ContainerEntity
[1417|t+15224ms|ThreadId(2)] [class_dump] dga → net.minecraft.world.entity.vehicle.VehicleEntity
[1418|t+15224ms|ThreadId(2)] [class_dump] dgb → net.minecraft.world.entity.vehicle.boat.AbstractBoat
[1419|t+15224ms|ThreadId(2)] [class_dump] dgc → net.minecraft.world.entity.vehicle.boat.AbstractChestBoat
[1420|t+15225ms|ThreadId(2)] [class_dump] dgd → net.minecraft.world.entity.vehicle.boat.Boat
[1421|t+15225ms|ThreadId(2)] [class_dump] dge → net.minecraft.world.entity.vehicle.boat.ChestBoat
[1422|t+15225ms|ThreadId(2)] [class_dump] dgf → net.minecraft.world.entity.vehicle.boat.ChestRaft
[1423|t+15226ms|ThreadId(2)] [class_dump] dgg → net.minecraft.world.entity.vehicle.boat.Raft
[1424|t+15226ms|ThreadId(2)] [class_dump] dgi → net.minecraft.world.entity.vehicle.minecart.AbstractMinecart
[1425|t+15226ms|ThreadId(2)] [class_dump] dgj → net.minecraft.world.entity.vehicle.minecart.AbstractMinecartContainer
[1426|t+15227ms|ThreadId(2)] [class_dump] dgk → net.minecraft.world.entity.vehicle.minecart.Minecart
[1427|t+15227ms|ThreadId(2)] [class_dump] dgl → net.minecraft.world.entity.vehicle.minecart.MinecartBehavior
[1428|t+15227ms|ThreadId(2)] [class_dump] dgm → net.minecraft.world.entity.vehicle.minecart.MinecartChest
[1429|t+15227ms|ThreadId(2)] [class_dump] dgn → net.minecraft.world.entity.vehicle.minecart.MinecartCommandBlock
[1430|t+15228ms|ThreadId(2)] [class_dump] dgo → net.minecraft.world.entity.vehicle.minecart.MinecartFurnace
[1431|t+15228ms|ThreadId(2)] [class_dump] dgp → net.minecraft.world.entity.vehicle.minecart.MinecartHopper
[1432|t+15228ms|ThreadId(2)] [class_dump] dgq → net.minecraft.world.entity.vehicle.minecart.MinecartSpawner
[1433|t+15229ms|ThreadId(2)] [class_dump] dgr → net.minecraft.world.entity.vehicle.minecart.MinecartTNT
[1434|t+15229ms|ThreadId(2)] [class_dump] dgs → net.minecraft.world.entity.vehicle.minecart.NewMinecartBehavior
[1435|t+15229ms|ThreadId(2)] [class_dump] dgt → net.minecraft.world.entity.vehicle.minecart.OldMinecartBehavior
[1436|t+15229ms|ThreadId(2)] [class_dump] dgw → net.minecraft.world.flag.FeatureElement
[1437|t+15230ms|ThreadId(2)] [class_dump] dgx → net.minecraft.world.flag.FeatureFlag
[1438|t+15230ms|ThreadId(2)] [class_dump] dgy → net.minecraft.world.flag.FeatureFlagRegistry
[1439|t+15230ms|ThreadId(2)] [class_dump] dgz → net.minecraft.world.flag.FeatureFlagSet
[1440|t+15231ms|ThreadId(2)] [class_dump] dha → net.minecraft.world.flag.FeatureFlagUniverse
[1441|t+15231ms|ThreadId(2)] [class_dump] dhb → net.minecraft.world.flag.FeatureFlags
[1442|t+15231ms|ThreadId(2)] [class_dump] dhf → net.minecraft.world.food.FoodProperties
[1443|t+15231ms|ThreadId(2)] [class_dump] dhi → net.minecraft.world.inventory.AbstractContainerMenu
[1444|t+15232ms|ThreadId(2)] [class_dump] dhj → net.minecraft.world.inventory.AbstractCraftingMenu
[1445|t+15232ms|ThreadId(2)] [class_dump] dhm → net.minecraft.world.inventory.AnvilMenu
[1446|t+15232ms|ThreadId(2)] [class_dump] dhr → net.minecraft.world.inventory.CartographyTableMenu
[1447|t+15233ms|ThreadId(2)] [class_dump] dhs → net.minecraft.world.inventory.ChestMenu
[1448|t+15233ms|ThreadId(2)] [class_dump] dib → net.minecraft.world.inventory.CraftingContainer
[1449|t+15236ms|ThreadId(2)] [class_dump] dic → net.minecraft.world.inventory.CraftingMenu
[1450|t+15237ms|ThreadId(2)] [class_dump] dif → net.minecraft.world.inventory.EnchantmentMenu
[1451|t+15237ms|ThreadId(2)] [class_dump] dij → net.minecraft.world.inventory.GrindstoneMenu
[1452|t+15238ms|ThreadId(2)] [class_dump] dik → net.minecraft.world.inventory.HopperMenu
[1453|t+15238ms|ThreadId(2)] [class_dump] din → net.minecraft.world.inventory.ItemCombinerMenu
[1454|t+15239ms|ThreadId(2)] [class_dump] diq → net.minecraft.world.inventory.LoomMenu
[1455|t+15239ms|ThreadId(2)] [class_dump] dir → net.minecraft.world.inventory.MenuConstructor
[1456|t+15239ms|ThreadId(2)] [class_dump] diu → net.minecraft.world.inventory.MerchantMenu
[1457|t+15240ms|ThreadId(2)] [class_dump] diz → net.minecraft.world.inventory.RecipeBookMenu
[1458|t+15240ms|ThreadId(2)] [class_dump] djb → net.minecraft.world.inventory.RecipeCraftingHolder
[1459|t+15240ms|ThreadId(2)] [class_dump] djl → net.minecraft.world.inventory.SmithingMenu
[1460|t+15241ms|ThreadId(2)] [class_dump] djn → net.minecraft.world.inventory.StackedContentsCompatible
[1461|t+15241ms|ThreadId(2)] [class_dump] djo → net.minecraft.world.inventory.StonecutterMenu
[1462|t+15241ms|ThreadId(2)] [class_dump] djs → net.minecraft.world.inventory.tooltip.TooltipComponent
[1463|t+15242ms|ThreadId(2)] [class_dump] dju → net.minecraft.world.item.AdventureModePredicate
[1464|t+15242ms|ThreadId(2)] [class_dump] djv → net.minecraft.world.item.AirItem
[1465|t+15242ms|ThreadId(2)] [class_dump] djy → net.minecraft.world.item.AxeItem
[1466|t+15243ms|ThreadId(2)] [class_dump] djz → net.minecraft.world.item.BannerItem
[1467|t+15243ms|ThreadId(2)] [class_dump] dkb → net.minecraft.world.item.BlockItem
[1468|t+15243ms|ThreadId(2)] [class_dump] dkc → net.minecraft.world.item.BoatItem
[1469|t+15244ms|ThreadId(2)] [class_dump] dkh → net.minecraft.world.item.BucketItem
[1470|t+15244ms|ThreadId(2)] [class_dump] dkk → net.minecraft.world.item.CreativeModeTab
[1471|t+15245ms|ThreadId(2)] [class_dump] dkl → net.minecraft.world.item.CreativeModeTabs
[1472|t+15245ms|ThreadId(2)] [class_dump] dkm → net.minecraft.world.item.CrossbowItem
[1473|t+15245ms|ThreadId(2)] [class_dump] dkp → net.minecraft.world.item.DispensibleContainerItem
[1474|t+15245ms|ThreadId(2)] [class_dump] dkr → net.minecraft.world.item.DyeColor
[1475|t+15246ms|ThreadId(2)] [class_dump] dks → net.minecraft.world.item.DyeItem
[1476|t+15246ms|ThreadId(2)] [class_dump] dku → net.minecraft.world.item.EitherHolder
[1477|t+15246ms|ThreadId(2)] [class_dump] dl → net.minecraft.advancements.criterion.StatePropertiesPredicate
[1478|t+15246ms|ThreadId(2)] [class_dump] dle → net.minecraft.world.item.FoodOnAStickItem
[1479|t+15247ms|ThreadId(2)] [class_dump] dlh → net.minecraft.world.item.HangingEntityItem
[1480|t+15247ms|ThreadId(2)] [class_dump] dli → net.minecraft.world.item.HangingSignItem
[1481|t+15247ms|ThreadId(2)] [class_dump] dlj → net.minecraft.world.item.HoeItem
[1482|t+15247ms|ThreadId(2)] [class_dump] dlm → net.minecraft.world.item.Instrument
[1483|t+15248ms|ThreadId(2)] [class_dump] dlp → net.minecraft.world.item.Item
[1484|t+15248ms|ThreadId(2)] [class_dump] dls → net.minecraft.world.item.ItemFrameItem
[1485|t+15248ms|ThreadId(2)] [class_dump] dlt → net.minecraft.world.item.ItemStack
[1486|t+15248ms|ThreadId(2)] [class_dump] dlv → net.minecraft.world.item.ItemUseAnimation
[1487|t+15249ms|ThreadId(2)] [class_dump] dlx → net.minecraft.world.item.Items
[1488|t+15249ms|ThreadId(2)] [class_dump] dly → net.minecraft.world.item.JukeboxPlayable
[1489|t+15249ms|ThreadId(2)] [class_dump] dlz → net.minecraft.world.item.JukeboxSong
[1490|t+15250ms|ThreadId(2)] [class_dump] dmh → net.minecraft.world.item.MinecartItem
[1491|t+15250ms|ThreadId(2)] [class_dump] dmi → net.minecraft.world.item.MobBucketItem
[1492|t+15251ms|ThreadId(2)] [class_dump] dml → net.minecraft.world.item.PlayerHeadItem
[1493|t+15252ms|ThreadId(2)] [class_dump] dmo → net.minecraft.world.item.ProjectileWeaponItem
[1494|t+15252ms|ThreadId(2)] [class_dump] dmp → net.minecraft.world.item.Rarity
[1495|t+15252ms|ThreadId(2)] [class_dump] dmu → net.minecraft.world.item.ShovelItem
[1496|t+15253ms|ThreadId(2)] [class_dump] dmv → net.minecraft.world.item.SignApplicator
[1497|t+15253ms|ThreadId(2)] [class_dump] dmw → net.minecraft.world.item.SignItem
[1498|t+15254ms|ThreadId(2)] [class_dump] dmz → net.minecraft.world.item.SolidBucketItem
[1499|t+15254ms|ThreadId(2)] [class_dump] dne → net.minecraft.world.item.StandingAndWallBlockItem
[1500|t+15254ms|ThreadId(2)] [class_dump] dnf → net.minecraft.world.item.SwingAnimationType
[1501|t+15255ms|ThreadId(2)] [class_dump] dnj → net.minecraft.world.item.TooltipFlag
[1502|t+15255ms|ThreadId(2)] [class_dump] dnp → net.minecraft.world.item.alchemy.Potion
[1503|t+15255ms|ThreadId(2)] [class_dump] dnr → net.minecraft.world.item.alchemy.PotionContents
[1504|t+15256ms|ThreadId(2)] [class_dump] dns → net.minecraft.world.item.alchemy.Potions
[1505|t+15256ms|ThreadId(2)] [class_dump] dnu → net.minecraft.world.item.component.AttackRange
[1506|t+15256ms|ThreadId(2)] [class_dump] dnv → net.minecraft.world.item.component.Bees
[1507|t+15256ms|ThreadId(2)] [class_dump] dnw → net.minecraft.world.item.component.BlockItemStateProperties
[1508|t+15257ms|ThreadId(2)] [class_dump] dnx → net.minecraft.world.item.component.BlocksAttacks
[1509|t+15257ms|ThreadId(2)] [class_dump] dny → net.minecraft.world.item.component.BookContent
[1510|t+15257ms|ThreadId(2)] [class_dump] dnz → net.minecraft.world.item.component.BundleContents
[1511|t+15257ms|ThreadId(2)] [class_dump] doa → net.minecraft.world.item.component.ChargedProjectiles
[1512|t+15258ms|ThreadId(2)] [class_dump] dob → net.minecraft.world.item.component.Consumable
[1513|t+15258ms|ThreadId(2)] [class_dump] doc → net.minecraft.world.item.component.ConsumableListener
[1514|t+15258ms|ThreadId(2)] [class_dump] doe → net.minecraft.world.item.component.CustomData
[1515|t+15258ms|ThreadId(2)] [class_dump] dof → net.minecraft.world.item.component.CustomModelData
[1516|t+15259ms|ThreadId(2)] [class_dump] dog → net.minecraft.world.item.component.DamageResistant
[1517|t+15259ms|ThreadId(2)] [class_dump] doh → net.minecraft.world.item.component.DeathProtection
[1518|t+15259ms|ThreadId(2)] [class_dump] doi → net.minecraft.world.item.component.DebugStickState
[1519|t+15259ms|ThreadId(2)] [class_dump] doj → net.minecraft.world.item.component.DyedItemColor
[1520|t+15260ms|ThreadId(2)] [class_dump] dok → net.minecraft.world.item.component.FireworkExplosion
[1521|t+15260ms|ThreadId(2)] [class_dump] dol → net.minecraft.world.item.component.Fireworks
[1522|t+15260ms|ThreadId(2)] [class_dump] dom → net.minecraft.world.item.component.InstrumentComponent
[1523|t+15260ms|ThreadId(2)] [class_dump] don → net.minecraft.world.item.component.ItemAttributeModifiers
[1524|t+15261ms|ThreadId(2)] [class_dump] doo → net.minecraft.world.item.component.ItemContainerContents
[1525|t+15261ms|ThreadId(2)] [class_dump] dop → net.minecraft.world.item.component.ItemLore
[1526|t+15261ms|ThreadId(2)] [class_dump] doq → net.minecraft.world.item.component.KineticWeapon
[1527|t+15261ms|ThreadId(2)] [class_dump] dor → net.minecraft.world.item.component.LodestoneTracker
[1528|t+15262ms|ThreadId(2)] [class_dump] dos → net.minecraft.world.item.component.MapDecorations
[1529|t+15262ms|ThreadId(2)] [class_dump] dot → net.minecraft.world.item.component.MapItemColor
[1530|t+15262ms|ThreadId(2)] [class_dump] dou → net.minecraft.world.item.component.MapPostProcessing
[1531|t+15262ms|ThreadId(2)] [class_dump] dov → net.minecraft.world.item.component.OminousBottleAmplifier
[1532|t+15263ms|ThreadId(2)] [class_dump] dow → net.minecraft.world.item.component.PiercingWeapon
[1533|t+15263ms|ThreadId(2)] [class_dump] dox → net.minecraft.world.item.component.ProvidesTrimMaterial
[1534|t+15263ms|ThreadId(2)] [class_dump] doy → net.minecraft.world.item.component.ResolvableProfile
[1535|t+15264ms|ThreadId(2)] [class_dump] doz → net.minecraft.world.item.component.SeededContainerLoot
[1536|t+15264ms|ThreadId(2)] [class_dump] dpa → net.minecraft.world.item.component.SuspiciousStewEffects
[1537|t+15264ms|ThreadId(2)] [class_dump] dpb → net.minecraft.world.item.component.SwingAnimation
[1538|t+15264ms|ThreadId(2)] [class_dump] dpc → net.minecraft.world.item.component.Tool
[1539|t+15265ms|ThreadId(2)] [class_dump] dpd → net.minecraft.world.item.component.TooltipDisplay
[1540|t+15265ms|ThreadId(2)] [class_dump] dpe → net.minecraft.world.item.component.TooltipProvider
[1541|t+15265ms|ThreadId(2)] [class_dump] dpf → net.minecraft.world.item.component.TypedEntityData
[1542|t+15266ms|ThreadId(2)] [class_dump] dpg → net.minecraft.world.item.component.UseCooldown
[1543|t+15266ms|ThreadId(2)] [class_dump] dph → net.minecraft.world.item.component.UseEffects
[1544|t+15266ms|ThreadId(2)] [class_dump] dpi → net.minecraft.world.item.component.UseRemainder
[1545|t+15266ms|ThreadId(2)] [class_dump] dpj → net.minecraft.world.item.component.Weapon
[1546|t+15268ms|ThreadId(2)] [class_dump] dpk → net.minecraft.world.item.component.WritableBookContent
[1547|t+15269ms|ThreadId(2)] [class_dump] dpl → net.minecraft.world.item.component.WrittenBookContent
[1548|t+15270ms|ThreadId(2)] [class_dump] dpn → net.minecraft.world.item.consume_effects.ApplyStatusEffectsConsumeEffect
[1549|t+15271ms|ThreadId(2)] [class_dump] dpo → net.minecraft.world.item.consume_effects.ClearAllStatusEffectsConsumeEffect
[1550|t+15271ms|ThreadId(2)] [class_dump] dpp → net.minecraft.world.item.consume_effects.ConsumeEffect
[1551|t+15271ms|ThreadId(2)] [class_dump] dpu → net.minecraft.world.item.context.BlockPlaceContext
[1552|t+15271ms|ThreadId(2)] [class_dump] dpv → net.minecraft.world.item.context.DirectionalPlaceContext
[1553|t+15272ms|ThreadId(2)] [class_dump] dpw → net.minecraft.world.item.context.UseOnContext
[1554|t+15272ms|ThreadId(2)] [class_dump] dqk → net.minecraft.world.item.crafting.ExtendedRecipeBookCategory
[1555|t+15272ms|ThreadId(2)] [class_dump] dqs → net.minecraft.world.item.crafting.Recipe
[1556|t+15273ms|ThreadId(2)] [class_dump] dqt → net.minecraft.world.item.crafting.RecipeAccess
[1557|t+15273ms|ThreadId(2)] [class_dump] dqu → net.minecraft.world.item.crafting.RecipeBookCategories
[1558|t+15273ms|ThreadId(2)] [class_dump] dqv → net.minecraft.world.item.crafting.RecipeBookCategory
[1559|t+15273ms|ThreadId(2)] [class_dump] dqw → net.minecraft.world.item.crafting.RecipeCache
[1560|t+15274ms|ThreadId(2)] [class_dump] dqy → net.minecraft.world.item.crafting.RecipeInput
[1561|t+15274ms|ThreadId(2)] [class_dump] drc → net.minecraft.world.item.crafting.RecipeSerializer
[1562|t+15274ms|ThreadId(2)] [class_dump] dsb → net.minecraft.world.item.crafting.display.RecipeDisplays
[1563|t+15274ms|ThreadId(2)] [class_dump] dsg → net.minecraft.world.item.crafting.display.SlotDisplays
[1564|t+15275ms|ThreadId(2)] [class_dump] dsl → net.minecraft.world.item.enchantment.ConditionalEffect
[1565|t+15275ms|ThreadId(2)] [class_dump] dsm → net.minecraft.world.item.enchantment.Enchantable
[1566|t+15275ms|ThreadId(2)] [class_dump] dso → net.minecraft.world.item.enchantment.Enchantment
[1567|t+15275ms|ThreadId(2)] [class_dump] dsp → net.minecraft.world.item.enchantment.EnchantmentEffectComponents
[1568|t+15276ms|ThreadId(2)] [class_dump] dss → net.minecraft.world.item.enchantment.EnchantmentTarget
[1569|t+15276ms|ThreadId(2)] [class_dump] dsu → net.minecraft.world.item.enchantment.ItemEnchantments
[1570|t+15276ms|ThreadId(2)] [class_dump] dsv → net.minecraft.world.item.enchantment.LevelBasedValue
[1571|t+15277ms|ThreadId(2)] [class_dump] dsw → net.minecraft.world.item.enchantment.Repairable
[1572|t+15277ms|ThreadId(2)] [class_dump] dsx → net.minecraft.world.item.enchantment.TargetedConditionalEffect
[1573|t+15277ms|ThreadId(2)] [class_dump] dtf → net.minecraft.world.item.enchantment.effects.DamageImmunity
[1574|t+15277ms|ThreadId(2)] [class_dump] dtg → net.minecraft.world.item.enchantment.effects.EnchantmentAttributeEffect
[1575|t+15278ms|ThreadId(2)] [class_dump] dth → net.minecraft.world.item.enchantment.effects.EnchantmentEntityEffect
[1576|t+15278ms|ThreadId(2)] [class_dump] dti → net.minecraft.world.item.enchantment.effects.EnchantmentLocationBasedEffect
[1577|t+15278ms|ThreadId(2)] [class_dump] dtj → net.minecraft.world.item.enchantment.effects.EnchantmentValueEffect
[1578|t+15279ms|ThreadId(2)] [class_dump] dua → net.minecraft.world.item.enchantment.providers.EnchantmentProviderTypes
[1579|t+15279ms|ThreadId(2)] [class_dump] dum → net.minecraft.world.item.equipment.EquipmentAssets
[1580|t+15279ms|ThreadId(2)] [class_dump] dun → net.minecraft.world.item.equipment.Equippable
[1581|t+15280ms|ThreadId(2)] [class_dump] dup → net.minecraft.world.item.equipment.trim.ArmorTrim
[1582|t+15280ms|ThreadId(2)] [class_dump] duq → net.minecraft.world.item.equipment.trim.MaterialAssetGroup
[1583|t+15280ms|ThreadId(2)] [class_dump] dur → net.minecraft.world.item.equipment.trim.TrimMaterial
[1584|t+15280ms|ThreadId(2)] [class_dump] dut → net.minecraft.world.item.equipment.trim.TrimPattern
[1585|t+15281ms|ThreadId(2)] [class_dump] dvf → net.minecraft.world.item.slot.SlotSource
[1586|t+15281ms|ThreadId(2)] [class_dump] dvg → net.minecraft.world.item.slot.SlotSources
[1587|t+15281ms|ThreadId(2)] [class_dump] dvk → net.minecraft.world.item.trading.Merchant
[1588|t+15282ms|ThreadId(2)] [class_dump] dvo → net.minecraft.world.level.BaseCommandBlock
[1589|t+15282ms|ThreadId(2)] [class_dump] dvp → net.minecraft.world.level.BaseSpawner
[1590|t+15282ms|ThreadId(2)] [class_dump] dvq → net.minecraft.world.level.BlockAndTintGetter
[1591|t+15282ms|ThreadId(2)] [class_dump] dvt → net.minecraft.world.level.BlockGetter
[1592|t+15283ms|ThreadId(2)] [class_dump] dvx → net.minecraft.world.level.CollisionGetter
[1593|t+15283ms|ThreadId(2)] [class_dump] dwa → net.minecraft.world.level.CommonLevelAccessor
[1594|t+15287ms|ThreadId(2)] [class_dump] dwf → net.minecraft.world.level.EmptyBlockGetter
[1595|t+15288ms|ThreadId(2)] [class_dump] dwh → net.minecraft.world.level.EntityGetter
[1596|t+15288ms|ThreadId(2)] [class_dump] dwj → net.minecraft.world.level.ExplosionDamageCalculator
[1597|t+15289ms|ThreadId(2)] [class_dump] dwn → net.minecraft.world.level.ItemLike
[1598|t+15289ms|ThreadId(2)] [class_dump] dwo → net.minecraft.world.level.Level
[1599|t+15289ms|ThreadId(2)] [class_dump] dwp → net.minecraft.world.level.LevelAccessor
[1600|t+15290ms|ThreadId(2)] [class_dump] dwq → net.minecraft.world.level.LevelHeightAccessor
[1601|t+15290ms|ThreadId(2)] [class_dump] dwr → net.minecraft.world.level.LevelReader
[1602|t+15290ms|ThreadId(2)] [class_dump] dwt → net.minecraft.world.level.LevelSimulatedRW
[1603|t+15291ms|ThreadId(2)] [class_dump] dwu → net.minecraft.world.level.LevelSimulatedReader
[1604|t+15291ms|ThreadId(2)] [class_dump] dwv → net.minecraft.world.level.LevelWriter
[1605|t+15292ms|ThreadId(2)] [class_dump] dx → net.minecraft.commands.BrigadierExceptions
[1606|t+15292ms|ThreadId(2)] [class_dump] dxd → net.minecraft.world.level.ScheduledTickAccess
[1607|t+15292ms|ThreadId(2)] [class_dump] dxf → net.minecraft.world.level.ServerLevelAccessor
[1608|t+15293ms|ThreadId(2)] [class_dump] dxg → net.minecraft.world.level.SignalGetter
[1609|t+15293ms|ThreadId(2)] [class_dump] dxh → net.minecraft.world.level.SimpleExplosionDamageCalculator
[1610|t+15293ms|ThreadId(2)] [class_dump] dxj → net.minecraft.world.level.Spawner
[1611|t+15294ms|ThreadId(2)] [class_dump] dxn → net.minecraft.world.level.WorldGenLevel
[1612|t+15294ms|ThreadId(2)] [class_dump] dxo → net.minecraft.world.level.biome.Biome
[1613|t+15294ms|ThreadId(2)] [class_dump] dxt → net.minecraft.world.level.biome.BiomeSources
[1614|t+15295ms|ThreadId(2)] [class_dump] dyh → net.minecraft.world.level.block.AbstractBannerBlock
[1615|t+15295ms|ThreadId(2)] [class_dump] dyi → net.minecraft.world.level.block.AbstractCandleBlock
[1616|t+15295ms|ThreadId(2)] [class_dump] dyj → net.minecraft.world.level.block.AbstractCauldronBlock
[1617|t+15296ms|ThreadId(2)] [class_dump] dyk → net.minecraft.world.level.block.AbstractChestBlock
[1618|t+15296ms|ThreadId(2)] [class_dump] dyl → net.minecraft.world.level.block.AbstractFurnaceBlock
[1619|t+15296ms|ThreadId(2)] [class_dump] dym → net.minecraft.world.level.block.AbstractSkullBlock
[1620|t+15297ms|ThreadId(2)] [class_dump] dyn → net.minecraft.world.level.block.AirBlock
[1621|t+15297ms|ThreadId(2)] [class_dump] dyo → net.minecraft.world.level.block.AmethystBlock
[1622|t+15297ms|ThreadId(2)] [class_dump] dyp → net.minecraft.world.level.block.AmethystClusterBlock
[1623|t+15298ms|ThreadId(2)] [class_dump] dyq → net.minecraft.world.level.block.AnvilBlock
[1624|t+15298ms|ThreadId(2)] [class_dump] dyr → net.minecraft.world.level.block.AttachedStemBlock
[1625|t+15298ms|ThreadId(2)] [class_dump] dys → net.minecraft.world.level.block.AzaleaBlock
[1626|t+15298ms|ThreadId(2)] [class_dump] dyt → net.minecraft.world.level.block.BambooSaplingBlock
[1627|t+15299ms|ThreadId(2)] [class_dump] dyu → net.minecraft.world.level.block.BambooStalkBlock
[1628|t+15299ms|ThreadId(2)] [class_dump] dyv → net.minecraft.world.level.block.BannerBlock
[1629|t+15299ms|ThreadId(2)] [class_dump] dyw → net.minecraft.world.level.block.BarrelBlock
[1630|t+15299ms|ThreadId(2)] [class_dump] dyx → net.minecraft.world.level.block.BarrierBlock
[1631|t+15300ms|ThreadId(2)] [class_dump] dyy → net.minecraft.world.level.block.BaseCoralFanBlock
[1632|t+15301ms|ThreadId(2)] [class_dump] dyz → net.minecraft.world.level.block.BaseCoralPlantBlock
[1633|t+15301ms|ThreadId(2)] [class_dump] dza → net.minecraft.world.level.block.BaseCoralPlantTypeBlock
[1634|t+15302ms|ThreadId(2)] [class_dump] dzb → net.minecraft.world.level.block.BaseCoralWallFanBlock
[1635|t+15302ms|ThreadId(2)] [class_dump] dzc → net.minecraft.world.level.block.BaseEntityBlock
[1636|t+15303ms|ThreadId(2)] [class_dump] dzd → net.minecraft.world.level.block.BaseFireBlock
[1637|t+15307ms|ThreadId(2)] [class_dump] dze → net.minecraft.world.level.block.BasePressurePlateBlock
[1638|t+15307ms|ThreadId(2)] [class_dump] dzf → net.minecraft.world.level.block.BaseRailBlock
[1639|t+15307ms|ThreadId(2)] [class_dump] dzg → net.minecraft.world.level.block.BaseTorchBlock
[1640|t+15308ms|ThreadId(2)] [class_dump] dzh → net.minecraft.world.level.block.BeaconBeamBlock
[1641|t+15308ms|ThreadId(2)] [class_dump] dzi → net.minecraft.world.level.block.BeaconBlock
[1642|t+15309ms|ThreadId(2)] [class_dump] dzj → net.minecraft.world.level.block.BedBlock
[1643|t+15309ms|ThreadId(2)] [class_dump] dzk → net.minecraft.world.level.block.BeehiveBlock
[1644|t+15309ms|ThreadId(2)] [class_dump] dzl → net.minecraft.world.level.block.BeetrootBlock
[1645|t+15309ms|ThreadId(2)] [class_dump] dzm → net.minecraft.world.level.block.BellBlock
[1646|t+15310ms|ThreadId(2)] [class_dump] dzn → net.minecraft.world.level.block.BigDripleafBlock
[1647|t+15310ms|ThreadId(2)] [class_dump] dzo → net.minecraft.world.level.block.BigDripleafStemBlock
[1648|t+15310ms|ThreadId(2)] [class_dump] dzp → net.minecraft.world.level.block.BlastFurnaceBlock
[1649|t+15311ms|ThreadId(2)] [class_dump] dzq → net.minecraft.world.level.block.Block
[1650|t+15311ms|ThreadId(2)] [class_dump] dzr → net.minecraft.world.level.block.BlockTypes
[1651|t+15311ms|ThreadId(2)] [class_dump] dzs → net.minecraft.world.level.block.Blocks
[1652|t+15311ms|ThreadId(2)] [class_dump] dzt → net.minecraft.world.level.block.BonemealableBlock
[1653|t+15312ms|ThreadId(2)] [class_dump] dzu → net.minecraft.world.level.block.BonemealableFeaturePlacerBlock
[1654|t+15312ms|ThreadId(2)] [class_dump] dzv → net.minecraft.world.level.block.BrewingStandBlock
[1655|t+15312ms|ThreadId(2)] [class_dump] dzw → net.minecraft.world.level.block.BrushableBlock
[1656|t+15313ms|ThreadId(2)] [class_dump] dzx → net.minecraft.world.level.block.BubbleColumnBlock
[1657|t+15313ms|ThreadId(2)] [class_dump] dzy → net.minecraft.world.level.block.BucketPickup
[1658|t+15313ms|ThreadId(2)] [class_dump] dzz → net.minecraft.world.level.block.BuddingAmethystBlock
[1659|t+15313ms|ThreadId(2)] [class_dump] eaa → net.minecraft.world.level.block.BushBlock
[1660|t+15314ms|ThreadId(2)] [class_dump] eab → net.minecraft.world.level.block.ButtonBlock
[1661|t+15314ms|ThreadId(2)] [class_dump] eac → net.minecraft.world.level.block.CactusBlock
[1662|t+15314ms|ThreadId(2)] [class_dump] ead → net.minecraft.world.level.block.CactusFlowerBlock
[1663|t+15314ms|ThreadId(2)] [class_dump] eae → net.minecraft.world.level.block.CakeBlock
[1664|t+15315ms|ThreadId(2)] [class_dump] eaf → net.minecraft.world.level.block.CalibratedSculkSensorBlock
[1665|t+15315ms|ThreadId(2)] [class_dump] eag → net.minecraft.world.level.block.CampfireBlock
[1666|t+15315ms|ThreadId(2)] [class_dump] eah → net.minecraft.world.level.block.CandleBlock
[1667|t+15316ms|ThreadId(2)] [class_dump] eai → net.minecraft.world.level.block.CandleCakeBlock
[1668|t+15316ms|ThreadId(2)] [class_dump] eaj → net.minecraft.world.level.block.CarpetBlock
[1669|t+15316ms|ThreadId(2)] [class_dump] eak → net.minecraft.world.level.block.CarrotBlock
[1670|t+15316ms|ThreadId(2)] [class_dump] eal → net.minecraft.world.level.block.CartographyTableBlock
[1671|t+15317ms|ThreadId(2)] [class_dump] eam → net.minecraft.world.level.block.CarvedPumpkinBlock
[1672|t+15317ms|ThreadId(2)] [class_dump] ean → net.minecraft.world.level.block.CauldronBlock
[1673|t+15318ms|ThreadId(2)] [class_dump] eao → net.minecraft.world.level.block.CaveVines
[1674|t+15319ms|ThreadId(2)] [class_dump] eap → net.minecraft.world.level.block.CaveVinesBlock
[1675|t+15319ms|ThreadId(2)] [class_dump] eaq → net.minecraft.world.level.block.CaveVinesPlantBlock
[1676|t+15320ms|ThreadId(2)] [class_dump] ear → net.minecraft.world.level.block.CeilingHangingSignBlock
[1677|t+15321ms|ThreadId(2)] [class_dump] eas → net.minecraft.world.level.block.ChainBlock
[1678|t+15321ms|ThreadId(2)] [class_dump] eat → net.minecraft.world.level.block.ChangeOverTimeBlock
[1679|t+15321ms|ThreadId(2)] [class_dump] eau → net.minecraft.world.level.block.ChestBlock
[1680|t+15322ms|ThreadId(2)] [class_dump] eav → net.minecraft.world.level.block.ChiseledBookShelfBlock
[1681|t+15322ms|ThreadId(2)] [class_dump] eaw → net.minecraft.world.level.block.ChorusFlowerBlock
[1682|t+15322ms|ThreadId(2)] [class_dump] eax → net.minecraft.world.level.block.ChorusPlantBlock
[1683|t+15323ms|ThreadId(2)] [class_dump] eay → net.minecraft.world.level.block.CocoaBlock
[1684|t+15323ms|ThreadId(2)] [class_dump] eaz → net.minecraft.world.level.block.ColoredFallingBlock
[1685|t+15323ms|ThreadId(2)] [class_dump] eba → net.minecraft.world.level.block.CommandBlock
[1686|t+15324ms|ThreadId(2)] [class_dump] ebb → net.minecraft.world.level.block.ComparatorBlock
[1687|t+15324ms|ThreadId(2)] [class_dump] ebc → net.minecraft.world.level.block.ComposterBlock
[1688|t+15324ms|ThreadId(2)] [class_dump] ebd → net.minecraft.world.level.block.ConcretePowderBlock
[1689|t+15324ms|ThreadId(2)] [class_dump] ebe → net.minecraft.world.level.block.ConduitBlock
[1690|t+15325ms|ThreadId(2)] [class_dump] ebf → net.minecraft.world.level.block.CopperBulbBlock
[1691|t+15325ms|ThreadId(2)] [class_dump] ebg → net.minecraft.world.level.block.CopperChestBlock
[1692|t+15325ms|ThreadId(2)] [class_dump] ebh → net.minecraft.world.level.block.CopperGolemStatueBlock
[1693|t+15326ms|ThreadId(2)] [class_dump] ebi → net.minecraft.world.level.block.CoralBlock
[1694|t+15326ms|ThreadId(2)] [class_dump] ebj → net.minecraft.world.level.block.CoralFanBlock
[1695|t+15326ms|ThreadId(2)] [class_dump] ebk → net.minecraft.world.level.block.CoralPlantBlock
[1696|t+15327ms|ThreadId(2)] [class_dump] ebl → net.minecraft.world.level.block.CoralWallFanBlock
[1697|t+15327ms|ThreadId(2)] [class_dump] ebm → net.minecraft.world.level.block.CrafterBlock
[1698|t+15327ms|ThreadId(2)] [class_dump] ebn → net.minecraft.world.level.block.CraftingTableBlock
[1699|t+15328ms|ThreadId(2)] [class_dump] ebo → net.minecraft.world.level.block.CreakingHeartBlock
[1700|t+15328ms|ThreadId(2)] [class_dump] ebp → net.minecraft.world.level.block.CropBlock
[1701|t+15328ms|ThreadId(2)] [class_dump] ebq → net.minecraft.world.level.block.CrossCollisionBlock
[1702|t+15328ms|ThreadId(2)] [class_dump] ebr → net.minecraft.world.level.block.CryingObsidianBlock
[1703|t+15329ms|ThreadId(2)] [class_dump] ebs → net.minecraft.world.level.block.DaylightDetectorBlock
[1704|t+15329ms|ThreadId(2)] [class_dump] ebt → net.minecraft.world.level.block.DecoratedPotBlock
[1705|t+15329ms|ThreadId(2)] [class_dump] ebu → net.minecraft.world.level.block.DetectorRailBlock
[1706|t+15330ms|ThreadId(2)] [class_dump] ebv → net.minecraft.world.level.block.DiodeBlock
[1707|t+15330ms|ThreadId(2)] [class_dump] ebw → net.minecraft.world.level.block.DirectionalBlock
[1708|t+15330ms|ThreadId(2)] [class_dump] ebx → net.minecraft.world.level.block.DirtPathBlock
[1709|t+15331ms|ThreadId(2)] [class_dump] eby → net.minecraft.world.level.block.DispenserBlock
[1710|t+15331ms|ThreadId(2)] [class_dump] ebz → net.minecraft.world.level.block.DoorBlock
[1711|t+15331ms|ThreadId(2)] [class_dump] ec → net.minecraft.commands.CommandSource
[1712|t+15331ms|ThreadId(2)] [class_dump] ecb → net.minecraft.world.level.block.DoublePlantBlock
[1713|t+15332ms|ThreadId(2)] [class_dump] ecc → net.minecraft.world.level.block.DragonEggBlock
[1714|t+15332ms|ThreadId(2)] [class_dump] ecd → net.minecraft.world.level.block.DriedGhastBlock
[1715|t+15332ms|ThreadId(2)] [class_dump] ece → net.minecraft.world.level.block.DropExperienceBlock
[1716|t+15333ms|ThreadId(2)] [class_dump] ecf → net.minecraft.world.level.block.DropperBlock
[1717|t+15333ms|ThreadId(2)] [class_dump] ecg → net.minecraft.world.level.block.DryVegetationBlock
[1718|t+15334ms|ThreadId(2)] [class_dump] ech → net.minecraft.world.level.block.EnchantingTableBlock
[1719|t+15335ms|ThreadId(2)] [class_dump] eci → net.minecraft.world.level.block.EndGatewayBlock
[1720|t+15336ms|ThreadId(2)] [class_dump] ecj → net.minecraft.world.level.block.EndPortalBlock
[1721|t+15337ms|ThreadId(2)] [class_dump] eck → net.minecraft.world.level.block.EndPortalFrameBlock
[1722|t+15337ms|ThreadId(2)] [class_dump] ecl → net.minecraft.world.level.block.EndRodBlock
[1723|t+15337ms|ThreadId(2)] [class_dump] ecm → net.minecraft.world.level.block.EnderChestBlock
[1724|t+15338ms|ThreadId(2)] [class_dump] ecn → net.minecraft.world.level.block.EntityBlock
[1725|t+15338ms|ThreadId(2)] [class_dump] eco → net.minecraft.world.level.block.EyeblossomBlock
[1726|t+15338ms|ThreadId(2)] [class_dump] ecp → net.minecraft.world.level.block.FaceAttachedHorizontalDirectionalBlock
[1727|t+15339ms|ThreadId(2)] [class_dump] ecq → net.minecraft.world.level.block.Fallable
[1728|t+15339ms|ThreadId(2)] [class_dump] ecr → net.minecraft.world.level.block.FallingBlock
[1729|t+15339ms|ThreadId(2)] [class_dump] ecs → net.minecraft.world.level.block.FarmBlock
[1730|t+15340ms|ThreadId(2)] [class_dump] ect → net.minecraft.world.level.block.FenceBlock
[1731|t+15340ms|ThreadId(2)] [class_dump] ecu → net.minecraft.world.level.block.FenceGateBlock
[1732|t+15340ms|ThreadId(2)] [class_dump] ecv → net.minecraft.world.level.block.FireBlock
[1733|t+15340ms|ThreadId(2)] [class_dump] ecw → net.minecraft.world.level.block.FireflyBushBlock
[1734|t+15341ms|ThreadId(2)] [class_dump] ecx → net.minecraft.world.level.block.FlowerBedBlock
[1735|t+15341ms|ThreadId(2)] [class_dump] ecy → net.minecraft.world.level.block.FlowerBlock
[1736|t+15341ms|ThreadId(2)] [class_dump] ecz → net.minecraft.world.level.block.FlowerPotBlock
[1737|t+15342ms|ThreadId(2)] [class_dump] eda → net.minecraft.world.level.block.FrogspawnBlock
[1738|t+15342ms|ThreadId(2)] [class_dump] edb → net.minecraft.world.level.block.FrostedIceBlock
[1739|t+15342ms|ThreadId(2)] [class_dump] edc → net.minecraft.world.level.block.FungusBlock
[1740|t+15343ms|ThreadId(2)] [class_dump] edd → net.minecraft.world.level.block.FurnaceBlock
[1741|t+15343ms|ThreadId(2)] [class_dump] ede → net.minecraft.world.level.block.GameMasterBlock
[1742|t+15343ms|ThreadId(2)] [class_dump] edf → net.minecraft.world.level.block.GlazedTerracottaBlock
[1743|t+15343ms|ThreadId(2)] [class_dump] edg → net.minecraft.world.level.block.GlowLichenBlock
[1744|t+15344ms|ThreadId(2)] [class_dump] edh → net.minecraft.world.level.block.GrassBlock
[1745|t+15344ms|ThreadId(2)] [class_dump] edi → net.minecraft.world.level.block.GrindstoneBlock
[1746|t+15344ms|ThreadId(2)] [class_dump] edj → net.minecraft.world.level.block.GrowingPlantBlock
[1747|t+15344ms|ThreadId(2)] [class_dump] edk → net.minecraft.world.level.block.GrowingPlantBodyBlock
[1748|t+15345ms|ThreadId(2)] [class_dump] edl → net.minecraft.world.level.block.GrowingPlantHeadBlock
[1749|t+15345ms|ThreadId(2)] [class_dump] edm → net.minecraft.world.level.block.HalfTransparentBlock
[1750|t+15345ms|ThreadId(2)] [class_dump] edn → net.minecraft.world.level.block.HangingMossBlock
[1751|t+15346ms|ThreadId(2)] [class_dump] edo → net.minecraft.world.level.block.HangingRootsBlock
[1752|t+15346ms|ThreadId(2)] [class_dump] edp → net.minecraft.world.level.block.HayBlock
[1753|t+15346ms|ThreadId(2)] [class_dump] edq → net.minecraft.world.level.block.HeavyCoreBlock
[1754|t+15346ms|ThreadId(2)] [class_dump] edr → net.minecraft.world.level.block.HoneyBlock
[1755|t+15347ms|ThreadId(2)] [class_dump] eds → net.minecraft.world.level.block.HopperBlock
[1756|t+15347ms|ThreadId(2)] [class_dump] edt → net.minecraft.world.level.block.HorizontalDirectionalBlock
[1757|t+15347ms|ThreadId(2)] [class_dump] edu → net.minecraft.world.level.block.HugeMushroomBlock
[1758|t+15348ms|ThreadId(2)] [class_dump] edv → net.minecraft.world.level.block.IceBlock
[1759|t+15348ms|ThreadId(2)] [class_dump] edw → net.minecraft.world.level.block.InfestedBlock
[1760|t+15348ms|ThreadId(2)] [class_dump] edx → net.minecraft.world.level.block.InfestedRotatedPillarBlock
[1761|t+15349ms|ThreadId(2)] [class_dump] edy → net.minecraft.world.level.block.IronBarsBlock
[1762|t+15349ms|ThreadId(2)] [class_dump] edz → net.minecraft.world.level.block.JigsawBlock
[1763|t+15349ms|ThreadId(2)] [class_dump] eea → net.minecraft.world.level.block.JukeboxBlock
[1764|t+15349ms|ThreadId(2)] [class_dump] eeb → net.minecraft.world.level.block.KelpBlock
[1765|t+15350ms|ThreadId(2)] [class_dump] eec → net.minecraft.world.level.block.KelpPlantBlock
[1766|t+15353ms|ThreadId(2)] [class_dump] eed → net.minecraft.world.level.block.LadderBlock
[1767|t+15354ms|ThreadId(2)] [class_dump] eee → net.minecraft.world.level.block.LanternBlock
[1768|t+15354ms|ThreadId(2)] [class_dump] eef → net.minecraft.world.level.block.LavaCauldronBlock
[1769|t+15355ms|ThreadId(2)] [class_dump] eeg → net.minecraft.world.level.block.LayeredCauldronBlock
[1770|t+15355ms|ThreadId(2)] [class_dump] eeh → net.minecraft.world.level.block.LeafLitterBlock
[1771|t+15356ms|ThreadId(2)] [class_dump] eei → net.minecraft.world.level.block.LeavesBlock
[1772|t+15356ms|ThreadId(2)] [class_dump] eej → net.minecraft.world.level.block.LecternBlock
[1773|t+15356ms|ThreadId(2)] [class_dump] eel → net.minecraft.world.level.block.LeverBlock
[1774|t+15356ms|ThreadId(2)] [class_dump] eem → net.minecraft.world.level.block.LightBlock
[1775|t+15357ms|ThreadId(2)] [class_dump] een → net.minecraft.world.level.block.LightningRodBlock
[1776|t+15357ms|ThreadId(2)] [class_dump] eeo → net.minecraft.world.level.block.LiquidBlock
[1777|t+15357ms|ThreadId(2)] [class_dump] eep → net.minecraft.world.level.block.LiquidBlockContainer
[1778|t+15358ms|ThreadId(2)] [class_dump] eeq → net.minecraft.world.level.block.LoomBlock
[1779|t+15358ms|ThreadId(2)] [class_dump] eer → net.minecraft.world.level.block.MagmaBlock
[1780|t+15358ms|ThreadId(2)] [class_dump] ees → net.minecraft.world.level.block.MangroveLeavesBlock
[1781|t+15359ms|ThreadId(2)] [class_dump] eet → net.minecraft.world.level.block.MangrovePropaguleBlock
[1782|t+15359ms|ThreadId(2)] [class_dump] eeu → net.minecraft.world.level.block.MangroveRootsBlock
[1783|t+15359ms|ThreadId(2)] [class_dump] eev → net.minecraft.world.level.block.Mirror
[1784|t+15360ms|ThreadId(2)] [class_dump] eew → net.minecraft.world.level.block.MossyCarpetBlock
[1785|t+15360ms|ThreadId(2)] [class_dump] eex → net.minecraft.world.level.block.MudBlock
[1786|t+15360ms|ThreadId(2)] [class_dump] eey → net.minecraft.world.level.block.MultifaceBlock
[1787|t+15360ms|ThreadId(2)] [class_dump] eez → net.minecraft.world.level.block.MultifaceSpreadeableBlock
[1788|t+15361ms|ThreadId(2)] [class_dump] efa → net.minecraft.world.level.block.MultifaceSpreader
[1789|t+15361ms|ThreadId(2)] [class_dump] efb → net.minecraft.world.level.block.MushroomBlock
[1790|t+15361ms|ThreadId(2)] [class_dump] efc → net.minecraft.world.level.block.MyceliumBlock
[1791|t+15362ms|ThreadId(2)] [class_dump] efd → net.minecraft.world.level.block.NetherPortalBlock
[1792|t+15362ms|ThreadId(2)] [class_dump] efe → net.minecraft.world.level.block.NetherSproutsBlock
[1793|t+15363ms|ThreadId(2)] [class_dump] efg → net.minecraft.world.level.block.NetherWartBlock
[1794|t+15363ms|ThreadId(2)] [class_dump] efh → net.minecraft.world.level.block.NetherrackBlock
[1795|t+15363ms|ThreadId(2)] [class_dump] efi → net.minecraft.world.level.block.NoteBlock
[1796|t+15364ms|ThreadId(2)] [class_dump] efj → net.minecraft.world.level.block.NyliumBlock
[1797|t+15364ms|ThreadId(2)] [class_dump] efk → net.minecraft.world.level.block.ObserverBlock
[1798|t+15364ms|ThreadId(2)] [class_dump] efl → net.minecraft.world.level.block.PiglinWallSkullBlock
[1799|t+15365ms|ThreadId(2)] [class_dump] efm → net.minecraft.world.level.block.PipeBlock
[1800|t+15365ms|ThreadId(2)] [class_dump] efn → net.minecraft.world.level.block.PitcherCropBlock
[1801|t+15365ms|ThreadId(2)] [class_dump] efo → net.minecraft.world.level.block.PlayerHeadBlock
[1802|t+15366ms|ThreadId(2)] [class_dump] efp → net.minecraft.world.level.block.PlayerWallHeadBlock
[1803|t+15366ms|ThreadId(2)] [class_dump] efq → net.minecraft.world.level.block.PointedDripstoneBlock
[1804|t+15366ms|ThreadId(2)] [class_dump] efr → net.minecraft.world.level.block.Portal
[1805|t+15367ms|ThreadId(2)] [class_dump] efs → net.minecraft.world.level.block.PotatoBlock
[1806|t+15369ms|ThreadId(2)] [class_dump] eft → net.minecraft.world.level.block.PowderSnowBlock
[1807|t+15370ms|ThreadId(2)] [class_dump] efu → net.minecraft.world.level.block.PoweredBlock
[1808|t+15370ms|ThreadId(2)] [class_dump] efv → net.minecraft.world.level.block.PoweredRailBlock
[1809|t+15371ms|ThreadId(2)] [class_dump] efw → net.minecraft.world.level.block.PressurePlateBlock
[1810|t+15371ms|ThreadId(2)] [class_dump] efx → net.minecraft.world.level.block.PumpkinBlock
[1811|t+15371ms|ThreadId(2)] [class_dump] efy → net.minecraft.world.level.block.RailBlock
[1812|t+15372ms|ThreadId(2)] [class_dump] ega → net.minecraft.world.level.block.RedStoneOreBlock
[1813|t+15372ms|ThreadId(2)] [class_dump] egb → net.minecraft.world.level.block.RedStoneWireBlock
[1814|t+15372ms|ThreadId(2)] [class_dump] egc → net.minecraft.world.level.block.RedstoneLampBlock
[1815|t+15373ms|ThreadId(2)] [class_dump] egd → net.minecraft.world.level.block.RedstoneTorchBlock
[1816|t+15373ms|ThreadId(2)] [class_dump] ege → net.minecraft.world.level.block.RedstoneWallTorchBlock
[1817|t+15373ms|ThreadId(2)] [class_dump] egg → net.minecraft.world.level.block.RepeaterBlock
[1818|t+15373ms|ThreadId(2)] [class_dump] egh → net.minecraft.world.level.block.RespawnAnchorBlock
[1819|t+15374ms|ThreadId(2)] [class_dump] egi → net.minecraft.world.level.block.RodBlock
[1820|t+15374ms|ThreadId(2)] [class_dump] egj → net.minecraft.world.level.block.RootedDirtBlock
[1821|t+15374ms|ThreadId(2)] [class_dump] egk → net.minecraft.world.level.block.RootsBlock
[1822|t+15375ms|ThreadId(2)] [class_dump] egl → net.minecraft.world.level.block.RotatedPillarBlock
[1823|t+15375ms|ThreadId(2)] [class_dump] egm → net.minecraft.world.level.block.Rotation
[1824|t+15375ms|ThreadId(2)] [class_dump] egn → net.minecraft.world.level.block.SandBlock
[1825|t+15376ms|ThreadId(2)] [class_dump] ego → net.minecraft.world.level.block.SaplingBlock
[1826|t+15376ms|ThreadId(2)] [class_dump] egp → net.minecraft.world.level.block.ScaffoldingBlock
[1827|t+15376ms|ThreadId(2)] [class_dump] egq → net.minecraft.world.level.block.SculkBehaviour
[1828|t+15377ms|ThreadId(2)] [class_dump] egr → net.minecraft.world.level.block.SculkBlock
[1829|t+15377ms|ThreadId(2)] [class_dump] egs → net.minecraft.world.level.block.SculkCatalystBlock
[1830|t+15377ms|ThreadId(2)] [class_dump] egt → net.minecraft.world.level.block.SculkSensorBlock
[1831|t+15378ms|ThreadId(2)] [class_dump] egu → net.minecraft.world.level.block.SculkShriekerBlock
[1832|t+15378ms|ThreadId(2)] [class_dump] egw → net.minecraft.world.level.block.SculkVeinBlock
[1833|t+15378ms|ThreadId(2)] [class_dump] egx → net.minecraft.world.level.block.SeaPickleBlock
[1834|t+15379ms|ThreadId(2)] [class_dump] egy → net.minecraft.world.level.block.SeagrassBlock
[1835|t+15379ms|ThreadId(2)] [class_dump] egz → net.minecraft.world.level.block.SegmentableBlock
[1836|t+15379ms|ThreadId(2)] [class_dump] eha → net.minecraft.world.level.block.SelectableSlotContainer
[1837|t+15380ms|ThreadId(2)] [class_dump] ehb → net.minecraft.world.level.block.ShelfBlock
[1838|t+15380ms|ThreadId(2)] [class_dump] ehc → net.minecraft.world.level.block.ShortDryGrassBlock
[1839|t+15380ms|ThreadId(2)] [class_dump] ehd → net.minecraft.world.level.block.ShulkerBoxBlock
[1840|t+15381ms|ThreadId(2)] [class_dump] ehe → net.minecraft.world.level.block.SideChainPartBlock
[1841|t+15381ms|ThreadId(2)] [class_dump] ehf → net.minecraft.world.level.block.SignBlock
[1842|t+15381ms|ThreadId(2)] [class_dump] ehg → net.minecraft.world.level.block.SimpleWaterloggedBlock
[1843|t+15381ms|ThreadId(2)] [class_dump] ehh → net.minecraft.world.level.block.SkullBlock
[1844|t+15382ms|ThreadId(2)] [class_dump] ehi → net.minecraft.world.level.block.SlabBlock
[1845|t+15382ms|ThreadId(2)] [class_dump] ehj → net.minecraft.world.level.block.SlimeBlock
[1846|t+15382ms|ThreadId(2)] [class_dump] ehk → net.minecraft.world.level.block.SmallDripleafBlock
[1847|t+15383ms|ThreadId(2)] [class_dump] ehl → net.minecraft.world.level.block.SmithingTableBlock
[1848|t+15383ms|ThreadId(2)] [class_dump] ehm → net.minecraft.world.level.block.SmokerBlock
[1849|t+15383ms|ThreadId(2)] [class_dump] ehn → net.minecraft.world.level.block.SnifferEggBlock
[1850|t+15384ms|ThreadId(2)] [class_dump] eho → net.minecraft.world.level.block.SnowLayerBlock
[1851|t+15384ms|ThreadId(2)] [class_dump] ehp → net.minecraft.world.level.block.SnowyDirtBlock
[1852|t+15385ms|ThreadId(2)] [class_dump] ehq → net.minecraft.world.level.block.SoulFireBlock
[1853|t+15385ms|ThreadId(2)] [class_dump] ehr → net.minecraft.world.level.block.SoulSandBlock
[1854|t+15386ms|ThreadId(2)] [class_dump] ehs → net.minecraft.world.level.block.SoundType
[1855|t+15386ms|ThreadId(2)] [class_dump] eht → net.minecraft.world.level.block.SpawnerBlock
[1856|t+15387ms|ThreadId(2)] [class_dump] ehu → net.minecraft.world.level.block.SpongeBlock
[1857|t+15387ms|ThreadId(2)] [class_dump] ehv → net.minecraft.world.level.block.SporeBlossomBlock
[1858|t+15387ms|ThreadId(2)] [class_dump] ehw → net.minecraft.world.level.block.SpreadingSnowyDirtBlock
[1859|t+15388ms|ThreadId(2)] [class_dump] ehx → net.minecraft.world.level.block.StainedGlassBlock
[1860|t+15388ms|ThreadId(2)] [class_dump] ehy → net.minecraft.world.level.block.StainedGlassPaneBlock
[1861|t+15388ms|ThreadId(2)] [class_dump] ehz → net.minecraft.world.level.block.StairBlock
[1862|t+15389ms|ThreadId(2)] [class_dump] eia → net.minecraft.world.level.block.StandingSignBlock
[1863|t+15389ms|ThreadId(2)] [class_dump] eib → net.minecraft.world.level.block.StemBlock
[1864|t+15389ms|ThreadId(2)] [class_dump] eic → net.minecraft.world.level.block.StonecutterBlock
[1865|t+15389ms|ThreadId(2)] [class_dump] eid → net.minecraft.world.level.block.StructureBlock
[1866|t+15390ms|ThreadId(2)] [class_dump] eie → net.minecraft.world.level.block.StructureVoidBlock
[1867|t+15390ms|ThreadId(2)] [class_dump] eif → net.minecraft.world.level.block.SugarCaneBlock
[1868|t+15390ms|ThreadId(2)] [class_dump] eig → net.minecraft.world.level.block.SupportType
[1869|t+15391ms|ThreadId(2)] [class_dump] eih → net.minecraft.world.level.block.SuspiciousEffectHolder
[1870|t+15391ms|ThreadId(2)] [class_dump] eii → net.minecraft.world.level.block.SweetBerryBushBlock
[1871|t+15391ms|ThreadId(2)] [class_dump] eij → net.minecraft.world.level.block.TallDryGrassBlock
[1872|t+15392ms|ThreadId(2)] [class_dump] eik → net.minecraft.world.level.block.TallFlowerBlock
[1873|t+15392ms|ThreadId(2)] [class_dump] eil → net.minecraft.world.level.block.TallGrassBlock
[1874|t+15392ms|ThreadId(2)] [class_dump] eim → net.minecraft.world.level.block.TallSeagrassBlock
[1875|t+15392ms|ThreadId(2)] [class_dump] ein → net.minecraft.world.level.block.TargetBlock
[1876|t+15393ms|ThreadId(2)] [class_dump] eio → net.minecraft.world.level.block.TestBlock
[1877|t+15393ms|ThreadId(2)] [class_dump] eip → net.minecraft.world.level.block.TestInstanceBlock
[1878|t+15393ms|ThreadId(2)] [class_dump] eiq → net.minecraft.world.level.block.TintedGlassBlock
[1879|t+15394ms|ThreadId(2)] [class_dump] eir → net.minecraft.world.level.block.TintedParticleLeavesBlock
[1880|t+15394ms|ThreadId(2)] [class_dump] eis → net.minecraft.world.level.block.TntBlock
[1881|t+15394ms|ThreadId(2)] [class_dump] eit → net.minecraft.world.level.block.TorchBlock
[1882|t+15394ms|ThreadId(2)] [class_dump] eiu → net.minecraft.world.level.block.TorchflowerCropBlock
[1883|t+15395ms|ThreadId(2)] [class_dump] eiv → net.minecraft.world.level.block.TransparentBlock
[1884|t+15395ms|ThreadId(2)] [class_dump] eiw → net.minecraft.world.level.block.TrapDoorBlock
[1885|t+15395ms|ThreadId(2)] [class_dump] eix → net.minecraft.world.level.block.TrappedChestBlock
[1886|t+15395ms|ThreadId(2)] [class_dump] eiy → net.minecraft.world.level.block.TrialSpawnerBlock
[1887|t+15396ms|ThreadId(2)] [class_dump] eiz → net.minecraft.world.level.block.TripWireBlock
[1888|t+15396ms|ThreadId(2)] [class_dump] eja → net.minecraft.world.level.block.TripWireHookBlock
[1889|t+15396ms|ThreadId(2)] [class_dump] ejb → net.minecraft.world.level.block.TurtleEggBlock
[1890|t+15397ms|ThreadId(2)] [class_dump] ejc → net.minecraft.world.level.block.TwistingVinesBlock
[1891|t+15397ms|ThreadId(2)] [class_dump] ejd → net.minecraft.world.level.block.TwistingVinesPlantBlock
[1892|t+15397ms|ThreadId(2)] [class_dump] eje → net.minecraft.world.level.block.UntintedParticleLeavesBlock
[1893|t+15397ms|ThreadId(2)] [class_dump] ejf → net.minecraft.world.level.block.VaultBlock
[1894|t+15398ms|ThreadId(2)] [class_dump] ejg → net.minecraft.world.level.block.VegetationBlock
[1895|t+15398ms|ThreadId(2)] [class_dump] ejh → net.minecraft.world.level.block.VineBlock
[1896|t+15398ms|ThreadId(2)] [class_dump] eji → net.minecraft.world.level.block.WallBannerBlock
[1897|t+15399ms|ThreadId(2)] [class_dump] ejj → net.minecraft.world.level.block.WallBlock
[1898|t+15399ms|ThreadId(2)] [class_dump] ejk → net.minecraft.world.level.block.WallHangingSignBlock
[1899|t+15399ms|ThreadId(2)] [class_dump] ejl → net.minecraft.world.level.block.WallSignBlock
[1900|t+15399ms|ThreadId(2)] [class_dump] ejm → net.minecraft.world.level.block.WallSkullBlock
[1901|t+15400ms|ThreadId(2)] [class_dump] ejn → net.minecraft.world.level.block.WallTorchBlock
[1902|t+15400ms|ThreadId(2)] [class_dump] ejo → net.minecraft.world.level.block.WaterlilyBlock
[1903|t+15402ms|ThreadId(2)] [class_dump] ejp → net.minecraft.world.level.block.WaterloggedTransparentBlock
[1904|t+15403ms|ThreadId(2)] [class_dump] ejq → net.minecraft.world.level.block.WeatheringCopper
[1905|t+15403ms|ThreadId(2)] [class_dump] ejr → net.minecraft.world.level.block.WeatheringCopperBarsBlock
[1906|t+15404ms|ThreadId(2)] [class_dump] ejs → net.minecraft.world.level.block.WeatheringCopperBlocks
[1907|t+15404ms|ThreadId(2)] [class_dump] ejt → net.minecraft.world.level.block.WeatheringCopperBulbBlock
[1908|t+15404ms|ThreadId(2)] [class_dump] eju → net.minecraft.world.level.block.WeatheringCopperChainBlock
[1909|t+15405ms|ThreadId(2)] [class_dump] ejv → net.minecraft.world.level.block.WeatheringCopperChestBlock
[1910|t+15405ms|ThreadId(2)] [class_dump] ejw → net.minecraft.world.level.block.WeatheringCopperDoorBlock
[1911|t+15405ms|ThreadId(2)] [class_dump] ejx → net.minecraft.world.level.block.WeatheringCopperFullBlock
[1912|t+15405ms|ThreadId(2)] [class_dump] ejy → net.minecraft.world.level.block.WeatheringCopperGolemStatueBlock
[1913|t+15406ms|ThreadId(2)] [class_dump] ejz → net.minecraft.world.level.block.WeatheringCopperGrateBlock
[1914|t+15406ms|ThreadId(2)] [class_dump] eka → net.minecraft.world.level.block.WeatheringCopperSlabBlock
[1915|t+15406ms|ThreadId(2)] [class_dump] ekb → net.minecraft.world.level.block.WeatheringCopperStairBlock
[1916|t+15406ms|ThreadId(2)] [class_dump] ekc → net.minecraft.world.level.block.WeatheringCopperTrapDoorBlock
[1917|t+15407ms|ThreadId(2)] [class_dump] ekd → net.minecraft.world.level.block.WeatheringLanternBlock
[1918|t+15407ms|ThreadId(2)] [class_dump] eke → net.minecraft.world.level.block.WeatheringLightningRodBlock
[1919|t+15407ms|ThreadId(2)] [class_dump] ekf → net.minecraft.world.level.block.WebBlock
[1920|t+15407ms|ThreadId(2)] [class_dump] ekg → net.minecraft.world.level.block.WeepingVinesBlock
[1921|t+15408ms|ThreadId(2)] [class_dump] ekh → net.minecraft.world.level.block.WeepingVinesPlantBlock
[1922|t+15408ms|ThreadId(2)] [class_dump] eki → net.minecraft.world.level.block.WeightedPressurePlateBlock
[1923|t+15408ms|ThreadId(2)] [class_dump] ekj → net.minecraft.world.level.block.WetSpongeBlock
[1924|t+15409ms|ThreadId(2)] [class_dump] ekk → net.minecraft.world.level.block.WitherRoseBlock
[1925|t+15409ms|ThreadId(2)] [class_dump] ekl → net.minecraft.world.level.block.WitherSkullBlock
[1926|t+15409ms|ThreadId(2)] [class_dump] ekm → net.minecraft.world.level.block.WitherWallSkullBlock
[1927|t+15409ms|ThreadId(2)] [class_dump] ekn → net.minecraft.world.level.block.WoolCarpetBlock
[1928|t+15410ms|ThreadId(2)] [class_dump] eko → net.minecraft.world.level.block.entity.AbstractFurnaceBlockEntity
[1929|t+15410ms|ThreadId(2)] [class_dump] ekp → net.minecraft.world.level.block.entity.BannerBlockEntity
[1930|t+15410ms|ThreadId(2)] [class_dump] ekq → net.minecraft.world.level.block.entity.BannerPattern
[1931|t+15411ms|ThreadId(2)] [class_dump] ekr → net.minecraft.world.level.block.entity.BannerPatternLayers
[1932|t+15411ms|ThreadId(2)] [class_dump] ekt → net.minecraft.world.level.block.entity.BarrelBlockEntity
[1933|t+15411ms|ThreadId(2)] [class_dump] eku → net.minecraft.world.level.block.entity.BaseContainerBlockEntity
[1934|t+15411ms|ThreadId(2)] [class_dump] ekv → net.minecraft.world.level.block.entity.BeaconBeamOwner
[1935|t+15412ms|ThreadId(2)] [class_dump] ekw → net.minecraft.world.level.block.entity.BeaconBlockEntity
[1936|t+15412ms|ThreadId(2)] [class_dump] ekx → net.minecraft.world.level.block.entity.BedBlockEntity
[1937|t+15412ms|ThreadId(2)] [class_dump] eky → net.minecraft.world.level.block.entity.BeehiveBlockEntity
[1938|t+15413ms|ThreadId(2)] [class_dump] ekz → net.minecraft.world.level.block.entity.BellBlockEntity
[1939|t+15413ms|ThreadId(2)] [class_dump] ela → net.minecraft.world.level.block.entity.BlastFurnaceBlockEntity
[1940|t+15413ms|ThreadId(2)] [class_dump] elb → net.minecraft.world.level.block.entity.BlockEntity
[1941|t+15414ms|ThreadId(2)] [class_dump] eld → net.minecraft.world.level.block.entity.BlockEntityType
[1942|t+15414ms|ThreadId(2)] [class_dump] ele → net.minecraft.world.level.block.entity.BoundingBoxRenderable
[1943|t+15414ms|ThreadId(2)] [class_dump] elf → net.minecraft.world.level.block.entity.BrewingStandBlockEntity
[1944|t+15414ms|ThreadId(2)] [class_dump] elg → net.minecraft.world.level.block.entity.BrushableBlockEntity
[1945|t+15415ms|ThreadId(2)] [class_dump] elh → net.minecraft.world.level.block.entity.CalibratedSculkSensorBlockEntity
[1946|t+15415ms|ThreadId(2)] [class_dump] eli → net.minecraft.world.level.block.entity.CampfireBlockEntity
[1947|t+15415ms|ThreadId(2)] [class_dump] elj → net.minecraft.world.level.block.entity.ChestBlockEntity
[1948|t+15416ms|ThreadId(2)] [class_dump] ell → net.minecraft.world.level.block.entity.ChiseledBookShelfBlockEntity
[1949|t+15416ms|ThreadId(2)] [class_dump] elm → net.minecraft.world.level.block.entity.CommandBlockEntity
[1950|t+15416ms|ThreadId(2)] [class_dump] eln → net.minecraft.world.level.block.entity.ComparatorBlockEntity
[1951|t+15416ms|ThreadId(2)] [class_dump] elo → net.minecraft.world.level.block.entity.ConduitBlockEntity
[1952|t+15417ms|ThreadId(2)] [class_dump] elq → net.minecraft.world.level.block.entity.CopperGolemStatueBlockEntity
[1953|t+15420ms|ThreadId(2)] [class_dump] elr → net.minecraft.world.level.block.entity.CrafterBlockEntity
[1954|t+15421ms|ThreadId(2)] [class_dump] els → net.minecraft.world.level.block.entity.CreakingHeartBlockEntity
[1955|t+15421ms|ThreadId(2)] [class_dump] elt → net.minecraft.world.level.block.entity.DaylightDetectorBlockEntity
[1956|t+15421ms|ThreadId(2)] [class_dump] elu → net.minecraft.world.level.block.entity.DecoratedPotBlockEntity
[1957|t+15422ms|ThreadId(2)] [class_dump] elv → net.minecraft.world.level.block.entity.DecoratedPotPattern
[1958|t+15422ms|ThreadId(2)] [class_dump] elw → net.minecraft.world.level.block.entity.DecoratedPotPatterns
[1959|t+15422ms|ThreadId(2)] [class_dump] elx → net.minecraft.world.level.block.entity.DispenserBlockEntity
[1960|t+15423ms|ThreadId(2)] [class_dump] ely → net.minecraft.world.level.block.entity.DropperBlockEntity
[1961|t+15423ms|ThreadId(2)] [class_dump] elz → net.minecraft.world.level.block.entity.EnchantingTableBlockEntity
[1962|t+15423ms|ThreadId(2)] [class_dump] ema → net.minecraft.world.level.block.entity.EnderChestBlockEntity
[1963|t+15424ms|ThreadId(2)] [class_dump] emc → net.minecraft.world.level.block.entity.FurnaceBlockEntity
[1964|t+15424ms|ThreadId(2)] [class_dump] emd → net.minecraft.world.level.block.entity.HangingSignBlockEntity
[1965|t+15424ms|ThreadId(2)] [class_dump] eme → net.minecraft.world.level.block.entity.Hopper
[1966|t+15424ms|ThreadId(2)] [class_dump] emf → net.minecraft.world.level.block.entity.HopperBlockEntity
[1967|t+15425ms|ThreadId(2)] [class_dump] emg → net.minecraft.world.level.block.entity.JigsawBlockEntity
[1968|t+15425ms|ThreadId(2)] [class_dump] emh → net.minecraft.world.level.block.entity.JukeboxBlockEntity
[1969|t+15425ms|ThreadId(2)] [class_dump] emi → net.minecraft.world.level.block.entity.LecternBlockEntity
[1970|t+15426ms|ThreadId(2)] [class_dump] emj → net.minecraft.world.level.block.entity.LidBlockEntity
[1971|t+15426ms|ThreadId(2)] [class_dump] emk → net.minecraft.world.level.block.entity.ListBackedContainer
[1972|t+15426ms|ThreadId(2)] [class_dump] eml → net.minecraft.world.level.block.entity.PotDecorations
[1973|t+15427ms|ThreadId(2)] [class_dump] emm → net.minecraft.world.level.block.entity.RandomizableContainerBlockEntity
[1974|t+15427ms|ThreadId(2)] [class_dump] emn → net.minecraft.world.level.block.entity.SculkCatalystBlockEntity
[1975|t+15427ms|ThreadId(2)] [class_dump] emo → net.minecraft.world.level.block.entity.SculkSensorBlockEntity
[1976|t+15427ms|ThreadId(2)] [class_dump] emp → net.minecraft.world.level.block.entity.SculkShriekerBlockEntity
[1977|t+15428ms|ThreadId(2)] [class_dump] emq → net.minecraft.world.level.block.entity.ShelfBlockEntity
[1978|t+15428ms|ThreadId(2)] [class_dump] emr → net.minecraft.world.level.block.entity.ShulkerBoxBlockEntity
[1979|t+15428ms|ThreadId(2)] [class_dump] ems → net.minecraft.world.level.block.entity.SignBlockEntity
[1980|t+15429ms|ThreadId(2)] [class_dump] emu → net.minecraft.world.level.block.entity.SkullBlockEntity
[1981|t+15429ms|ThreadId(2)] [class_dump] emv → net.minecraft.world.level.block.entity.SmokerBlockEntity
[1982|t+15429ms|ThreadId(2)] [class_dump] emw → net.minecraft.world.level.block.entity.SpawnerBlockEntity
[1983|t+15430ms|ThreadId(2)] [class_dump] emx → net.minecraft.world.level.block.entity.StructureBlockEntity
[1984|t+15430ms|ThreadId(2)] [class_dump] emy → net.minecraft.world.level.block.entity.TestBlockEntity
[1985|t+15430ms|ThreadId(2)] [class_dump] emz → net.minecraft.world.level.block.entity.TestInstanceBlockEntity
[1986|t+15430ms|ThreadId(2)] [class_dump] ena → net.minecraft.world.level.block.entity.TheEndGatewayBlockEntity
[1987|t+15431ms|ThreadId(2)] [class_dump] enb → net.minecraft.world.level.block.entity.TheEndPortalBlockEntity
[1988|t+15431ms|ThreadId(2)] [class_dump] enc → net.minecraft.world.level.block.entity.TickingBlockEntity
[1989|t+15431ms|ThreadId(2)] [class_dump] end → net.minecraft.world.level.block.entity.TrappedChestBlockEntity
[1990|t+15432ms|ThreadId(2)] [class_dump] ene → net.minecraft.world.level.block.entity.TrialSpawnerBlockEntity
[1991|t+15432ms|ThreadId(2)] [class_dump] enk → net.minecraft.world.level.block.entity.trialspawner.TrialSpawnerState
[1992|t+15432ms|ThreadId(2)] [class_dump] enn → net.minecraft.world.level.block.entity.vault.VaultBlockEntity
[1993|t+15433ms|ThreadId(2)] [class_dump] enp → net.minecraft.world.level.block.entity.vault.VaultConfig
[1994|t+15433ms|ThreadId(2)] [class_dump] enq → net.minecraft.world.level.block.entity.vault.VaultServerData
[1995|t+15433ms|ThreadId(2)] [class_dump] enr → net.minecraft.world.level.block.entity.vault.VaultSharedData
[1996|t+15436ms|ThreadId(2)] [class_dump] ens → net.minecraft.world.level.block.entity.vault.VaultState
[1997|t+15438ms|ThreadId(2)] [class_dump] enu → net.minecraft.world.level.block.grower.TreeGrower
[1998|t+15438ms|ThreadId(2)] [class_dump] enx → net.minecraft.world.level.block.piston.MovingPistonBlock
[1999|t+15439ms|ThreadId(2)] [class_dump] eny → net.minecraft.world.level.block.piston.PistonBaseBlock
[2000|t+15439ms|ThreadId(2)] [class_dump] enz → net.minecraft.world.level.block.piston.PistonHeadBlock
[2001|t+15439ms|ThreadId(2)] [class_dump] eob → net.minecraft.world.level.block.piston.PistonMovingBlockEntity
[2002|t+15440ms|ThreadId(2)] [class_dump] eog → net.minecraft.world.level.block.state.BlockBehaviour
[2003|t+15440ms|ThreadId(2)] [class_dump] eoh → net.minecraft.world.level.block.state.BlockState
[2004|t+15440ms|ThreadId(2)] [class_dump] eoi → net.minecraft.world.level.block.state.StateDefinition
[2005|t+15440ms|ThreadId(2)] [class_dump] eoj → net.minecraft.world.level.block.state.StateHolder
[2006|t+15441ms|ThreadId(2)] [class_dump] eos → net.minecraft.world.level.block.state.properties.AttachFace
[2007|t+15441ms|ThreadId(2)] [class_dump] eot → net.minecraft.world.level.block.state.properties.BambooLeaves
[2008|t+15441ms|ThreadId(2)] [class_dump] eou → net.minecraft.world.level.block.state.properties.BedPart
[2009|t+15442ms|ThreadId(2)] [class_dump] eov → net.minecraft.world.level.block.state.properties.BellAttachType
[2010|t+15442ms|ThreadId(2)] [class_dump] eow → net.minecraft.world.level.block.state.properties.BlockSetType
[2011|t+15442ms|ThreadId(2)] [class_dump] eox → net.minecraft.world.level.block.state.properties.BlockStateProperties
[2012|t+15443ms|ThreadId(2)] [class_dump] eoy → net.minecraft.world.level.block.state.properties.BooleanProperty
[2013|t+15443ms|ThreadId(2)] [class_dump] eoz → net.minecraft.world.level.block.state.properties.ChestType
[2014|t+15443ms|ThreadId(2)] [class_dump] epa → net.minecraft.world.level.block.state.properties.ComparatorMode
[2015|t+15444ms|ThreadId(2)] [class_dump] epb → net.minecraft.world.level.block.state.properties.CreakingHeartState
[2016|t+15444ms|ThreadId(2)] [class_dump] epc → net.minecraft.world.level.block.state.properties.DoorHingeSide
[2017|t+15444ms|ThreadId(2)] [class_dump] epd → net.minecraft.world.level.block.state.properties.DoubleBlockHalf
[2018|t+15445ms|ThreadId(2)] [class_dump] epe → net.minecraft.world.level.block.state.properties.DripstoneThickness
[2019|t+15445ms|ThreadId(2)] [class_dump] epf → net.minecraft.world.level.block.state.properties.EnumProperty
[2020|t+15445ms|ThreadId(2)] [class_dump] epg → net.minecraft.world.level.block.state.properties.Half
[2021|t+15445ms|ThreadId(2)] [class_dump] eph → net.minecraft.world.level.block.state.properties.IntegerProperty
[2022|t+15446ms|ThreadId(2)] [class_dump] epi → net.minecraft.world.level.block.state.properties.NoteBlockInstrument
[2023|t+15446ms|ThreadId(2)] [class_dump] epj → net.minecraft.world.level.block.state.properties.PistonType
[2024|t+15446ms|ThreadId(2)] [class_dump] epk → net.minecraft.world.level.block.state.properties.Property
[2025|t+15447ms|ThreadId(2)] [class_dump] epl → net.minecraft.world.level.block.state.properties.RailShape
[2026|t+15447ms|ThreadId(2)] [class_dump] epm → net.minecraft.world.level.block.state.properties.RedstoneSide
[2027|t+15447ms|ThreadId(2)] [class_dump] epn → net.minecraft.world.level.block.state.properties.RotationSegment
[2028|t+15447ms|ThreadId(2)] [class_dump] epo → net.minecraft.world.level.block.state.properties.SculkSensorPhase
[2029|t+15448ms|ThreadId(2)] [class_dump] epp → net.minecraft.world.level.block.state.properties.SideChainPart
[2030|t+15448ms|ThreadId(2)] [class_dump] epq → net.minecraft.world.level.block.state.properties.SlabType
[2031|t+15448ms|ThreadId(2)] [class_dump] epr → net.minecraft.world.level.block.state.properties.StairsShape
[2032|t+15449ms|ThreadId(2)] [class_dump] eps → net.minecraft.world.level.block.state.properties.StructureMode
[2033|t+15449ms|ThreadId(2)] [class_dump] ept → net.minecraft.world.level.block.state.properties.TestBlockMode
[2034|t+15449ms|ThreadId(2)] [class_dump] epu → net.minecraft.world.level.block.state.properties.Tilt
[2035|t+15450ms|ThreadId(2)] [class_dump] epv → net.minecraft.world.level.block.state.properties.WallSide
[2036|t+15450ms|ThreadId(2)] [class_dump] epw → net.minecraft.world.level.block.state.properties.WoodType
[2037|t+15450ms|ThreadId(2)] [class_dump] eqf → net.minecraft.world.level.chunk.ChunkAccess
[2038|t+15451ms|ThreadId(2)] [class_dump] eqi → net.minecraft.world.level.chunk.ChunkGenerators
[2039|t+15452ms|ThreadId(2)] [class_dump] eqj → net.minecraft.world.level.chunk.ChunkSource
[2040|t+15452ms|ThreadId(2)] [class_dump] eqq → net.minecraft.world.level.chunk.LevelChunk
[2041|t+15453ms|ThreadId(2)] [class_dump] eqs → net.minecraft.world.level.chunk.LightChunk
[2042|t+15453ms|ThreadId(2)] [class_dump] eqt → net.minecraft.world.level.chunk.LightChunkGetter
[2043|t+15453ms|ThreadId(2)] [class_dump] ere → net.minecraft.world.level.chunk.StructureAccess
[2044|t+15454ms|ThreadId(2)] [class_dump] erq → net.minecraft.world.level.chunk.storage.ChunkIOErrorReporter
[2045|t+15454ms|ThreadId(2)] [class_dump] esp → net.minecraft.world.level.entity.EntityAccess
[2046|t+15454ms|ThreadId(2)] [class_dump] ess → net.minecraft.world.level.entity.EntityPersistentStorage
[2047|t+15455ms|ThreadId(2)] [class_dump] esw → net.minecraft.world.level.entity.EntityTypeTest
[2048|t+15455ms|ThreadId(2)] [class_dump] esx → net.minecraft.world.level.entity.LevelCallback
[2049|t+15455ms|ThreadId(2)] [class_dump] etd → net.minecraft.world.level.entity.UniquelyIdentifyable
[2050|t+15455ms|ThreadId(2)] [class_dump] etk → net.minecraft.world.level.gameevent.GameEvent
[2051|t+15456ms|ThreadId(2)] [class_dump] etm → net.minecraft.world.level.gameevent.GameEventListener
[2052|t+15456ms|ThreadId(2)] [class_dump] etn → net.minecraft.world.level.gameevent.GameEventListenerRegistry
[2053|t+15456ms|ThreadId(2)] [class_dump] ett → net.minecraft.world.level.gameevent.vibrations.VibrationSystem
[2054|t+15456ms|ThreadId(2)] [class_dump] etv → net.minecraft.world.level.gamerules.GameRule
[2055|t+15456ms|ThreadId(2)] [class_dump] etz → net.minecraft.world.level.gamerules.GameRuleTypeVisitor
[2056|t+15457ms|ThreadId(2)] [class_dump] eua → net.minecraft.world.level.gamerules.GameRules
[2057|t+15457ms|ThreadId(2)] [class_dump] euf → net.minecraft.world.level.levelgen.BitRandomSource
[2058|t+15457ms|ThreadId(2)] [class_dump] euj → net.minecraft.world.level.levelgen.DensityFunction
[2059|t+15457ms|ThreadId(2)] [class_dump] euk → net.minecraft.world.level.levelgen.DensityFunctions
[2060|t+15458ms|ThreadId(2)] [class_dump] eus → net.minecraft.world.level.levelgen.MarsagliaPolarGaussian
[2061|t+15458ms|ThreadId(2)] [class_dump] evd → net.minecraft.world.level.levelgen.PositionalRandomFactory
[2062|t+15458ms|ThreadId(2)] [class_dump] evf → net.minecraft.world.level.levelgen.RandomSupport
[2063|t+15458ms|ThreadId(2)] [class_dump] evj → net.minecraft.world.level.levelgen.ThreadSafeLegacyRandomSource
[2064|t+15459ms|ThreadId(2)] [class_dump] ex → net.minecraft.commands.arguments.NbtPathArgument
[2065|t+15459ms|ThreadId(2)] [class_dump] f → com.mojang.math.OctahedralGroup
[2066|t+15459ms|ThreadId(2)] [class_dump] fac → net.minecraft.world.level.levelgen.feature.configurations.FeatureConfiguration
[2067|t+15459ms|ThreadId(2)] [class_dump] fbd → net.minecraft.world.level.levelgen.feature.featuresize.FeatureSize
[2068|t+15460ms|ThreadId(2)] [class_dump] fbf → net.minecraft.world.level.levelgen.feature.featuresize.ThreeLayersFeatureSize
[2069|t+15460ms|ThreadId(2)] [class_dump] fbg → net.minecraft.world.level.levelgen.feature.featuresize.TwoLayersFeatureSize
[2070|t+15460ms|ThreadId(2)] [class_dump] fbi → net.minecraft.world.level.levelgen.feature.foliageplacers.AcaciaFoliagePlacer
[2071|t+15461ms|ThreadId(2)] [class_dump] fbj → net.minecraft.world.level.levelgen.feature.foliageplacers.BlobFoliagePlacer
[2072|t+15461ms|ThreadId(2)] [class_dump] fbk → net.minecraft.world.level.levelgen.feature.foliageplacers.BushFoliagePlacer
[2073|t+15461ms|ThreadId(2)] [class_dump] fbl → net.minecraft.world.level.levelgen.feature.foliageplacers.CherryFoliagePlacer
[2074|t+15461ms|ThreadId(2)] [class_dump] fbm → net.minecraft.world.level.levelgen.feature.foliageplacers.DarkOakFoliagePlacer
[2075|t+15462ms|ThreadId(2)] [class_dump] fbn → net.minecraft.world.level.levelgen.feature.foliageplacers.FancyFoliagePlacer
[2076|t+15462ms|ThreadId(2)] [class_dump] fbo → net.minecraft.world.level.levelgen.feature.foliageplacers.FoliagePlacer
[2077|t+15462ms|ThreadId(2)] [class_dump] fbq → net.minecraft.world.level.levelgen.feature.foliageplacers.MegaJungleFoliagePlacer
[2078|t+15463ms|ThreadId(2)] [class_dump] fbr → net.minecraft.world.level.levelgen.feature.foliageplacers.MegaPineFoliagePlacer
[2079|t+15463ms|ThreadId(2)] [class_dump] fbs → net.minecraft.world.level.levelgen.feature.foliageplacers.PineFoliagePlacer
[2080|t+15463ms|ThreadId(2)] [class_dump] fbt → net.minecraft.world.level.levelgen.feature.foliageplacers.RandomSpreadFoliagePlacer
[2081|t+15464ms|ThreadId(2)] [class_dump] fbu → net.minecraft.world.level.levelgen.feature.foliageplacers.SpruceFoliagePlacer
[2082|t+15464ms|ThreadId(2)] [class_dump] fcd → net.minecraft.world.level.levelgen.feature.stateproviders.BlockStateProvider
[2083|t+15464ms|ThreadId(2)] [class_dump] fcf → net.minecraft.world.level.levelgen.feature.stateproviders.DualNoiseProvider
[2084|t+15465ms|ThreadId(2)] [class_dump] fcg → net.minecraft.world.level.levelgen.feature.stateproviders.NoiseBasedStateProvider
[2085|t+15465ms|ThreadId(2)] [class_dump] fch → net.minecraft.world.level.levelgen.feature.stateproviders.NoiseProvider
[2086|t+15465ms|ThreadId(2)] [class_dump] fci → net.minecraft.world.level.levelgen.feature.stateproviders.NoiseThresholdProvider
[2087|t+15465ms|ThreadId(2)] [class_dump] fcj → net.minecraft.world.level.levelgen.feature.stateproviders.RandomizedIntStateProvider
[2088|t+15466ms|ThreadId(2)] [class_dump] fcm → net.minecraft.world.level.levelgen.feature.stateproviders.SimpleStateProvider
[2089|t+15466ms|ThreadId(2)] [class_dump] fcn → net.minecraft.world.level.levelgen.feature.stateproviders.WeightedStateProvider
[2090|t+15466ms|ThreadId(2)] [class_dump] fdc → net.minecraft.world.level.levelgen.feature.trunkplacers.BendingTrunkPlacer
[2091|t+15467ms|ThreadId(2)] [class_dump] fdd → net.minecraft.world.level.levelgen.feature.trunkplacers.CherryTrunkPlacer
[2092|t+15468ms|ThreadId(2)] [class_dump] fde → net.minecraft.world.level.levelgen.feature.trunkplacers.DarkOakTrunkPlacer
[2093|t+15469ms|ThreadId(2)] [class_dump] fdf → net.minecraft.world.level.levelgen.feature.trunkplacers.FancyTrunkPlacer
[2094|t+15469ms|ThreadId(2)] [class_dump] fdg → net.minecraft.world.level.levelgen.feature.trunkplacers.ForkingTrunkPlacer
[2095|t+15470ms|ThreadId(2)] [class_dump] fdh → net.minecraft.world.level.levelgen.feature.trunkplacers.GiantTrunkPlacer
[2096|t+15470ms|ThreadId(2)] [class_dump] fdi → net.minecraft.world.level.levelgen.feature.trunkplacers.MegaJungleTrunkPlacer
[2097|t+15471ms|ThreadId(2)] [class_dump] fdj → net.minecraft.world.level.levelgen.feature.trunkplacers.StraightTrunkPlacer
[2098|t+15471ms|ThreadId(2)] [class_dump] fdk → net.minecraft.world.level.levelgen.feature.trunkplacers.TrunkPlacer
[2099|t+15472ms|ThreadId(2)] [class_dump] fdm → net.minecraft.world.level.levelgen.feature.trunkplacers.UpwardsBranchingTrunkPlacer
[2100|t+15472ms|ThreadId(2)] [class_dump] fhb → net.minecraft.world.level.levelgen.structure.pools.alias.PoolAliasBindings
[2101|t+15472ms|ThreadId(2)] [class_dump] fky → net.minecraft.world.level.material.EmptyFluid
[2102|t+15472ms|ThreadId(2)] [class_dump] fkz → net.minecraft.world.level.material.FlowingFluid
[2103|t+15473ms|ThreadId(2)] [class_dump] fla → net.minecraft.world.level.material.Fluid
[2104|t+15473ms|ThreadId(2)] [class_dump] flb → net.minecraft.world.level.material.FluidState
[2105|t+15473ms|ThreadId(2)] [class_dump] flc → net.minecraft.world.level.material.Fluids
[2106|t+15473ms|ThreadId(2)] [class_dump] fle → net.minecraft.world.level.material.LavaFluid
[2107|t+15474ms|ThreadId(2)] [class_dump] flf → net.minecraft.world.level.material.MapColor
[2108|t+15474ms|ThreadId(2)] [class_dump] flg → net.minecraft.world.level.material.PushReaction
[2109|t+15474ms|ThreadId(2)] [class_dump] flh → net.minecraft.world.level.material.WaterFluid
[2110|t+15475ms|ThreadId(2)] [class_dump] flq → net.minecraft.world.level.pathfinder.PathComputationType
[2111|t+15475ms|ThreadId(2)] [class_dump] fme → net.minecraft.world.level.redstone.DefaultRedstoneWireEvaluator
[2112|t+15475ms|ThreadId(2)] [class_dump] fml → net.minecraft.world.level.redstone.RedstoneWireEvaluator
[2113|t+15475ms|ThreadId(2)] [class_dump] fmn → net.minecraft.world.level.saveddata.SavedData
[2114|t+15476ms|ThreadId(2)] [class_dump] fmr → net.minecraft.world.level.saveddata.maps.MapDecorationType
[2115|t+15476ms|ThreadId(2)] [class_dump] fms → net.minecraft.world.level.saveddata.maps.MapDecorationTypes
[2116|t+15476ms|ThreadId(2)] [class_dump] fmu → net.minecraft.world.level.saveddata.maps.MapId
[2117|t+15477ms|ThreadId(2)] [class_dump] fmw → net.minecraft.world.level.saveddata.maps.MapItemSavedData
[2118|t+15477ms|ThreadId(2)] [class_dump] fna → net.minecraft.world.level.storage.DataVersion
[2119|t+15477ms|ThreadId(2)] [class_dump] fne → net.minecraft.world.level.storage.LevelData
[2120|t+15477ms|ThreadId(2)] [class_dump] fns → net.minecraft.world.level.storage.ValueOutput
[2121|t+15478ms|ThreadId(2)] [class_dump] fnu → net.minecraft.world.level.storage.WritableLevelData
[2122|t+15478ms|ThreadId(2)] [class_dump] fnw → net.minecraft.world.level.storage.loot.ContainerComponentManipulator
[2123|t+15478ms|ThreadId(2)] [class_dump] fnx → net.minecraft.world.level.storage.loot.ContainerComponentManipulators
[2124|t+15478ms|ThreadId(2)] [class_dump] fny → net.minecraft.world.level.storage.loot.IntRange
[2125|t+15479ms|ThreadId(2)] [class_dump] fnz → net.minecraft.world.level.storage.loot.LootContext
[2126|t+15479ms|ThreadId(2)] [class_dump] foa → net.minecraft.world.level.storage.loot.LootContextArg
[2127|t+15479ms|ThreadId(2)] [class_dump] fob → net.minecraft.world.level.storage.loot.LootContextUser
[2128|t+15480ms|ThreadId(2)] [class_dump] fof → net.minecraft.world.level.storage.loot.LootTable
[2129|t+15480ms|ThreadId(2)] [class_dump] foh → net.minecraft.world.level.storage.loot.entries.AlternativesEntry
[2130|t+15480ms|ThreadId(2)] [class_dump] foi → net.minecraft.world.level.storage.loot.entries.ComposableEntryContainer
[2131|t+15481ms|ThreadId(2)] [class_dump] foj → net.minecraft.world.level.storage.loot.entries.CompositeEntryBase
[2132|t+15481ms|ThreadId(2)] [class_dump] fok → net.minecraft.world.level.storage.loot.entries.DynamicLoot
[2133|t+15481ms|ThreadId(2)] [class_dump] fol → net.minecraft.world.level.storage.loot.entries.EmptyLootItem
[2134|t+15482ms|ThreadId(2)] [class_dump] fom → net.minecraft.world.level.storage.loot.entries.EntryGroup
[2135|t+15482ms|ThreadId(2)] [class_dump] fon → net.minecraft.world.level.storage.loot.entries.LootItem
[2136|t+15482ms|ThreadId(2)] [class_dump] foo → net.minecraft.world.level.storage.loot.entries.LootPoolEntries
[2137|t+15482ms|ThreadId(2)] [class_dump] fop → net.minecraft.world.level.storage.loot.entries.LootPoolEntry
[2138|t+15483ms|ThreadId(2)] [class_dump] foq → net.minecraft.world.level.storage.loot.entries.LootPoolEntryContainer
[2139|t+15483ms|ThreadId(2)] [class_dump] fos → net.minecraft.world.level.storage.loot.entries.LootPoolEntryType
[2140|t+15483ms|ThreadId(2)] [class_dump] fot → net.minecraft.world.level.storage.loot.entries.LootPoolSingletonContainer
[2141|t+15486ms|ThreadId(2)] [class_dump] fou → net.minecraft.world.level.storage.loot.entries.NestedLootTable
[2142|t+15487ms|ThreadId(2)] [class_dump] fov → net.minecraft.world.level.storage.loot.entries.SequentialEntry
[2143|t+15488ms|ThreadId(2)] [class_dump] fow → net.minecraft.world.level.storage.loot.entries.SlotLoot
[2144|t+15488ms|ThreadId(2)] [class_dump] fox → net.minecraft.world.level.storage.loot.entries.TagEntry
[2145|t+15488ms|ThreadId(2)] [class_dump] fpe → net.minecraft.world.level.storage.loot.functions.CopyNameFunction
[2146|t+15488ms|ThreadId(2)] [class_dump] fpg → net.minecraft.world.level.storage.loot.functions.EnchantRandomlyFunction
[2147|t+15489ms|ThreadId(2)] [class_dump] fph → net.minecraft.world.level.storage.loot.functions.EnchantWithLevelsFunction
[2148|t+15489ms|ThreadId(2)] [class_dump] fpi → net.minecraft.world.level.storage.loot.functions.EnchantedCountIncreaseFunction
[2149|t+15489ms|ThreadId(2)] [class_dump] fpj → net.minecraft.world.level.storage.loot.functions.ExplorationMapFunction
[2150|t+15490ms|ThreadId(2)] [class_dump] fpl → net.minecraft.world.level.storage.loot.functions.FilteredFunction
[2151|t+15490ms|ThreadId(2)] [class_dump] fpn → net.minecraft.world.level.storage.loot.functions.FunctionUserBuilder
[2152|t+15490ms|ThreadId(2)] [class_dump] fpo → net.minecraft.world.level.storage.loot.functions.LimitCount
[2153|t+15491ms|ThreadId(2)] [class_dump] fpq → net.minecraft.world.level.storage.loot.functions.LootItemConditionalFunction
[2154|t+15491ms|ThreadId(2)] [class_dump] fpr → net.minecraft.world.level.storage.loot.functions.LootItemFunction
[2155|t+15491ms|ThreadId(2)] [class_dump] fps → net.minecraft.world.level.storage.loot.functions.LootItemFunctionType
[2156|t+15491ms|ThreadId(2)] [class_dump] fpt → net.minecraft.world.level.storage.loot.functions.LootItemFunctions
[2157|t+15492ms|ThreadId(2)] [class_dump] fpu → net.minecraft.world.level.storage.loot.functions.ModifyContainerContents
[2158|t+15492ms|ThreadId(2)] [class_dump] fpw → net.minecraft.world.level.storage.loot.functions.SetAttributesFunction
[2159|t+15492ms|ThreadId(2)] [class_dump] fpz → net.minecraft.world.level.storage.loot.functions.SetComponentsFunction
[2160|t+15493ms|ThreadId(2)] [class_dump] fqa → net.minecraft.world.level.storage.loot.functions.SetContainerContents
[2161|t+15493ms|ThreadId(2)] [class_dump] fqc → net.minecraft.world.level.storage.loot.functions.SetCustomDataFunction
[2162|t+15493ms|ThreadId(2)] [class_dump] fqe → net.minecraft.world.level.storage.loot.functions.SetEnchantmentsFunction
[2163|t+15494ms|ThreadId(2)] [class_dump] fqi → net.minecraft.world.level.storage.loot.functions.SetItemCountFunction
[2164|t+15494ms|ThreadId(2)] [class_dump] fqj → net.minecraft.world.level.storage.loot.functions.SetItemDamageFunction
[2165|t+15494ms|ThreadId(2)] [class_dump] fqk → net.minecraft.world.level.storage.loot.functions.SetItemFunction
[2166|t+15495ms|ThreadId(2)] [class_dump] fqm → net.minecraft.world.level.storage.loot.functions.SetNameFunction
[2167|t+15495ms|ThreadId(2)] [class_dump] fqp → net.minecraft.world.level.storage.loot.functions.SetStewEffectFunction
[2168|t+15495ms|ThreadId(2)] [class_dump] fqs → net.minecraft.world.level.storage.loot.functions.SmeltItemFunction
[2169|t+15496ms|ThreadId(2)] [class_dump] fqw → net.minecraft.world.level.storage.loot.parameters.LootContextParamSets
[2170|t+15496ms|ThreadId(2)] [class_dump] fqx → net.minecraft.world.level.storage.loot.parameters.LootContextParams
[2171|t+15496ms|ThreadId(2)] [class_dump] fre → net.minecraft.world.level.storage.loot.predicates.ConditionUserBuilder
[2172|t+15496ms|ThreadId(2)] [class_dump] frm → net.minecraft.world.level.storage.loot.predicates.LootItemCondition
[2173|t+15497ms|ThreadId(2)] [class_dump] frn → net.minecraft.world.level.storage.loot.predicates.LootItemConditionType
[2174|t+15497ms|ThreadId(2)] [class_dump] fse → net.minecraft.world.level.storage.loot.providers.number.BinomialDistributionGenerator
[2175|t+15497ms|ThreadId(2)] [class_dump] fsf → net.minecraft.world.level.storage.loot.providers.number.ConstantValue
[2176|t+15497ms|ThreadId(2)] [class_dump] fsg → net.minecraft.world.level.storage.loot.providers.number.EnchantmentLevelProvider
[2177|t+15498ms|ThreadId(2)] [class_dump] fsh → net.minecraft.world.level.storage.loot.providers.number.LootNumberProviderType
[2178|t+15498ms|ThreadId(2)] [class_dump] fsi → net.minecraft.world.level.storage.loot.providers.number.NumberProvider
[2179|t+15498ms|ThreadId(2)] [class_dump] fsj → net.minecraft.world.level.storage.loot.providers.number.NumberProviders
[2180|t+15498ms|ThreadId(2)] [class_dump] fsk → net.minecraft.world.level.storage.loot.providers.number.ScoreboardValue
[2181|t+15499ms|ThreadId(2)] [class_dump] fsl → net.minecraft.world.level.storage.loot.providers.number.StorageValue
[2182|t+15499ms|ThreadId(2)] [class_dump] fsm → net.minecraft.world.level.storage.loot.providers.number.UniformGenerator
[2183|t+15499ms|ThreadId(2)] [class_dump] fso → net.minecraft.world.level.storage.loot.providers.score.ContextScoreboardNameProvider
[2184|t+15499ms|ThreadId(2)] [class_dump] fsp → net.minecraft.world.level.storage.loot.providers.score.FixedScoreboardNameProvider
[2185|t+15500ms|ThreadId(2)] [class_dump] fsq → net.minecraft.world.level.storage.loot.providers.score.LootScoreProviderType
[2186|t+15502ms|ThreadId(2)] [class_dump] fsr → net.minecraft.world.level.storage.loot.providers.score.ScoreboardNameProvider
[2187|t+15504ms|ThreadId(2)] [class_dump] fss → net.minecraft.world.level.storage.loot.providers.score.ScoreboardNameProviders
[2188|t+15504ms|ThreadId(2)] [class_dump] fth → net.minecraft.world.phys.AABB
[2189|t+15504ms|ThreadId(2)] [class_dump] fti → net.minecraft.world.phys.BlockHitResult
[2190|t+15505ms|ThreadId(2)] [class_dump] ftj → net.minecraft.world.phys.EntityHitResult
[2191|t+15505ms|ThreadId(2)] [class_dump] ftk → net.minecraft.world.phys.HitResult
[2192|t+15505ms|ThreadId(2)] [class_dump] ftm → net.minecraft.world.phys.Vec3
[2193|t+15506ms|ThreadId(2)] [class_dump] fto → net.minecraft.world.phys.shapes.ArrayVoxelShape
[2194|t+15506ms|ThreadId(2)] [class_dump] ftp → net.minecraft.world.phys.shapes.BitSetDiscreteVoxelShape
[2195|t+15506ms|ThreadId(2)] [class_dump] ftq → net.minecraft.world.phys.shapes.BooleanOp
[2196|t+15506ms|ThreadId(2)] [class_dump] ftr → net.minecraft.world.phys.shapes.CollisionContext
[2197|t+15507ms|ThreadId(2)] [class_dump] fts → net.minecraft.world.phys.shapes.CubePointRange
[2198|t+15507ms|ThreadId(2)] [class_dump] ftt → net.minecraft.world.phys.shapes.CubeVoxelShape
[2199|t+15507ms|ThreadId(2)] [class_dump] ftu → net.minecraft.world.phys.shapes.DiscreteCubeMerger
[2200|t+15507ms|ThreadId(2)] [class_dump] ftv → net.minecraft.world.phys.shapes.DiscreteVoxelShape
[2201|t+15508ms|ThreadId(2)] [class_dump] ftw → net.minecraft.world.phys.shapes.EntityCollisionContext
[2202|t+15508ms|ThreadId(2)] [class_dump] ftx → net.minecraft.world.phys.shapes.IdenticalMerger
[2203|t+15508ms|ThreadId(2)] [class_dump] fty → net.minecraft.world.phys.shapes.IndexMerger
[2204|t+15508ms|ThreadId(2)] [class_dump] ftz → net.minecraft.world.phys.shapes.IndirectMerger
[2205|t+15509ms|ThreadId(2)] [class_dump] fua → net.minecraft.world.phys.shapes.MinecartCollisionContext
[2206|t+15509ms|ThreadId(2)] [class_dump] fub → net.minecraft.world.phys.shapes.NonOverlappingMerger
[2207|t+15509ms|ThreadId(2)] [class_dump] fuc → net.minecraft.world.phys.shapes.OffsetDoubleList
[2208|t+15509ms|ThreadId(2)] [class_dump] fud → net.minecraft.world.phys.shapes.Shapes
[2209|t+15510ms|ThreadId(2)] [class_dump] fue → net.minecraft.world.phys.shapes.SliceShape
[2210|t+15510ms|ThreadId(2)] [class_dump] fuf → net.minecraft.world.phys.shapes.SubShape
[2211|t+15510ms|ThreadId(2)] [class_dump] fug → net.minecraft.world.phys.shapes.VoxelShape
[2212|t+15510ms|ThreadId(2)] [class_dump] fum → net.minecraft.world.scores.PlayerTeam
[2213|t+15511ms|ThreadId(2)] [class_dump] fuq → net.minecraft.world.scores.ScoreHolder
[2214|t+15511ms|ThreadId(2)] [class_dump] fur → net.minecraft.world.scores.Scoreboard
[2215|t+15511ms|ThreadId(2)] [class_dump] fut → net.minecraft.world.scores.Team
[2216|t+15511ms|ThreadId(2)] [class_dump] fuy → net.minecraft.world.ticks.ContainerSingleItem
[2217|t+15512ms|ThreadId(2)] [class_dump] fva → net.minecraft.world.ticks.LevelTickAccess
[2218|t+15512ms|ThreadId(2)] [class_dump] fvg → net.minecraft.world.ticks.TickAccess
[2219|t+15512ms|ThreadId(2)] [class_dump] fvh → net.minecraft.world.ticks.TickContainerAccess
[2220|t+15512ms|ThreadId(2)] [class_dump] fvt → net.minecraft.world.waypoints.Waypoint
[2221|t+15513ms|ThreadId(2)] [class_dump] fvx → net.minecraft.world.waypoints.WaypointTransmitter
[2222|t+15513ms|ThreadId(2)] [class_dump] fxs → com.mojang.blaze3d.pipeline.MainTarget
[2223|t+15513ms|ThreadId(2)] [class_dump] fxt → com.mojang.blaze3d.pipeline.RenderTarget
[2224|t+15514ms|ThreadId(2)] [class_dump] fyl → com.mojang.blaze3d.platform.WindowEventHandler
[2225|t+15514ms|ThreadId(2)] [class_dump] fzu → com.mojang.realmsclient.RealmsMainScreen
[2226|t+15514ms|ThreadId(2)] [class_dump] ger → net.minecraft.client.Camera
[2227|t+15515ms|ThreadId(2)] [class_dump] gez → net.minecraft.client.DeltaTracker
[2228|t+15515ms|ThreadId(2)] [class_dump] gfj → net.minecraft.client.Minecraft
[2229|t+15515ms|ThreadId(2)] [class_dump] gih → net.minecraft.client.entity.ClientAvatarEntity
[2230|t+15516ms|ThreadId(2)] [class_dump] gir → net.minecraft.client.gui.GuiGraphics
[2231|t+15516ms|ThreadId(2)] [class_dump] gjm → net.minecraft.client.gui.components.DebugScreenOverlay
[2232|t+15516ms|ThreadId(2)] [class_dump] gki → net.minecraft.client.gui.components.Renderable
[2233|t+15517ms|ThreadId(2)] [class_dump] gkr → net.minecraft.client.gui.components.TabOrderedElement
[2234|t+15517ms|ThreadId(2)] [class_dump] glw → net.minecraft.client.gui.components.debug.DebugScreenDisplayer
[2235|t+15517ms|ThreadId(2)] [class_dump] gmh → net.minecraft.client.gui.components.debugchart.ProfilerPieChart
[2236|t+15517ms|ThreadId(2)] [class_dump] gmk → net.minecraft.client.gui.components.events.AbstractContainerEventHandler
[2237|t+15518ms|ThreadId(2)] [class_dump] gml → net.minecraft.client.gui.components.events.ContainerEventHandler
[2238|t+15518ms|ThreadId(2)] [class_dump] gmm → net.minecraft.client.gui.components.events.GuiEventListener
[2239|t+15519ms|ThreadId(2)] [class_dump] gnb → net.minecraft.client.gui.components.toasts.Toast
[2240|t+15519ms|ThreadId(2)] [class_dump] gpi → net.minecraft.client.gui.navigation.FocusNavigationEvent
[2241|t+15519ms|ThreadId(2)] [class_dump] gqu → net.minecraft.client.gui.screens.AccessibilityOnboardingScreen
[2242|t+15520ms|ThreadId(2)] [class_dump] gqy → net.minecraft.client.gui.screens.ChatScreen
[2243|t+15520ms|ThreadId(2)] [class_dump] gqz → net.minecraft.client.gui.screens.ConfirmLinkScreen
[2244|t+15521ms|ThreadId(2)] [class_dump] gra → net.minecraft.client.gui.screens.ConfirmScreen
[2245|t+15521ms|ThreadId(2)] [class_dump] grg → net.minecraft.client.gui.screens.DeathScreen
[2246|t+15521ms|ThreadId(2)] [class_dump] grm → net.minecraft.client.gui.screens.GenericMessageScreen
[2247|t+15521ms|ThreadId(2)] [class_dump] grp → net.minecraft.client.gui.screens.LevelLoadingScreen
[2248|t+15522ms|ThreadId(2)] [class_dump] grr → net.minecraft.client.gui.screens.LoadingOverlay
[2249|t+15522ms|ThreadId(2)] [class_dump] grv → net.minecraft.client.gui.screens.OutOfMemoryScreen
[2250|t+15522ms|ThreadId(2)] [class_dump] grw → net.minecraft.client.gui.screens.Overlay
[2251|t+15522ms|ThreadId(2)] [class_dump] grx → net.minecraft.client.gui.screens.PauseScreen
[2252|t+15523ms|ThreadId(2)] [class_dump] grz → net.minecraft.client.gui.screens.ProgressScreen
[2253|t+15523ms|ThreadId(2)] [class_dump] gsb → net.minecraft.client.gui.screens.Screen
[2254|t+15523ms|ThreadId(2)] [class_dump] gsd → net.minecraft.client.gui.screens.TitleScreen
[2255|t+15524ms|ThreadId(2)] [class_dump] gsl → net.minecraft.client.gui.screens.advancements.AdvancementsScreen
[2256|t+15524ms|ThreadId(2)] [class_dump] gti → net.minecraft.client.gui.screens.inventory.AbstractContainerScreen
[2257|t+15524ms|ThreadId(2)] [class_dump] gtl → net.minecraft.client.gui.screens.inventory.AbstractRecipeBookScreen
[2258|t+15524ms|ThreadId(2)] [class_dump] gul → net.minecraft.client.gui.screens.inventory.InventoryScreen
[2259|t+15525ms|ThreadId(2)] [class_dump] guq → net.minecraft.client.gui.screens.inventory.MenuAccess
[2260|t+15525ms|ThreadId(2)] [class_dump] gvp → net.minecraft.client.gui.screens.multiplayer.JoinMultiplayerScreen
[2261|t+15525ms|ThreadId(2)] [class_dump] gxa → net.minecraft.client.gui.screens.recipebook.RecipeUpdateListener
[2262|t+15526ms|ThreadId(2)] [class_dump] gxq → net.minecraft.client.gui.screens.social.SocialInteractionsScreen
[2263|t+15526ms|ThreadId(2)] [class_dump] gzg → net.minecraft.client.main.SilentInitException
[2264|t+15526ms|ThreadId(2)] [class_dump] h → com.mojang.math.SymmetricGroup3
[2265|t+15526ms|ThreadId(2)] [class_dump] hif → net.minecraft.client.multiplayer.ClientLevel
[2266|t+15526ms|ThreadId(2)] [class_dump] hne → net.minecraft.client.player.AbstractClientPlayer
[2267|t+15527ms|ThreadId(2)] [class_dump] hnh → net.minecraft.client.player.LocalPlayer
[2268|t+15527ms|ThreadId(2)] [class_dump] ib → net.minecraft.commands.synchronization.ArgumentTypeInfo
[2269|t+15527ms|ThreadId(2)] [class_dump] ic → net.minecraft.commands.synchronization.ArgumentTypeInfos
[2270|t+15527ms|ThreadId(2)] [class_dump] inu → net.minecraft.client.resources.model.MaterialSet
[2271|t+15528ms|ThreadId(2)] [class_dump] ip → net.minecraft.core.AxisCycle
[2272|t+15528ms|ThreadId(2)] [class_dump] iqa → net.minecraft.client.server.IntegratedServer
[2273|t+15528ms|ThreadId(2)] [class_dump] ird → net.minecraft.client.telemetry.TelemetryProperty
[2274|t+15528ms|ThreadId(2)] [class_dump] irh → net.minecraft.client.telemetry.events.GameLoadTimesEvent
[2275|t+15529ms|ThreadId(2)] [class_dump] is → net.minecraft.core.BlockPos
[2276|t+15529ms|ThreadId(2)] [class_dump] isc → net.minecraft.realms.RealmsScreen
[2277|t+15529ms|ThreadId(2)] [class_dump] iu → net.minecraft.core.ClientAsset
[2278|t+15529ms|ThreadId(2)] [class_dump] ix → net.minecraft.core.DefaultedMappedRegistry
[2279|t+15530ms|ThreadId(2)] [class_dump] iy → net.minecraft.core.DefaultedRegistry
[2280|t+15530ms|ThreadId(2)] [class_dump] iz → net.minecraft.core.Direction
[2281|t+15530ms|ThreadId(2)] [class_dump] jb → net.minecraft.core.FrontAndTop
[2282|t+15531ms|ThreadId(2)] [class_dump] jc → net.minecraft.core.GlobalPos
[2283|t+15531ms|ThreadId(2)] [class_dump] jd → net.minecraft.core.Holder
[2284|t+15531ms|ThreadId(2)] [class_dump] je → net.minecraft.core.HolderGetter
[2285|t+15532ms|ThreadId(2)] [class_dump] jf → net.minecraft.core.HolderLookup
[2286|t+15532ms|ThreadId(2)] [class_dump] jg → net.minecraft.core.HolderOwner
[2287|t+15532ms|ThreadId(2)] [class_dump] jh → net.minecraft.core.HolderSet
[2288|t+15533ms|ThreadId(2)] [class_dump] ji → net.minecraft.core.IdMap
[2289|t+15533ms|ThreadId(2)] [class_dump] jj → net.minecraft.core.IdMapper
[2290|t+15533ms|ThreadId(2)] [class_dump] jl → net.minecraft.core.MappedRegistry
[2291|t+15533ms|ThreadId(2)] [class_dump] jm → net.minecraft.core.NonNullList
[2292|t+15534ms|ThreadId(2)] [class_dump] jn → net.minecraft.core.Position
[2293|t+15534ms|ThreadId(2)] [class_dump] jp → net.minecraft.core.RegistrationInfo
[2294|t+15535ms|ThreadId(2)] [class_dump] jq → net.minecraft.core.Registry
[2295|t+15535ms|ThreadId(2)] [class_dump] jr → net.minecraft.core.RegistryAccess
[2296|t+15537ms|ThreadId(2)] [class_dump] js → net.minecraft.core.RegistryCodecs
[2297|t+15537ms|ThreadId(2)] [class_dump] jv → net.minecraft.core.Rotations
[2298|t+15538ms|ThreadId(2)] [class_dump] jx → net.minecraft.core.UUIDUtil
[2299|t+15538ms|ThreadId(2)] [class_dump] jy → net.minecraft.core.Vec3i
[2300|t+15538ms|ThreadId(2)] [class_dump] jz → net.minecraft.core.WritableRegistry
[2301|t+15539ms|ThreadId(2)] [class_dump] ka → net.minecraft.core.cauldron.CauldronInteraction
[2302|t+15539ms|ThreadId(2)] [class_dump] kc → net.minecraft.core.component.DataComponentExactPredicate
[2303|t+15539ms|ThreadId(2)] [class_dump] kd → net.minecraft.core.component.DataComponentGetter
[2304|t+15539ms|ThreadId(2)] [class_dump] ke → net.minecraft.core.component.DataComponentHolder
[2305|t+15540ms|ThreadId(2)] [class_dump] kf → net.minecraft.core.component.DataComponentMap
[2306|t+15540ms|ThreadId(2)] [class_dump] kg → net.minecraft.core.component.DataComponentPatch
[2307|t+15541ms|ThreadId(2)] [class_dump] kh → net.minecraft.core.component.DataComponentType
[2308|t+15541ms|ThreadId(2)] [class_dump] ki → net.minecraft.core.component.DataComponents
[2309|t+15541ms|ThreadId(2)] [class_dump] kj → net.minecraft.core.component.PatchedDataComponentMap
[2310|t+15541ms|ThreadId(2)] [class_dump] kk → net.minecraft.core.component.TypedDataComponent
[2311|t+15542ms|ThreadId(2)] [class_dump] ks → net.minecraft.core.component.predicates.DataComponentPredicate
[2312|t+15542ms|ThreadId(2)] [class_dump] kt → net.minecraft.core.component.predicates.DataComponentPredicates
[2313|t+15542ms|ThreadId(2)] [class_dump] l → net.minecraft.ChatFormatting
[2314|t+15543ms|ThreadId(2)] [class_dump] lf → net.minecraft.core.dispenser.DefaultDispenseItemBehavior
[2315|t+15543ms|ThreadId(2)] [class_dump] lg → net.minecraft.core.dispenser.DispenseItemBehavior
[2316|t+15543ms|ThreadId(2)] [class_dump] lp → net.minecraft.core.particles.BlockParticleOption
[2317|t+15543ms|ThreadId(2)] [class_dump] lq → net.minecraft.core.particles.ColorParticleOption
[2318|t+15544ms|ThreadId(2)] [class_dump] lt → net.minecraft.core.particles.ExplosionParticleInfo
[2319|t+15544ms|ThreadId(2)] [class_dump] lu → net.minecraft.core.particles.ItemParticleOption
[2320|t+15544ms|ThreadId(2)] [class_dump] lw → net.minecraft.core.particles.ParticleOptions
[2321|t+15545ms|ThreadId(2)] [class_dump] lx → net.minecraft.core.particles.ParticleType
[2322|t+15545ms|ThreadId(2)] [class_dump] ly → net.minecraft.core.particles.ParticleTypes
[2323|t+15545ms|ThreadId(2)] [class_dump] lz → net.minecraft.core.particles.PowerParticleOption
[2324|t+15545ms|ThreadId(2)] [class_dump] m → net.minecraft.CrashReport
[2325|t+15545ms|ThreadId(2)] [class_dump] md → net.minecraft.core.particles.SimpleParticleType
[2326|t+15546ms|ThreadId(2)] [class_dump] me → net.minecraft.core.particles.SpellParticleOption
[2327|t+15546ms|ThreadId(2)] [class_dump] mi → net.minecraft.core.registries.BuiltInRegistries
[2328|t+15546ms|ThreadId(2)] [class_dump] mj → net.minecraft.core.registries.Registries
[2329|t+15546ms|ThreadId(2)] [class_dump] net.minecraft.client.main.Main → net.minecraft.client.main.Main
[2330|t+15547ms|ThreadId(2)] [class_dump] net.minecraft.client.main.Main$1 → net.minecraft.client.main.Main$1
[2331|t+15547ms|ThreadId(2)] [class_dump] net.minecraft.client.main.Main$2 → net.minecraft.client.main.Main$2
[2332|t+15547ms|ThreadId(2)] [class_dump] net.minecraft.server.MinecraftServer → net.minecraft.server.MinecraftServer
[2333|t+15547ms|ThreadId(2)] [class_dump] r → net.minecraft.DetectedVersion
[2334|t+15548ms|ThreadId(2)] [class_dump] rq → net.minecraft.data.worldgen.features.CaveFeatures
[2335|t+15548ms|ThreadId(2)] [class_dump] rs → net.minecraft.data.worldgen.features.FeatureUtils
[2336|t+15548ms|ThreadId(2)] [class_dump] rx → net.minecraft.data.worldgen.features.TreeFeatures
[2337|t+15548ms|ThreadId(2)] [class_dump] ry → net.minecraft.data.worldgen.features.VegetationFeatures
[2338|t+15549ms|ThreadId(2)] [class_dump] s → net.minecraft.IdentifierException
[2339|t+15549ms|ThreadId(2)] [class_dump] sn → net.minecraft.gametest.framework.BuiltinTestFunctions
[2340|t+15549ms|ThreadId(2)] [class_dump] tb → net.minecraft.gametest.framework.GameTestInstance
[2341|t+15549ms|ThreadId(2)] [class_dump] tv → net.minecraft.gametest.framework.TestEnvironmentDefinition
[2342|t+15550ms|ThreadId(2)] [class_dump] tx → net.minecraft.gametest.framework.TestFunctionLoader
[2343|t+15550ms|ThreadId(2)] [class_dump] u → net.minecraft.ReportType
[2344|t+15550ms|ThreadId(2)] [class_dump] ui → net.minecraft.gizmos.GizmoCollector
[2345|t+15553ms|ThreadId(2)] [class_dump] ux → net.minecraft.nbt.ByteTag
[2346|t+15554ms|ThreadId(2)] [class_dump] uy → net.minecraft.nbt.CollectionTag
[2347|t+15555ms|ThreadId(2)] [class_dump] uz → net.minecraft.nbt.CompoundTag
[2348|t+15555ms|ThreadId(2)] [class_dump] v → net.minecraft.ReportedException
[2349|t+15555ms|ThreadId(2)] [class_dump] vf → net.minecraft.nbt.ListTag
[2350|t+15556ms|ThreadId(2)] [class_dump] vi → net.minecraft.nbt.NbtAccounter
[2351|t+15556ms|ThreadId(2)] [class_dump] vj → net.minecraft.nbt.NbtAccounterException
[2352|t+15556ms|ThreadId(2)] [class_dump] vk → net.minecraft.nbt.NbtException
[2353|t+15556ms|ThreadId(2)] [class_dump] vl → net.minecraft.nbt.NbtFormatException
[2354|t+15557ms|ThreadId(2)] [class_dump] vn → net.minecraft.nbt.NbtOps
[2355|t+15557ms|ThreadId(2)] [class_dump] vp → net.minecraft.nbt.NumericTag
[2356|t+15557ms|ThreadId(2)] [class_dump] vq → net.minecraft.nbt.PrimitiveTag
[2357|t+15558ms|ThreadId(2)] [class_dump] vr → net.minecraft.nbt.ReportedNbtException
[2358|t+15558ms|ThreadId(2)] [class_dump] vt → net.minecraft.nbt.SnbtGrammar
[2359|t+15558ms|ThreadId(2)] [class_dump] vz → net.minecraft.nbt.Tag
[2360|t+15559ms|ThreadId(2)] [class_dump] w → net.minecraft.SharedConstants
[2361|t+15559ms|ThreadId(2)] [class_dump] wa → net.minecraft.nbt.TagParser
[2362|t+15559ms|ThreadId(2)] [class_dump] wb → net.minecraft.nbt.TagType
[2363|t+15559ms|ThreadId(2)] [class_dump] wr → net.minecraft.network.ClientboundPacketListener
[2364|t+15560ms|ThreadId(2)] [class_dump] wu → net.minecraft.network.Connection
[2365|t+15560ms|ThreadId(2)] [class_dump] wx → net.minecraft.network.FriendlyByteBuf
[2366|t+15560ms|ThreadId(2)] [class_dump] xd → net.minecraft.network.LocalFrameEncoder
[2367|t+15561ms|ThreadId(2)] [class_dump] xi → net.minecraft.network.PacketDecoder
[2368|t+15561ms|ThreadId(2)] [class_dump] xj → net.minecraft.network.PacketEncoder
[2369|t+15561ms|ThreadId(2)] [class_dump] xk → net.minecraft.network.PacketListener
[2370|t+15561ms|ThreadId(2)] [class_dump] xo → net.minecraft.network.ProtocolSwapHandler
[2371|t+15561ms|ThreadId(2)] [class_dump] xq → net.minecraft.network.RegistryFriendlyByteBuf
[2372|t+15562ms|ThreadId(2)] [class_dump] y → net.minecraft.SystemReport
[2373|t+15562ms|ThreadId(2)] [class_dump] yb → net.minecraft.network.Varint21LengthFieldPrepender
[2374|t+15562ms|ThreadId(2)] [class_dump] yf → net.minecraft.network.chat.ClickEvent
[2375|t+15563ms|ThreadId(2)] [class_dump] yh → net.minecraft.network.chat.Component
[2376|t+15563ms|ThreadId(2)] [class_dump] yi → net.minecraft.network.chat.ComponentContents
[2377|t+15564ms|ThreadId(2)] [class_dump] yj → net.minecraft.network.chat.ComponentSerialization
[2378|t+15564ms|ThreadId(2)] [class_dump] ym → net.minecraft.network.chat.FontDescription
[2379|t+15564ms|ThreadId(2)] [class_dump] yn → net.minecraft.network.chat.FormattedText
[2380|t+15565ms|ThreadId(2)] [class_dump] yo → net.minecraft.network.chat.HoverEvent
[2381|t+15565ms|ThreadId(2)] [class_dump] yw → net.minecraft.network.chat.MutableComponent
[2382|t+15565ms|ThreadId(2)] [class_dump] z → net.minecraft.TracingExecutor
[2383|t+15565ms|ThreadId(2)] [class_dump] zf → net.minecraft.network.chat.Style
[2384|t+15566ms|ThreadId(2)] [class_dump] zh → net.minecraft.network.chat.TextColor
[2385|t+15566ms|ThreadId(2)] [class_dump] zq → net.minecraft.network.chat.contents.TranslatableContents
[2386|t+15567ms|ThreadId(2)] [class_dump] zr → net.minecraft.network.chat.contents.TranslatableFormatException
[2387|t+15574ms|ThreadId(2)] [step] title_marker — skipped this attempt (tick=0): Minecraft instance is null (client not ready)
[2388|t+15575ms|ThreadId(2)] [step] deferred_init — entering render/tick loop
[2389|t+16066ms|ThreadId(2)] [VTable] vtable installed
[2390|t+16067ms|ThreadId(2)] [Rsift] RsiftChunkBridge natives ready
[2391|t+16067ms|ThreadId(2)] [step] tick_loop — alive tick=0
[2392|t+19567ms|ThreadId(1)] [JVMTI] wanted class captured at ClassLoad (loader-independent): glz
[2393|t+21741ms|ThreadId(1)] [hook] render_flip fired (count=1)
[2394|t+21967ms|ThreadId(1)] [RsiftKeys] WARN vanilla KeyMapping リフレクション失敗 (キー入力は未接続): IdCategoryTypeCode: getEnumConstants net/minecraft/client/KeyMapping$Category: Java exception was thrown | IdTypeCodeCategory: getEnumConstants com/mojang/blaze3d/platform/InputConstants$Type: Java exception was thrown | IdCodeCategory: Java exception was thrown | IdCategoryCode: Java exception was thrown
[2395|t+23469ms|ThreadId(1)] [GlfwHook] glfw.dll!glfwSwapBuffers hooked — DXGI exclusive present
[2396|t+23527ms|ThreadId(2)] [step] title_marker — window title set: Minecraft* 1.21.11 - Rsift (RsGraphics Render)
[2397|t+28744ms|ThreadId(2)] [step] tick_loop — alive tick=120
