[0001|t+0ms|ThreadId(1)] ==========================================================================
[0002|t+3ms|ThreadId(1)] [Rsift] session start: agentpath opts=
[0003|t+3ms|ThreadId(1)] [Rsift] log file: "C:\\Users\\Junji\\AppData\\Roaming\\PrismLauncher\\instances\\rsift\\rsift-natives\\rsift-bootstrap.log"
[0004|t+4ms|ThreadId(1)] [Rsift] dll directory: "C:\\Users\\Junji\\AppData\\Roaming\\PrismLauncher\\instances\\rsift\\rsift-natives"
[0005|t+5ms|ThreadId(1)] [Rsift] bootstrap jar: exists=true size=Some(43992)
[0006|t+5ms|ThreadId(1)] [Rsift] rsift_jvm.dll: exists=true size=Some(11698688)
[0007|t+5ms|ThreadId(1)] ==========================================================================
[0008|t+6ms|ThreadId(1)] [step] Agent_OnLoad — entered
[0009|t+6ms|ThreadId(1)] [step] Agent_OnLoad — options=""
[0010|t+9ms|ThreadId(1)] [step] jvmti — Agent_OnLoad: AddToBootstrapClassLoaderSearch rc=0 — RsiftHooks 可視化 (bootstrap CL): C:\Users\Junji\AppData\Roaming\PrismLauncher\instances\rsift\rsift-natives\rsift-bootstrap.jar
[0011|t+9ms|ThreadId(1)] [step] Agent_OnLoad — bootstrap classpath ensure rc=0
[0012|t+10ms|ThreadId(1)] [step] Agent_OnLoad — scheduling deferred init thread (mods load in background thread)
[0013|t+10ms|ThreadId(1)] [step] schedule_deferred_init — from_agentpath=true opts_len=0 agentpath_active=false
[0014|t+11ms|ThreadId(1)] [step] agentpath — marker written "C:\\Users\\Junji\\AppData\\Roaming\\PrismLauncher\\instances\\rsift\\rsift-natives\\.rsift-agentpath-active"
[0015|t+11ms|ThreadId(1)] [step] schedule_deferred_init — thread spawn OK
[0016|t+12ms|ThreadId(2)] [step] deferred_init — thread entered
[0017|t+12ms|ThreadId(1)] [step] Agent_OnLoad — complete — returning 0 to JVM
[0018|t+13ms|ThreadId(2)] [step] deferred_init — brief wait before JNI (agentpath-only, no javaagent)
[0019|t+1014ms|ThreadId(2)] [step] deferred_init — pre-JNI wait complete
[0020|t+1015ms|ThreadId(2)] [step] boot_markers — agentpath=true javaagent=false
[0021|t+1015ms|ThreadId(2)] [step] deferred_init — loading mods
[0022|t+1017ms|ThreadId(2)] [step] agent_premain — loading mods args=
[0023|t+1018ms|ThreadId(2)] [Rsift] mod_dir from game cwd: "C:\\Users\\Junji\\AppData\\Roaming\\PrismLauncher\\instances\\rsift\\.minecraft\\mods"
[0024|t+1019ms|ThreadId(2)] [step] agent_premain — mod_dir="C:\\Users\\Junji\\AppData\\Roaming\\PrismLauncher\\instances\\rsift\\.minecraft\\mods"
[0025|t+1023ms|ThreadId(2)] [step] agent_premain — mod candidates (3): ["rsgraphics.dll", "rsreplay.dll", "rszoom.dll"]
[0026|t+1026ms|ThreadId(2)] [step] agent_premain — official mod restore: all official mods already present
[0027|t+1027ms|ThreadId(2)] [step] agent_premain — abi table installed v1.21.11
[0028|t+1030ms|ThreadId(2)] [step] agent_premain — sim runtime ready backend=std_seek cores=8
[0029|t+10886ms|ThreadId(2)] [step] agent_premain — mods loaded OK: ["rsgraphics", "rsreplay", "rszoom"]
[0030|t+10887ms|ThreadId(2)] [step] deferred_init — JavaVM::from_raw addr=0x7ff8926b37b0
[0031|t+11284ms|ThreadId(2)] [Rsift] [obf_map] client.txt loaded → Obfuscated mode (classes=10291 methods=89557 fields=45679)
[0032|t+11284ms|ThreadId(2)] [step] deferred_init — obf_map mode = Obfuscated
[0033|t+11286ms|ThreadId(2)] [step] obf_method_aliases — registered 5 / 11 runtime method aliases [net/minecraft/client/Minecraft#tick=x, net/minecraft/client/Minecraft#run=j, net/minecraft/client/gui/screens/Screen#init=<FAIL: ambiguous(2+ overloads) or not in client.txt>, net/minecraft/network/Connection#channelRead0=<FAIL: ambiguous(2+ overloads) or not in client.txt>, net/minecraft/world/entity/Mob#aiStep=d_, net/minecraft/world/entity/Entity#travel=<FAIL: ambiguous(2+ overloads) or not in client.txt>, net/minecraft/world/level/redstone/RedstoneWireBlock#calculateTargetStrength=<FAIL: ambiguous(2+ overloads) or not in client.txt>, net/minecraft/world/level/chunk/LevelChunk#tick=<FAIL: ambiguous(2+ overloads) or not in client.txt>, net/minecraft/world/level/block/entity/HopperBlockEntity#tick=<FAIL: ambiguous(2+ overloads) or not in client.txt>, net/minecraft/server/level/ServerLevel#tick=a, net/minecraft/world/level/material/FlowingFluid#tick=b]
[0034|t+11288ms|ThreadId(2)] [step] classloader_probe — attempt 0 attach OK
[0035|t+11289ms|ThreadId(2)] [step] jvmti — AddCapabilities request all_hook=true early_hook=false redefine=true retransform=true retransform_any=true (potential ∩ desired)
[0036|t+11290ms|ThreadId(2)] [step] jvmti — AddCapabilities rc=0 (全請求受理)
[0037|t+11291ms|ThreadId(2)] [step] jvmti — GetCapabilities rc=0 all_hook=true early_hook=false redefine=true retransform=true retransform_any=true
[0038|t+11292ms|ThreadId(2)] [JVMTI] ClassFileLoadHook + ClassLoad enabled (exact-spec indices)
[0039|t+11294ms|ThreadId(2)] [step] f3_marker — static spec pre-registered (load-free, reflection-independent): glz#getLines ()Ljava/util/List; (mojmap DebugScreenEntryList#getLines)
[0040|t+11294ms|ThreadId(2)] [step] deferred_init — JVMTI CFLH install (attached thread, attempt 0) = true
[0041|t+11295ms|ThreadId(2)] [step] classloader — attempt 0 — game still booting, deferring JNI probes
[0042|t+11296ms|ThreadId(2)] [step] classloader_probe — attempt 0 — not ready yet
[0043|t+13229ms|ThreadId(1)] [CFLH] net/minecraft/world/entity/Entity (runtime=cgk) matched target but NOT modified (method name/desc not found or refused) — 106567 bytes
[0044|t+13248ms|ThreadId(1)] [CFLH] PATCHED net/minecraft/server/level/ServerLevel (runtime=axf) 58743 → 58802 bytes
[0045|t+13738ms|ThreadId(1)] [CFLH] PATCHED net/minecraft/world/level/material/FlowingFluid (runtime=fkz) 14050 → 14103 bytes
[0046|t+14159ms|ThreadId(1)] [CFLH] PATCHED net/minecraft/world/entity/Mob (runtime=chn) 38522 → 38575 bytes
[0047|t+14705ms|ThreadId(1)] [CFLH] net/minecraft/world/level/block/entity/HopperBlockEntity (runtime=emf) matched target but NOT modified (method name/desc not found or refused) — 12215 bytes
[0048|t+16327ms|ThreadId(2)] [step] classloader_probe — attempt 5 attach OK
[0049|t+16342ms|ThreadId(2)] [CFLH] PATCHED net/minecraft/client/Minecraft (runtime=gfj) 88505 → 88593 bytes
[0050|t+16347ms|ThreadId(2)] [JVMTI] wanted class captured at ClassLoad (loader-independent): gfj
[0051|t+16348ms|ThreadId(2)] [Rsift] game ClassLoader cached
[0052|t+16348ms|ThreadId(2)] [step] classloader — FOUND via named thread context ClassLoader
[0053|t+16349ms|ThreadId(2)] [step] classloader_probe — FOUND on attempt 5
[0054|t+16351ms|ThreadId(2)] [Rsift] RsiftScreenHooks ready (minimal bootstrap)
[0055|t+16355ms|ThreadId(2)] [Rsift] RsiftPacketTap は同梱 bootstrap jar に未収録のためパケットタップは無効 (継続)
[0056|t+16355ms|ThreadId(2)] [Rsift] RsiftModBridge loaded
[0057|t+16358ms|ThreadId(2)] [Rsift] RsiftPlatformBridge loaded
[0058|t+16361ms|ThreadId(2)] [step] bridge_load — UiBridge=true ModBridge=true
[0059|t+16368ms|ThreadId(2)] [JVMTI] wanted class captured at ClassLoad (loader-independent): gjm
[0060|t+16380ms|ThreadId(2)] [CFLH] net/minecraft/world/level/chunk/LevelChunk (runtime=eqq) matched target but NOT modified (method name/desc not found or refused) — 23059 bytes
[0061|t+16393ms|ThreadId(2)] [JVMTI] game ClassLoader captured via CFLH (first class: net/minecraft/server/MinecraftServer)
[0062|t+16405ms|ThreadId(2)] [warn] jni_exc — loadClass(net.minecraft.client.gui.components.debug.DebugScreenOverlay [from mojmap net.minecraft.client.gui.components.debug.DebugScreenOverlay]) via game loader — returning None to caller: java.lang.ClassNotFoundException: net.minecraft.client.gui.components.debug.DebugScreenOverlay
[0063|t+16405ms|ThreadId(2)] [step] f3_marker — no F3-lines method (0-arg, List<String|Component>) found via reflection — F3 marker skipped honestly (window title marker remains)
[0064|t+16408ms|ThreadId(2)] [CFLH] PATCHED com/mojang/blaze3d/systems/RenderSystem (runtime=com/mojang/blaze3d/systems/RenderSystem) 11688 → 11742 bytes
[0065|t+16410ms|ThreadId(2)] [CFLH] net/minecraft/client/gui/screens/Screen (runtime=gsb) matched target but NOT modified (method name/desc not found or refused) — 19699 bytes
[0066|t+16417ms|ThreadId(2)] [JVMTI] wanted class captured at ClassLoad (loader-independent): gsb
[0067|t+16420ms|ThreadId(2)] [CFLH] PATCHED net/minecraft/network/Connection (runtime=wu) 22766 → 22839 bytes
[0068|t+16424ms|ThreadId(2)] [JVMTI] wanted class captured at ClassLoad (loader-independent): wu
[0069|t+16425ms|ThreadId(2)] [warn] jni_exc — loadClass(net.minecraft.world.level.redstone.RedstoneWireBlock [from mojmap net.minecraft.world.level.redstone.RedstoneWireBlock]) via game loader — returning None to caller: java.lang.ClassNotFoundException: net.minecraft.world.level.redstone.RedstoneWireBlock
[0070|t+16425ms|ThreadId(2)] [warn] jni_exc — retransform sweep: could not obtain jclass for net.minecraft.world.level.redstone.RedstoneWireBlock: java.lang.ClassNotFoundException: net.minecraft.world.level.redstone.RedstoneWireBlock
[0071|t+16595ms|ThreadId(2)] [step] retransform — RetransformClasses rc=0 (10 of 11 target classes already loaded)
[0072|t+16656ms|ThreadId(2)] [step] class_dump — 1916 interesting classes loaded (of 11020 total)
[0073|t+16656ms|ThreadId(2)] [class_dump] [B
[0074|t+16656ms|ThreadId(2)] [class_dump] [C
[0075|t+16657ms|ThreadId(2)] [class_dump] [D
[0076|t+16657ms|ThreadId(2)] [class_dump] [F
[0077|t+16657ms|ThreadId(2)] [class_dump] [I
[0078|t+16658ms|ThreadId(2)] [class_dump] [J
[0079|t+16658ms|ThreadId(2)] [class_dump] [Lbhh;
[0080|t+16658ms|ThreadId(2)] [class_dump] [Lbhr;
[0081|t+16658ms|ThreadId(2)] [class_dump] [Lbhz;
[0082|t+16659ms|ThreadId(2)] [class_dump] [Lbyo;
[0083|t+16659ms|ThreadId(2)] [class_dump] [Lcev;
[0084|t+16659ms|ThreadId(2)] [class_dump] [Lcew;
[0085|t+16660ms|ThreadId(2)] [class_dump] [Lcfb;
[0086|t+16660ms|ThreadId(2)] [class_dump] [Lcfl;
[0087|t+16660ms|ThreadId(2)] [class_dump] [Lcgv;
[0088|t+16661ms|ThreadId(2)] [class_dump] [Lcgw;
[0089|t+16661ms|ThreadId(2)] [class_dump] [Ldkr;
[0090|t+16661ms|ThreadId(2)] [class_dump] [Ldlv;
[0091|t+16661ms|ThreadId(2)] [class_dump] [Ldmp;
[0092|t+16662ms|ThreadId(2)] [class_dump] [Ldnf;
[0093|t+16662ms|ThreadId(2)] [class_dump] [Ldou;
[0094|t+16663ms|ThreadId(2)] [class_dump] [Ldss;
[0095|t+16663ms|ThreadId(2)] [class_dump] [Ldvt;
[0096|t+16663ms|ThreadId(2)] [class_dump] [Ldwf;
[0097|t+16663ms|ThreadId(2)] [class_dump] [Ldwq;
[0098|t+16664ms|ThreadId(2)] [class_dump] [Leev;
[0099|t+16664ms|ThreadId(2)] [class_dump] [Legm;
[0100|t+16664ms|ThreadId(2)] [class_dump] [Leig;
[0101|t+16665ms|ThreadId(2)] [class_dump] [Lenk;
[0102|t+16665ms|ThreadId(2)] [class_dump] [Lens;
[0103|t+16665ms|ThreadId(2)] [class_dump] [Leos;
[0104|t+16666ms|ThreadId(2)] [class_dump] [Leot;
[0105|t+16666ms|ThreadId(2)] [class_dump] [Leou;
[0106|t+16666ms|ThreadId(2)] [class_dump] [Leov;
[0107|t+16666ms|ThreadId(2)] [class_dump] [Leoy;
[0108|t+16667ms|ThreadId(2)] [class_dump] [Leoz;
[0109|t+16667ms|ThreadId(2)] [class_dump] [Lepa;
[0110|t+16667ms|ThreadId(2)] [class_dump] [Lepb;
[0111|t+16668ms|ThreadId(2)] [class_dump] [Lepc;
[0112|t+16668ms|ThreadId(2)] [class_dump] [Lepd;
[0113|t+16668ms|ThreadId(2)] [class_dump] [Lepe;
[0114|t+16669ms|ThreadId(2)] [class_dump] [Lepg;
[0115|t+16669ms|ThreadId(2)] [class_dump] [Lepi;
[0116|t+16669ms|ThreadId(2)] [class_dump] [Lepj;
[0117|t+16670ms|ThreadId(2)] [class_dump] [Lepk;
[0118|t+16670ms|ThreadId(2)] [class_dump] [Lepl;
[0119|t+16670ms|ThreadId(2)] [class_dump] [Lepm;
[0120|t+16670ms|ThreadId(2)] [class_dump] [Lepo;
[0121|t+16671ms|ThreadId(2)] [class_dump] [Lepp;
[0122|t+16671ms|ThreadId(2)] [class_dump] [Lepq;
[0123|t+16671ms|ThreadId(2)] [class_dump] [Lepr;
[0124|t+16671ms|ThreadId(2)] [class_dump] [Leps;
[0125|t+16671ms|ThreadId(2)] [class_dump] [Lept;
[0126|t+16672ms|ThreadId(2)] [class_dump] [Lepu;
[0127|t+16672ms|ThreadId(2)] [class_dump] [Lepv;
[0128|t+16672ms|ThreadId(2)] [class_dump] [Lf;
[0129|t+16673ms|ThreadId(2)] [class_dump] [Lflf;
[0130|t+16673ms|ThreadId(2)] [class_dump] [Lflg;
[0131|t+16673ms|ThreadId(2)] [class_dump] [Lflq;
[0132|t+16673ms|ThreadId(2)] [class_dump] [Lfug;
[0133|t+16673ms|ThreadId(2)] [class_dump] [Lh;
[0134|t+16674ms|ThreadId(2)] [class_dump] [Lip;
[0135|t+16674ms|ThreadId(2)] [class_dump] [Liz;
[0136|t+16674ms|ThreadId(2)] [class_dump] [Ljb;
[0137|t+16674ms|ThreadId(2)] [class_dump] [Ljd;
[0138|t+16675ms|ThreadId(2)] [class_dump] [Ll;
[0139|t+16675ms|ThreadId(2)] [class_dump] [Lux;
[0140|t+16675ms|ThreadId(2)] [class_dump] [Lvp;
[0141|t+16675ms|ThreadId(2)] [class_dump] [Lvq;
[0142|t+16676ms|ThreadId(2)] [class_dump] [Lvz;
[0143|t+16676ms|ThreadId(2)] [class_dump] [S
[0144|t+16676ms|ThreadId(2)] [class_dump] [Z
[0145|t+16676ms|ThreadId(2)] [class_dump] [[B
[0146|t+16677ms|ThreadId(2)] [class_dump] [[C
[0147|t+16677ms|ThreadId(2)] [class_dump] [[I
[0148|t+16677ms|ThreadId(2)] [class_dump] [[J
[0149|t+16677ms|ThreadId(2)] [class_dump] [[Lbhh;
[0150|t+16678ms|ThreadId(2)] [class_dump] [[Lf;
[0151|t+16678ms|ThreadId(2)] [class_dump] [[Lh;
[0152|t+16678ms|ThreadId(2)] [class_dump] [[S
[0153|t+16679ms|ThreadId(2)] [class_dump] [[[C
[0154|t+16679ms|ThreadId(2)] [class_dump] aa → net.minecraft.WorldVersion
[0155|t+16679ms|ThreadId(2)] [class_dump] aah → net.minecraft.network.chat.numbers.NumberFormatType
[0156|t+16679ms|ThreadId(2)] [class_dump] aai → net.minecraft.network.chat.numbers.NumberFormatTypes
[0157|t+16680ms|ThreadId(2)] [class_dump] aam → net.minecraft.network.codec.ByteBufCodecs
[0158|t+16680ms|ThreadId(2)] [class_dump] aao → net.minecraft.network.codec.StreamCodec
[0159|t+16681ms|ThreadId(2)] [class_dump] aap → net.minecraft.network.codec.StreamDecoder
[0160|t+16682ms|ThreadId(2)] [class_dump] aaq → net.minecraft.network.codec.StreamEncoder
[0161|t+16683ms|ThreadId(2)] [class_dump] aay → net.minecraft.network.protocol.Packet
[0162|t+16683ms|ThreadId(2)] [class_dump] abk → net.minecraft.network.protocol.common.ClientboundDisconnectPacket
[0163|t+16683ms|ThreadId(2)] [class_dump] acv → net.minecraft.network.protocol.cookie.ClientCookiePacketListener
[0164|t+16684ms|ThreadId(2)] [class_dump] aj → net.minecraft.advancements.CriteriaTriggers
[0165|t+16684ms|ThreadId(2)] [class_dump] ako → net.minecraft.network.protocol.login.ClientLoginPacketListener
[0166|t+16684ms|ThreadId(2)] [class_dump] aks → net.minecraft.network.protocol.login.ClientboundLoginDisconnectPacket
[0167|t+16685ms|ThreadId(2)] [class_dump] alz → net.minecraft.network.syncher.SyncedDataHolder
[0168|t+16685ms|ThreadId(2)] [class_dump] am → net.minecraft.advancements.CriterionTrigger
[0169|t+16686ms|ThreadId(2)] [class_dump] amh → net.minecraft.references.Blocks
[0170|t+16686ms|ThreadId(2)] [class_dump] ami → net.minecraft.references.Items
[0171|t+16686ms|ThreadId(2)] [class_dump] aml → net.minecraft.resources.DependantName
[0172|t+16687ms|ThreadId(2)] [class_dump] amn → net.minecraft.resources.HolderSetCodec
[0173|t+16687ms|ThreadId(2)] [class_dump] amo → net.minecraft.resources.Identifier
[0174|t+16687ms|ThreadId(2)] [class_dump] amq → net.minecraft.resources.RegistryFileCodec
[0175|t+16688ms|ThreadId(2)] [class_dump] amr → net.minecraft.resources.RegistryFixedCodec
[0176|t+16688ms|ThreadId(2)] [class_dump] amt → net.minecraft.resources.ResourceKey
[0177|t+16688ms|ThreadId(2)] [class_dump] amv → net.minecraft.server.Bootstrap
[0178|t+16689ms|ThreadId(2)] [class_dump] amy → net.minecraft.server.DebugLoggedPrintStream
[0179|t+16690ms|ThreadId(2)] [class_dump] ana → net.minecraft.server.LoggedPrintStream
[0180|t+16690ms|ThreadId(2)] [class_dump] anf → net.minecraft.server.RunningOnDifferentThreadException
[0181|t+16691ms|ThreadId(2)] [class_dump] anj → net.minecraft.server.ServerInfo
[0182|t+16691ms|ThreadId(2)] [class_dump] anm → net.minecraft.server.ServerScoreboard
[0183|t+16691ms|ThreadId(2)] [class_dump] ann → net.minecraft.server.ServerTickRateManager
[0184|t+16692ms|ThreadId(2)] [class_dump] as → net.minecraft.advancements.criterion.BlockPredicate
[0185|t+16692ms|ThreadId(2)] [class_dump] asm → net.minecraft.server.dialog.DialogTypes
[0186|t+16692ms|ThreadId(2)] [class_dump] asu → net.minecraft.server.dialog.action.ActionTypes
[0187|t+16693ms|ThreadId(2)] [class_dump] atb → net.minecraft.server.dialog.body.DialogBodyTypes
[0188|t+16693ms|ThreadId(2)] [class_dump] ath → net.minecraft.server.dialog.input.InputControlTypes
[0189|t+16693ms|ThreadId(2)] [class_dump] ats → net.minecraft.server.jsonrpc.IncomingRpcMethod
[0190|t+16694ms|ThreadId(2)] [class_dump] att → net.minecraft.server.jsonrpc.IncomingRpcMethods
[0191|t+16694ms|ThreadId(2)] [class_dump] awk → net.minecraft.server.level.ChunkResult
[0192|t+16694ms|ThreadId(2)] [class_dump] axc → net.minecraft.server.level.ServerChunkCache
[0193|t+16695ms|ThreadId(2)] [class_dump] axe → net.minecraft.server.level.ServerEntityGetter
[0194|t+16695ms|ThreadId(2)] [class_dump] axf → net.minecraft.server.level.ServerLevel
[0195|t+16695ms|ThreadId(2)] [class_dump] axg → net.minecraft.server.level.ServerPlayer
[0196|t+16695ms|ThreadId(2)] [class_dump] axq → net.minecraft.server.level.progress.LevelLoadListener
[0197|t+16696ms|ThreadId(2)] [class_dump] axx → net.minecraft.server.network.Filterable
[0198|t+16696ms|ThreadId(2)] [class_dump] azl → net.minecraft.server.packs.PackResources
[0199|t+16696ms|ThreadId(2)] [class_dump] azz → net.minecraft.server.packs.metadata.pack.PackFormat
[0200|t+16697ms|ThreadId(2)] [class_dump] bat → net.minecraft.server.packs.resources.PreparableReloadListener
[0201|t+16697ms|ThreadId(2)] [class_dump] baz → net.minecraft.server.packs.resources.ResourceManager
[0202|t+16697ms|ThreadId(2)] [class_dump] bbc → net.minecraft.server.packs.resources.ResourceProvider
[0203|t+16697ms|ThreadId(2)] [class_dump] bbk → net.minecraft.server.permissions.PermissionCheckTypes
[0204|t+16698ms|ThreadId(2)] [class_dump] bbq → net.minecraft.server.permissions.PermissionTypes
[0205|t+16698ms|ThreadId(2)] [class_dump] bca → net.minecraft.server.players.ProfileResolver
[0206|t+16698ms|ThreadId(2)] [class_dump] bcz → net.minecraft.sounds.SoundEvent
[0207|t+16699ms|ThreadId(2)] [class_dump] bda → net.minecraft.sounds.SoundEvents
[0208|t+16699ms|ThreadId(2)] [class_dump] bef → net.minecraft.tags.TagKey
[0209|t+16699ms|ThreadId(2)] [class_dump] bel → net.minecraft.util.ARGB
[0210|t+16700ms|ThreadId(2)] [class_dump] beu → net.minecraft.util.ByIdMap
[0211|t+16700ms|ThreadId(2)] [class_dump] bex → net.minecraft.util.ColorRGBA
[0212|t+16700ms|ThreadId(2)] [class_dump] bfk → net.minecraft.util.EncoderCache
[0213|t+16701ms|ThreadId(2)] [class_dump] bfm → net.minecraft.util.ExtraCodecs
[0214|t+16701ms|ThreadId(2)] [class_dump] bfr → net.minecraft.util.FormattedCharSequence
[0215|t+16702ms|ThreadId(2)] [class_dump] bfs → net.minecraft.util.FormattedCharSink
[0216|t+16702ms|ThreadId(2)] [class_dump] bfv → net.minecraft.util.GsonHelper
[0217|t+16702ms|ThreadId(2)] [class_dump] bgh → net.minecraft.util.MemoryReserve
[0218|t+16702ms|ThreadId(2)] [class_dump] bgj → net.minecraft.util.Mth
[0219|t+16703ms|ThreadId(2)] [class_dump] bgp → net.minecraft.util.ProblemReporter
[0220|t+16703ms|ThreadId(2)] [class_dump] bgq → net.minecraft.util.ProgressListener
[0221|t+16703ms|ThreadId(2)] [class_dump] bgr → net.minecraft.util.RandomSource
[0222|t+16704ms|ThreadId(2)] [class_dump] bgt → net.minecraft.util.SegmentedAnglePrecision
[0223|t+16704ms|ThreadId(2)] [class_dump] bh → net.minecraft.advancements.criterion.DataComponentMatchers
[0224|t+16704ms|ThreadId(2)] [class_dump] bhh → net.minecraft.util.StringRepresentable
[0225|t+16704ms|ThreadId(2)] [class_dump] bhm → net.minecraft.util.TimeSource
[0226|t+16705ms|ThreadId(2)] [class_dump] bhr → net.minecraft.util.Unit
[0227|t+16705ms|ThreadId(2)] [class_dump] bhs → net.minecraft.util.Util
[0228|t+16705ms|ThreadId(2)] [class_dump] bhv → net.minecraft.util.context.ContextKey
[0229|t+16705ms|ThreadId(2)] [class_dump] bhw → net.minecraft.util.context.ContextKeySet
[0230|t+16706ms|ThreadId(2)] [class_dump] bhz → net.minecraft.util.datafix.DataFixTypes
[0231|t+16706ms|ThreadId(2)] [class_dump] bia → net.minecraft.util.datafix.DataFixers
[0232|t+16706ms|ThreadId(2)] [class_dump] bib → net.minecraft.util.datafix.ExtraDataFixUtils
[0233|t+16707ms|ThreadId(2)] [class_dump] bie → net.minecraft.util.datafix.fixes.AbstractArrowPickupFix
[0234|t+16707ms|ThreadId(2)] [class_dump] bif → net.minecraft.util.datafix.fixes.AbstractBlockPropertyFix
[0235|t+16707ms|ThreadId(2)] [class_dump] big → net.minecraft.util.datafix.fixes.AbstractPoiSectionFix
[0236|t+16708ms|ThreadId(2)] [class_dump] bih → net.minecraft.util.datafix.fixes.AbstractUUIDFix
[0237|t+16708ms|ThreadId(2)] [class_dump] bii → net.minecraft.util.datafix.fixes.AddFieldFix
[0238|t+16708ms|ThreadId(2)] [class_dump] bij → net.minecraft.util.datafix.fixes.AddFlagIfNotPresentFix
[0239|t+16709ms|ThreadId(2)] [class_dump] bik → net.minecraft.util.datafix.fixes.AddNewChoices
[0240|t+16710ms|ThreadId(2)] [class_dump] bil → net.minecraft.util.datafix.fixes.AdvancementsFix
[0241|t+16710ms|ThreadId(2)] [class_dump] bim → net.minecraft.util.datafix.fixes.AdvancementsRenameFix
[0242|t+16710ms|ThreadId(2)] [class_dump] bin → net.minecraft.util.datafix.fixes.AreaEffectCloudDurationScaleFix
[0243|t+16711ms|ThreadId(2)] [class_dump] bio → net.minecraft.util.datafix.fixes.AreaEffectCloudPotionFix
[0244|t+16711ms|ThreadId(2)] [class_dump] bip → net.minecraft.util.datafix.fixes.AttributeIdPrefixFix
[0245|t+16711ms|ThreadId(2)] [class_dump] biq → net.minecraft.util.datafix.fixes.AttributeModifierIdFix
[0246|t+16711ms|ThreadId(2)] [class_dump] bir → net.minecraft.util.datafix.fixes.AttributesRenameFix
[0247|t+16712ms|ThreadId(2)] [class_dump] bis → net.minecraft.util.datafix.fixes.AttributesRenameLegacy
[0248|t+16712ms|ThreadId(2)] [class_dump] bit → net.minecraft.util.datafix.fixes.BannerEntityCustomNameToOverrideComponentFix
[0249|t+16712ms|ThreadId(2)] [class_dump] biu → net.minecraft.util.datafix.fixes.BannerPatternFormatFix
[0250|t+16713ms|ThreadId(2)] [class_dump] biv → net.minecraft.util.datafix.fixes.BedItemColorFix
[0251|t+16713ms|ThreadId(2)] [class_dump] biw → net.minecraft.util.datafix.fixes.BeehiveFieldRenameFix
[0252|t+16713ms|ThreadId(2)] [class_dump] bix → net.minecraft.util.datafix.fixes.BiomeFix
[0253|t+16713ms|ThreadId(2)] [class_dump] biy → net.minecraft.util.datafix.fixes.BitStorageAlignFix
[0254|t+16714ms|ThreadId(2)] [class_dump] biz → net.minecraft.util.datafix.fixes.BlendingDataFix
[0255|t+16714ms|ThreadId(2)] [class_dump] bja → net.minecraft.util.datafix.fixes.BlendingDataRemoveFromNetherEndFix
[0256|t+16714ms|ThreadId(2)] [class_dump] bjb → net.minecraft.util.datafix.fixes.BlockEntityBannerColorFix
[0257|t+16715ms|ThreadId(2)] [class_dump] bjc → net.minecraft.util.datafix.fixes.BlockEntityBlockStateFix
[0258|t+16715ms|ThreadId(2)] [class_dump] bjd → net.minecraft.util.datafix.fixes.BlockEntityCustomNameToComponentFix
[0259|t+16715ms|ThreadId(2)] [class_dump] bje → net.minecraft.util.datafix.fixes.BlockEntityFurnaceBurnTimeFix
[0260|t+16715ms|ThreadId(2)] [class_dump] bjf → net.minecraft.util.datafix.fixes.BlockEntityIdFix
[0261|t+16716ms|ThreadId(2)] [class_dump] bjg → net.minecraft.util.datafix.fixes.BlockEntityJukeboxFix
[0262|t+16716ms|ThreadId(2)] [class_dump] bjh → net.minecraft.util.datafix.fixes.BlockEntityKeepPacked
[0263|t+16716ms|ThreadId(2)] [class_dump] bji → net.minecraft.util.datafix.fixes.BlockEntityRenameFix
[0264|t+16716ms|ThreadId(2)] [class_dump] bjj → net.minecraft.util.datafix.fixes.BlockEntityShulkerBoxColorFix
[0265|t+16717ms|ThreadId(2)] [class_dump] bjk → net.minecraft.util.datafix.fixes.BlockEntitySignDoubleSidedEditableTextFix
[0266|t+16717ms|ThreadId(2)] [class_dump] bjl → net.minecraft.util.datafix.fixes.BlockEntityUUIDFix
[0267|t+16717ms|ThreadId(2)] [class_dump] bjm → net.minecraft.util.datafix.fixes.BlockNameFlatteningFix
[0268|t+16717ms|ThreadId(2)] [class_dump] bjn → net.minecraft.util.datafix.fixes.BlockPosFormatAndRenamesFix
[0269|t+16718ms|ThreadId(2)] [class_dump] bjo → net.minecraft.util.datafix.fixes.BlockPropertyRenameAndFix
[0270|t+16718ms|ThreadId(2)] [class_dump] bjp → net.minecraft.util.datafix.fixes.BlockRenameFix
[0271|t+16719ms|ThreadId(2)] [class_dump] bjr → net.minecraft.util.datafix.fixes.BlockStateStructureTemplateFix
[0272|t+16720ms|ThreadId(2)] [class_dump] bjs → net.minecraft.util.datafix.fixes.BoatSplitFix
[0273|t+16720ms|ThreadId(2)] [class_dump] bjt → net.minecraft.util.datafix.fixes.CarvingStepRemoveFix
[0274|t+16720ms|ThreadId(2)] [class_dump] bju → net.minecraft.util.datafix.fixes.CatTypeFix
[0275|t+16721ms|ThreadId(2)] [class_dump] bjv → net.minecraft.util.datafix.fixes.CauldronRenameFix
[0276|t+16721ms|ThreadId(2)] [class_dump] bjw → net.minecraft.util.datafix.fixes.CavesAndCliffsRenames
[0277|t+16721ms|ThreadId(2)] [class_dump] bjx → net.minecraft.util.datafix.fixes.ChestedHorsesInventoryZeroIndexingFix
[0278|t+16722ms|ThreadId(2)] [class_dump] bjy → net.minecraft.util.datafix.fixes.ChunkBedBlockEntityInjecterFix
[0279|t+16722ms|ThreadId(2)] [class_dump] bjz → net.minecraft.util.datafix.fixes.ChunkBiomeFix
[0280|t+16722ms|ThreadId(2)] [class_dump] bka → net.minecraft.util.datafix.fixes.ChunkDeleteIgnoredLightDataFix
[0281|t+16722ms|ThreadId(2)] [class_dump] bkb → net.minecraft.util.datafix.fixes.ChunkDeleteLightFix
[0282|t+16723ms|ThreadId(2)] [class_dump] bkc → net.minecraft.util.datafix.fixes.ChunkHeightAndBiomeFix
[0283|t+16723ms|ThreadId(2)] [class_dump] bkd → net.minecraft.util.datafix.fixes.ChunkLightRemoveFix
[0284|t+16723ms|ThreadId(2)] [class_dump] bke → net.minecraft.util.datafix.fixes.ChunkPalettedStorageFix
[0285|t+16723ms|ThreadId(2)] [class_dump] bkf → net.minecraft.util.datafix.fixes.ChunkProtoTickListFix
[0286|t+16724ms|ThreadId(2)] [class_dump] bkg → net.minecraft.util.datafix.fixes.ChunkRenamesFix
[0287|t+16724ms|ThreadId(2)] [class_dump] bkh → net.minecraft.util.datafix.fixes.ChunkStatusFix
[0288|t+16724ms|ThreadId(2)] [class_dump] bki → net.minecraft.util.datafix.fixes.ChunkStatusFix2
[0289|t+16725ms|ThreadId(2)] [class_dump] bkj → net.minecraft.util.datafix.fixes.ChunkStructuresTemplateRenameFix
[0290|t+16725ms|ThreadId(2)] [class_dump] bkk → net.minecraft.util.datafix.fixes.ChunkTicketUnpackPosFix
[0291|t+16725ms|ThreadId(2)] [class_dump] bkl → net.minecraft.util.datafix.fixes.ChunkToProtochunkFix
[0292|t+16726ms|ThreadId(2)] [class_dump] bkm → net.minecraft.util.datafix.fixes.ColorlessShulkerEntityFix
[0293|t+16726ms|ThreadId(2)] [class_dump] bkn → net.minecraft.util.datafix.fixes.ContainerBlockEntityLockPredicateFix
[0294|t+16726ms|ThreadId(2)] [class_dump] bko → net.minecraft.util.datafix.fixes.CopperGolemWeatherStateFix
[0295|t+16726ms|ThreadId(2)] [class_dump] bkp → net.minecraft.util.datafix.fixes.CriteriaRenameFix
[0296|t+16726ms|ThreadId(2)] [class_dump] bkq → net.minecraft.util.datafix.fixes.CustomModelDataExpandFix
[0297|t+16727ms|ThreadId(2)] [class_dump] bkr → net.minecraft.util.datafix.fixes.DataComponentRemainderFix
[0298|t+16727ms|ThreadId(2)] [class_dump] bks → net.minecraft.util.datafix.fixes.DebugProfileOverlayReferenceFix
[0299|t+16727ms|ThreadId(2)] [class_dump] bkt → net.minecraft.util.datafix.fixes.DecoratedPotFieldRenameFix
[0300|t+16727ms|ThreadId(2)] [class_dump] bku → net.minecraft.util.datafix.fixes.DropChancesFormatFix
[0301|t+16728ms|ThreadId(2)] [class_dump] bkv → net.minecraft.util.datafix.fixes.DropInvalidSignDataFix
[0302|t+16728ms|ThreadId(2)] [class_dump] bkw → net.minecraft.util.datafix.fixes.DyeItemRenameFix
[0303|t+16728ms|ThreadId(2)] [class_dump] bkx → net.minecraft.util.datafix.fixes.EffectDurationFix
[0304|t+16729ms|ThreadId(2)] [class_dump] bky → net.minecraft.util.datafix.fixes.EmptyItemInHotbarFix
[0305|t+16729ms|ThreadId(2)] [class_dump] bkz → net.minecraft.util.datafix.fixes.EmptyItemInVillagerTradeFix
[0306|t+16729ms|ThreadId(2)] [class_dump] bla → net.minecraft.util.datafix.fixes.EntityArmorStandSilentFix
[0307|t+16730ms|ThreadId(2)] [class_dump] blb → net.minecraft.util.datafix.fixes.EntityAttributeBaseValueFix
[0308|t+16730ms|ThreadId(2)] [class_dump] blc → net.minecraft.util.datafix.fixes.EntityBlockStateFix
[0309|t+16730ms|ThreadId(2)] [class_dump] bld → net.minecraft.util.datafix.fixes.EntityBrushableBlockFieldsRenameFix
[0310|t+16731ms|ThreadId(2)] [class_dump] ble → net.minecraft.util.datafix.fixes.EntityCatSplitFix
[0311|t+16731ms|ThreadId(2)] [class_dump] blf → net.minecraft.util.datafix.fixes.EntityCodSalmonFix
[0312|t+16731ms|ThreadId(2)] [class_dump] blg → net.minecraft.util.datafix.fixes.EntityCustomNameToComponentFix
[0313|t+16732ms|ThreadId(2)] [class_dump] blh → net.minecraft.util.datafix.fixes.EntityElderGuardianSplitFix
[0314|t+16732ms|ThreadId(2)] [class_dump] bli → net.minecraft.util.datafix.fixes.EntityEquipmentToArmorAndHandFix
[0315|t+16732ms|ThreadId(2)] [class_dump] blj → net.minecraft.util.datafix.fixes.EntityFallDistanceFloatToDoubleFix
[0316|t+16733ms|ThreadId(2)] [class_dump] blk → net.minecraft.util.datafix.fixes.EntityFieldsRenameFix
[0317|t+16733ms|ThreadId(2)] [class_dump] bll → net.minecraft.util.datafix.fixes.EntityGoatMissingStateFix
[0318|t+16733ms|ThreadId(2)] [class_dump] blm → net.minecraft.util.datafix.fixes.EntityHealthFix
[0319|t+16733ms|ThreadId(2)] [class_dump] bln → net.minecraft.util.datafix.fixes.EntityHorseSaddleFix
[0320|t+16734ms|ThreadId(2)] [class_dump] blo → net.minecraft.util.datafix.fixes.EntityHorseSplitFix
[0321|t+16734ms|ThreadId(2)] [class_dump] blp → net.minecraft.util.datafix.fixes.EntityIdFix
[0322|t+16734ms|ThreadId(2)] [class_dump] blq → net.minecraft.util.datafix.fixes.EntityItemFrameDirectionFix
[0323|t+16735ms|ThreadId(2)] [class_dump] blr → net.minecraft.util.datafix.fixes.EntityMinecartIdentifiersFix
[0324|t+16735ms|ThreadId(2)] [class_dump] bls → net.minecraft.util.datafix.fixes.EntityPaintingItemFrameDirectionFix
[0325|t+16736ms|ThreadId(2)] [class_dump] blt → net.minecraft.util.datafix.fixes.EntityPaintingMotiveFix
[0326|t+16736ms|ThreadId(2)] [class_dump] blu → net.minecraft.util.datafix.fixes.EntityProjectileOwnerFix
[0327|t+16736ms|ThreadId(2)] [class_dump] blv → net.minecraft.util.datafix.fixes.EntityPufferfishRenameFix
[0328|t+16736ms|ThreadId(2)] [class_dump] blw → net.minecraft.util.datafix.fixes.EntityRavagerRenameFix
[0329|t+16737ms|ThreadId(2)] [class_dump] blx → net.minecraft.util.datafix.fixes.EntityRedundantChanceTagsFix
[0330|t+16737ms|ThreadId(2)] [class_dump] bly → net.minecraft.util.datafix.fixes.EntityRenameFix
[0331|t+16737ms|ThreadId(2)] [class_dump] blz → net.minecraft.util.datafix.fixes.EntityRidingToPassengersFix
[0332|t+16738ms|ThreadId(2)] [class_dump] bma → net.minecraft.util.datafix.fixes.EntitySalmonSizeFix
[0333|t+16738ms|ThreadId(2)] [class_dump] bmb → net.minecraft.util.datafix.fixes.EntityShulkerColorFix
[0334|t+16738ms|ThreadId(2)] [class_dump] bmc → net.minecraft.util.datafix.fixes.EntityShulkerRotationFix
[0335|t+16739ms|ThreadId(2)] [class_dump] bmd → net.minecraft.util.datafix.fixes.EntitySkeletonSplitFix
[0336|t+16739ms|ThreadId(2)] [class_dump] bme → net.minecraft.util.datafix.fixes.EntitySpawnerItemVariantComponentFix
[0337|t+16739ms|ThreadId(2)] [class_dump] bmf → net.minecraft.util.datafix.fixes.EntityStringUuidFix
[0338|t+16739ms|ThreadId(2)] [class_dump] bmg → net.minecraft.util.datafix.fixes.EntityTheRenameningFix
[0339|t+16740ms|ThreadId(2)] [class_dump] bmh → net.minecraft.util.datafix.fixes.EntityTippedArrowFix
[0340|t+16740ms|ThreadId(2)] [class_dump] bmi → net.minecraft.util.datafix.fixes.EntityUUIDFix
[0341|t+16740ms|ThreadId(2)] [class_dump] bmj → net.minecraft.util.datafix.fixes.EntityVariantFix
[0342|t+16741ms|ThreadId(2)] [class_dump] bmk → net.minecraft.util.datafix.fixes.EntityWolfColorFix
[0343|t+16741ms|ThreadId(2)] [class_dump] bml → net.minecraft.util.datafix.fixes.EntityZombieSplitFix
[0344|t+16742ms|ThreadId(2)] [class_dump] bmm → net.minecraft.util.datafix.fixes.EntityZombieVillagerTypeFix
[0345|t+16742ms|ThreadId(2)] [class_dump] bmn → net.minecraft.util.datafix.fixes.EntityZombifiedPiglinRenameFix
[0346|t+16743ms|ThreadId(2)] [class_dump] bmo → net.minecraft.util.datafix.fixes.EquipmentFormatFix
[0347|t+16743ms|ThreadId(2)] [class_dump] bmp → net.minecraft.util.datafix.fixes.EquippableAssetRenameFix
[0348|t+16744ms|ThreadId(2)] [class_dump] bmq → net.minecraft.util.datafix.fixes.FeatureFlagRemoveFix
[0349|t+16744ms|ThreadId(2)] [class_dump] bmr → net.minecraft.util.datafix.fixes.FilteredBooksFix
[0350|t+16745ms|ThreadId(2)] [class_dump] bms → net.minecraft.util.datafix.fixes.FilteredSignsFix
[0351|t+16745ms|ThreadId(2)] [class_dump] bmt → net.minecraft.util.datafix.fixes.FireResistantToDamageResistantComponentFix
[0352|t+16745ms|ThreadId(2)] [class_dump] bmu → net.minecraft.util.datafix.fixes.FixProjectileStoredItem
[0353|t+16746ms|ThreadId(2)] [class_dump] bmv → net.minecraft.util.datafix.fixes.FixWolfHealth
[0354|t+16746ms|ThreadId(2)] [class_dump] bmw → net.minecraft.util.datafix.fixes.FoodToConsumableFix
[0355|t+16746ms|ThreadId(2)] [class_dump] bmx → net.minecraft.util.datafix.fixes.ForcePoiRebuild
[0356|t+16747ms|ThreadId(2)] [class_dump] bmy → net.minecraft.util.datafix.fixes.ForcedChunkToTicketFix
[0357|t+16747ms|ThreadId(2)] [class_dump] bmz → net.minecraft.util.datafix.fixes.FurnaceRecipeFix
[0358|t+16747ms|ThreadId(2)] [class_dump] bna → net.minecraft.util.datafix.fixes.GameRuleRegistryFix
[0359|t+16747ms|ThreadId(2)] [class_dump] bnb → net.minecraft.util.datafix.fixes.GoatHornIdFix
[0360|t+16748ms|ThreadId(2)] [class_dump] bnc → net.minecraft.util.datafix.fixes.GossipUUIDFix
[0361|t+16748ms|ThreadId(2)] [class_dump] bnd → net.minecraft.util.datafix.fixes.HeightmapRenamingFix
[0362|t+16748ms|ThreadId(2)] [class_dump] bne → net.minecraft.util.datafix.fixes.HorseBodyArmorItemFix
[0363|t+16749ms|ThreadId(2)] [class_dump] bnf → net.minecraft.util.datafix.fixes.IglooMetadataRemovalFix
[0364|t+16749ms|ThreadId(2)] [class_dump] bng → net.minecraft.util.datafix.fixes.InlineBlockPosFormatFix
[0365|t+16749ms|ThreadId(2)] [class_dump] bnh → net.minecraft.util.datafix.fixes.InvalidBlockEntityLockFix
[0366|t+16749ms|ThreadId(2)] [class_dump] bni → net.minecraft.util.datafix.fixes.InvalidLockComponentFix
[0367|t+16750ms|ThreadId(2)] [class_dump] bnj → net.minecraft.util.datafix.fixes.ItemBannerColorFix
[0368|t+16750ms|ThreadId(2)] [class_dump] bnk → net.minecraft.util.datafix.fixes.ItemCustomNameToComponentFix
[0369|t+16751ms|ThreadId(2)] [class_dump] bnl → net.minecraft.util.datafix.fixes.ItemIdFix
[0370|t+16751ms|ThreadId(2)] [class_dump] bnm → net.minecraft.util.datafix.fixes.ItemLoreFix
[0371|t+16751ms|ThreadId(2)] [class_dump] bnn → net.minecraft.util.datafix.fixes.ItemPotionFix
[0372|t+16752ms|ThreadId(2)] [class_dump] bno → net.minecraft.util.datafix.fixes.ItemRenameFix
[0373|t+16752ms|ThreadId(2)] [class_dump] bnp → net.minecraft.util.datafix.fixes.ItemShulkerBoxColorFix
[0374|t+16752ms|ThreadId(2)] [class_dump] bnq → net.minecraft.util.datafix.fixes.ItemSpawnEggFix
[0375|t+16753ms|ThreadId(2)] [class_dump] bnr → net.minecraft.util.datafix.fixes.ItemStackComponentizationFix
[0376|t+16753ms|ThreadId(2)] [class_dump] bns → net.minecraft.util.datafix.fixes.ItemStackCustomNameToOverrideComponentFix
[0377|t+16753ms|ThreadId(2)] [class_dump] bnt → net.minecraft.util.datafix.fixes.ItemStackEnchantmentNamesFix
[0378|t+16754ms|ThreadId(2)] [class_dump] bnu → net.minecraft.util.datafix.fixes.ItemStackMapIdFix
[0379|t+16754ms|ThreadId(2)] [class_dump] bnv → net.minecraft.util.datafix.fixes.ItemStackSpawnEggFix
[0380|t+16754ms|ThreadId(2)] [class_dump] bnw → net.minecraft.util.datafix.fixes.ItemStackTagFix
[0381|t+16755ms|ThreadId(2)] [class_dump] bnx → net.minecraft.util.datafix.fixes.ItemStackTagRemainderFix
[0382|t+16755ms|ThreadId(2)] [class_dump] bny → net.minecraft.util.datafix.fixes.ItemStackTheFlatteningFix
[0383|t+16755ms|ThreadId(2)] [class_dump] bnz → net.minecraft.util.datafix.fixes.ItemStackUUIDFix
[0384|t+16755ms|ThreadId(2)] [class_dump] boa → net.minecraft.util.datafix.fixes.ItemWaterPotionFix
[0385|t+16756ms|ThreadId(2)] [class_dump] bob → net.minecraft.util.datafix.fixes.JigsawPropertiesFix
[0386|t+16756ms|ThreadId(2)] [class_dump] boc → net.minecraft.util.datafix.fixes.JigsawRotationFix
[0387|t+16756ms|ThreadId(2)] [class_dump] bod → net.minecraft.util.datafix.fixes.JukeboxTicksSinceSongStartedFix
[0388|t+16757ms|ThreadId(2)] [class_dump] boe → net.minecraft.util.datafix.fixes.LeavesFix
[0389|t+16757ms|ThreadId(2)] [class_dump] bof → net.minecraft.util.datafix.fixes.LegacyDimensionIdFix
[0390|t+16757ms|ThreadId(2)] [class_dump] bog → net.minecraft.util.datafix.fixes.LegacyDragonFightFix
[0391|t+16758ms|ThreadId(2)] [class_dump] boh → net.minecraft.util.datafix.fixes.LegacyHoverEventFix
[0392|t+16758ms|ThreadId(2)] [class_dump] boi → net.minecraft.util.datafix.fixes.LegacyWorldBorderFix
[0393|t+16758ms|ThreadId(2)] [class_dump] boj → net.minecraft.util.datafix.fixes.LevelDataGeneratorOptionsFix
[0394|t+16759ms|ThreadId(2)] [class_dump] bok → net.minecraft.util.datafix.fixes.LevelFlatGeneratorInfoFix
[0395|t+16759ms|ThreadId(2)] [class_dump] bol → net.minecraft.util.datafix.fixes.LevelLegacyWorldGenSettingsFix
[0396|t+16759ms|ThreadId(2)] [class_dump] bom → net.minecraft.util.datafix.fixes.LevelUUIDFix
[0397|t+16759ms|ThreadId(2)] [class_dump] bon → net.minecraft.util.datafix.fixes.LockComponentPredicateFix
[0398|t+16760ms|ThreadId(2)] [class_dump] boo → net.minecraft.util.datafix.fixes.LodestoneCompassComponentFix
[0399|t+16760ms|ThreadId(2)] [class_dump] bop → net.minecraft.util.datafix.fixes.MapBannerBlockPosFormatFix
[0400|t+16760ms|ThreadId(2)] [class_dump] boq → net.minecraft.util.datafix.fixes.MapIdFix
[0401|t+16761ms|ThreadId(2)] [class_dump] bor → net.minecraft.util.datafix.fixes.MemoryExpiryDataFix
[0402|t+16762ms|ThreadId(2)] [class_dump] bos → net.minecraft.util.datafix.fixes.MissingDimensionFix
[0403|t+16762ms|ThreadId(2)] [class_dump] bot → net.minecraft.util.datafix.fixes.MobEffectIdFix
[0404|t+16762ms|ThreadId(2)] [class_dump] bou → net.minecraft.util.datafix.fixes.MobSpawnerEntityIdentifiersFix
[0405|t+16763ms|ThreadId(2)] [class_dump] bov → net.minecraft.util.datafix.fixes.NamedEntityConvertUncheckedFix
[0406|t+16763ms|ThreadId(2)] [class_dump] bow → net.minecraft.util.datafix.fixes.NamedEntityFix
[0407|t+16763ms|ThreadId(2)] [class_dump] box → net.minecraft.util.datafix.fixes.NamedEntityWriteReadFix
[0408|t+16763ms|ThreadId(2)] [class_dump] boy → net.minecraft.util.datafix.fixes.NamespacedTypeRenameFix
[0409|t+16764ms|ThreadId(2)] [class_dump] boz → net.minecraft.util.datafix.fixes.NewVillageFix
[0410|t+16764ms|ThreadId(2)] [class_dump] bpa → net.minecraft.util.datafix.fixes.ObjectiveRenderTypeFix
[0411|t+16764ms|ThreadId(2)] [class_dump] bpb → net.minecraft.util.datafix.fixes.OminousBannerBlockEntityRenameFix
[0412|t+16764ms|ThreadId(2)] [class_dump] bpc → net.minecraft.util.datafix.fixes.OminousBannerRarityFix
[0413|t+16765ms|ThreadId(2)] [class_dump] bpd → net.minecraft.util.datafix.fixes.OminousBannerRenameFix
[0414|t+16765ms|ThreadId(2)] [class_dump] bpe → net.minecraft.util.datafix.fixes.OptionsAccessibilityOnboardFix
[0415|t+16765ms|ThreadId(2)] [class_dump] bpf → net.minecraft.util.datafix.fixes.OptionsAddTextBackgroundFix
[0416|t+16765ms|ThreadId(2)] [class_dump] bpg → net.minecraft.util.datafix.fixes.OptionsAmbientOcclusionFix
[0417|t+16766ms|ThreadId(2)] [class_dump] bph → net.minecraft.util.datafix.fixes.OptionsFancyGraphicsToGraphicsModeFix
[0418|t+16766ms|ThreadId(2)] [class_dump] bpi → net.minecraft.util.datafix.fixes.OptionsForceVBOFix
[0419|t+16766ms|ThreadId(2)] [class_dump] bpj → net.minecraft.util.datafix.fixes.OptionsGraphicsModeSplitFix
[0420|t+16766ms|ThreadId(2)] [class_dump] bpk → net.minecraft.util.datafix.fixes.OptionsKeyLwjgl3Fix
[0421|t+16767ms|ThreadId(2)] [class_dump] bpl → net.minecraft.util.datafix.fixes.OptionsKeyTranslationFix
[0422|t+16767ms|ThreadId(2)] [class_dump] bpm → net.minecraft.util.datafix.fixes.OptionsLowerCaseLanguageFix
[0423|t+16767ms|ThreadId(2)] [class_dump] bpn → net.minecraft.util.datafix.fixes.OptionsMenuBlurrinessFix
[0424|t+16767ms|ThreadId(2)] [class_dump] bpo → net.minecraft.util.datafix.fixes.OptionsMusicToastFix
[0425|t+16767ms|ThreadId(2)] [class_dump] bpp → net.minecraft.util.datafix.fixes.OptionsProgrammerArtFix
[0426|t+16768ms|ThreadId(2)] [class_dump] bpq → net.minecraft.util.datafix.fixes.OptionsRenameFieldFix
[0427|t+16768ms|ThreadId(2)] [class_dump] bpr → net.minecraft.util.datafix.fixes.OptionsSetGraphicsPresetToCustomFix
[0428|t+16769ms|ThreadId(2)] [class_dump] bps → net.minecraft.util.datafix.fixes.OverreachingTickFix
[0429|t+16769ms|ThreadId(2)] [class_dump] bpt → net.minecraft.util.datafix.fixes.ParticleUnflatteningFix
[0430|t+16769ms|ThreadId(2)] [class_dump] bpu → net.minecraft.util.datafix.fixes.PlayerEquipmentFix
[0431|t+16769ms|ThreadId(2)] [class_dump] bpv → net.minecraft.util.datafix.fixes.PlayerHeadBlockProfileFix
[0432|t+16770ms|ThreadId(2)] [class_dump] bpw → net.minecraft.util.datafix.fixes.PlayerRespawnDataFix
[0433|t+16770ms|ThreadId(2)] [class_dump] bpx → net.minecraft.util.datafix.fixes.PlayerUUIDFix
[0434|t+16770ms|ThreadId(2)] [class_dump] bpy → net.minecraft.util.datafix.fixes.PoiTypeRemoveFix
[0435|t+16770ms|ThreadId(2)] [class_dump] bpz → net.minecraft.util.datafix.fixes.PoiTypeRenameFix
[0436|t+16771ms|ThreadId(2)] [class_dump] bqa → net.minecraft.util.datafix.fixes.PrimedTntBlockStateFixer
[0437|t+16771ms|ThreadId(2)] [class_dump] bqb → net.minecraft.util.datafix.fixes.ProjectileStoredWeaponFix
[0438|t+16771ms|ThreadId(2)] [class_dump] bqc → net.minecraft.util.datafix.fixes.RaidRenamesDataFix
[0439|t+16771ms|ThreadId(2)] [class_dump] bqd → net.minecraft.util.datafix.fixes.RandomSequenceSettingsFix
[0440|t+16772ms|ThreadId(2)] [class_dump] bqe → net.minecraft.util.datafix.fixes.RecipesFix
[0441|t+16772ms|ThreadId(2)] [class_dump] bqf → net.minecraft.util.datafix.fixes.RecipesRenameningFix
[0442|t+16772ms|ThreadId(2)] [class_dump] bqg → net.minecraft.util.datafix.fixes.RedstoneWireConnectionsFix
[0443|t+16773ms|ThreadId(2)] [class_dump] bqh → net.minecraft.util.datafix.fixes.References
[0444|t+16773ms|ThreadId(2)] [class_dump] bqi → net.minecraft.util.datafix.fixes.RemapChunkStatusFix
[0445|t+16773ms|ThreadId(2)] [class_dump] bqj → net.minecraft.util.datafix.fixes.RemoveBlockEntityTagFix
[0446|t+16773ms|ThreadId(2)] [class_dump] bqk → net.minecraft.util.datafix.fixes.RemoveEmptyItemInBrushableBlockFix
[0447|t+16774ms|ThreadId(2)] [class_dump] bql → net.minecraft.util.datafix.fixes.RemoveGolemGossipFix
[0448|t+16774ms|ThreadId(2)] [class_dump] bqm → net.minecraft.util.datafix.fixes.RenameEnchantmentsFix
[0449|t+16774ms|ThreadId(2)] [class_dump] bqn → net.minecraft.util.datafix.fixes.RenamedCoralFansFix
[0450|t+16775ms|ThreadId(2)] [class_dump] bqo → net.minecraft.util.datafix.fixes.RenamedCoralFix
[0451|t+16775ms|ThreadId(2)] [class_dump] bqp → net.minecraft.util.datafix.fixes.ReorganizePoi
[0452|t+16775ms|ThreadId(2)] [class_dump] bqq → net.minecraft.util.datafix.fixes.SaddleEquipmentSlotFix
[0453|t+16775ms|ThreadId(2)] [class_dump] bqr → net.minecraft.util.datafix.fixes.SavedDataFeaturePoolElementFix
[0454|t+16776ms|ThreadId(2)] [class_dump] bqs → net.minecraft.util.datafix.fixes.SavedDataUUIDFix
[0455|t+16776ms|ThreadId(2)] [class_dump] bqt → net.minecraft.util.datafix.fixes.ScoreboardDisplayNameFix
[0456|t+16776ms|ThreadId(2)] [class_dump] bqu → net.minecraft.util.datafix.fixes.ScoreboardDisplaySlotFix
[0457|t+16777ms|ThreadId(2)] [class_dump] bqv → net.minecraft.util.datafix.fixes.SignTextStrictJsonFix
[0458|t+16777ms|ThreadId(2)] [class_dump] bqw → net.minecraft.util.datafix.fixes.SimpleEntityRenameFix
[0459|t+16777ms|ThreadId(2)] [class_dump] bqx → net.minecraft.util.datafix.fixes.SimplestEntityRenameFix
[0460|t+16777ms|ThreadId(2)] [class_dump] bqy → net.minecraft.util.datafix.fixes.SpawnerDataFix
[0461|t+16778ms|ThreadId(2)] [class_dump] bqz → net.minecraft.util.datafix.fixes.StatsCounterFix
[0462|t+16778ms|ThreadId(2)] [class_dump] bra → net.minecraft.util.datafix.fixes.StatsRenameFix
[0463|t+16778ms|ThreadId(2)] [class_dump] brb → net.minecraft.util.datafix.fixes.StriderGravityFix
[0464|t+16779ms|ThreadId(2)] [class_dump] brc → net.minecraft.util.datafix.fixes.StructureReferenceCountFix
[0465|t+16779ms|ThreadId(2)] [class_dump] brd → net.minecraft.util.datafix.fixes.StructureSettingsFlattenFix
[0466|t+16779ms|ThreadId(2)] [class_dump] bre → net.minecraft.util.datafix.fixes.StructuresBecomeConfiguredFix
[0467|t+16779ms|ThreadId(2)] [class_dump] brf → net.minecraft.util.datafix.fixes.TextComponentHoverAndClickEventFix
[0468|t+16780ms|ThreadId(2)] [class_dump] brg → net.minecraft.util.datafix.fixes.TextComponentStringifiedFlagsFix
[0469|t+16780ms|ThreadId(2)] [class_dump] brh → net.minecraft.util.datafix.fixes.ThrownPotionSplitFix
[0470|t+16780ms|ThreadId(2)] [class_dump] bri → net.minecraft.util.datafix.fixes.TippedArrowPotionToItemFix
[0471|t+16781ms|ThreadId(2)] [class_dump] brj → net.minecraft.util.datafix.fixes.TooltipDisplayComponentFix
[0472|t+16781ms|ThreadId(2)] [class_dump] brk → net.minecraft.util.datafix.fixes.TrappedChestBlockEntityFix
[0473|t+16781ms|ThreadId(2)] [class_dump] brl → net.minecraft.util.datafix.fixes.TrialSpawnerConfigFix
[0474|t+16781ms|ThreadId(2)] [class_dump] brm → net.minecraft.util.datafix.fixes.TrialSpawnerConfigInRegistryFix
[0475|t+16782ms|ThreadId(2)] [class_dump] brn → net.minecraft.util.datafix.fixes.TridentAnimationFix
[0476|t+16782ms|ThreadId(2)] [class_dump] bro → net.minecraft.util.datafix.fixes.UnflattenTextComponentFix
[0477|t+16782ms|ThreadId(2)] [class_dump] brp → net.minecraft.util.datafix.fixes.VariantRenameFix
[0478|t+16783ms|ThreadId(2)] [class_dump] brq → net.minecraft.util.datafix.fixes.VillagerDataFix
[0479|t+16783ms|ThreadId(2)] [class_dump] brr → net.minecraft.util.datafix.fixes.VillagerFollowRangeFix
[0480|t+16783ms|ThreadId(2)] [class_dump] brs → net.minecraft.util.datafix.fixes.VillagerRebuildLevelAndXpFix
[0481|t+16783ms|ThreadId(2)] [class_dump] brt → net.minecraft.util.datafix.fixes.VillagerSetCanPickUpLootFix
[0482|t+16784ms|ThreadId(2)] [class_dump] bru → net.minecraft.util.datafix.fixes.VillagerTradeFix
[0483|t+16784ms|ThreadId(2)] [class_dump] brv → net.minecraft.util.datafix.fixes.WallPropertyFix
[0484|t+16784ms|ThreadId(2)] [class_dump] brw → net.minecraft.util.datafix.fixes.WeaponSmithChestLootTableFix
[0485|t+16785ms|ThreadId(2)] [class_dump] brx → net.minecraft.util.datafix.fixes.WorldBorderWarningTimeFix
[0486|t+16785ms|ThreadId(2)] [class_dump] bry → net.minecraft.util.datafix.fixes.WorldGenSettingsDisallowOldCustomWorldsFix
[0487|t+16785ms|ThreadId(2)] [class_dump] brz → net.minecraft.util.datafix.fixes.WorldGenSettingsFix
[0488|t+16786ms|ThreadId(2)] [class_dump] bsa → net.minecraft.util.datafix.fixes.WorldGenSettingsHeightAndBiomeFix
[0489|t+16786ms|ThreadId(2)] [class_dump] bsb → net.minecraft.util.datafix.fixes.WorldSpawnDataFix
[0490|t+16787ms|ThreadId(2)] [class_dump] bsc → net.minecraft.util.datafix.fixes.WriteAndReadFix
[0491|t+16787ms|ThreadId(2)] [class_dump] bsd → net.minecraft.util.datafix.fixes.WrittenBookPagesStrictJsonFix
[0492|t+16787ms|ThreadId(2)] [class_dump] bse → net.minecraft.util.datafix.fixes.ZombieVillagerRebuildXpFix
[0493|t+16788ms|ThreadId(2)] [class_dump] bsh → net.minecraft.util.datafix.schemas.NamespacedSchema
[0494|t+16788ms|ThreadId(2)] [class_dump] bsi → net.minecraft.util.datafix.schemas.V100
[0495|t+16788ms|ThreadId(2)] [class_dump] bsj → net.minecraft.util.datafix.schemas.V102
[0496|t+16789ms|ThreadId(2)] [class_dump] bsk → net.minecraft.util.datafix.schemas.V1022
[0497|t+16789ms|ThreadId(2)] [class_dump] bsl → net.minecraft.util.datafix.schemas.V106
[0498|t+16789ms|ThreadId(2)] [class_dump] bsm → net.minecraft.util.datafix.schemas.V107
[0499|t+16790ms|ThreadId(2)] [class_dump] bsn → net.minecraft.util.datafix.schemas.V1125
[0500|t+16790ms|ThreadId(2)] [class_dump] bso → net.minecraft.util.datafix.schemas.V135
[0501|t+16790ms|ThreadId(2)] [class_dump] bsp → net.minecraft.util.datafix.schemas.V143
[0502|t+16790ms|ThreadId(2)] [class_dump] bsq → net.minecraft.util.datafix.schemas.V1451
[0503|t+16791ms|ThreadId(2)] [class_dump] bsr → net.minecraft.util.datafix.schemas.V1451_1
[0504|t+16791ms|ThreadId(2)] [class_dump] bss → net.minecraft.util.datafix.schemas.V1451_2
[0505|t+16791ms|ThreadId(2)] [class_dump] bst → net.minecraft.util.datafix.schemas.V1451_3
[0506|t+16792ms|ThreadId(2)] [class_dump] bsu → net.minecraft.util.datafix.schemas.V1451_4
[0507|t+16792ms|ThreadId(2)] [class_dump] bsv → net.minecraft.util.datafix.schemas.V1451_5
[0508|t+16792ms|ThreadId(2)] [class_dump] bsw → net.minecraft.util.datafix.schemas.V1451_6
[0509|t+16793ms|ThreadId(2)] [class_dump] bsx → net.minecraft.util.datafix.schemas.V1458
[0510|t+16793ms|ThreadId(2)] [class_dump] bsy → net.minecraft.util.datafix.schemas.V1460
[0511|t+16793ms|ThreadId(2)] [class_dump] bsz → net.minecraft.util.datafix.schemas.V1466
[0512|t+16794ms|ThreadId(2)] [class_dump] bta → net.minecraft.util.datafix.schemas.V1470
[0513|t+16794ms|ThreadId(2)] [class_dump] btb → net.minecraft.util.datafix.schemas.V1481
[0514|t+16794ms|ThreadId(2)] [class_dump] btc → net.minecraft.util.datafix.schemas.V1483
[0515|t+16795ms|ThreadId(2)] [class_dump] btd → net.minecraft.util.datafix.schemas.V1486
[0516|t+16795ms|ThreadId(2)] [class_dump] bte → net.minecraft.util.datafix.schemas.V1488
[0517|t+16795ms|ThreadId(2)] [class_dump] btf → net.minecraft.util.datafix.schemas.V1510
[0518|t+16796ms|ThreadId(2)] [class_dump] btg → net.minecraft.util.datafix.schemas.V1800
[0519|t+16796ms|ThreadId(2)] [class_dump] bth → net.minecraft.util.datafix.schemas.V1801
[0520|t+16797ms|ThreadId(2)] [class_dump] bti → net.minecraft.util.datafix.schemas.V1904
[0521|t+16797ms|ThreadId(2)] [class_dump] btj → net.minecraft.util.datafix.schemas.V1906
[0522|t+16797ms|ThreadId(2)] [class_dump] btk → net.minecraft.util.datafix.schemas.V1909
[0523|t+16798ms|ThreadId(2)] [class_dump] btl → net.minecraft.util.datafix.schemas.V1920
[0524|t+16798ms|ThreadId(2)] [class_dump] btm → net.minecraft.util.datafix.schemas.V1928
[0525|t+16798ms|ThreadId(2)] [class_dump] btn → net.minecraft.util.datafix.schemas.V1929
[0526|t+16799ms|ThreadId(2)] [class_dump] bto → net.minecraft.util.datafix.schemas.V1931
[0527|t+16799ms|ThreadId(2)] [class_dump] btp → net.minecraft.util.datafix.schemas.V2100
[0528|t+16799ms|ThreadId(2)] [class_dump] btq → net.minecraft.util.datafix.schemas.V2501
[0529|t+16800ms|ThreadId(2)] [class_dump] btr → net.minecraft.util.datafix.schemas.V2502
[0530|t+16800ms|ThreadId(2)] [class_dump] bts → net.minecraft.util.datafix.schemas.V2505
[0531|t+16801ms|ThreadId(2)] [class_dump] btt → net.minecraft.util.datafix.schemas.V2509
[0532|t+16801ms|ThreadId(2)] [class_dump] btu → net.minecraft.util.datafix.schemas.V2511_1
[0533|t+16802ms|ThreadId(2)] [class_dump] btv → net.minecraft.util.datafix.schemas.V2519
[0534|t+16802ms|ThreadId(2)] [class_dump] btw → net.minecraft.util.datafix.schemas.V2522
[0535|t+16802ms|ThreadId(2)] [class_dump] btx → net.minecraft.util.datafix.schemas.V2551
[0536|t+16803ms|ThreadId(2)] [class_dump] bty → net.minecraft.util.datafix.schemas.V2568
[0537|t+16803ms|ThreadId(2)] [class_dump] btz → net.minecraft.util.datafix.schemas.V2571
[0538|t+16803ms|ThreadId(2)] [class_dump] bu → net.minecraft.advancements.criterion.EntitySubPredicates
[0539|t+16804ms|ThreadId(2)] [class_dump] bua → net.minecraft.util.datafix.schemas.V2684
[0540|t+16804ms|ThreadId(2)] [class_dump] bub → net.minecraft.util.datafix.schemas.V2686
[0541|t+16804ms|ThreadId(2)] [class_dump] buc → net.minecraft.util.datafix.schemas.V2688
[0542|t+16805ms|ThreadId(2)] [class_dump] bud → net.minecraft.util.datafix.schemas.V2704
[0543|t+16805ms|ThreadId(2)] [class_dump] bue → net.minecraft.util.datafix.schemas.V2707
[0544|t+16805ms|ThreadId(2)] [class_dump] buf → net.minecraft.util.datafix.schemas.V2831
[0545|t+16806ms|ThreadId(2)] [class_dump] bug → net.minecraft.util.datafix.schemas.V2832
[0546|t+16806ms|ThreadId(2)] [class_dump] buh → net.minecraft.util.datafix.schemas.V2842
[0547|t+16806ms|ThreadId(2)] [class_dump] bui → net.minecraft.util.datafix.schemas.V3076
[0548|t+16806ms|ThreadId(2)] [class_dump] buj → net.minecraft.util.datafix.schemas.V3078
[0549|t+16807ms|ThreadId(2)] [class_dump] buk → net.minecraft.util.datafix.schemas.V3081
[0550|t+16807ms|ThreadId(2)] [class_dump] bul → net.minecraft.util.datafix.schemas.V3082
[0551|t+16807ms|ThreadId(2)] [class_dump] bum → net.minecraft.util.datafix.schemas.V3083
[0552|t+16808ms|ThreadId(2)] [class_dump] bun → net.minecraft.util.datafix.schemas.V3202
[0553|t+16808ms|ThreadId(2)] [class_dump] buo → net.minecraft.util.datafix.schemas.V3203
[0554|t+16808ms|ThreadId(2)] [class_dump] bup → net.minecraft.util.datafix.schemas.V3204
[0555|t+16808ms|ThreadId(2)] [class_dump] buq → net.minecraft.util.datafix.schemas.V3325
[0556|t+16809ms|ThreadId(2)] [class_dump] bur → net.minecraft.util.datafix.schemas.V3326
[0557|t+16809ms|ThreadId(2)] [class_dump] bus → net.minecraft.util.datafix.schemas.V3327
[0558|t+16809ms|ThreadId(2)] [class_dump] but → net.minecraft.util.datafix.schemas.V3328
[0559|t+16810ms|ThreadId(2)] [class_dump] buu → net.minecraft.util.datafix.schemas.V3438
[0560|t+16810ms|ThreadId(2)] [class_dump] buv → net.minecraft.util.datafix.schemas.V3439
[0561|t+16810ms|ThreadId(2)] [class_dump] buw → net.minecraft.util.datafix.schemas.V3439_1
[0562|t+16811ms|ThreadId(2)] [class_dump] bux → net.minecraft.util.datafix.schemas.V3448
[0563|t+16811ms|ThreadId(2)] [class_dump] buy → net.minecraft.util.datafix.schemas.V3682
[0564|t+16811ms|ThreadId(2)] [class_dump] buz → net.minecraft.util.datafix.schemas.V3683
[0565|t+16812ms|ThreadId(2)] [class_dump] bva → net.minecraft.util.datafix.schemas.V3685
[0566|t+16812ms|ThreadId(2)] [class_dump] bvb → net.minecraft.util.datafix.schemas.V3689
[0567|t+16812ms|ThreadId(2)] [class_dump] bvc → net.minecraft.util.datafix.schemas.V3799
[0568|t+16813ms|ThreadId(2)] [class_dump] bvd → net.minecraft.util.datafix.schemas.V3807
[0569|t+16813ms|ThreadId(2)] [class_dump] bve → net.minecraft.util.datafix.schemas.V3808
[0570|t+16813ms|ThreadId(2)] [class_dump] bvf → net.minecraft.util.datafix.schemas.V3808_1
[0571|t+16813ms|ThreadId(2)] [class_dump] bvg → net.minecraft.util.datafix.schemas.V3808_2
[0572|t+16814ms|ThreadId(2)] [class_dump] bvh → net.minecraft.util.datafix.schemas.V3813
[0573|t+16814ms|ThreadId(2)] [class_dump] bvi → net.minecraft.util.datafix.schemas.V3816
[0574|t+16814ms|ThreadId(2)] [class_dump] bvj → net.minecraft.util.datafix.schemas.V3818
[0575|t+16815ms|ThreadId(2)] [class_dump] bvk → net.minecraft.util.datafix.schemas.V3818_3
[0576|t+16815ms|ThreadId(2)] [class_dump] bvl → net.minecraft.util.datafix.schemas.V3818_4
[0577|t+16815ms|ThreadId(2)] [class_dump] bvm → net.minecraft.util.datafix.schemas.V3818_5
[0578|t+16815ms|ThreadId(2)] [class_dump] bvn → net.minecraft.util.datafix.schemas.V3825
[0579|t+16816ms|ThreadId(2)] [class_dump] bvo → net.minecraft.util.datafix.schemas.V3938
[0580|t+16816ms|ThreadId(2)] [class_dump] bvp → net.minecraft.util.datafix.schemas.V4059
[0581|t+16817ms|ThreadId(2)] [class_dump] bvq → net.minecraft.util.datafix.schemas.V4067
[0582|t+16817ms|ThreadId(2)] [class_dump] bvr → net.minecraft.util.datafix.schemas.V4070
[0583|t+16817ms|ThreadId(2)] [class_dump] bvs → net.minecraft.util.datafix.schemas.V4071
[0584|t+16818ms|ThreadId(2)] [class_dump] bvt → net.minecraft.util.datafix.schemas.V4290
[0585|t+16818ms|ThreadId(2)] [class_dump] bvu → net.minecraft.util.datafix.schemas.V4292
[0586|t+16818ms|ThreadId(2)] [class_dump] bvv → net.minecraft.util.datafix.schemas.V4300
[0587|t+16819ms|ThreadId(2)] [class_dump] bvw → net.minecraft.util.datafix.schemas.V4301
[0588|t+16819ms|ThreadId(2)] [class_dump] bvx → net.minecraft.util.datafix.schemas.V4302
[0589|t+16819ms|ThreadId(2)] [class_dump] bvy → net.minecraft.util.datafix.schemas.V4306
[0590|t+16820ms|ThreadId(2)] [class_dump] bvz → net.minecraft.util.datafix.schemas.V4307
[0591|t+16820ms|ThreadId(2)] [class_dump] bwa → net.minecraft.util.datafix.schemas.V4312
[0592|t+16820ms|ThreadId(2)] [class_dump] bwb → net.minecraft.util.datafix.schemas.V4420
[0593|t+16821ms|ThreadId(2)] [class_dump] bwc → net.minecraft.util.datafix.schemas.V4421
[0594|t+16821ms|ThreadId(2)] [class_dump] bwd → net.minecraft.util.datafix.schemas.V4531
[0595|t+16822ms|ThreadId(2)] [class_dump] bwe → net.minecraft.util.datafix.schemas.V4532
[0596|t+16822ms|ThreadId(2)] [class_dump] bwf → net.minecraft.util.datafix.schemas.V4533
[0597|t+16822ms|ThreadId(2)] [class_dump] bwg → net.minecraft.util.datafix.schemas.V4543
[0598|t+16823ms|ThreadId(2)] [class_dump] bwh → net.minecraft.util.datafix.schemas.V4648
[0599|t+16823ms|ThreadId(2)] [class_dump] bwi → net.minecraft.util.datafix.schemas.V4656
[0600|t+16823ms|ThreadId(2)] [class_dump] bwj → net.minecraft.util.datafix.schemas.V501
[0601|t+16823ms|ThreadId(2)] [class_dump] bwk → net.minecraft.util.datafix.schemas.V700
[0602|t+16824ms|ThreadId(2)] [class_dump] bwl → net.minecraft.util.datafix.schemas.V701
[0603|t+16824ms|ThreadId(2)] [class_dump] bwm → net.minecraft.util.datafix.schemas.V702
[0604|t+16824ms|ThreadId(2)] [class_dump] bwn → net.minecraft.util.datafix.schemas.V703
[0605|t+16825ms|ThreadId(2)] [class_dump] bwo → net.minecraft.util.datafix.schemas.V704
[0606|t+16825ms|ThreadId(2)] [class_dump] bwp → net.minecraft.util.datafix.schemas.V705
[0607|t+16825ms|ThreadId(2)] [class_dump] bwq → net.minecraft.util.datafix.schemas.V808
[0608|t+16826ms|ThreadId(2)] [class_dump] bwr → net.minecraft.util.datafix.schemas.V99
[0609|t+16826ms|ThreadId(2)] [class_dump] bxe → net.minecraft.util.debug.DebugSubscription
[0610|t+16826ms|ThreadId(2)] [class_dump] bxf → net.minecraft.util.debug.DebugSubscriptions
[0611|t+16827ms|ThreadId(2)] [class_dump] bxh → net.minecraft.util.debug.DebugValueSource
[0612|t+16827ms|ThreadId(2)] [class_dump] bxm → net.minecraft.util.debugchart.AbstractSampleLogger
[0613|t+16827ms|ThreadId(2)] [class_dump] bxn → net.minecraft.util.debugchart.LocalSampleLogger
[0614|t+16828ms|ThreadId(2)] [class_dump] bxo → net.minecraft.util.debugchart.RemoteDebugSampleType
[0615|t+16828ms|ThreadId(2)] [class_dump] bxq → net.minecraft.util.debugchart.SampleLogger
[0616|t+16828ms|ThreadId(2)] [class_dump] bxr → net.minecraft.util.debugchart.SampleStorage
[0617|t+16828ms|ThreadId(2)] [class_dump] byc → net.minecraft.util.parsing.packrat.Atom
[0618|t+16829ms|ThreadId(2)] [class_dump] byf → net.minecraft.util.parsing.packrat.DelayedException
[0619|t+16829ms|ThreadId(2)] [class_dump] byg → net.minecraft.util.parsing.packrat.Dictionary
[0620|t+16829ms|ThreadId(2)] [class_dump] byh → net.minecraft.util.parsing.packrat.ErrorCollector
[0621|t+16829ms|ThreadId(2)] [class_dump] byj → net.minecraft.util.parsing.packrat.NamedRule
[0622|t+16830ms|ThreadId(2)] [class_dump] byk → net.minecraft.util.parsing.packrat.ParseState
[0623|t+16831ms|ThreadId(2)] [class_dump] byl → net.minecraft.util.parsing.packrat.Rule
[0624|t+16831ms|ThreadId(2)] [class_dump] bym → net.minecraft.util.parsing.packrat.Scope
[0625|t+16831ms|ThreadId(2)] [class_dump] byn → net.minecraft.util.parsing.packrat.SuggestionSupplier
[0626|t+16831ms|ThreadId(2)] [class_dump] byo → net.minecraft.util.parsing.packrat.Term
[0627|t+16832ms|ThreadId(2)] [class_dump] byp → net.minecraft.util.parsing.packrat.commands.CommandArgumentParser
[0628|t+16832ms|ThreadId(2)] [class_dump] byq → net.minecraft.util.parsing.packrat.commands.Grammar
[0629|t+16832ms|ThreadId(2)] [class_dump] byr → net.minecraft.util.parsing.packrat.commands.GreedyPatternParseRule
[0630|t+16833ms|ThreadId(2)] [class_dump] bys → net.minecraft.util.parsing.packrat.commands.GreedyPredicateParseRule
[0631|t+16833ms|ThreadId(2)] [class_dump] byu → net.minecraft.util.parsing.packrat.commands.NumberRunParseRule
[0632|t+16833ms|ThreadId(2)] [class_dump] byz → net.minecraft.util.parsing.packrat.commands.StringReaderTerms
[0633|t+16834ms|ThreadId(2)] [class_dump] bzb → net.minecraft.util.parsing.packrat.commands.UnquotedStringParseRule
[0634|t+16834ms|ThreadId(2)] [class_dump] bzm → net.minecraft.util.profiling.ProfilerFiller
[0635|t+16834ms|ThreadId(2)] [class_dump] caz → net.minecraft.util.profiling.metrics.MetricsSamplerProvider
[0636|t+16835ms|ThreadId(2)] [class_dump] cba → net.minecraft.util.profiling.metrics.ProfilerMeasured
[0637|t+16835ms|ThreadId(2)] [class_dump] cbe → net.minecraft.util.profiling.metrics.profiling.MetricsRecorder
[0638|t+16835ms|ThreadId(2)] [class_dump] cbr → net.minecraft.util.thread.BlockableEventLoop
[0639|t+16836ms|ThreadId(2)] [class_dump] cbv → net.minecraft.util.thread.ReentrantBlockableEventLoop
[0640|t+16836ms|ThreadId(2)] [class_dump] cbx → net.minecraft.util.thread.TaskScheduler
[0641|t+16836ms|ThreadId(2)] [class_dump] cbz → net.minecraft.util.valueproviders.BiasedToBottomInt
[0642|t+16837ms|ThreadId(2)] [class_dump] ccb → net.minecraft.util.valueproviders.ClampedNormalFloat
[0643|t+16837ms|ThreadId(2)] [class_dump] cce → net.minecraft.util.valueproviders.ConstantInt
[0644|t+16837ms|ThreadId(2)] [class_dump] ccf → net.minecraft.util.valueproviders.FloatProvider
[0645|t+16838ms|ThreadId(2)] [class_dump] cch → net.minecraft.util.valueproviders.IntProvider
[0646|t+16838ms|ThreadId(2)] [class_dump] cci → net.minecraft.util.valueproviders.IntProviderType
[0647|t+16838ms|ThreadId(2)] [class_dump] cck → net.minecraft.util.valueproviders.SampledFloat
[0648|t+16839ms|ThreadId(2)] [class_dump] ccm → net.minecraft.util.valueproviders.UniformFloat
[0649|t+16839ms|ThreadId(2)] [class_dump] ccn → net.minecraft.util.valueproviders.UniformInt
[0650|t+16839ms|ThreadId(2)] [class_dump] cco → net.minecraft.util.valueproviders.WeightedListInt
[0651|t+16839ms|ThreadId(2)] [class_dump] cct → net.minecraft.world.Clearable
[0652|t+16840ms|ThreadId(2)] [class_dump] ccv → net.minecraft.world.Container
[0653|t+16840ms|ThreadId(2)] [class_dump] cdb → net.minecraft.world.InteractionHand
[0654|t+16840ms|ThreadId(2)] [class_dump] cdc → net.minecraft.world.InteractionResult
[0655|t+16841ms|ThreadId(2)] [class_dump] cdf → net.minecraft.world.MenuProvider
[0656|t+16841ms|ThreadId(2)] [class_dump] cdg → net.minecraft.world.Nameable
[0657|t+16841ms|ThreadId(2)] [class_dump] cdj → net.minecraft.world.RandomizableContainer
[0658|t+16841ms|ThreadId(2)] [class_dump] cdo → net.minecraft.world.TickRateManager
[0659|t+16842ms|ThreadId(2)] [class_dump] cdp → net.minecraft.world.WorldlyContainer
[0660|t+16842ms|ThreadId(2)] [class_dump] cdq → net.minecraft.world.WorldlyContainerHolder
[0661|t+16842ms|ThreadId(2)] [class_dump] cdw → net.minecraft.world.attribute.AttributeType
[0662|t+16843ms|ThreadId(2)] [class_dump] cdx → net.minecraft.world.attribute.AttributeTypes
[0663|t+16843ms|ThreadId(2)] [class_dump] cea → net.minecraft.world.attribute.EnvironmentAttribute
[0664|t+16843ms|ThreadId(2)] [class_dump] cee → net.minecraft.world.attribute.EnvironmentAttributeReader
[0665|t+16844ms|ThreadId(2)] [class_dump] ceg → net.minecraft.world.attribute.EnvironmentAttributes
[0666|t+16844ms|ThreadId(2)] [class_dump] cev → net.minecraft.world.damagesource.DamageEffects
[0667|t+16844ms|ThreadId(2)] [class_dump] cew → net.minecraft.world.damagesource.DamageScaling
[0668|t+16844ms|ThreadId(2)] [class_dump] cez → net.minecraft.world.damagesource.DamageType
[0669|t+16845ms|ThreadId(2)] [class_dump] cfb → net.minecraft.world.damagesource.DeathMessageType
[0670|t+16845ms|ThreadId(2)] [class_dump] cfe → net.minecraft.world.effect.AbsorptionMobEffect
[0671|t+16846ms|ThreadId(2)] [class_dump] cff → net.minecraft.world.effect.BadOmenMobEffect
[0672|t+16846ms|ThreadId(2)] [class_dump] cfg → net.minecraft.world.effect.HealOrHarmMobEffect
[0673|t+16846ms|ThreadId(2)] [class_dump] cfh → net.minecraft.world.effect.HungerMobEffect
[0674|t+16847ms|ThreadId(2)] [class_dump] cfi → net.minecraft.world.effect.InfestedMobEffect
[0675|t+16847ms|ThreadId(2)] [class_dump] cfj → net.minecraft.world.effect.InstantenousMobEffect
[0676|t+16847ms|ThreadId(2)] [class_dump] cfk → net.minecraft.world.effect.MobEffect
[0677|t+16847ms|ThreadId(2)] [class_dump] cfl → net.minecraft.world.effect.MobEffectCategory
[0678|t+16848ms|ThreadId(2)] [class_dump] cfm → net.minecraft.world.effect.MobEffectInstance
[0679|t+16848ms|ThreadId(2)] [class_dump] cfo → net.minecraft.world.effect.MobEffects
[0680|t+16848ms|ThreadId(2)] [class_dump] cfp → net.minecraft.world.effect.OozingMobEffect
[0681|t+16849ms|ThreadId(2)] [class_dump] cfq → net.minecraft.world.effect.PoisonMobEffect
[0682|t+16849ms|ThreadId(2)] [class_dump] cfr → net.minecraft.world.effect.RaidOmenMobEffect
[0683|t+16850ms|ThreadId(2)] [class_dump] cfs → net.minecraft.world.effect.RegenerationMobEffect
[0684|t+16850ms|ThreadId(2)] [class_dump] cft → net.minecraft.world.effect.SaturationMobEffect
[0685|t+16851ms|ThreadId(2)] [class_dump] cfu → net.minecraft.world.effect.WeavingMobEffect
[0686|t+16851ms|ThreadId(2)] [class_dump] cfv → net.minecraft.world.effect.WindChargedMobEffect
[0687|t+16852ms|ThreadId(2)] [class_dump] cfw → net.minecraft.world.effect.WitherMobEffect
[0688|t+16852ms|ThreadId(2)] [class_dump] cfy → net.minecraft.world.entity.AgeableMob
[0689|t+16852ms|ThreadId(2)] [class_dump] cgb → net.minecraft.world.entity.Attackable
[0690|t+16853ms|ThreadId(2)] [class_dump] cgc → net.minecraft.world.entity.Avatar
[0691|t+16853ms|ThreadId(2)] [class_dump] cgd → net.minecraft.world.entity.ContainerUser
[0692|t+16853ms|ThreadId(2)] [class_dump] cgk → net.minecraft.world.entity.Entity
[0693|t+16853ms|ThreadId(2)] [class_dump] cgu → net.minecraft.world.entity.EntityType
[0694|t+16854ms|ThreadId(2)] [class_dump] cgv → net.minecraft.world.entity.EquipmentSlot
[0695|t+16854ms|ThreadId(2)] [class_dump] cgw → net.minecraft.world.entity.EquipmentSlotGroup
[0696|t+16854ms|ThreadId(2)] [class_dump] cgy → net.minecraft.world.entity.EquipmentUser
[0697|t+16855ms|ThreadId(2)] [class_dump] cha → net.minecraft.world.entity.HasCustomInventoryScreen
[0698|t+16855ms|ThreadId(2)] [class_dump] chc → net.minecraft.world.entity.InsideBlockEffectApplier
[0699|t+16855ms|ThreadId(2)] [class_dump] chh → net.minecraft.world.entity.ItemOwner
[0700|t+16855ms|ThreadId(2)] [class_dump] chj → net.minecraft.world.entity.Leashable
[0701|t+16856ms|ThreadId(2)] [class_dump] chk → net.minecraft.world.entity.LightningBolt
[0702|t+16856ms|ThreadId(2)] [class_dump] chl → net.minecraft.world.entity.LivingEntity
[0703|t+16856ms|ThreadId(2)] [class_dump] chn → net.minecraft.world.entity.Mob
[0704|t+16857ms|ThreadId(2)] [class_dump] chq → net.minecraft.world.entity.NeutralMob
[0705|t+16857ms|ThreadId(2)] [class_dump] chr → net.minecraft.world.entity.OminousItemSpawner
[0706|t+16857ms|ThreadId(2)] [class_dump] chs → net.minecraft.world.entity.OwnableEntity
[0707|t+16857ms|ThreadId(2)] [class_dump] cht → net.minecraft.world.entity.PathfinderMob
[0708|t+16858ms|ThreadId(2)] [class_dump] chu → net.minecraft.world.entity.PlayerRideable
[0709|t+16858ms|ThreadId(2)] [class_dump] chv → net.minecraft.world.entity.PlayerRideableJumping
[0710|t+16858ms|ThreadId(2)] [class_dump] cib → net.minecraft.world.entity.Shearable
[0711|t+16859ms|ThreadId(2)] [class_dump] cic → net.minecraft.world.entity.SlotAccess
[0712|t+16859ms|ThreadId(2)] [class_dump] cid → net.minecraft.world.entity.SlotProvider
[0713|t+16859ms|ThreadId(2)] [class_dump] cij → net.minecraft.world.entity.Targeting
[0714|t+16860ms|ThreadId(2)] [class_dump] cik → net.minecraft.world.entity.TraceableEntity
[0715|t+16860ms|ThreadId(2)] [class_dump] cin → net.minecraft.world.entity.ai.attributes.Attribute
[0716|t+16860ms|ThreadId(2)] [class_dump] ciq → net.minecraft.world.entity.ai.attributes.AttributeModifier
[0717|t+16861ms|ThreadId(2)] [class_dump] cis → net.minecraft.world.entity.ai.attributes.Attributes
[0718|t+16861ms|ThreadId(2)] [class_dump] ciu → net.minecraft.world.entity.ai.attributes.RangedAttribute
[0719|t+16861ms|ThreadId(2)] [class_dump] com.mojang.authlib.GameProfile
[0720|t+16862ms|ThreadId(2)] [class_dump] com.mojang.authlib.exceptions.AuthenticationException
[0721|t+16862ms|ThreadId(2)] [class_dump] com.mojang.authlib.minecraft.TelemetryPropertyContainer
[0722|t+16862ms|ThreadId(2)] [class_dump] com.mojang.authlib.properties.Property
[0723|t+16862ms|ThreadId(2)] [class_dump] com.mojang.authlib.properties.PropertyMap
[0724|t+16863ms|ThreadId(2)] [class_dump] com.mojang.blaze3d.systems.GpuDevice → com.mojang.blaze3d.systems.GpuDevice
[0725|t+16863ms|ThreadId(2)] [class_dump] com.mojang.blaze3d.systems.RenderSystem → com.mojang.blaze3d.systems.RenderSystem
[0726|t+16863ms|ThreadId(2)] [class_dump] com.mojang.brigadier.ImmutableStringReader
[0727|t+16863ms|ThreadId(2)] [class_dump] com.mojang.brigadier.LiteralMessage
[0728|t+16864ms|ThreadId(2)] [class_dump] com.mojang.brigadier.Message
[0729|t+16864ms|ThreadId(2)] [class_dump] com.mojang.brigadier.arguments.ArgumentType
[0730|t+16864ms|ThreadId(2)] [class_dump] com.mojang.brigadier.exceptions.BuiltInExceptionProvider
[0731|t+16865ms|ThreadId(2)] [class_dump] com.mojang.brigadier.exceptions.BuiltInExceptions
[0732|t+16865ms|ThreadId(2)] [class_dump] com.mojang.brigadier.exceptions.BuiltInExceptions$$Lambda/0x0000000800253400
[0733|t+16865ms|ThreadId(2)] [class_dump] com.mojang.brigadier.exceptions.BuiltInExceptions$$Lambda/0x0000000800253800
[0734|t+16866ms|ThreadId(2)] [class_dump] com.mojang.brigadier.exceptions.BuiltInExceptions$$Lambda/0x0000000800253a10
[0735|t+16866ms|ThreadId(2)] [class_dump] com.mojang.brigadier.exceptions.BuiltInExceptions$$Lambda/0x0000000800253c20
[0736|t+16866ms|ThreadId(2)] [class_dump] com.mojang.brigadier.exceptions.BuiltInExceptions$$Lambda/0x0000000800257c48
[0737|t+16867ms|ThreadId(2)] [class_dump] com.mojang.brigadier.exceptions.BuiltInExceptions$$Lambda/0x0000000800258000
[0738|t+16867ms|ThreadId(2)] [class_dump] com.mojang.brigadier.exceptions.BuiltInExceptions$$Lambda/0x0000000800258210
[0739|t+16867ms|ThreadId(2)] [class_dump] com.mojang.brigadier.exceptions.BuiltInExceptions$$Lambda/0x0000000800258420
[0740|t+16867ms|ThreadId(2)] [class_dump] com.mojang.brigadier.exceptions.BuiltInExceptions$$Lambda/0x0000000800258840
[0741|t+16868ms|ThreadId(2)] [class_dump] com.mojang.brigadier.exceptions.BuiltInExceptions$$Lambda/0x0000000800258ea0
[0742|t+16868ms|ThreadId(2)] [class_dump] com.mojang.brigadier.exceptions.BuiltInExceptions$$Lambda/0x00000008002590d0
[0743|t+16868ms|ThreadId(2)] [class_dump] com.mojang.brigadier.exceptions.BuiltInExceptions$$Lambda/0x0000000800259300
[0744|t+16869ms|ThreadId(2)] [class_dump] com.mojang.brigadier.exceptions.BuiltInExceptions$$Lambda/0x0000000800259530
[0745|t+16869ms|ThreadId(2)] [class_dump] com.mojang.brigadier.exceptions.BuiltInExceptions$$Lambda/0x0000000800259760
[0746|t+16869ms|ThreadId(2)] [class_dump] com.mojang.brigadier.exceptions.BuiltInExceptions$$Lambda/0x0000000800259990
[0747|t+16870ms|ThreadId(2)] [class_dump] com.mojang.brigadier.exceptions.BuiltInExceptions$$Lambda/0x0000000800259bc0
[0748|t+16870ms|ThreadId(2)] [class_dump] com.mojang.brigadier.exceptions.BuiltInExceptions$$Lambda/0x0000000800259df0
[0749|t+16870ms|ThreadId(2)] [class_dump] com.mojang.brigadier.exceptions.CommandExceptionType
[0750|t+16870ms|ThreadId(2)] [class_dump] com.mojang.brigadier.exceptions.CommandSyntaxException
[0751|t+16870ms|ThreadId(2)] [class_dump] com.mojang.brigadier.exceptions.Dynamic2CommandExceptionType
[0752|t+16871ms|ThreadId(2)] [class_dump] com.mojang.brigadier.exceptions.Dynamic2CommandExceptionType$Function
[0753|t+16871ms|ThreadId(2)] [class_dump] com.mojang.brigadier.exceptions.DynamicCommandExceptionType
[0754|t+16871ms|ThreadId(2)] [class_dump] com.mojang.brigadier.exceptions.SimpleCommandExceptionType
[0755|t+16872ms|ThreadId(2)] [class_dump] com.mojang.datafixers.DSL
[0756|t+16872ms|ThreadId(2)] [class_dump] com.mojang.datafixers.DSL$$Lambda/0x00000008002d18d8
[0757|t+16872ms|ThreadId(2)] [class_dump] com.mojang.datafixers.DSL$$Lambda/0x00000008002d5a70
[0758|t+16872ms|ThreadId(2)] [class_dump] com.mojang.datafixers.DSL$$Lambda/0x00000008002d5ca0
[0759|t+16873ms|ThreadId(2)] [class_dump] com.mojang.datafixers.DSL$$Lambda/0x0000000800328200
[0760|t+16873ms|ThreadId(2)] [class_dump] com.mojang.datafixers.DSL$$Lambda/0x00000008003694f0
[0761|t+16873ms|ThreadId(2)] [class_dump] com.mojang.datafixers.DSL$Instances
[0762|t+16873ms|ThreadId(2)] [class_dump] com.mojang.datafixers.DSL$Instances$TaggedChoiceCacheKey
[0763|t+16874ms|ThreadId(2)] [class_dump] com.mojang.datafixers.DSL$TypeReference
[0764|t+16874ms|ThreadId(2)] [class_dump] com.mojang.datafixers.DataFix
[0765|t+16874ms|ThreadId(2)] [class_dump] com.mojang.datafixers.DataFix$$Lambda/0x0000000800382aa8
[0766|t+16875ms|ThreadId(2)] [class_dump] com.mojang.datafixers.DataFix$$Lambda/0x0000000800386ea0
[0767|t+16875ms|ThreadId(2)] [class_dump] com.mojang.datafixers.DataFix$$Lambda/0x000000080038dc68
[0768|t+16875ms|ThreadId(2)] [class_dump] com.mojang.datafixers.DataFix$$Lambda/0x00000008003a0b48
[0769|t+16875ms|ThreadId(2)] [class_dump] com.mojang.datafixers.DataFix$NamedFunctionWrapper
[0770|t+16876ms|ThreadId(2)] [class_dump] com.mojang.datafixers.DataFixUtils
[0771|t+16876ms|ThreadId(2)] [class_dump] com.mojang.datafixers.DataFixUtils$$Lambda/0x00000008003852d0
[0772|t+16876ms|ThreadId(2)] [class_dump] com.mojang.datafixers.DataFixUtils$$Lambda/0x0000000800385b38
[0773|t+16876ms|ThreadId(2)] [class_dump] com.mojang.datafixers.DataFixUtils$$Lambda/0x00000008004c9d30
[0774|t+16877ms|ThreadId(2)] [class_dump] com.mojang.datafixers.DataFixer
[0775|t+16877ms|ThreadId(2)] [class_dump] com.mojang.datafixers.DataFixerBuilder
[0776|t+16877ms|ThreadId(2)] [class_dump] com.mojang.datafixers.DataFixerBuilder$Result
[0777|t+16877ms|ThreadId(2)] [class_dump] com.mojang.datafixers.DataFixerBuilder$Result$$Lambda/0x000000080037e8f0
[0778|t+16878ms|ThreadId(2)] [class_dump] com.mojang.datafixers.DataFixerBuilder$Result$$Lambda/0x000000080037eb20
[0779|t+16878ms|ThreadId(2)] [class_dump] com.mojang.datafixers.DataFixerBuilder$Result$$Lambda/0x000000080037ed38
[0780|t+16878ms|ThreadId(2)] [class_dump] com.mojang.datafixers.DataFixerBuilder$Result$$Lambda/0x000000080037ef70
[0781|t+16878ms|ThreadId(2)] [class_dump] com.mojang.datafixers.DataFixerBuilder$Result$$Lambda/0x000000080037fca8
[0782|t+16879ms|ThreadId(2)] [class_dump] com.mojang.datafixers.DataFixerBuilder$Result$$Lambda/0x00000008003850a8
[0783|t+16879ms|ThreadId(2)] [class_dump] com.mojang.datafixers.DataFixerBuilder$Result$$Lambda/0x0000000800385710
[0784|t+16879ms|ThreadId(2)] [class_dump] com.mojang.datafixers.DataFixerUpper
[0785|t+16879ms|ThreadId(2)] [class_dump] com.mojang.datafixers.DataFixerUpper$$Lambda/0x0000000800306a70
[0786|t+16880ms|ThreadId(2)] [class_dump] com.mojang.datafixers.DataFixerUpper$$Lambda/0x000000080037f5c0
[0787|t+16880ms|ThreadId(2)] [class_dump] com.mojang.datafixers.FieldFinder
[0788|t+16880ms|ThreadId(2)] [class_dump] com.mojang.datafixers.NamedChoiceFinder
[0789|t+16881ms|ThreadId(2)] [class_dump] com.mojang.datafixers.OpticFinder
[0790|t+16881ms|ThreadId(2)] [class_dump] com.mojang.datafixers.Products$P1
[0791|t+16881ms|ThreadId(2)] [class_dump] com.mojang.datafixers.Products$P11
[0792|t+16882ms|ThreadId(2)] [class_dump] com.mojang.datafixers.Products$P2
[0793|t+16882ms|ThreadId(2)] [class_dump] com.mojang.datafixers.Products$P3
[0794|t+16882ms|ThreadId(2)] [class_dump] com.mojang.datafixers.Products$P4
[0795|t+16883ms|ThreadId(2)] [class_dump] com.mojang.datafixers.Products$P5
[0796|t+16883ms|ThreadId(2)] [class_dump] com.mojang.datafixers.Products$P6
[0797|t+16883ms|ThreadId(2)] [class_dump] com.mojang.datafixers.Products$P7
[0798|t+16883ms|ThreadId(2)] [class_dump] com.mojang.datafixers.Products$P8
[0799|t+16884ms|ThreadId(2)] [class_dump] com.mojang.datafixers.Products$P9
[0800|t+16884ms|ThreadId(2)] [class_dump] com.mojang.datafixers.RewriteResult
[0801|t+16884ms|ThreadId(2)] [class_dump] com.mojang.datafixers.TypeRewriteRule
[0802|t+16884ms|ThreadId(2)] [class_dump] com.mojang.datafixers.TypeRewriteRule$All
[0803|t+16885ms|ThreadId(2)] [class_dump] com.mojang.datafixers.TypeRewriteRule$Everywhere
[0804|t+16885ms|ThreadId(2)] [class_dump] com.mojang.datafixers.TypeRewriteRule$IfSame
[0805|t+16885ms|ThreadId(2)] [class_dump] com.mojang.datafixers.TypeRewriteRule$Nop
[0806|t+16886ms|ThreadId(2)] [class_dump] com.mojang.datafixers.TypeRewriteRule$OrElse
[0807|t+16886ms|ThreadId(2)] [class_dump] com.mojang.datafixers.TypeRewriteRule$Seq
[0808|t+16886ms|ThreadId(2)] [class_dump] com.mojang.datafixers.TypeRewriteRule$Seq$$Lambda/0x000000080038f108
[0809|t+16886ms|ThreadId(2)] [class_dump] com.mojang.datafixers.Typed
[0810|t+16887ms|ThreadId(2)] [class_dump] com.mojang.datafixers.TypedOptic
[0811|t+16887ms|ThreadId(2)] [class_dump] com.mojang.datafixers.TypedOptic$Element
[0812|t+16887ms|ThreadId(2)] [class_dump] com.mojang.datafixers.View
[0813|t+16888ms|ThreadId(2)] [class_dump] com.mojang.datafixers.View$$Lambda/0x0000000800394000
[0814|t+16888ms|ThreadId(2)] [class_dump] com.mojang.datafixers.functions.Apply
[0815|t+16888ms|ThreadId(2)] [class_dump] com.mojang.datafixers.functions.Comp
[0816|t+16888ms|ThreadId(2)] [class_dump] com.mojang.datafixers.functions.Comp$$Lambda/0x00000008003ba4a0
[0817|t+16889ms|ThreadId(2)] [class_dump] com.mojang.datafixers.functions.Fold
[0818|t+16889ms|ThreadId(2)] [class_dump] com.mojang.datafixers.functions.FunctionWrapper
[0819|t+16889ms|ThreadId(2)] [class_dump] com.mojang.datafixers.functions.Functions
[0820|t+16889ms|ThreadId(2)] [class_dump] com.mojang.datafixers.functions.Id
[0821|t+16890ms|ThreadId(2)] [class_dump] com.mojang.datafixers.functions.In
[0822|t+16890ms|ThreadId(2)] [class_dump] com.mojang.datafixers.functions.Out
[0823|t+16890ms|ThreadId(2)] [class_dump] com.mojang.datafixers.functions.PointFree
[0824|t+16891ms|ThreadId(2)] [class_dump] com.mojang.datafixers.functions.PointFreeRule
[0825|t+16891ms|ThreadId(2)] [class_dump] com.mojang.datafixers.functions.PointFreeRule$AppNest
[0826|t+16891ms|ThreadId(2)] [class_dump] com.mojang.datafixers.functions.PointFreeRule$CataFuseDifferent
[0827|t+16891ms|ThreadId(2)] [class_dump] com.mojang.datafixers.functions.PointFreeRule$CataFuseSame
[0828|t+16892ms|ThreadId(2)] [class_dump] com.mojang.datafixers.functions.PointFreeRule$CompRewrite
[0829|t+16892ms|ThreadId(2)] [class_dump] com.mojang.datafixers.functions.PointFreeRule$CompRewrite$$Lambda/0x0000000800302f80
[0830|t+16892ms|ThreadId(2)] [class_dump] com.mojang.datafixers.functions.PointFreeRule$CompRewrite$$Lambda/0x00000008003ba060
[0831|t+16893ms|ThreadId(2)] [class_dump] com.mojang.datafixers.functions.PointFreeRule$CompRewrite$$Lambda/0x00000008003ba290
[0832|t+16893ms|ThreadId(2)] [class_dump] com.mojang.datafixers.functions.PointFreeRule$Everywhere
[0833|t+16893ms|ThreadId(2)] [class_dump] com.mojang.datafixers.functions.PointFreeRule$LensComp
[0834|t+16894ms|ThreadId(2)] [class_dump] com.mojang.datafixers.functions.PointFreeRule$Nop
[0835|t+16894ms|ThreadId(2)] [class_dump] com.mojang.datafixers.functions.PointFreeRule$Seq
[0836|t+16894ms|ThreadId(2)] [class_dump] com.mojang.datafixers.functions.PointFreeRule$SortInj
[0837|t+16895ms|ThreadId(2)] [class_dump] com.mojang.datafixers.functions.PointFreeRule$SortProj
[0838|t+16895ms|ThreadId(2)] [class_dump] com.mojang.datafixers.functions.ProfunctorTransformer
[0839|t+16895ms|ThreadId(2)] [class_dump] com.mojang.datafixers.kinds.App
[0840|t+16896ms|ThreadId(2)] [class_dump] com.mojang.datafixers.kinds.App2
[0841|t+16896ms|ThreadId(2)] [class_dump] com.mojang.datafixers.kinds.Applicative
[0842|t+16896ms|ThreadId(2)] [class_dump] com.mojang.datafixers.kinds.Applicative$$Lambda/0x000000080048a250
[0843|t+16896ms|ThreadId(2)] [class_dump] com.mojang.datafixers.kinds.Applicative$$Lambda/0x00000008006b0870
[0844|t+16897ms|ThreadId(2)] [class_dump] com.mojang.datafixers.kinds.Applicative$$Lambda/0x00000008006bc2a8
[0845|t+16897ms|ThreadId(2)] [class_dump] com.mojang.datafixers.kinds.Applicative$$Lambda/0x000000080071eca0
[0846|t+16897ms|ThreadId(2)] [class_dump] com.mojang.datafixers.kinds.Applicative$$Lambda/0x000000080073c918
[0847|t+16898ms|ThreadId(2)] [class_dump] com.mojang.datafixers.kinds.Applicative$$Lambda/0x0000000800745808
[0848|t+16898ms|ThreadId(2)] [class_dump] com.mojang.datafixers.kinds.Functor
[0849|t+16898ms|ThreadId(2)] [class_dump] com.mojang.datafixers.kinds.K1
[0850|t+16898ms|ThreadId(2)] [class_dump] com.mojang.datafixers.kinds.Kind1
[0851|t+16899ms|ThreadId(2)] [class_dump] com.mojang.datafixers.kinds.Kind2$Mu
[0852|t+16899ms|ThreadId(2)] [class_dump] com.mojang.datafixers.optics.Adapter
[0853|t+16899ms|ThreadId(2)] [class_dump] com.mojang.datafixers.optics.Affine
[0854|t+16900ms|ThreadId(2)] [class_dump] com.mojang.datafixers.optics.IdAdapter
[0855|t+16900ms|ThreadId(2)] [class_dump] com.mojang.datafixers.optics.Inj1
[0856|t+16900ms|ThreadId(2)] [class_dump] com.mojang.datafixers.optics.Inj2
[0857|t+16901ms|ThreadId(2)] [class_dump] com.mojang.datafixers.optics.Lens
[0858|t+16901ms|ThreadId(2)] [class_dump] com.mojang.datafixers.optics.ListTraversal
[0859|t+16901ms|ThreadId(2)] [class_dump] com.mojang.datafixers.optics.Optic
[0860|t+16901ms|ThreadId(2)] [class_dump] com.mojang.datafixers.optics.Optics
[0861|t+16902ms|ThreadId(2)] [class_dump] com.mojang.datafixers.optics.PStore
[0862|t+16902ms|ThreadId(2)] [class_dump] com.mojang.datafixers.optics.Prism
[0863|t+16902ms|ThreadId(2)] [class_dump] com.mojang.datafixers.optics.Proj1
[0864|t+16903ms|ThreadId(2)] [class_dump] com.mojang.datafixers.optics.Proj2
[0865|t+16903ms|ThreadId(2)] [class_dump] com.mojang.datafixers.optics.ReForgetC
[0866|t+16903ms|ThreadId(2)] [class_dump] com.mojang.datafixers.optics.ReForgetE
[0867|t+16904ms|ThreadId(2)] [class_dump] com.mojang.datafixers.optics.ReForgetEP
[0868|t+16904ms|ThreadId(2)] [class_dump] com.mojang.datafixers.optics.ReForgetP
[0869|t+16904ms|ThreadId(2)] [class_dump] com.mojang.datafixers.optics.Traversal
[0870|t+16904ms|ThreadId(2)] [class_dump] com.mojang.datafixers.optics.Wander
[0871|t+16905ms|ThreadId(2)] [class_dump] com.mojang.datafixers.optics.profunctors.AffineP$Mu
[0872|t+16905ms|ThreadId(2)] [class_dump] com.mojang.datafixers.optics.profunctors.AffineP$Mu$1
[0873|t+16905ms|ThreadId(2)] [class_dump] com.mojang.datafixers.optics.profunctors.Cartesian$Mu
[0874|t+16906ms|ThreadId(2)] [class_dump] com.mojang.datafixers.optics.profunctors.Cartesian$Mu$1
[0875|t+16906ms|ThreadId(2)] [class_dump] com.mojang.datafixers.optics.profunctors.Cocartesian$Mu
[0876|t+16906ms|ThreadId(2)] [class_dump] com.mojang.datafixers.optics.profunctors.Cocartesian$Mu$1
[0877|t+16907ms|ThreadId(2)] [class_dump] com.mojang.datafixers.optics.profunctors.Profunctor$Mu
[0878|t+16907ms|ThreadId(2)] [class_dump] com.mojang.datafixers.optics.profunctors.Profunctor$Mu$1
[0879|t+16907ms|ThreadId(2)] [class_dump] com.mojang.datafixers.optics.profunctors.TraversalP$Mu
[0880|t+16908ms|ThreadId(2)] [class_dump] com.mojang.datafixers.optics.profunctors.TraversalP$Mu$1
[0881|t+16908ms|ThreadId(2)] [class_dump] com.mojang.datafixers.schemas.Schema
[0882|t+16908ms|ThreadId(2)] [class_dump] com.mojang.datafixers.schemas.Schema$$Lambda/0x00000008002c13a8
[0883|t+16909ms|ThreadId(2)] [class_dump] com.mojang.datafixers.schemas.Schema$$Lambda/0x00000008002c2838
[0884|t+16909ms|ThreadId(2)] [class_dump] com.mojang.datafixers.schemas.Schema$$Lambda/0x00000008002cfc50
[0885|t+16909ms|ThreadId(2)] [class_dump] com.mojang.datafixers.schemas.Schema$$Lambda/0x00000008002d6310
[0886|t+16909ms|ThreadId(2)] [class_dump] com.mojang.datafixers.schemas.Schema$$Lambda/0x000000080037f198
[0887|t+16910ms|ThreadId(2)] [class_dump] com.mojang.datafixers.schemas.Schema$$Lambda/0x0000000800381a38
[0888|t+16910ms|ThreadId(2)] [class_dump] com.mojang.datafixers.schemas.Schema$$Lambda/0x0000000800385500
[0889|t+16910ms|ThreadId(2)] [class_dump] com.mojang.datafixers.schemas.Schema$$Lambda/0x0000000800385f80
[0890|t+16910ms|ThreadId(2)] [class_dump] com.mojang.datafixers.types.Func
[0891|t+16911ms|ThreadId(2)] [class_dump] com.mojang.datafixers.types.Type
[0892|t+16911ms|ThreadId(2)] [class_dump] com.mojang.datafixers.types.Type$$Lambda/0x0000000800383b90
[0893|t+16911ms|ThreadId(2)] [class_dump] com.mojang.datafixers.types.Type$$Lambda/0x000000080038e0b0
[0894|t+16912ms|ThreadId(2)] [class_dump] com.mojang.datafixers.types.Type$$Lambda/0x000000080038eed0
[0895|t+16912ms|ThreadId(2)] [class_dump] com.mojang.datafixers.types.Type$$Lambda/0x000000080038f760
[0896|t+16912ms|ThreadId(2)] [class_dump] com.mojang.datafixers.types.Type$$Lambda/0x000000080038fb88
[0897|t+16912ms|ThreadId(2)] [class_dump] com.mojang.datafixers.types.Type$$Lambda/0x0000000800394230
[0898|t+16913ms|ThreadId(2)] [class_dump] com.mojang.datafixers.types.Type$RewriteCacheKey
[0899|t+16913ms|ThreadId(2)] [class_dump] com.mojang.datafixers.types.Type$TypeMatcher
[0900|t+16913ms|ThreadId(2)] [class_dump] com.mojang.datafixers.types.constant.EmptyPart
[0901|t+16913ms|ThreadId(2)] [class_dump] com.mojang.datafixers.types.constant.EmptyPartPassthrough
[0902|t+16914ms|ThreadId(2)] [class_dump] com.mojang.datafixers.types.families.Algebra
[0903|t+16914ms|ThreadId(2)] [class_dump] com.mojang.datafixers.types.families.ListAlgebra
[0904|t+16914ms|ThreadId(2)] [class_dump] com.mojang.datafixers.types.families.RecursiveTypeFamily
[0905|t+16914ms|ThreadId(2)] [class_dump] com.mojang.datafixers.types.families.RecursiveTypeFamily$$Lambda/0x0000000800304b68
[0906|t+16915ms|ThreadId(2)] [class_dump] com.mojang.datafixers.types.families.RecursiveTypeFamily$$Lambda/0x0000000800305030
[0907|t+16915ms|ThreadId(2)] [class_dump] com.mojang.datafixers.types.families.RecursiveTypeFamily$$Lambda/0x00000008003a7bf8
[0908|t+16915ms|ThreadId(2)] [class_dump] com.mojang.datafixers.types.families.TypeFamily
[0909|t+16915ms|ThreadId(2)] [class_dump] com.mojang.datafixers.types.templates.Check
[0910|t+16915ms|ThreadId(2)] [class_dump] com.mojang.datafixers.types.templates.Check$1
[0911|t+16916ms|ThreadId(2)] [class_dump] com.mojang.datafixers.types.templates.Check$CheckType
[0912|t+16916ms|ThreadId(2)] [class_dump] com.mojang.datafixers.types.templates.CompoundList
[0913|t+16916ms|ThreadId(2)] [class_dump] com.mojang.datafixers.types.templates.CompoundList$$Lambda/0x0000000800305468
[0914|t+16917ms|ThreadId(2)] [class_dump] com.mojang.datafixers.types.templates.CompoundList$CompoundListType
[0915|t+16917ms|ThreadId(2)] [class_dump] com.mojang.datafixers.types.templates.Const
[0916|t+16917ms|ThreadId(2)] [class_dump] com.mojang.datafixers.types.templates.Const$1
[0917|t+16918ms|ThreadId(2)] [class_dump] com.mojang.datafixers.types.templates.Const$PrimitiveType
[0918|t+16918ms|ThreadId(2)] [class_dump] com.mojang.datafixers.types.templates.Hook
[0919|t+16919ms|ThreadId(2)] [class_dump] com.mojang.datafixers.types.templates.Hook$$Lambda/0x0000000800326368
[0920|t+16919ms|ThreadId(2)] [class_dump] com.mojang.datafixers.types.templates.Hook$HookFunction
[0921|t+16919ms|ThreadId(2)] [class_dump] com.mojang.datafixers.types.templates.Hook$HookFunction$1
[0922|t+16920ms|ThreadId(2)] [class_dump] com.mojang.datafixers.types.templates.Hook$HookType
[0923|t+16920ms|ThreadId(2)] [class_dump] com.mojang.datafixers.types.templates.List
[0924|t+16920ms|ThreadId(2)] [class_dump] com.mojang.datafixers.types.templates.List$1
[0925|t+16921ms|ThreadId(2)] [class_dump] com.mojang.datafixers.types.templates.List$ListType
[0926|t+16922ms|ThreadId(2)] [class_dump] com.mojang.datafixers.types.templates.Named
[0927|t+16922ms|ThreadId(2)] [class_dump] com.mojang.datafixers.types.templates.Named$$Lambda/0x00000008002dbbb0
[0928|t+16922ms|ThreadId(2)] [class_dump] com.mojang.datafixers.types.templates.Named$NamedType
[0929|t+16923ms|ThreadId(2)] [class_dump] com.mojang.datafixers.types.templates.Product
[0930|t+16923ms|ThreadId(2)] [class_dump] com.mojang.datafixers.types.templates.Product$1
[0931|t+16923ms|ThreadId(2)] [class_dump] com.mojang.datafixers.types.templates.Product$ProductType
[0932|t+16924ms|ThreadId(2)] [class_dump] com.mojang.datafixers.types.templates.Product$ProductType$$Lambda/0x0000000800383978
[0933|t+16924ms|ThreadId(2)] [class_dump] com.mojang.datafixers.types.templates.Product$ProductType$$Lambda/0x0000000800385d68
[0934|t+16924ms|ThreadId(2)] [class_dump] com.mojang.datafixers.types.templates.RecursivePoint
[0935|t+16925ms|ThreadId(2)] [class_dump] com.mojang.datafixers.types.templates.RecursivePoint$1
[0936|t+16925ms|ThreadId(2)] [class_dump] com.mojang.datafixers.types.templates.RecursivePoint$RecursivePointType
[0937|t+16925ms|ThreadId(2)] [class_dump] com.mojang.datafixers.types.templates.RecursivePoint$RecursivePointType$$Lambda/0x000000080039f968
[0938|t+16925ms|ThreadId(2)] [class_dump] com.mojang.datafixers.types.templates.Sum
[0939|t+16926ms|ThreadId(2)] [class_dump] com.mojang.datafixers.types.templates.Sum$1
[0940|t+16926ms|ThreadId(2)] [class_dump] com.mojang.datafixers.types.templates.Sum$SumType
[0941|t+16926ms|ThreadId(2)] [class_dump] com.mojang.datafixers.types.templates.Sum$SumType$$Lambda/0x0000000800383760
[0942|t+16926ms|ThreadId(2)] [class_dump] com.mojang.datafixers.types.templates.Sum$SumType$$Lambda/0x0000000800384e90
[0943|t+16927ms|ThreadId(2)] [class_dump] com.mojang.datafixers.types.templates.Sum$SumType$$Lambda/0x0000000800385920
[0944|t+16927ms|ThreadId(2)] [class_dump] com.mojang.datafixers.types.templates.Tag
[0945|t+16927ms|ThreadId(2)] [class_dump] com.mojang.datafixers.types.templates.Tag$1
[0946|t+16928ms|ThreadId(2)] [class_dump] com.mojang.datafixers.types.templates.Tag$TagType
[0947|t+16928ms|ThreadId(2)] [class_dump] com.mojang.datafixers.types.templates.TaggedChoice
[0948|t+16928ms|ThreadId(2)] [class_dump] com.mojang.datafixers.types.templates.TaggedChoice$$Lambda/0x00000008002d4d18
[0949|t+16928ms|ThreadId(2)] [class_dump] com.mojang.datafixers.types.templates.TaggedChoice$$Lambda/0x0000000800326580
[0950|t+16929ms|ThreadId(2)] [class_dump] com.mojang.datafixers.types.templates.TaggedChoice$$Lambda/0x0000000800326798
[0951|t+16929ms|ThreadId(2)] [class_dump] com.mojang.datafixers.types.templates.TaggedChoice$TaggedChoiceType
[0952|t+16929ms|ThreadId(2)] [class_dump] com.mojang.datafixers.types.templates.TaggedChoice$TaggedChoiceType$$Lambda/0x00000008003bab20
[0953|t+16930ms|ThreadId(2)] [class_dump] com.mojang.datafixers.types.templates.TaggedChoice$TaggedChoiceType$$Lambda/0x00000008003bad58
[0954|t+16930ms|ThreadId(2)] [class_dump] com.mojang.datafixers.types.templates.TaggedChoice$TaggedChoiceType$RewriteFunc
[0955|t+16930ms|ThreadId(2)] [class_dump] com.mojang.datafixers.types.templates.TypeTemplate
[0956|t+16931ms|ThreadId(2)] [class_dump] com.mojang.datafixers.util.Either
[0957|t+16931ms|ThreadId(2)] [class_dump] com.mojang.datafixers.util.Either$Left
[0958|t+16931ms|ThreadId(2)] [class_dump] com.mojang.datafixers.util.Either$Right
[0959|t+16932ms|ThreadId(2)] [class_dump] com.mojang.datafixers.util.Function11
[0960|t+16932ms|ThreadId(2)] [class_dump] com.mojang.datafixers.util.Function3
[0961|t+16932ms|ThreadId(2)] [class_dump] com.mojang.datafixers.util.Function4
[0962|t+16932ms|ThreadId(2)] [class_dump] com.mojang.datafixers.util.Function5
[0963|t+16933ms|ThreadId(2)] [class_dump] com.mojang.datafixers.util.Function6
[0964|t+16933ms|ThreadId(2)] [class_dump] com.mojang.datafixers.util.Function7
[0965|t+16933ms|ThreadId(2)] [class_dump] com.mojang.datafixers.util.Function8
[0966|t+16933ms|ThreadId(2)] [class_dump] com.mojang.datafixers.util.Function9
[0967|t+16934ms|ThreadId(2)] [class_dump] com.mojang.datafixers.util.Pair
[0968|t+16934ms|ThreadId(2)] [class_dump] com.mojang.datafixers.util.Pair$$Lambda/0x00000008002d1b08
[0969|t+16934ms|ThreadId(2)] [class_dump] com.mojang.datafixers.util.Pair$$Lambda/0x00000008002d1d38
[0970|t+16934ms|ThreadId(2)] [class_dump] com.mojang.datafixers.util.Unit
[0971|t+16935ms|ThreadId(2)] [class_dump] com.mojang.jtracy.TracyClient
[0972|t+16937ms|ThreadId(2)] [class_dump] com.mojang.logging.LogListeners
[0973|t+16938ms|ThreadId(2)] [class_dump] com.mojang.logging.LogListeners$$Lambda/0x00000008001b6c40
[0974|t+16938ms|ThreadId(2)] [class_dump] com.mojang.logging.LogListeners$Target
[0975|t+16939ms|ThreadId(2)] [class_dump] com.mojang.logging.LogQueues
[0976|t+16939ms|ThreadId(2)] [class_dump] com.mojang.logging.LogQueues$$Lambda/0x00000008001a9588
[0977|t+16939ms|ThreadId(2)] [class_dump] com.mojang.logging.LogUtils
[0978|t+16939ms|ThreadId(2)] [class_dump] com.mojang.logging.plugins.LegacyXMLLayout
[0979|t+16940ms|ThreadId(2)] [class_dump] com.mojang.logging.plugins.ListenerLogAppender
[0980|t+16940ms|ThreadId(2)] [class_dump] com.mojang.logging.plugins.QueueLogAppender
[0981|t+16940ms|ThreadId(2)] [class_dump] com.mojang.serialization.Codec
[0982|t+16941ms|ThreadId(2)] [class_dump] com.mojang.serialization.Codec$$Lambda/0x0000000800215bd0
[0983|t+16941ms|ThreadId(2)] [class_dump] com.mojang.serialization.Codec$$Lambda/0x0000000800215e00
[0984|t+16941ms|ThreadId(2)] [class_dump] com.mojang.serialization.Codec$$Lambda/0x000000080021e818
[0985|t+16942ms|ThreadId(2)] [class_dump] com.mojang.serialization.Codec$$Lambda/0x000000080021ea50
[0986|t+16942ms|ThreadId(2)] [class_dump] com.mojang.serialization.Codec$$Lambda/0x00000008002252d0
[0987|t+16943ms|ThreadId(2)] [class_dump] com.mojang.serialization.Codec$$Lambda/0x000000080022f078
[0988|t+16943ms|ThreadId(2)] [class_dump] com.mojang.serialization.Codec$$Lambda/0x000000080022f2b0
[0989|t+16944ms|ThreadId(2)] [class_dump] com.mojang.serialization.Codec$$Lambda/0x000000080023cf20
[0990|t+16944ms|ThreadId(2)] [class_dump] com.mojang.serialization.Codec$$Lambda/0x0000000800247728
[0991|t+16945ms|ThreadId(2)] [class_dump] com.mojang.serialization.Codec$$Lambda/0x0000000800247960
[0992|t+16945ms|ThreadId(2)] [class_dump] com.mojang.serialization.Codec$$Lambda/0x000000080056d2e8
[0993|t+16945ms|ThreadId(2)] [class_dump] com.mojang.serialization.Codec$$Lambda/0x000000080067c218
[0994|t+16946ms|ThreadId(2)] [class_dump] com.mojang.serialization.Codec$1
[0995|t+16946ms|ThreadId(2)] [class_dump] com.mojang.serialization.Codec$10
[0996|t+16946ms|ThreadId(2)] [class_dump] com.mojang.serialization.Codec$11
[0997|t+16947ms|ThreadId(2)] [class_dump] com.mojang.serialization.Codec$12
[0998|t+16947ms|ThreadId(2)] [class_dump] com.mojang.serialization.Codec$13
[0999|t+16947ms|ThreadId(2)] [class_dump] com.mojang.serialization.Codec$14
[1000|t+16947ms|ThreadId(2)] [class_dump] com.mojang.serialization.Codec$15
[1001|t+16948ms|ThreadId(2)] [class_dump] com.mojang.serialization.Codec$16
[1002|t+16948ms|ThreadId(2)] [class_dump] com.mojang.serialization.Codec$17
[1003|t+16948ms|ThreadId(2)] [class_dump] com.mojang.serialization.Codec$18
[1004|t+16949ms|ThreadId(2)] [class_dump] com.mojang.serialization.Codec$19
[1005|t+16949ms|ThreadId(2)] [class_dump] com.mojang.serialization.Codec$2
[1006|t+16949ms|ThreadId(2)] [class_dump] com.mojang.serialization.Codec$20
[1007|t+16950ms|ThreadId(2)] [class_dump] com.mojang.serialization.Codec$3
[1008|t+16950ms|ThreadId(2)] [class_dump] com.mojang.serialization.Codec$4
[1009|t+16950ms|ThreadId(2)] [class_dump] com.mojang.serialization.Codec$9
[1010|t+16951ms|ThreadId(2)] [class_dump] com.mojang.serialization.Codec$RecursiveCodec
[1011|t+16951ms|ThreadId(2)] [class_dump] com.mojang.serialization.Codec$RecursiveCodec$$Lambda/0x000000080025d520
[1012|t+16951ms|ThreadId(2)] [class_dump] com.mojang.serialization.Codec$ResultFunction
[1013|t+16952ms|ThreadId(2)] [class_dump] com.mojang.serialization.Compressable
[1014|t+16952ms|ThreadId(2)] [class_dump] com.mojang.serialization.CompressorHolder
[1015|t+16953ms|ThreadId(2)] [class_dump] com.mojang.serialization.DataResult
[1016|t+16953ms|ThreadId(2)] [class_dump] com.mojang.serialization.Decoder
[1017|t+16953ms|ThreadId(2)] [class_dump] com.mojang.serialization.Decoder$$Lambda/0x000000080022c230
[1018|t+16954ms|ThreadId(2)] [class_dump] com.mojang.serialization.Decoder$1
[1019|t+16954ms|ThreadId(2)] [class_dump] com.mojang.serialization.Decoder$2
[1020|t+16954ms|ThreadId(2)] [class_dump] com.mojang.serialization.Decoder$5
[1021|t+16954ms|ThreadId(2)] [class_dump] com.mojang.serialization.Dynamic
[1022|t+16955ms|ThreadId(2)] [class_dump] com.mojang.serialization.DynamicLike
[1023|t+16955ms|ThreadId(2)] [class_dump] com.mojang.serialization.DynamicOps
[1024|t+16955ms|ThreadId(2)] [class_dump] com.mojang.serialization.Encoder
[1025|t+16956ms|ThreadId(2)] [class_dump] com.mojang.serialization.Encoder$1
[1026|t+16956ms|ThreadId(2)] [class_dump] com.mojang.serialization.Encoder$2
[1027|t+16956ms|ThreadId(2)] [class_dump] com.mojang.serialization.Encoder$4
[1028|t+16957ms|ThreadId(2)] [class_dump] com.mojang.serialization.JavaOps
[1029|t+16957ms|ThreadId(2)] [class_dump] com.mojang.serialization.JsonOps
[1030|t+16957ms|ThreadId(2)] [class_dump] com.mojang.serialization.Keyable
[1031|t+16957ms|ThreadId(2)] [class_dump] com.mojang.serialization.Lifecycle
[1032|t+16958ms|ThreadId(2)] [class_dump] com.mojang.serialization.Lifecycle$1
[1033|t+16958ms|ThreadId(2)] [class_dump] com.mojang.serialization.Lifecycle$2
[1034|t+16959ms|ThreadId(2)] [class_dump] com.mojang.serialization.Lifecycle$Deprecated
[1035|t+16959ms|ThreadId(2)] [class_dump] com.mojang.serialization.ListBuilder
[1036|t+16959ms|ThreadId(2)] [class_dump] com.mojang.serialization.MapCodec
[1037|t+16960ms|ThreadId(2)] [class_dump] com.mojang.serialization.MapCodec$$Lambda/0x00000008002061e8
[1038|t+16960ms|ThreadId(2)] [class_dump] com.mojang.serialization.MapCodec$$Lambda/0x00000008002482d0
[1039|t+16960ms|ThreadId(2)] [class_dump] com.mojang.serialization.MapCodec$$Lambda/0x0000000800268ce0
[1040|t+16960ms|ThreadId(2)] [class_dump] com.mojang.serialization.MapCodec$$Lambda/0x00000008004c55b8
[1041|t+16961ms|ThreadId(2)] [class_dump] com.mojang.serialization.MapCodec$$Lambda/0x00000008004cc000
[1042|t+16961ms|ThreadId(2)] [class_dump] com.mojang.serialization.MapCodec$$Lambda/0x00000008004cc230
[1043|t+16961ms|ThreadId(2)] [class_dump] com.mojang.serialization.MapCodec$$Lambda/0x00000008004e5e58
[1044|t+16962ms|ThreadId(2)] [class_dump] com.mojang.serialization.MapCodec$1
[1045|t+16962ms|ThreadId(2)] [class_dump] com.mojang.serialization.MapCodec$10
[1046|t+16962ms|ThreadId(2)] [class_dump] com.mojang.serialization.MapCodec$11
[1047|t+16962ms|ThreadId(2)] [class_dump] com.mojang.serialization.MapCodec$2
[1048|t+16963ms|ThreadId(2)] [class_dump] com.mojang.serialization.MapCodec$3
[1049|t+16963ms|ThreadId(2)] [class_dump] com.mojang.serialization.MapCodec$4
[1050|t+16964ms|ThreadId(2)] [class_dump] com.mojang.serialization.MapCodec$6
[1051|t+16964ms|ThreadId(2)] [class_dump] com.mojang.serialization.MapCodec$Dependent
[1052|t+16964ms|ThreadId(2)] [class_dump] com.mojang.serialization.MapCodec$MapCodecCodec
[1053|t+16965ms|ThreadId(2)] [class_dump] com.mojang.serialization.MapCodec$RecursiveMapCodec
[1054|t+16965ms|ThreadId(2)] [class_dump] com.mojang.serialization.MapCodec$RecursiveMapCodec$$Lambda/0x0000000800677cc8
[1055|t+16965ms|ThreadId(2)] [class_dump] com.mojang.serialization.MapCodec$ResultFunction
[1056|t+16966ms|ThreadId(2)] [class_dump] com.mojang.serialization.MapDecoder
[1057|t+16966ms|ThreadId(2)] [class_dump] com.mojang.serialization.MapDecoder$3
[1058|t+16967ms|ThreadId(2)] [class_dump] com.mojang.serialization.MapDecoder$4
[1059|t+16967ms|ThreadId(2)] [class_dump] com.mojang.serialization.MapDecoder$Implementation
[1060|t+16967ms|ThreadId(2)] [class_dump] com.mojang.serialization.MapEncoder
[1061|t+16967ms|ThreadId(2)] [class_dump] com.mojang.serialization.MapEncoder$1
[1062|t+16968ms|ThreadId(2)] [class_dump] com.mojang.serialization.MapEncoder$2
[1063|t+16968ms|ThreadId(2)] [class_dump] com.mojang.serialization.MapEncoder$Implementation
[1064|t+16968ms|ThreadId(2)] [class_dump] com.mojang.serialization.MapLike
[1065|t+16968ms|ThreadId(2)] [class_dump] com.mojang.serialization.RecordBuilder
[1066|t+16969ms|ThreadId(2)] [class_dump] com.mojang.serialization.codecs.BaseMapCodec
[1067|t+16969ms|ThreadId(2)] [class_dump] com.mojang.serialization.codecs.DispatchedMapCodec
[1068|t+16969ms|ThreadId(2)] [class_dump] com.mojang.serialization.codecs.EitherCodec
[1069|t+16970ms|ThreadId(2)] [class_dump] com.mojang.serialization.codecs.EitherMapCodec
[1070|t+16970ms|ThreadId(2)] [class_dump] com.mojang.serialization.codecs.FieldDecoder
[1071|t+16970ms|ThreadId(2)] [class_dump] com.mojang.serialization.codecs.FieldEncoder
[1072|t+16970ms|ThreadId(2)] [class_dump] com.mojang.serialization.codecs.KeyDispatchCodec
[1073|t+16971ms|ThreadId(2)] [class_dump] com.mojang.serialization.codecs.KeyDispatchCodec$$Lambda/0x00000008004cc460
[1074|t+16971ms|ThreadId(2)] [class_dump] com.mojang.serialization.codecs.ListCodec
[1075|t+16971ms|ThreadId(2)] [class_dump] com.mojang.serialization.codecs.OptionalFieldCodec
[1076|t+16972ms|ThreadId(2)] [class_dump] com.mojang.serialization.codecs.PairMapCodec
[1077|t+16972ms|ThreadId(2)] [class_dump] com.mojang.serialization.codecs.PrimitiveCodec
[1078|t+16972ms|ThreadId(2)] [class_dump] com.mojang.serialization.codecs.RecordCodecBuilder
[1079|t+16972ms|ThreadId(2)] [class_dump] com.mojang.serialization.codecs.RecordCodecBuilder$$Lambda/0x0000000800224c20
[1080|t+16973ms|ThreadId(2)] [class_dump] com.mojang.serialization.codecs.RecordCodecBuilder$$Lambda/0x0000000800225a10
[1081|t+16973ms|ThreadId(2)] [class_dump] com.mojang.serialization.codecs.RecordCodecBuilder$$Lambda/0x000000080022c000
[1082|t+16973ms|ThreadId(2)] [class_dump] com.mojang.serialization.codecs.RecordCodecBuilder$2
[1083|t+16974ms|ThreadId(2)] [class_dump] com.mojang.serialization.codecs.RecordCodecBuilder$Instance
[1084|t+16974ms|ThreadId(2)] [class_dump] com.mojang.serialization.codecs.RecordCodecBuilder$Instance$$Lambda/0x000000080022c718
[1085|t+16974ms|ThreadId(2)] [class_dump] com.mojang.serialization.codecs.RecordCodecBuilder$Instance$$Lambda/0x000000080022c950
[1086|t+16974ms|ThreadId(2)] [class_dump] com.mojang.serialization.codecs.RecordCodecBuilder$Instance$$Lambda/0x000000080023e000
[1087|t+16975ms|ThreadId(2)] [class_dump] com.mojang.serialization.codecs.RecordCodecBuilder$Instance$$Lambda/0x000000080023e238
[1088|t+16975ms|ThreadId(2)] [class_dump] com.mojang.serialization.codecs.RecordCodecBuilder$Instance$$Lambda/0x0000000800446aa8
[1089|t+16975ms|ThreadId(2)] [class_dump] com.mojang.serialization.codecs.RecordCodecBuilder$Instance$$Lambda/0x0000000800446ce0
[1090|t+16975ms|ThreadId(2)] [class_dump] com.mojang.serialization.codecs.RecordCodecBuilder$Instance$$Lambda/0x0000000800446f18
[1091|t+16976ms|ThreadId(2)] [class_dump] com.mojang.serialization.codecs.RecordCodecBuilder$Instance$$Lambda/0x000000080048a480
[1092|t+16976ms|ThreadId(2)] [class_dump] com.mojang.serialization.codecs.RecordCodecBuilder$Instance$$Lambda/0x00000008004e1d68
[1093|t+16976ms|ThreadId(2)] [class_dump] com.mojang.serialization.codecs.RecordCodecBuilder$Instance$$Lambda/0x00000008004e1fa0
[1094|t+16976ms|ThreadId(2)] [class_dump] com.mojang.serialization.codecs.RecordCodecBuilder$Instance$1
[1095|t+16977ms|ThreadId(2)] [class_dump] com.mojang.serialization.codecs.RecordCodecBuilder$Instance$3
[1096|t+16977ms|ThreadId(2)] [class_dump] com.mojang.serialization.codecs.RecordCodecBuilder$Instance$5
[1097|t+16977ms|ThreadId(2)] [class_dump] com.mojang.serialization.codecs.RecordCodecBuilder$Instance$7
[1098|t+16977ms|ThreadId(2)] [class_dump] com.mojang.serialization.codecs.UnboundedMapCodec
[1099|t+16977ms|ThreadId(2)] [class_dump] com.mojang.util.UndashedUuid
[1100|t+16978ms|ThreadId(2)] [class_dump] crd → net.minecraft.world.entity.ai.navigation.GroundPathNavigation
[1101|t+16978ms|ThreadId(2)] [class_dump] cre → net.minecraft.world.entity.ai.navigation.PathNavigation
[1102|t+16978ms|ThreadId(2)] [class_dump] ct → net.minecraft.advancements.criterion.NbtPredicate
[1103|t+16978ms|ThreadId(2)] [class_dump] cta → net.minecraft.world.entity.ai.village.poi.PoiType
[1104|t+16979ms|ThreadId(2)] [class_dump] ctb → net.minecraft.world.entity.ai.village.poi.PoiTypes
[1105|t+16979ms|ThreadId(2)] [class_dump] cth → net.minecraft.world.entity.animal.Animal
[1106|t+16979ms|ThreadId(2)] [class_dump] cti → net.minecraft.world.entity.animal.Bucketable
[1107|t+16979ms|ThreadId(2)] [class_dump] cup → net.minecraft.world.entity.animal.equine.AbstractHorse
[1108|t+16980ms|ThreadId(2)] [class_dump] cuv → net.minecraft.world.entity.animal.equine.SkeletonHorse
[1109|t+16980ms|ThreadId(2)] [class_dump] cvg → net.minecraft.world.entity.animal.fish.AbstractFish
[1110|t+16980ms|ThreadId(2)] [class_dump] cvm → net.minecraft.world.entity.animal.fish.WaterAnimal
[1111|t+16980ms|ThreadId(2)] [class_dump] cvv → net.minecraft.world.entity.animal.frog.Tadpole
[1112|t+16981ms|ThreadId(2)] [class_dump] cwb → net.minecraft.world.entity.animal.golem.AbstractGolem
[1113|t+16981ms|ThreadId(2)] [class_dump] cwc → net.minecraft.world.entity.animal.golem.CopperGolem
[1114|t+16981ms|ThreadId(2)] [class_dump] cwh → net.minecraft.world.entity.animal.golem.IronGolem
[1115|t+16981ms|ThreadId(2)] [class_dump] cwi → net.minecraft.world.entity.animal.golem.SnowGolem
[1116|t+16982ms|ThreadId(2)] [class_dump] cwk → net.minecraft.world.entity.animal.happyghast.HappyGhast
[1117|t+16982ms|ThreadId(2)] [class_dump] cxm → net.minecraft.world.entity.animal.sniffer.Sniffer
[1118|t+16982ms|ThreadId(2)] [class_dump] cxs → net.minecraft.world.entity.animal.turtle.Turtle
[1119|t+16982ms|ThreadId(2)] [class_dump] cxv → net.minecraft.world.entity.animal.wolf.WolfSoundVariant
[1120|t+16983ms|ThreadId(2)] [class_dump] cyc → net.minecraft.world.entity.boss.enderdragon.EnderDragon
[1121|t+16983ms|ThreadId(2)] [class_dump] cyw → net.minecraft.world.entity.boss.wither.WitherBoss
[1122|t+16983ms|ThreadId(2)] [class_dump] cyz → net.minecraft.world.entity.decoration.BlockAttachedEntity
[1123|t+16983ms|ThreadId(2)] [class_dump] czd → net.minecraft.world.entity.decoration.LeashFenceKnotEntity
[1124|t+16984ms|ThreadId(2)] [class_dump] czk → net.minecraft.world.entity.item.FallingBlockEntity
[1125|t+16984ms|ThreadId(2)] [class_dump] czl → net.minecraft.world.entity.item.ItemEntity
[1126|t+16984ms|ThreadId(2)] [class_dump] czm → net.minecraft.world.entity.item.PrimedTnt
[1127|t+16984ms|ThreadId(2)] [class_dump] czu → net.minecraft.world.entity.monster.Enemy
[1128|t+16985ms|ThreadId(2)] [class_dump] czz → net.minecraft.world.entity.monster.Monster
[1129|t+16985ms|ThreadId(2)] [class_dump] dac → net.minecraft.world.entity.monster.RangedAttackMob
[1130|t+16985ms|ThreadId(2)] [class_dump] daf → net.minecraft.world.entity.monster.Silverfish
[1131|t+16985ms|ThreadId(2)] [class_dump] dag → net.minecraft.world.entity.monster.Slime
[1132|t+16986ms|ThreadId(2)] [class_dump] dda → net.minecraft.world.entity.npc.villager.VillagerProfession
[1133|t+16986ms|ThreadId(2)] [class_dump] ddc → net.minecraft.world.entity.npc.villager.VillagerType
[1134|t+16987ms|ThreadId(2)] [class_dump] ddm → net.minecraft.world.entity.player.Player
[1135|t+16987ms|ThreadId(2)] [class_dump] dec → net.minecraft.world.entity.projectile.Projectile
[1136|t+16987ms|ThreadId(2)] [class_dump] deh → net.minecraft.world.entity.projectile.arrow.AbstractArrow
[1137|t+16987ms|ThreadId(2)] [class_dump] dfs → net.minecraft.world.entity.variant.SpawnConditions
[1138|t+16988ms|ThreadId(2)] [class_dump] dgw → net.minecraft.world.flag.FeatureElement
[1139|t+16988ms|ThreadId(2)] [class_dump] dgx → net.minecraft.world.flag.FeatureFlag
[1140|t+16988ms|ThreadId(2)] [class_dump] dgy → net.minecraft.world.flag.FeatureFlagRegistry
[1141|t+16989ms|ThreadId(2)] [class_dump] dgz → net.minecraft.world.flag.FeatureFlagSet
[1142|t+16989ms|ThreadId(2)] [class_dump] dha → net.minecraft.world.flag.FeatureFlagUniverse
[1143|t+16989ms|ThreadId(2)] [class_dump] dhb → net.minecraft.world.flag.FeatureFlags
[1144|t+16989ms|ThreadId(2)] [class_dump] dhf → net.minecraft.world.food.FoodProperties
[1145|t+16990ms|ThreadId(2)] [class_dump] dhi → net.minecraft.world.inventory.AbstractContainerMenu
[1146|t+16990ms|ThreadId(2)] [class_dump] dhj → net.minecraft.world.inventory.AbstractCraftingMenu
[1147|t+16990ms|ThreadId(2)] [class_dump] dhm → net.minecraft.world.inventory.AnvilMenu
[1148|t+16991ms|ThreadId(2)] [class_dump] dhr → net.minecraft.world.inventory.CartographyTableMenu
[1149|t+16992ms|ThreadId(2)] [class_dump] dhs → net.minecraft.world.inventory.ChestMenu
[1150|t+16992ms|ThreadId(2)] [class_dump] dib → net.minecraft.world.inventory.CraftingContainer
[1151|t+16992ms|ThreadId(2)] [class_dump] dic → net.minecraft.world.inventory.CraftingMenu
[1152|t+16992ms|ThreadId(2)] [class_dump] dif → net.minecraft.world.inventory.EnchantmentMenu
[1153|t+16993ms|ThreadId(2)] [class_dump] dij → net.minecraft.world.inventory.GrindstoneMenu
[1154|t+16994ms|ThreadId(2)] [class_dump] dik → net.minecraft.world.inventory.HopperMenu
[1155|t+16994ms|ThreadId(2)] [class_dump] din → net.minecraft.world.inventory.ItemCombinerMenu
[1156|t+16994ms|ThreadId(2)] [class_dump] diq → net.minecraft.world.inventory.LoomMenu
[1157|t+16995ms|ThreadId(2)] [class_dump] dir → net.minecraft.world.inventory.MenuConstructor
[1158|t+16995ms|ThreadId(2)] [class_dump] diz → net.minecraft.world.inventory.RecipeBookMenu
[1159|t+16995ms|ThreadId(2)] [class_dump] djb → net.minecraft.world.inventory.RecipeCraftingHolder
[1160|t+16996ms|ThreadId(2)] [class_dump] djl → net.minecraft.world.inventory.SmithingMenu
[1161|t+16996ms|ThreadId(2)] [class_dump] djn → net.minecraft.world.inventory.StackedContentsCompatible
[1162|t+16997ms|ThreadId(2)] [class_dump] djo → net.minecraft.world.inventory.StonecutterMenu
[1163|t+16997ms|ThreadId(2)] [class_dump] djs → net.minecraft.world.inventory.tooltip.TooltipComponent
[1164|t+16997ms|ThreadId(2)] [class_dump] dju → net.minecraft.world.item.AdventureModePredicate
[1165|t+16998ms|ThreadId(2)] [class_dump] djv → net.minecraft.world.item.AirItem
[1166|t+16998ms|ThreadId(2)] [class_dump] djy → net.minecraft.world.item.AxeItem
[1167|t+16998ms|ThreadId(2)] [class_dump] djz → net.minecraft.world.item.BannerItem
[1168|t+16999ms|ThreadId(2)] [class_dump] dkb → net.minecraft.world.item.BlockItem
[1169|t+16999ms|ThreadId(2)] [class_dump] dkc → net.minecraft.world.item.BoatItem
[1170|t+16999ms|ThreadId(2)] [class_dump] dkh → net.minecraft.world.item.BucketItem
[1171|t+17000ms|ThreadId(2)] [class_dump] dkk → net.minecraft.world.item.CreativeModeTab
[1172|t+17000ms|ThreadId(2)] [class_dump] dkl → net.minecraft.world.item.CreativeModeTabs
[1173|t+17000ms|ThreadId(2)] [class_dump] dkm → net.minecraft.world.item.CrossbowItem
[1174|t+17001ms|ThreadId(2)] [class_dump] dkp → net.minecraft.world.item.DispensibleContainerItem
[1175|t+17001ms|ThreadId(2)] [class_dump] dkr → net.minecraft.world.item.DyeColor
[1176|t+17001ms|ThreadId(2)] [class_dump] dks → net.minecraft.world.item.DyeItem
[1177|t+17002ms|ThreadId(2)] [class_dump] dku → net.minecraft.world.item.EitherHolder
[1178|t+17002ms|ThreadId(2)] [class_dump] dl → net.minecraft.advancements.criterion.StatePropertiesPredicate
[1179|t+17003ms|ThreadId(2)] [class_dump] dle → net.minecraft.world.item.FoodOnAStickItem
[1180|t+17003ms|ThreadId(2)] [class_dump] dlh → net.minecraft.world.item.HangingEntityItem
[1181|t+17004ms|ThreadId(2)] [class_dump] dli → net.minecraft.world.item.HangingSignItem
[1182|t+17004ms|ThreadId(2)] [class_dump] dlj → net.minecraft.world.item.HoeItem
[1183|t+17005ms|ThreadId(2)] [class_dump] dlp → net.minecraft.world.item.Item
[1184|t+17005ms|ThreadId(2)] [class_dump] dls → net.minecraft.world.item.ItemFrameItem
[1185|t+17005ms|ThreadId(2)] [class_dump] dlt → net.minecraft.world.item.ItemStack
[1186|t+17006ms|ThreadId(2)] [class_dump] dlv → net.minecraft.world.item.ItemUseAnimation
[1187|t+17006ms|ThreadId(2)] [class_dump] dlx → net.minecraft.world.item.Items
[1188|t+17006ms|ThreadId(2)] [class_dump] dmh → net.minecraft.world.item.MinecartItem
[1189|t+17007ms|ThreadId(2)] [class_dump] dmi → net.minecraft.world.item.MobBucketItem
[1190|t+17007ms|ThreadId(2)] [class_dump] dml → net.minecraft.world.item.PlayerHeadItem
[1191|t+17007ms|ThreadId(2)] [class_dump] dmo → net.minecraft.world.item.ProjectileWeaponItem
[1192|t+17008ms|ThreadId(2)] [class_dump] dmp → net.minecraft.world.item.Rarity
[1193|t+17008ms|ThreadId(2)] [class_dump] dmu → net.minecraft.world.item.ShovelItem
[1194|t+17008ms|ThreadId(2)] [class_dump] dmv → net.minecraft.world.item.SignApplicator
[1195|t+17009ms|ThreadId(2)] [class_dump] dmw → net.minecraft.world.item.SignItem
[1196|t+17009ms|ThreadId(2)] [class_dump] dmz → net.minecraft.world.item.SolidBucketItem
[1197|t+17009ms|ThreadId(2)] [class_dump] dne → net.minecraft.world.item.StandingAndWallBlockItem
[1198|t+17009ms|ThreadId(2)] [class_dump] dnf → net.minecraft.world.item.SwingAnimationType
[1199|t+17010ms|ThreadId(2)] [class_dump] dnj → net.minecraft.world.item.TooltipFlag
[1200|t+17010ms|ThreadId(2)] [class_dump] dnp → net.minecraft.world.item.alchemy.Potion
[1201|t+17010ms|ThreadId(2)] [class_dump] dnr → net.minecraft.world.item.alchemy.PotionContents
[1202|t+17011ms|ThreadId(2)] [class_dump] dns → net.minecraft.world.item.alchemy.Potions
[1203|t+17011ms|ThreadId(2)] [class_dump] dnu → net.minecraft.world.item.component.AttackRange
[1204|t+17011ms|ThreadId(2)] [class_dump] dnx → net.minecraft.world.item.component.BlocksAttacks
[1205|t+17011ms|ThreadId(2)] [class_dump] dny → net.minecraft.world.item.component.BookContent
[1206|t+17012ms|ThreadId(2)] [class_dump] dnz → net.minecraft.world.item.component.BundleContents
[1207|t+17012ms|ThreadId(2)] [class_dump] doa → net.minecraft.world.item.component.ChargedProjectiles
[1208|t+17012ms|ThreadId(2)] [class_dump] dob → net.minecraft.world.item.component.Consumable
[1209|t+17013ms|ThreadId(2)] [class_dump] doc → net.minecraft.world.item.component.ConsumableListener
[1210|t+17013ms|ThreadId(2)] [class_dump] doe → net.minecraft.world.item.component.CustomData
[1211|t+17013ms|ThreadId(2)] [class_dump] dof → net.minecraft.world.item.component.CustomModelData
[1212|t+17014ms|ThreadId(2)] [class_dump] dog → net.minecraft.world.item.component.DamageResistant
[1213|t+17014ms|ThreadId(2)] [class_dump] doh → net.minecraft.world.item.component.DeathProtection
[1214|t+17014ms|ThreadId(2)] [class_dump] doj → net.minecraft.world.item.component.DyedItemColor
[1215|t+17015ms|ThreadId(2)] [class_dump] don → net.minecraft.world.item.component.ItemAttributeModifiers
[1216|t+17015ms|ThreadId(2)] [class_dump] dop → net.minecraft.world.item.component.ItemLore
[1217|t+17015ms|ThreadId(2)] [class_dump] doq → net.minecraft.world.item.component.KineticWeapon
[1218|t+17016ms|ThreadId(2)] [class_dump] dos → net.minecraft.world.item.component.MapDecorations
[1219|t+17016ms|ThreadId(2)] [class_dump] dot → net.minecraft.world.item.component.MapItemColor
[1220|t+17016ms|ThreadId(2)] [class_dump] dou → net.minecraft.world.item.component.MapPostProcessing
[1221|t+17016ms|ThreadId(2)] [class_dump] dow → net.minecraft.world.item.component.PiercingWeapon
[1222|t+17017ms|ThreadId(2)] [class_dump] dpa → net.minecraft.world.item.component.SuspiciousStewEffects
[1223|t+17017ms|ThreadId(2)] [class_dump] dpb → net.minecraft.world.item.component.SwingAnimation
[1224|t+17017ms|ThreadId(2)] [class_dump] dpc → net.minecraft.world.item.component.Tool
[1225|t+17018ms|ThreadId(2)] [class_dump] dpd → net.minecraft.world.item.component.TooltipDisplay
[1226|t+17018ms|ThreadId(2)] [class_dump] dpe → net.minecraft.world.item.component.TooltipProvider
[1227|t+17018ms|ThreadId(2)] [class_dump] dpg → net.minecraft.world.item.component.UseCooldown
[1228|t+17018ms|ThreadId(2)] [class_dump] dph → net.minecraft.world.item.component.UseEffects
[1229|t+17019ms|ThreadId(2)] [class_dump] dpi → net.minecraft.world.item.component.UseRemainder
[1230|t+17019ms|ThreadId(2)] [class_dump] dpj → net.minecraft.world.item.component.Weapon
[1231|t+17019ms|ThreadId(2)] [class_dump] dpk → net.minecraft.world.item.component.WritableBookContent
[1232|t+17020ms|ThreadId(2)] [class_dump] dpl → net.minecraft.world.item.component.WrittenBookContent
[1233|t+17020ms|ThreadId(2)] [class_dump] dpn → net.minecraft.world.item.consume_effects.ApplyStatusEffectsConsumeEffect
[1234|t+17020ms|ThreadId(2)] [class_dump] dpo → net.minecraft.world.item.consume_effects.ClearAllStatusEffectsConsumeEffect
[1235|t+17020ms|ThreadId(2)] [class_dump] dpp → net.minecraft.world.item.consume_effects.ConsumeEffect
[1236|t+17021ms|ThreadId(2)] [class_dump] dqk → net.minecraft.world.item.crafting.ExtendedRecipeBookCategory
[1237|t+17021ms|ThreadId(2)] [class_dump] dqt → net.minecraft.world.item.crafting.RecipeAccess
[1238|t+17021ms|ThreadId(2)] [class_dump] dqu → net.minecraft.world.item.crafting.RecipeBookCategories
[1239|t+17021ms|ThreadId(2)] [class_dump] dqv → net.minecraft.world.item.crafting.RecipeBookCategory
[1240|t+17022ms|ThreadId(2)] [class_dump] dqw → net.minecraft.world.item.crafting.RecipeCache
[1241|t+17022ms|ThreadId(2)] [class_dump] dqy → net.minecraft.world.item.crafting.RecipeInput
[1242|t+17022ms|ThreadId(2)] [class_dump] dsb → net.minecraft.world.item.crafting.display.RecipeDisplays
[1243|t+17022ms|ThreadId(2)] [class_dump] dsg → net.minecraft.world.item.crafting.display.SlotDisplays
[1244|t+17023ms|ThreadId(2)] [class_dump] dsl → net.minecraft.world.item.enchantment.ConditionalEffect
[1245|t+17023ms|ThreadId(2)] [class_dump] dsm → net.minecraft.world.item.enchantment.Enchantable
[1246|t+17023ms|ThreadId(2)] [class_dump] dso → net.minecraft.world.item.enchantment.Enchantment
[1247|t+17023ms|ThreadId(2)] [class_dump] dsp → net.minecraft.world.item.enchantment.EnchantmentEffectComponents
[1248|t+17024ms|ThreadId(2)] [class_dump] dss → net.minecraft.world.item.enchantment.EnchantmentTarget
[1249|t+17024ms|ThreadId(2)] [class_dump] dsu → net.minecraft.world.item.enchantment.ItemEnchantments
[1250|t+17024ms|ThreadId(2)] [class_dump] dsv → net.minecraft.world.item.enchantment.LevelBasedValue
[1251|t+17024ms|ThreadId(2)] [class_dump] dsw → net.minecraft.world.item.enchantment.Repairable
[1252|t+17025ms|ThreadId(2)] [class_dump] dsx → net.minecraft.world.item.enchantment.TargetedConditionalEffect
[1253|t+17025ms|ThreadId(2)] [class_dump] dtf → net.minecraft.world.item.enchantment.effects.DamageImmunity
[1254|t+17025ms|ThreadId(2)] [class_dump] dtg → net.minecraft.world.item.enchantment.effects.EnchantmentAttributeEffect
[1255|t+17025ms|ThreadId(2)] [class_dump] dth → net.minecraft.world.item.enchantment.effects.EnchantmentEntityEffect
[1256|t+17026ms|ThreadId(2)] [class_dump] dti → net.minecraft.world.item.enchantment.effects.EnchantmentLocationBasedEffect
[1257|t+17026ms|ThreadId(2)] [class_dump] dtj → net.minecraft.world.item.enchantment.effects.EnchantmentValueEffect
[1258|t+17026ms|ThreadId(2)] [class_dump] dua → net.minecraft.world.item.enchantment.providers.EnchantmentProviderTypes
[1259|t+17026ms|ThreadId(2)] [class_dump] dum → net.minecraft.world.item.equipment.EquipmentAssets
[1260|t+17027ms|ThreadId(2)] [class_dump] dun → net.minecraft.world.item.equipment.Equippable
[1261|t+17027ms|ThreadId(2)] [class_dump] dup → net.minecraft.world.item.equipment.trim.ArmorTrim
[1262|t+17027ms|ThreadId(2)] [class_dump] dvg → net.minecraft.world.item.slot.SlotSources
[1263|t+17027ms|ThreadId(2)] [class_dump] dvq → net.minecraft.world.level.BlockAndTintGetter
[1264|t+17028ms|ThreadId(2)] [class_dump] dvt → net.minecraft.world.level.BlockGetter
[1265|t+17028ms|ThreadId(2)] [class_dump] dvx → net.minecraft.world.level.CollisionGetter
[1266|t+17028ms|ThreadId(2)] [class_dump] dwa → net.minecraft.world.level.CommonLevelAccessor
[1267|t+17029ms|ThreadId(2)] [class_dump] dwf → net.minecraft.world.level.EmptyBlockGetter
[1268|t+17029ms|ThreadId(2)] [class_dump] dwh → net.minecraft.world.level.EntityGetter
[1269|t+17029ms|ThreadId(2)] [class_dump] dwj → net.minecraft.world.level.ExplosionDamageCalculator
[1270|t+17029ms|ThreadId(2)] [class_dump] dwn → net.minecraft.world.level.ItemLike
[1271|t+17030ms|ThreadId(2)] [class_dump] dwo → net.minecraft.world.level.Level
[1272|t+17030ms|ThreadId(2)] [class_dump] dwp → net.minecraft.world.level.LevelAccessor
[1273|t+17030ms|ThreadId(2)] [class_dump] dwq → net.minecraft.world.level.LevelHeightAccessor
[1274|t+17030ms|ThreadId(2)] [class_dump] dwr → net.minecraft.world.level.LevelReader
[1275|t+17031ms|ThreadId(2)] [class_dump] dwt → net.minecraft.world.level.LevelSimulatedRW
[1276|t+17031ms|ThreadId(2)] [class_dump] dwu → net.minecraft.world.level.LevelSimulatedReader
[1277|t+17031ms|ThreadId(2)] [class_dump] dwv → net.minecraft.world.level.LevelWriter
[1278|t+17031ms|ThreadId(2)] [class_dump] dx → net.minecraft.commands.BrigadierExceptions
[1279|t+17032ms|ThreadId(2)] [class_dump] dxd → net.minecraft.world.level.ScheduledTickAccess
[1280|t+17032ms|ThreadId(2)] [class_dump] dxf → net.minecraft.world.level.ServerLevelAccessor
[1281|t+17032ms|ThreadId(2)] [class_dump] dxg → net.minecraft.world.level.SignalGetter
[1282|t+17033ms|ThreadId(2)] [class_dump] dxj → net.minecraft.world.level.Spawner
[1283|t+17033ms|ThreadId(2)] [class_dump] dxn → net.minecraft.world.level.WorldGenLevel
[1284|t+17033ms|ThreadId(2)] [class_dump] dxo → net.minecraft.world.level.biome.Biome
[1285|t+17033ms|ThreadId(2)] [class_dump] dxt → net.minecraft.world.level.biome.BiomeSources
[1286|t+17034ms|ThreadId(2)] [class_dump] dyh → net.minecraft.world.level.block.AbstractBannerBlock
[1287|t+17034ms|ThreadId(2)] [class_dump] dyi → net.minecraft.world.level.block.AbstractCandleBlock
[1288|t+17034ms|ThreadId(2)] [class_dump] dyj → net.minecraft.world.level.block.AbstractCauldronBlock
[1289|t+17035ms|ThreadId(2)] [class_dump] dyk → net.minecraft.world.level.block.AbstractChestBlock
[1290|t+17035ms|ThreadId(2)] [class_dump] dyl → net.minecraft.world.level.block.AbstractFurnaceBlock
[1291|t+17035ms|ThreadId(2)] [class_dump] dym → net.minecraft.world.level.block.AbstractSkullBlock
[1292|t+17036ms|ThreadId(2)] [class_dump] dyn → net.minecraft.world.level.block.AirBlock
[1293|t+17036ms|ThreadId(2)] [class_dump] dyo → net.minecraft.world.level.block.AmethystBlock
[1294|t+17036ms|ThreadId(2)] [class_dump] dyp → net.minecraft.world.level.block.AmethystClusterBlock
[1295|t+17036ms|ThreadId(2)] [class_dump] dyq → net.minecraft.world.level.block.AnvilBlock
[1296|t+17037ms|ThreadId(2)] [class_dump] dyr → net.minecraft.world.level.block.AttachedStemBlock
[1297|t+17037ms|ThreadId(2)] [class_dump] dys → net.minecraft.world.level.block.AzaleaBlock
[1298|t+17037ms|ThreadId(2)] [class_dump] dyt → net.minecraft.world.level.block.BambooSaplingBlock
[1299|t+17037ms|ThreadId(2)] [class_dump] dyu → net.minecraft.world.level.block.BambooStalkBlock
[1300|t+17038ms|ThreadId(2)] [class_dump] dyv → net.minecraft.world.level.block.BannerBlock
[1301|t+17038ms|ThreadId(2)] [class_dump] dyw → net.minecraft.world.level.block.BarrelBlock
[1302|t+17038ms|ThreadId(2)] [class_dump] dyx → net.minecraft.world.level.block.BarrierBlock
[1303|t+17039ms|ThreadId(2)] [class_dump] dyy → net.minecraft.world.level.block.BaseCoralFanBlock
[1304|t+17039ms|ThreadId(2)] [class_dump] dyz → net.minecraft.world.level.block.BaseCoralPlantBlock
[1305|t+17039ms|ThreadId(2)] [class_dump] dza → net.minecraft.world.level.block.BaseCoralPlantTypeBlock
[1306|t+17039ms|ThreadId(2)] [class_dump] dzb → net.minecraft.world.level.block.BaseCoralWallFanBlock
[1307|t+17040ms|ThreadId(2)] [class_dump] dzc → net.minecraft.world.level.block.BaseEntityBlock
[1308|t+17040ms|ThreadId(2)] [class_dump] dzd → net.minecraft.world.level.block.BaseFireBlock
[1309|t+17041ms|ThreadId(2)] [class_dump] dze → net.minecraft.world.level.block.BasePressurePlateBlock
[1310|t+17041ms|ThreadId(2)] [class_dump] dzf → net.minecraft.world.level.block.BaseRailBlock
[1311|t+17042ms|ThreadId(2)] [class_dump] dzg → net.minecraft.world.level.block.BaseTorchBlock
[1312|t+17042ms|ThreadId(2)] [class_dump] dzh → net.minecraft.world.level.block.BeaconBeamBlock
[1313|t+17043ms|ThreadId(2)] [class_dump] dzi → net.minecraft.world.level.block.BeaconBlock
[1314|t+17043ms|ThreadId(2)] [class_dump] dzj → net.minecraft.world.level.block.BedBlock
[1315|t+17044ms|ThreadId(2)] [class_dump] dzk → net.minecraft.world.level.block.BeehiveBlock
[1316|t+17044ms|ThreadId(2)] [class_dump] dzl → net.minecraft.world.level.block.BeetrootBlock
[1317|t+17045ms|ThreadId(2)] [class_dump] dzm → net.minecraft.world.level.block.BellBlock
[1318|t+17045ms|ThreadId(2)] [class_dump] dzn → net.minecraft.world.level.block.BigDripleafBlock
[1319|t+17045ms|ThreadId(2)] [class_dump] dzo → net.minecraft.world.level.block.BigDripleafStemBlock
[1320|t+17046ms|ThreadId(2)] [class_dump] dzp → net.minecraft.world.level.block.BlastFurnaceBlock
[1321|t+17046ms|ThreadId(2)] [class_dump] dzq → net.minecraft.world.level.block.Block
[1322|t+17046ms|ThreadId(2)] [class_dump] dzr → net.minecraft.world.level.block.BlockTypes
[1323|t+17047ms|ThreadId(2)] [class_dump] dzs → net.minecraft.world.level.block.Blocks
[1324|t+17047ms|ThreadId(2)] [class_dump] dzt → net.minecraft.world.level.block.BonemealableBlock
[1325|t+17047ms|ThreadId(2)] [class_dump] dzu → net.minecraft.world.level.block.BonemealableFeaturePlacerBlock
[1326|t+17047ms|ThreadId(2)] [class_dump] dzv → net.minecraft.world.level.block.BrewingStandBlock
[1327|t+17048ms|ThreadId(2)] [class_dump] dzw → net.minecraft.world.level.block.BrushableBlock
[1328|t+17048ms|ThreadId(2)] [class_dump] dzx → net.minecraft.world.level.block.BubbleColumnBlock
[1329|t+17048ms|ThreadId(2)] [class_dump] dzy → net.minecraft.world.level.block.BucketPickup
[1330|t+17049ms|ThreadId(2)] [class_dump] dzz → net.minecraft.world.level.block.BuddingAmethystBlock
[1331|t+17049ms|ThreadId(2)] [class_dump] eaa → net.minecraft.world.level.block.BushBlock
[1332|t+17049ms|ThreadId(2)] [class_dump] eab → net.minecraft.world.level.block.ButtonBlock
[1333|t+17050ms|ThreadId(2)] [class_dump] eac → net.minecraft.world.level.block.CactusBlock
[1334|t+17050ms|ThreadId(2)] [class_dump] ead → net.minecraft.world.level.block.CactusFlowerBlock
[1335|t+17050ms|ThreadId(2)] [class_dump] eae → net.minecraft.world.level.block.CakeBlock
[1336|t+17051ms|ThreadId(2)] [class_dump] eaf → net.minecraft.world.level.block.CalibratedSculkSensorBlock
[1337|t+17051ms|ThreadId(2)] [class_dump] eag → net.minecraft.world.level.block.CampfireBlock
[1338|t+17052ms|ThreadId(2)] [class_dump] eah → net.minecraft.world.level.block.CandleBlock
[1339|t+17052ms|ThreadId(2)] [class_dump] eai → net.minecraft.world.level.block.CandleCakeBlock
[1340|t+17053ms|ThreadId(2)] [class_dump] eaj → net.minecraft.world.level.block.CarpetBlock
[1341|t+17053ms|ThreadId(2)] [class_dump] eak → net.minecraft.world.level.block.CarrotBlock
[1342|t+17053ms|ThreadId(2)] [class_dump] eal → net.minecraft.world.level.block.CartographyTableBlock
[1343|t+17054ms|ThreadId(2)] [class_dump] eam → net.minecraft.world.level.block.CarvedPumpkinBlock
[1344|t+17054ms|ThreadId(2)] [class_dump] ean → net.minecraft.world.level.block.CauldronBlock
[1345|t+17054ms|ThreadId(2)] [class_dump] eao → net.minecraft.world.level.block.CaveVines
[1346|t+17055ms|ThreadId(2)] [class_dump] eap → net.minecraft.world.level.block.CaveVinesBlock
[1347|t+17055ms|ThreadId(2)] [class_dump] eaq → net.minecraft.world.level.block.CaveVinesPlantBlock
[1348|t+17055ms|ThreadId(2)] [class_dump] ear → net.minecraft.world.level.block.CeilingHangingSignBlock
[1349|t+17055ms|ThreadId(2)] [class_dump] eas → net.minecraft.world.level.block.ChainBlock
[1350|t+17056ms|ThreadId(2)] [class_dump] eat → net.minecraft.world.level.block.ChangeOverTimeBlock
[1351|t+17056ms|ThreadId(2)] [class_dump] eau → net.minecraft.world.level.block.ChestBlock
[1352|t+17056ms|ThreadId(2)] [class_dump] eav → net.minecraft.world.level.block.ChiseledBookShelfBlock
[1353|t+17056ms|ThreadId(2)] [class_dump] eaw → net.minecraft.world.level.block.ChorusFlowerBlock
[1354|t+17057ms|ThreadId(2)] [class_dump] eax → net.minecraft.world.level.block.ChorusPlantBlock
[1355|t+17057ms|ThreadId(2)] [class_dump] eay → net.minecraft.world.level.block.CocoaBlock
[1356|t+17057ms|ThreadId(2)] [class_dump] eaz → net.minecraft.world.level.block.ColoredFallingBlock
[1357|t+17058ms|ThreadId(2)] [class_dump] eba → net.minecraft.world.level.block.CommandBlock
[1358|t+17058ms|ThreadId(2)] [class_dump] ebb → net.minecraft.world.level.block.ComparatorBlock
[1359|t+17058ms|ThreadId(2)] [class_dump] ebc → net.minecraft.world.level.block.ComposterBlock
[1360|t+17058ms|ThreadId(2)] [class_dump] ebd → net.minecraft.world.level.block.ConcretePowderBlock
[1361|t+17059ms|ThreadId(2)] [class_dump] ebe → net.minecraft.world.level.block.ConduitBlock
[1362|t+17059ms|ThreadId(2)] [class_dump] ebf → net.minecraft.world.level.block.CopperBulbBlock
[1363|t+17059ms|ThreadId(2)] [class_dump] ebg → net.minecraft.world.level.block.CopperChestBlock
[1364|t+17059ms|ThreadId(2)] [class_dump] ebh → net.minecraft.world.level.block.CopperGolemStatueBlock
[1365|t+17059ms|ThreadId(2)] [class_dump] ebi → net.minecraft.world.level.block.CoralBlock
[1366|t+17060ms|ThreadId(2)] [class_dump] ebj → net.minecraft.world.level.block.CoralFanBlock
[1367|t+17060ms|ThreadId(2)] [class_dump] ebk → net.minecraft.world.level.block.CoralPlantBlock
[1368|t+17060ms|ThreadId(2)] [class_dump] ebl → net.minecraft.world.level.block.CoralWallFanBlock
[1369|t+17061ms|ThreadId(2)] [class_dump] ebm → net.minecraft.world.level.block.CrafterBlock
[1370|t+17061ms|ThreadId(2)] [class_dump] ebn → net.minecraft.world.level.block.CraftingTableBlock
[1371|t+17061ms|ThreadId(2)] [class_dump] ebo → net.minecraft.world.level.block.CreakingHeartBlock
[1372|t+17061ms|ThreadId(2)] [class_dump] ebp → net.minecraft.world.level.block.CropBlock
[1373|t+17062ms|ThreadId(2)] [class_dump] ebq → net.minecraft.world.level.block.CrossCollisionBlock
[1374|t+17062ms|ThreadId(2)] [class_dump] ebr → net.minecraft.world.level.block.CryingObsidianBlock
[1375|t+17063ms|ThreadId(2)] [class_dump] ebs → net.minecraft.world.level.block.DaylightDetectorBlock
[1376|t+17063ms|ThreadId(2)] [class_dump] ebt → net.minecraft.world.level.block.DecoratedPotBlock
[1377|t+17063ms|ThreadId(2)] [class_dump] ebu → net.minecraft.world.level.block.DetectorRailBlock
[1378|t+17064ms|ThreadId(2)] [class_dump] ebv → net.minecraft.world.level.block.DiodeBlock
[1379|t+17064ms|ThreadId(2)] [class_dump] ebw → net.minecraft.world.level.block.DirectionalBlock
[1380|t+17064ms|ThreadId(2)] [class_dump] ebx → net.minecraft.world.level.block.DirtPathBlock
[1381|t+17064ms|ThreadId(2)] [class_dump] eby → net.minecraft.world.level.block.DispenserBlock
[1382|t+17065ms|ThreadId(2)] [class_dump] ebz → net.minecraft.world.level.block.DoorBlock
[1383|t+17065ms|ThreadId(2)] [class_dump] ec → net.minecraft.commands.CommandSource
[1384|t+17065ms|ThreadId(2)] [class_dump] ecb → net.minecraft.world.level.block.DoublePlantBlock
[1385|t+17066ms|ThreadId(2)] [class_dump] ecc → net.minecraft.world.level.block.DragonEggBlock
[1386|t+17066ms|ThreadId(2)] [class_dump] ecd → net.minecraft.world.level.block.DriedGhastBlock
[1387|t+17066ms|ThreadId(2)] [class_dump] ece → net.minecraft.world.level.block.DropExperienceBlock
[1388|t+17067ms|ThreadId(2)] [class_dump] ecf → net.minecraft.world.level.block.DropperBlock
[1389|t+17067ms|ThreadId(2)] [class_dump] ecg → net.minecraft.world.level.block.DryVegetationBlock
[1390|t+17067ms|ThreadId(2)] [class_dump] ech → net.minecraft.world.level.block.EnchantingTableBlock
[1391|t+17067ms|ThreadId(2)] [class_dump] eci → net.minecraft.world.level.block.EndGatewayBlock
[1392|t+17068ms|ThreadId(2)] [class_dump] ecj → net.minecraft.world.level.block.EndPortalBlock
[1393|t+17068ms|ThreadId(2)] [class_dump] eck → net.minecraft.world.level.block.EndPortalFrameBlock
[1394|t+17068ms|ThreadId(2)] [class_dump] ecl → net.minecraft.world.level.block.EndRodBlock
[1395|t+17068ms|ThreadId(2)] [class_dump] ecm → net.minecraft.world.level.block.EnderChestBlock
[1396|t+17069ms|ThreadId(2)] [class_dump] ecn → net.minecraft.world.level.block.EntityBlock
[1397|t+17069ms|ThreadId(2)] [class_dump] eco → net.minecraft.world.level.block.EyeblossomBlock
[1398|t+17069ms|ThreadId(2)] [class_dump] ecp → net.minecraft.world.level.block.FaceAttachedHorizontalDirectionalBlock
[1399|t+17070ms|ThreadId(2)] [class_dump] ecq → net.minecraft.world.level.block.Fallable
[1400|t+17070ms|ThreadId(2)] [class_dump] ecr → net.minecraft.world.level.block.FallingBlock
[1401|t+17070ms|ThreadId(2)] [class_dump] ecs → net.minecraft.world.level.block.FarmBlock
[1402|t+17071ms|ThreadId(2)] [class_dump] ect → net.minecraft.world.level.block.FenceBlock
[1403|t+17071ms|ThreadId(2)] [class_dump] ecu → net.minecraft.world.level.block.FenceGateBlock
[1404|t+17071ms|ThreadId(2)] [class_dump] ecv → net.minecraft.world.level.block.FireBlock
[1405|t+17072ms|ThreadId(2)] [class_dump] ecw → net.minecraft.world.level.block.FireflyBushBlock
[1406|t+17072ms|ThreadId(2)] [class_dump] ecx → net.minecraft.world.level.block.FlowerBedBlock
[1407|t+17072ms|ThreadId(2)] [class_dump] ecy → net.minecraft.world.level.block.FlowerBlock
[1408|t+17072ms|ThreadId(2)] [class_dump] ecz → net.minecraft.world.level.block.FlowerPotBlock
[1409|t+17073ms|ThreadId(2)] [class_dump] eda → net.minecraft.world.level.block.FrogspawnBlock
[1410|t+17073ms|ThreadId(2)] [class_dump] edb → net.minecraft.world.level.block.FrostedIceBlock
[1411|t+17073ms|ThreadId(2)] [class_dump] edc → net.minecraft.world.level.block.FungusBlock
[1412|t+17073ms|ThreadId(2)] [class_dump] edd → net.minecraft.world.level.block.FurnaceBlock
[1413|t+17074ms|ThreadId(2)] [class_dump] ede → net.minecraft.world.level.block.GameMasterBlock
[1414|t+17074ms|ThreadId(2)] [class_dump] edf → net.minecraft.world.level.block.GlazedTerracottaBlock
[1415|t+17074ms|ThreadId(2)] [class_dump] edg → net.minecraft.world.level.block.GlowLichenBlock
[1416|t+17075ms|ThreadId(2)] [class_dump] edh → net.minecraft.world.level.block.GrassBlock
[1417|t+17075ms|ThreadId(2)] [class_dump] edi → net.minecraft.world.level.block.GrindstoneBlock
[1418|t+17075ms|ThreadId(2)] [class_dump] edj → net.minecraft.world.level.block.GrowingPlantBlock
[1419|t+17075ms|ThreadId(2)] [class_dump] edk → net.minecraft.world.level.block.GrowingPlantBodyBlock
[1420|t+17076ms|ThreadId(2)] [class_dump] edl → net.minecraft.world.level.block.GrowingPlantHeadBlock
[1421|t+17076ms|ThreadId(2)] [class_dump] edm → net.minecraft.world.level.block.HalfTransparentBlock
[1422|t+17076ms|ThreadId(2)] [class_dump] edn → net.minecraft.world.level.block.HangingMossBlock
[1423|t+17077ms|ThreadId(2)] [class_dump] edo → net.minecraft.world.level.block.HangingRootsBlock
[1424|t+17077ms|ThreadId(2)] [class_dump] edp → net.minecraft.world.level.block.HayBlock
[1425|t+17077ms|ThreadId(2)] [class_dump] edq → net.minecraft.world.level.block.HeavyCoreBlock
[1426|t+17077ms|ThreadId(2)] [class_dump] edr → net.minecraft.world.level.block.HoneyBlock
[1427|t+17078ms|ThreadId(2)] [class_dump] eds → net.minecraft.world.level.block.HopperBlock
[1428|t+17078ms|ThreadId(2)] [class_dump] edt → net.minecraft.world.level.block.HorizontalDirectionalBlock
[1429|t+17078ms|ThreadId(2)] [class_dump] edu → net.minecraft.world.level.block.HugeMushroomBlock
[1430|t+17078ms|ThreadId(2)] [class_dump] edv → net.minecraft.world.level.block.IceBlock
[1431|t+17079ms|ThreadId(2)] [class_dump] edw → net.minecraft.world.level.block.InfestedBlock
[1432|t+17079ms|ThreadId(2)] [class_dump] edx → net.minecraft.world.level.block.InfestedRotatedPillarBlock
[1433|t+17079ms|ThreadId(2)] [class_dump] edy → net.minecraft.world.level.block.IronBarsBlock
[1434|t+17079ms|ThreadId(2)] [class_dump] edz → net.minecraft.world.level.block.JigsawBlock
[1435|t+17080ms|ThreadId(2)] [class_dump] eea → net.minecraft.world.level.block.JukeboxBlock
[1436|t+17080ms|ThreadId(2)] [class_dump] eeb → net.minecraft.world.level.block.KelpBlock
[1437|t+17080ms|ThreadId(2)] [class_dump] eec → net.minecraft.world.level.block.KelpPlantBlock
[1438|t+17080ms|ThreadId(2)] [class_dump] eed → net.minecraft.world.level.block.LadderBlock
[1439|t+17081ms|ThreadId(2)] [class_dump] eee → net.minecraft.world.level.block.LanternBlock
[1440|t+17081ms|ThreadId(2)] [class_dump] eef → net.minecraft.world.level.block.LavaCauldronBlock
[1441|t+17082ms|ThreadId(2)] [class_dump] eeg → net.minecraft.world.level.block.LayeredCauldronBlock
[1442|t+17082ms|ThreadId(2)] [class_dump] eeh → net.minecraft.world.level.block.LeafLitterBlock
[1443|t+17082ms|ThreadId(2)] [class_dump] eei → net.minecraft.world.level.block.LeavesBlock
[1444|t+17083ms|ThreadId(2)] [class_dump] eej → net.minecraft.world.level.block.LecternBlock
[1445|t+17083ms|ThreadId(2)] [class_dump] eel → net.minecraft.world.level.block.LeverBlock
[1446|t+17083ms|ThreadId(2)] [class_dump] eem → net.minecraft.world.level.block.LightBlock
[1447|t+17083ms|ThreadId(2)] [class_dump] een → net.minecraft.world.level.block.LightningRodBlock
[1448|t+17084ms|ThreadId(2)] [class_dump] eeo → net.minecraft.world.level.block.LiquidBlock
[1449|t+17084ms|ThreadId(2)] [class_dump] eep → net.minecraft.world.level.block.LiquidBlockContainer
[1450|t+17084ms|ThreadId(2)] [class_dump] eeq → net.minecraft.world.level.block.LoomBlock
[1451|t+17084ms|ThreadId(2)] [class_dump] eer → net.minecraft.world.level.block.MagmaBlock
[1452|t+17085ms|ThreadId(2)] [class_dump] ees → net.minecraft.world.level.block.MangroveLeavesBlock
[1453|t+17085ms|ThreadId(2)] [class_dump] eet → net.minecraft.world.level.block.MangrovePropaguleBlock
[1454|t+17085ms|ThreadId(2)] [class_dump] eeu → net.minecraft.world.level.block.MangroveRootsBlock
[1455|t+17086ms|ThreadId(2)] [class_dump] eev → net.minecraft.world.level.block.Mirror
[1456|t+17086ms|ThreadId(2)] [class_dump] eew → net.minecraft.world.level.block.MossyCarpetBlock
[1457|t+17086ms|ThreadId(2)] [class_dump] eex → net.minecraft.world.level.block.MudBlock
[1458|t+17087ms|ThreadId(2)] [class_dump] eey → net.minecraft.world.level.block.MultifaceBlock
[1459|t+17087ms|ThreadId(2)] [class_dump] eez → net.minecraft.world.level.block.MultifaceSpreadeableBlock
[1460|t+17087ms|ThreadId(2)] [class_dump] efa → net.minecraft.world.level.block.MultifaceSpreader
[1461|t+17088ms|ThreadId(2)] [class_dump] efb → net.minecraft.world.level.block.MushroomBlock
[1462|t+17088ms|ThreadId(2)] [class_dump] efc → net.minecraft.world.level.block.MyceliumBlock
[1463|t+17088ms|ThreadId(2)] [class_dump] efd → net.minecraft.world.level.block.NetherPortalBlock
[1464|t+17089ms|ThreadId(2)] [class_dump] efe → net.minecraft.world.level.block.NetherSproutsBlock
[1465|t+17089ms|ThreadId(2)] [class_dump] efg → net.minecraft.world.level.block.NetherWartBlock
[1466|t+17089ms|ThreadId(2)] [class_dump] efh → net.minecraft.world.level.block.NetherrackBlock
[1467|t+17090ms|ThreadId(2)] [class_dump] efi → net.minecraft.world.level.block.NoteBlock
[1468|t+17091ms|ThreadId(2)] [class_dump] efj → net.minecraft.world.level.block.NyliumBlock
[1469|t+17091ms|ThreadId(2)] [class_dump] efk → net.minecraft.world.level.block.ObserverBlock
[1470|t+17092ms|ThreadId(2)] [class_dump] efl → net.minecraft.world.level.block.PiglinWallSkullBlock
[1471|t+17093ms|ThreadId(2)] [class_dump] efm → net.minecraft.world.level.block.PipeBlock
[1472|t+17093ms|ThreadId(2)] [class_dump] efn → net.minecraft.world.level.block.PitcherCropBlock
[1473|t+17093ms|ThreadId(2)] [class_dump] efo → net.minecraft.world.level.block.PlayerHeadBlock
[1474|t+17094ms|ThreadId(2)] [class_dump] efp → net.minecraft.world.level.block.PlayerWallHeadBlock
[1475|t+17094ms|ThreadId(2)] [class_dump] efq → net.minecraft.world.level.block.PointedDripstoneBlock
[1476|t+17094ms|ThreadId(2)] [class_dump] efr → net.minecraft.world.level.block.Portal
[1477|t+17095ms|ThreadId(2)] [class_dump] efs → net.minecraft.world.level.block.PotatoBlock
[1478|t+17095ms|ThreadId(2)] [class_dump] eft → net.minecraft.world.level.block.PowderSnowBlock
[1479|t+17095ms|ThreadId(2)] [class_dump] efu → net.minecraft.world.level.block.PoweredBlock
[1480|t+17096ms|ThreadId(2)] [class_dump] efv → net.minecraft.world.level.block.PoweredRailBlock
[1481|t+17096ms|ThreadId(2)] [class_dump] efw → net.minecraft.world.level.block.PressurePlateBlock
[1482|t+17096ms|ThreadId(2)] [class_dump] efx → net.minecraft.world.level.block.PumpkinBlock
[1483|t+17097ms|ThreadId(2)] [class_dump] efy → net.minecraft.world.level.block.RailBlock
[1484|t+17097ms|ThreadId(2)] [class_dump] ega → net.minecraft.world.level.block.RedStoneOreBlock
[1485|t+17098ms|ThreadId(2)] [class_dump] egb → net.minecraft.world.level.block.RedStoneWireBlock
[1486|t+17098ms|ThreadId(2)] [class_dump] egc → net.minecraft.world.level.block.RedstoneLampBlock
[1487|t+17099ms|ThreadId(2)] [class_dump] egd → net.minecraft.world.level.block.RedstoneTorchBlock
[1488|t+17099ms|ThreadId(2)] [class_dump] ege → net.minecraft.world.level.block.RedstoneWallTorchBlock
[1489|t+17099ms|ThreadId(2)] [class_dump] egg → net.minecraft.world.level.block.RepeaterBlock
[1490|t+17100ms|ThreadId(2)] [class_dump] egh → net.minecraft.world.level.block.RespawnAnchorBlock
[1491|t+17100ms|ThreadId(2)] [class_dump] egi → net.minecraft.world.level.block.RodBlock
[1492|t+17100ms|ThreadId(2)] [class_dump] egj → net.minecraft.world.level.block.RootedDirtBlock
[1493|t+17101ms|ThreadId(2)] [class_dump] egk → net.minecraft.world.level.block.RootsBlock
[1494|t+17101ms|ThreadId(2)] [class_dump] egl → net.minecraft.world.level.block.RotatedPillarBlock
[1495|t+17101ms|ThreadId(2)] [class_dump] egm → net.minecraft.world.level.block.Rotation
[1496|t+17102ms|ThreadId(2)] [class_dump] egn → net.minecraft.world.level.block.SandBlock
[1497|t+17103ms|ThreadId(2)] [class_dump] ego → net.minecraft.world.level.block.SaplingBlock
[1498|t+17103ms|ThreadId(2)] [class_dump] egp → net.minecraft.world.level.block.ScaffoldingBlock
[1499|t+17104ms|ThreadId(2)] [class_dump] egq → net.minecraft.world.level.block.SculkBehaviour
[1500|t+17104ms|ThreadId(2)] [class_dump] egr → net.minecraft.world.level.block.SculkBlock
[1501|t+17104ms|ThreadId(2)] [class_dump] egs → net.minecraft.world.level.block.SculkCatalystBlock
[1502|t+17105ms|ThreadId(2)] [class_dump] egt → net.minecraft.world.level.block.SculkSensorBlock
[1503|t+17105ms|ThreadId(2)] [class_dump] egu → net.minecraft.world.level.block.SculkShriekerBlock
[1504|t+17105ms|ThreadId(2)] [class_dump] egw → net.minecraft.world.level.block.SculkVeinBlock
[1505|t+17106ms|ThreadId(2)] [class_dump] egx → net.minecraft.world.level.block.SeaPickleBlock
[1506|t+17106ms|ThreadId(2)] [class_dump] egy → net.minecraft.world.level.block.SeagrassBlock
[1507|t+17106ms|ThreadId(2)] [class_dump] egz → net.minecraft.world.level.block.SegmentableBlock
[1508|t+17107ms|ThreadId(2)] [class_dump] eha → net.minecraft.world.level.block.SelectableSlotContainer
[1509|t+17107ms|ThreadId(2)] [class_dump] ehb → net.minecraft.world.level.block.ShelfBlock
[1510|t+17107ms|ThreadId(2)] [class_dump] ehc → net.minecraft.world.level.block.ShortDryGrassBlock
[1511|t+17108ms|ThreadId(2)] [class_dump] ehd → net.minecraft.world.level.block.ShulkerBoxBlock
[1512|t+17108ms|ThreadId(2)] [class_dump] ehe → net.minecraft.world.level.block.SideChainPartBlock
[1513|t+17108ms|ThreadId(2)] [class_dump] ehf → net.minecraft.world.level.block.SignBlock
[1514|t+17109ms|ThreadId(2)] [class_dump] ehg → net.minecraft.world.level.block.SimpleWaterloggedBlock
[1515|t+17109ms|ThreadId(2)] [class_dump] ehh → net.minecraft.world.level.block.SkullBlock
[1516|t+17109ms|ThreadId(2)] [class_dump] ehi → net.minecraft.world.level.block.SlabBlock
[1517|t+17109ms|ThreadId(2)] [class_dump] ehj → net.minecraft.world.level.block.SlimeBlock
[1518|t+17110ms|ThreadId(2)] [class_dump] ehk → net.minecraft.world.level.block.SmallDripleafBlock
[1519|t+17110ms|ThreadId(2)] [class_dump] ehl → net.minecraft.world.level.block.SmithingTableBlock
[1520|t+17110ms|ThreadId(2)] [class_dump] ehm → net.minecraft.world.level.block.SmokerBlock
[1521|t+17110ms|ThreadId(2)] [class_dump] ehn → net.minecraft.world.level.block.SnifferEggBlock
[1522|t+17111ms|ThreadId(2)] [class_dump] eho → net.minecraft.world.level.block.SnowLayerBlock
[1523|t+17111ms|ThreadId(2)] [class_dump] ehp → net.minecraft.world.level.block.SnowyDirtBlock
[1524|t+17111ms|ThreadId(2)] [class_dump] ehq → net.minecraft.world.level.block.SoulFireBlock
[1525|t+17112ms|ThreadId(2)] [class_dump] ehr → net.minecraft.world.level.block.SoulSandBlock
[1526|t+17112ms|ThreadId(2)] [class_dump] ehs → net.minecraft.world.level.block.SoundType
[1527|t+17112ms|ThreadId(2)] [class_dump] eht → net.minecraft.world.level.block.SpawnerBlock
[1528|t+17113ms|ThreadId(2)] [class_dump] ehu → net.minecraft.world.level.block.SpongeBlock
[1529|t+17113ms|ThreadId(2)] [class_dump] ehv → net.minecraft.world.level.block.SporeBlossomBlock
[1530|t+17113ms|ThreadId(2)] [class_dump] ehw → net.minecraft.world.level.block.SpreadingSnowyDirtBlock
[1531|t+17113ms|ThreadId(2)] [class_dump] ehx → net.minecraft.world.level.block.StainedGlassBlock
[1532|t+17113ms|ThreadId(2)] [class_dump] ehy → net.minecraft.world.level.block.StainedGlassPaneBlock
[1533|t+17114ms|ThreadId(2)] [class_dump] ehz → net.minecraft.world.level.block.StairBlock
[1534|t+17114ms|ThreadId(2)] [class_dump] eia → net.minecraft.world.level.block.StandingSignBlock
[1535|t+17114ms|ThreadId(2)] [class_dump] eib → net.minecraft.world.level.block.StemBlock
[1536|t+17115ms|ThreadId(2)] [class_dump] eic → net.minecraft.world.level.block.StonecutterBlock
[1537|t+17115ms|ThreadId(2)] [class_dump] eid → net.minecraft.world.level.block.StructureBlock
[1538|t+17115ms|ThreadId(2)] [class_dump] eie → net.minecraft.world.level.block.StructureVoidBlock
[1539|t+17116ms|ThreadId(2)] [class_dump] eif → net.minecraft.world.level.block.SugarCaneBlock
[1540|t+17116ms|ThreadId(2)] [class_dump] eig → net.minecraft.world.level.block.SupportType
[1541|t+17116ms|ThreadId(2)] [class_dump] eih → net.minecraft.world.level.block.SuspiciousEffectHolder
[1542|t+17117ms|ThreadId(2)] [class_dump] eii → net.minecraft.world.level.block.SweetBerryBushBlock
[1543|t+17117ms|ThreadId(2)] [class_dump] eij → net.minecraft.world.level.block.TallDryGrassBlock
[1544|t+17118ms|ThreadId(2)] [class_dump] eik → net.minecraft.world.level.block.TallFlowerBlock
[1545|t+17118ms|ThreadId(2)] [class_dump] eil → net.minecraft.world.level.block.TallGrassBlock
[1546|t+17118ms|ThreadId(2)] [class_dump] eim → net.minecraft.world.level.block.TallSeagrassBlock
[1547|t+17119ms|ThreadId(2)] [class_dump] ein → net.minecraft.world.level.block.TargetBlock
[1548|t+17119ms|ThreadId(2)] [class_dump] eio → net.minecraft.world.level.block.TestBlock
[1549|t+17120ms|ThreadId(2)] [class_dump] eip → net.minecraft.world.level.block.TestInstanceBlock
[1550|t+17120ms|ThreadId(2)] [class_dump] eiq → net.minecraft.world.level.block.TintedGlassBlock
[1551|t+17120ms|ThreadId(2)] [class_dump] eir → net.minecraft.world.level.block.TintedParticleLeavesBlock
[1552|t+17120ms|ThreadId(2)] [class_dump] eis → net.minecraft.world.level.block.TntBlock
[1553|t+17121ms|ThreadId(2)] [class_dump] eit → net.minecraft.world.level.block.TorchBlock
[1554|t+17121ms|ThreadId(2)] [class_dump] eiu → net.minecraft.world.level.block.TorchflowerCropBlock
[1555|t+17121ms|ThreadId(2)] [class_dump] eiv → net.minecraft.world.level.block.TransparentBlock
[1556|t+17122ms|ThreadId(2)] [class_dump] eiw → net.minecraft.world.level.block.TrapDoorBlock
[1557|t+17122ms|ThreadId(2)] [class_dump] eix → net.minecraft.world.level.block.TrappedChestBlock
[1558|t+17122ms|ThreadId(2)] [class_dump] eiy → net.minecraft.world.level.block.TrialSpawnerBlock
[1559|t+17122ms|ThreadId(2)] [class_dump] eiz → net.minecraft.world.level.block.TripWireBlock
[1560|t+17123ms|ThreadId(2)] [class_dump] eja → net.minecraft.world.level.block.TripWireHookBlock
[1561|t+17123ms|ThreadId(2)] [class_dump] ejb → net.minecraft.world.level.block.TurtleEggBlock
[1562|t+17123ms|ThreadId(2)] [class_dump] ejc → net.minecraft.world.level.block.TwistingVinesBlock
[1563|t+17123ms|ThreadId(2)] [class_dump] ejd → net.minecraft.world.level.block.TwistingVinesPlantBlock
[1564|t+17124ms|ThreadId(2)] [class_dump] eje → net.minecraft.world.level.block.UntintedParticleLeavesBlock
[1565|t+17124ms|ThreadId(2)] [class_dump] ejf → net.minecraft.world.level.block.VaultBlock
[1566|t+17124ms|ThreadId(2)] [class_dump] ejg → net.minecraft.world.level.block.VegetationBlock
[1567|t+17124ms|ThreadId(2)] [class_dump] ejh → net.minecraft.world.level.block.VineBlock
[1568|t+17125ms|ThreadId(2)] [class_dump] eji → net.minecraft.world.level.block.WallBannerBlock
[1569|t+17125ms|ThreadId(2)] [class_dump] ejj → net.minecraft.world.level.block.WallBlock
[1570|t+17125ms|ThreadId(2)] [class_dump] ejk → net.minecraft.world.level.block.WallHangingSignBlock
[1571|t+17126ms|ThreadId(2)] [class_dump] ejl → net.minecraft.world.level.block.WallSignBlock
[1572|t+17126ms|ThreadId(2)] [class_dump] ejm → net.minecraft.world.level.block.WallSkullBlock
[1573|t+17127ms|ThreadId(2)] [class_dump] ejn → net.minecraft.world.level.block.WallTorchBlock
[1574|t+17127ms|ThreadId(2)] [class_dump] ejo → net.minecraft.world.level.block.WaterlilyBlock
[1575|t+17127ms|ThreadId(2)] [class_dump] ejp → net.minecraft.world.level.block.WaterloggedTransparentBlock
[1576|t+17127ms|ThreadId(2)] [class_dump] ejq → net.minecraft.world.level.block.WeatheringCopper
[1577|t+17128ms|ThreadId(2)] [class_dump] ejr → net.minecraft.world.level.block.WeatheringCopperBarsBlock
[1578|t+17128ms|ThreadId(2)] [class_dump] ejs → net.minecraft.world.level.block.WeatheringCopperBlocks
[1579|t+17128ms|ThreadId(2)] [class_dump] ejt → net.minecraft.world.level.block.WeatheringCopperBulbBlock
[1580|t+17129ms|ThreadId(2)] [class_dump] eju → net.minecraft.world.level.block.WeatheringCopperChainBlock
[1581|t+17129ms|ThreadId(2)] [class_dump] ejv → net.minecraft.world.level.block.WeatheringCopperChestBlock
[1582|t+17129ms|ThreadId(2)] [class_dump] ejw → net.minecraft.world.level.block.WeatheringCopperDoorBlock
[1583|t+17129ms|ThreadId(2)] [class_dump] ejx → net.minecraft.world.level.block.WeatheringCopperFullBlock
[1584|t+17130ms|ThreadId(2)] [class_dump] ejy → net.minecraft.world.level.block.WeatheringCopperGolemStatueBlock
[1585|t+17130ms|ThreadId(2)] [class_dump] ejz → net.minecraft.world.level.block.WeatheringCopperGrateBlock
[1586|t+17130ms|ThreadId(2)] [class_dump] eka → net.minecraft.world.level.block.WeatheringCopperSlabBlock
[1587|t+17130ms|ThreadId(2)] [class_dump] ekb → net.minecraft.world.level.block.WeatheringCopperStairBlock
[1588|t+17130ms|ThreadId(2)] [class_dump] ekc → net.minecraft.world.level.block.WeatheringCopperTrapDoorBlock
[1589|t+17131ms|ThreadId(2)] [class_dump] ekd → net.minecraft.world.level.block.WeatheringLanternBlock
[1590|t+17131ms|ThreadId(2)] [class_dump] eke → net.minecraft.world.level.block.WeatheringLightningRodBlock
[1591|t+17131ms|ThreadId(2)] [class_dump] ekf → net.minecraft.world.level.block.WebBlock
[1592|t+17131ms|ThreadId(2)] [class_dump] ekg → net.minecraft.world.level.block.WeepingVinesBlock
[1593|t+17132ms|ThreadId(2)] [class_dump] ekh → net.minecraft.world.level.block.WeepingVinesPlantBlock
[1594|t+17132ms|ThreadId(2)] [class_dump] eki → net.minecraft.world.level.block.WeightedPressurePlateBlock
[1595|t+17132ms|ThreadId(2)] [class_dump] ekj → net.minecraft.world.level.block.WetSpongeBlock
[1596|t+17132ms|ThreadId(2)] [class_dump] ekk → net.minecraft.world.level.block.WitherRoseBlock
[1597|t+17133ms|ThreadId(2)] [class_dump] ekl → net.minecraft.world.level.block.WitherSkullBlock
[1598|t+17133ms|ThreadId(2)] [class_dump] ekm → net.minecraft.world.level.block.WitherWallSkullBlock
[1599|t+17133ms|ThreadId(2)] [class_dump] ekn → net.minecraft.world.level.block.WoolCarpetBlock
[1600|t+17133ms|ThreadId(2)] [class_dump] eko → net.minecraft.world.level.block.entity.AbstractFurnaceBlockEntity
[1601|t+17134ms|ThreadId(2)] [class_dump] ekp → net.minecraft.world.level.block.entity.BannerBlockEntity
[1602|t+17134ms|ThreadId(2)] [class_dump] ekt → net.minecraft.world.level.block.entity.BarrelBlockEntity
[1603|t+17135ms|ThreadId(2)] [class_dump] eku → net.minecraft.world.level.block.entity.BaseContainerBlockEntity
[1604|t+17135ms|ThreadId(2)] [class_dump] ekv → net.minecraft.world.level.block.entity.BeaconBeamOwner
[1605|t+17135ms|ThreadId(2)] [class_dump] ekw → net.minecraft.world.level.block.entity.BeaconBlockEntity
[1606|t+17136ms|ThreadId(2)] [class_dump] ekx → net.minecraft.world.level.block.entity.BedBlockEntity
[1607|t+17136ms|ThreadId(2)] [class_dump] eky → net.minecraft.world.level.block.entity.BeehiveBlockEntity
[1608|t+17136ms|ThreadId(2)] [class_dump] ekz → net.minecraft.world.level.block.entity.BellBlockEntity
[1609|t+17137ms|ThreadId(2)] [class_dump] ela → net.minecraft.world.level.block.entity.BlastFurnaceBlockEntity
[1610|t+17137ms|ThreadId(2)] [class_dump] elb → net.minecraft.world.level.block.entity.BlockEntity
[1611|t+17137ms|ThreadId(2)] [class_dump] eld → net.minecraft.world.level.block.entity.BlockEntityType
[1612|t+17137ms|ThreadId(2)] [class_dump] ele → net.minecraft.world.level.block.entity.BoundingBoxRenderable
[1613|t+17138ms|ThreadId(2)] [class_dump] elf → net.minecraft.world.level.block.entity.BrewingStandBlockEntity
[1614|t+17138ms|ThreadId(2)] [class_dump] elg → net.minecraft.world.level.block.entity.BrushableBlockEntity
[1615|t+17138ms|ThreadId(2)] [class_dump] elh → net.minecraft.world.level.block.entity.CalibratedSculkSensorBlockEntity
[1616|t+17139ms|ThreadId(2)] [class_dump] eli → net.minecraft.world.level.block.entity.CampfireBlockEntity
[1617|t+17139ms|ThreadId(2)] [class_dump] elj → net.minecraft.world.level.block.entity.ChestBlockEntity
[1618|t+17139ms|ThreadId(2)] [class_dump] ell → net.minecraft.world.level.block.entity.ChiseledBookShelfBlockEntity
[1619|t+17140ms|ThreadId(2)] [class_dump] elm → net.minecraft.world.level.block.entity.CommandBlockEntity
[1620|t+17140ms|ThreadId(2)] [class_dump] eln → net.minecraft.world.level.block.entity.ComparatorBlockEntity
[1621|t+17140ms|ThreadId(2)] [class_dump] elo → net.minecraft.world.level.block.entity.ConduitBlockEntity
[1622|t+17141ms|ThreadId(2)] [class_dump] elq → net.minecraft.world.level.block.entity.CopperGolemStatueBlockEntity
[1623|t+17141ms|ThreadId(2)] [class_dump] elr → net.minecraft.world.level.block.entity.CrafterBlockEntity
[1624|t+17141ms|ThreadId(2)] [class_dump] els → net.minecraft.world.level.block.entity.CreakingHeartBlockEntity
[1625|t+17142ms|ThreadId(2)] [class_dump] elt → net.minecraft.world.level.block.entity.DaylightDetectorBlockEntity
[1626|t+17142ms|ThreadId(2)] [class_dump] elu → net.minecraft.world.level.block.entity.DecoratedPotBlockEntity
[1627|t+17142ms|ThreadId(2)] [class_dump] elv → net.minecraft.world.level.block.entity.DecoratedPotPattern
[1628|t+17143ms|ThreadId(2)] [class_dump] elw → net.minecraft.world.level.block.entity.DecoratedPotPatterns
[1629|t+17143ms|ThreadId(2)] [class_dump] elx → net.minecraft.world.level.block.entity.DispenserBlockEntity
[1630|t+17143ms|ThreadId(2)] [class_dump] ely → net.minecraft.world.level.block.entity.DropperBlockEntity
[1631|t+17144ms|ThreadId(2)] [class_dump] elz → net.minecraft.world.level.block.entity.EnchantingTableBlockEntity
[1632|t+17144ms|ThreadId(2)] [class_dump] ema → net.minecraft.world.level.block.entity.EnderChestBlockEntity
[1633|t+17144ms|ThreadId(2)] [class_dump] emc → net.minecraft.world.level.block.entity.FurnaceBlockEntity
[1634|t+17144ms|ThreadId(2)] [class_dump] emd → net.minecraft.world.level.block.entity.HangingSignBlockEntity
[1635|t+17145ms|ThreadId(2)] [class_dump] eme → net.minecraft.world.level.block.entity.Hopper
[1636|t+17145ms|ThreadId(2)] [class_dump] emf → net.minecraft.world.level.block.entity.HopperBlockEntity
[1637|t+17145ms|ThreadId(2)] [class_dump] emg → net.minecraft.world.level.block.entity.JigsawBlockEntity
[1638|t+17145ms|ThreadId(2)] [class_dump] emh → net.minecraft.world.level.block.entity.JukeboxBlockEntity
[1639|t+17146ms|ThreadId(2)] [class_dump] emi → net.minecraft.world.level.block.entity.LecternBlockEntity
[1640|t+17146ms|ThreadId(2)] [class_dump] emj → net.minecraft.world.level.block.entity.LidBlockEntity
[1641|t+17146ms|ThreadId(2)] [class_dump] emk → net.minecraft.world.level.block.entity.ListBackedContainer
[1642|t+17147ms|ThreadId(2)] [class_dump] emm → net.minecraft.world.level.block.entity.RandomizableContainerBlockEntity
[1643|t+17147ms|ThreadId(2)] [class_dump] emn → net.minecraft.world.level.block.entity.SculkCatalystBlockEntity
[1644|t+17147ms|ThreadId(2)] [class_dump] emo → net.minecraft.world.level.block.entity.SculkSensorBlockEntity
[1645|t+17147ms|ThreadId(2)] [class_dump] emp → net.minecraft.world.level.block.entity.SculkShriekerBlockEntity
[1646|t+17148ms|ThreadId(2)] [class_dump] emq → net.minecraft.world.level.block.entity.ShelfBlockEntity
[1647|t+17148ms|ThreadId(2)] [class_dump] emr → net.minecraft.world.level.block.entity.ShulkerBoxBlockEntity
[1648|t+17148ms|ThreadId(2)] [class_dump] ems → net.minecraft.world.level.block.entity.SignBlockEntity
[1649|t+17149ms|ThreadId(2)] [class_dump] emu → net.minecraft.world.level.block.entity.SkullBlockEntity
[1650|t+17149ms|ThreadId(2)] [class_dump] emv → net.minecraft.world.level.block.entity.SmokerBlockEntity
[1651|t+17149ms|ThreadId(2)] [class_dump] emw → net.minecraft.world.level.block.entity.SpawnerBlockEntity
[1652|t+17149ms|ThreadId(2)] [class_dump] emx → net.minecraft.world.level.block.entity.StructureBlockEntity
[1653|t+17150ms|ThreadId(2)] [class_dump] emy → net.minecraft.world.level.block.entity.TestBlockEntity
[1654|t+17150ms|ThreadId(2)] [class_dump] emz → net.minecraft.world.level.block.entity.TestInstanceBlockEntity
[1655|t+17150ms|ThreadId(2)] [class_dump] ena → net.minecraft.world.level.block.entity.TheEndGatewayBlockEntity
[1656|t+17151ms|ThreadId(2)] [class_dump] enb → net.minecraft.world.level.block.entity.TheEndPortalBlockEntity
[1657|t+17151ms|ThreadId(2)] [class_dump] enc → net.minecraft.world.level.block.entity.TickingBlockEntity
[1658|t+17151ms|ThreadId(2)] [class_dump] end → net.minecraft.world.level.block.entity.TrappedChestBlockEntity
[1659|t+17152ms|ThreadId(2)] [class_dump] ene → net.minecraft.world.level.block.entity.TrialSpawnerBlockEntity
[1660|t+17152ms|ThreadId(2)] [class_dump] enk → net.minecraft.world.level.block.entity.trialspawner.TrialSpawnerState
[1661|t+17153ms|ThreadId(2)] [class_dump] enn → net.minecraft.world.level.block.entity.vault.VaultBlockEntity
[1662|t+17153ms|ThreadId(2)] [class_dump] enp → net.minecraft.world.level.block.entity.vault.VaultConfig
[1663|t+17153ms|ThreadId(2)] [class_dump] enq → net.minecraft.world.level.block.entity.vault.VaultServerData
[1664|t+17154ms|ThreadId(2)] [class_dump] enr → net.minecraft.world.level.block.entity.vault.VaultSharedData
[1665|t+17154ms|ThreadId(2)] [class_dump] ens → net.minecraft.world.level.block.entity.vault.VaultState
[1666|t+17154ms|ThreadId(2)] [class_dump] enu → net.minecraft.world.level.block.grower.TreeGrower
[1667|t+17154ms|ThreadId(2)] [class_dump] enx → net.minecraft.world.level.block.piston.MovingPistonBlock
[1668|t+17155ms|ThreadId(2)] [class_dump] eny → net.minecraft.world.level.block.piston.PistonBaseBlock
[1669|t+17155ms|ThreadId(2)] [class_dump] enz → net.minecraft.world.level.block.piston.PistonHeadBlock
[1670|t+17155ms|ThreadId(2)] [class_dump] eob → net.minecraft.world.level.block.piston.PistonMovingBlockEntity
[1671|t+17155ms|ThreadId(2)] [class_dump] eog → net.minecraft.world.level.block.state.BlockBehaviour
[1672|t+17156ms|ThreadId(2)] [class_dump] eoh → net.minecraft.world.level.block.state.BlockState
[1673|t+17156ms|ThreadId(2)] [class_dump] eoi → net.minecraft.world.level.block.state.StateDefinition
[1674|t+17156ms|ThreadId(2)] [class_dump] eoj → net.minecraft.world.level.block.state.StateHolder
[1675|t+17157ms|ThreadId(2)] [class_dump] eos → net.minecraft.world.level.block.state.properties.AttachFace
[1676|t+17157ms|ThreadId(2)] [class_dump] eot → net.minecraft.world.level.block.state.properties.BambooLeaves
[1677|t+17157ms|ThreadId(2)] [class_dump] eou → net.minecraft.world.level.block.state.properties.BedPart
[1678|t+17157ms|ThreadId(2)] [class_dump] eov → net.minecraft.world.level.block.state.properties.BellAttachType
[1679|t+17158ms|ThreadId(2)] [class_dump] eow → net.minecraft.world.level.block.state.properties.BlockSetType
[1680|t+17158ms|ThreadId(2)] [class_dump] eox → net.minecraft.world.level.block.state.properties.BlockStateProperties
[1681|t+17158ms|ThreadId(2)] [class_dump] eoy → net.minecraft.world.level.block.state.properties.BooleanProperty
[1682|t+17159ms|ThreadId(2)] [class_dump] eoz → net.minecraft.world.level.block.state.properties.ChestType
[1683|t+17159ms|ThreadId(2)] [class_dump] epa → net.minecraft.world.level.block.state.properties.ComparatorMode
[1684|t+17159ms|ThreadId(2)] [class_dump] epb → net.minecraft.world.level.block.state.properties.CreakingHeartState
[1685|t+17159ms|ThreadId(2)] [class_dump] epc → net.minecraft.world.level.block.state.properties.DoorHingeSide
[1686|t+17160ms|ThreadId(2)] [class_dump] epd → net.minecraft.world.level.block.state.properties.DoubleBlockHalf
[1687|t+17160ms|ThreadId(2)] [class_dump] epe → net.minecraft.world.level.block.state.properties.DripstoneThickness
[1688|t+17160ms|ThreadId(2)] [class_dump] epf → net.minecraft.world.level.block.state.properties.EnumProperty
[1689|t+17161ms|ThreadId(2)] [class_dump] epg → net.minecraft.world.level.block.state.properties.Half
[1690|t+17161ms|ThreadId(2)] [class_dump] eph → net.minecraft.world.level.block.state.properties.IntegerProperty
[1691|t+17161ms|ThreadId(2)] [class_dump] epi → net.minecraft.world.level.block.state.properties.NoteBlockInstrument
[1692|t+17162ms|ThreadId(2)] [class_dump] epj → net.minecraft.world.level.block.state.properties.PistonType
[1693|t+17162ms|ThreadId(2)] [class_dump] epk → net.minecraft.world.level.block.state.properties.Property
[1694|t+17162ms|ThreadId(2)] [class_dump] epl → net.minecraft.world.level.block.state.properties.RailShape
[1695|t+17162ms|ThreadId(2)] [class_dump] epm → net.minecraft.world.level.block.state.properties.RedstoneSide
[1696|t+17163ms|ThreadId(2)] [class_dump] epn → net.minecraft.world.level.block.state.properties.RotationSegment
[1697|t+17163ms|ThreadId(2)] [class_dump] epo → net.minecraft.world.level.block.state.properties.SculkSensorPhase
[1698|t+17163ms|ThreadId(2)] [class_dump] epp → net.minecraft.world.level.block.state.properties.SideChainPart
[1699|t+17164ms|ThreadId(2)] [class_dump] epq → net.minecraft.world.level.block.state.properties.SlabType
[1700|t+17164ms|ThreadId(2)] [class_dump] epr → net.minecraft.world.level.block.state.properties.StairsShape
[1701|t+17164ms|ThreadId(2)] [class_dump] eps → net.minecraft.world.level.block.state.properties.StructureMode
[1702|t+17165ms|ThreadId(2)] [class_dump] ept → net.minecraft.world.level.block.state.properties.TestBlockMode
[1703|t+17166ms|ThreadId(2)] [class_dump] epu → net.minecraft.world.level.block.state.properties.Tilt
[1704|t+17166ms|ThreadId(2)] [class_dump] epv → net.minecraft.world.level.block.state.properties.WallSide
[1705|t+17166ms|ThreadId(2)] [class_dump] epw → net.minecraft.world.level.block.state.properties.WoodType
[1706|t+17167ms|ThreadId(2)] [class_dump] eqf → net.minecraft.world.level.chunk.ChunkAccess
[1707|t+17167ms|ThreadId(2)] [class_dump] eqi → net.minecraft.world.level.chunk.ChunkGenerators
[1708|t+17167ms|ThreadId(2)] [class_dump] eqj → net.minecraft.world.level.chunk.ChunkSource
[1709|t+17167ms|ThreadId(2)] [class_dump] eqq → net.minecraft.world.level.chunk.LevelChunk
[1710|t+17168ms|ThreadId(2)] [class_dump] eqs → net.minecraft.world.level.chunk.LightChunk
[1711|t+17168ms|ThreadId(2)] [class_dump] eqt → net.minecraft.world.level.chunk.LightChunkGetter
[1712|t+17168ms|ThreadId(2)] [class_dump] ere → net.minecraft.world.level.chunk.StructureAccess
[1713|t+17168ms|ThreadId(2)] [class_dump] erq → net.minecraft.world.level.chunk.storage.ChunkIOErrorReporter
[1714|t+17169ms|ThreadId(2)] [class_dump] esp → net.minecraft.world.level.entity.EntityAccess
[1715|t+17169ms|ThreadId(2)] [class_dump] ess → net.minecraft.world.level.entity.EntityPersistentStorage
[1716|t+17170ms|ThreadId(2)] [class_dump] esw → net.minecraft.world.level.entity.EntityTypeTest
[1717|t+17170ms|ThreadId(2)] [class_dump] esx → net.minecraft.world.level.entity.LevelCallback
[1718|t+17170ms|ThreadId(2)] [class_dump] etd → net.minecraft.world.level.entity.UniquelyIdentifyable
[1719|t+17171ms|ThreadId(2)] [class_dump] etk → net.minecraft.world.level.gameevent.GameEvent
[1720|t+17171ms|ThreadId(2)] [class_dump] etn → net.minecraft.world.level.gameevent.GameEventListenerRegistry
[1721|t+17171ms|ThreadId(2)] [class_dump] ett → net.minecraft.world.level.gameevent.vibrations.VibrationSystem
[1722|t+17172ms|ThreadId(2)] [class_dump] etv → net.minecraft.world.level.gamerules.GameRule
[1723|t+17172ms|ThreadId(2)] [class_dump] etz → net.minecraft.world.level.gamerules.GameRuleTypeVisitor
[1724|t+17172ms|ThreadId(2)] [class_dump] eua → net.minecraft.world.level.gamerules.GameRules
[1725|t+17172ms|ThreadId(2)] [class_dump] euf → net.minecraft.world.level.levelgen.BitRandomSource
[1726|t+17173ms|ThreadId(2)] [class_dump] euj → net.minecraft.world.level.levelgen.DensityFunction
[1727|t+17173ms|ThreadId(2)] [class_dump] euk → net.minecraft.world.level.levelgen.DensityFunctions
[1728|t+17173ms|ThreadId(2)] [class_dump] eus → net.minecraft.world.level.levelgen.MarsagliaPolarGaussian
[1729|t+17174ms|ThreadId(2)] [class_dump] evd → net.minecraft.world.level.levelgen.PositionalRandomFactory
[1730|t+17174ms|ThreadId(2)] [class_dump] evf → net.minecraft.world.level.levelgen.RandomSupport
[1731|t+17175ms|ThreadId(2)] [class_dump] evj → net.minecraft.world.level.levelgen.ThreadSafeLegacyRandomSource
[1732|t+17175ms|ThreadId(2)] [class_dump] f → com.mojang.math.OctahedralGroup
[1733|t+17175ms|ThreadId(2)] [class_dump] fac → net.minecraft.world.level.levelgen.feature.configurations.FeatureConfiguration
[1734|t+17175ms|ThreadId(2)] [class_dump] fbd → net.minecraft.world.level.levelgen.feature.featuresize.FeatureSize
[1735|t+17176ms|ThreadId(2)] [class_dump] fbf → net.minecraft.world.level.levelgen.feature.featuresize.ThreeLayersFeatureSize
[1736|t+17176ms|ThreadId(2)] [class_dump] fbg → net.minecraft.world.level.levelgen.feature.featuresize.TwoLayersFeatureSize
[1737|t+17176ms|ThreadId(2)] [class_dump] fbi → net.minecraft.world.level.levelgen.feature.foliageplacers.AcaciaFoliagePlacer
[1738|t+17176ms|ThreadId(2)] [class_dump] fbj → net.minecraft.world.level.levelgen.feature.foliageplacers.BlobFoliagePlacer
[1739|t+17177ms|ThreadId(2)] [class_dump] fbk → net.minecraft.world.level.levelgen.feature.foliageplacers.BushFoliagePlacer
[1740|t+17177ms|ThreadId(2)] [class_dump] fbl → net.minecraft.world.level.levelgen.feature.foliageplacers.CherryFoliagePlacer
[1741|t+17177ms|ThreadId(2)] [class_dump] fbm → net.minecraft.world.level.levelgen.feature.foliageplacers.DarkOakFoliagePlacer
[1742|t+17177ms|ThreadId(2)] [class_dump] fbn → net.minecraft.world.level.levelgen.feature.foliageplacers.FancyFoliagePlacer
[1743|t+17178ms|ThreadId(2)] [class_dump] fbo → net.minecraft.world.level.levelgen.feature.foliageplacers.FoliagePlacer
[1744|t+17178ms|ThreadId(2)] [class_dump] fbq → net.minecraft.world.level.levelgen.feature.foliageplacers.MegaJungleFoliagePlacer
[1745|t+17178ms|ThreadId(2)] [class_dump] fbr → net.minecraft.world.level.levelgen.feature.foliageplacers.MegaPineFoliagePlacer
[1746|t+17178ms|ThreadId(2)] [class_dump] fbs → net.minecraft.world.level.levelgen.feature.foliageplacers.PineFoliagePlacer
[1747|t+17179ms|ThreadId(2)] [class_dump] fbt → net.minecraft.world.level.levelgen.feature.foliageplacers.RandomSpreadFoliagePlacer
[1748|t+17179ms|ThreadId(2)] [class_dump] fbu → net.minecraft.world.level.levelgen.feature.foliageplacers.SpruceFoliagePlacer
[1749|t+17179ms|ThreadId(2)] [class_dump] fcd → net.minecraft.world.level.levelgen.feature.stateproviders.BlockStateProvider
[1750|t+17179ms|ThreadId(2)] [class_dump] fcf → net.minecraft.world.level.levelgen.feature.stateproviders.DualNoiseProvider
[1751|t+17180ms|ThreadId(2)] [class_dump] fcg → net.minecraft.world.level.levelgen.feature.stateproviders.NoiseBasedStateProvider
[1752|t+17180ms|ThreadId(2)] [class_dump] fch → net.minecraft.world.level.levelgen.feature.stateproviders.NoiseProvider
[1753|t+17180ms|ThreadId(2)] [class_dump] fci → net.minecraft.world.level.levelgen.feature.stateproviders.NoiseThresholdProvider
[1754|t+17180ms|ThreadId(2)] [class_dump] fcj → net.minecraft.world.level.levelgen.feature.stateproviders.RandomizedIntStateProvider
[1755|t+17180ms|ThreadId(2)] [class_dump] fcm → net.minecraft.world.level.levelgen.feature.stateproviders.SimpleStateProvider
[1756|t+17181ms|ThreadId(2)] [class_dump] fcn → net.minecraft.world.level.levelgen.feature.stateproviders.WeightedStateProvider
[1757|t+17181ms|ThreadId(2)] [class_dump] fdc → net.minecraft.world.level.levelgen.feature.trunkplacers.BendingTrunkPlacer
[1758|t+17181ms|ThreadId(2)] [class_dump] fdd → net.minecraft.world.level.levelgen.feature.trunkplacers.CherryTrunkPlacer
[1759|t+17182ms|ThreadId(2)] [class_dump] fde → net.minecraft.world.level.levelgen.feature.trunkplacers.DarkOakTrunkPlacer
[1760|t+17182ms|ThreadId(2)] [class_dump] fdf → net.minecraft.world.level.levelgen.feature.trunkplacers.FancyTrunkPlacer
[1761|t+17182ms|ThreadId(2)] [class_dump] fdg → net.minecraft.world.level.levelgen.feature.trunkplacers.ForkingTrunkPlacer
[1762|t+17182ms|ThreadId(2)] [class_dump] fdh → net.minecraft.world.level.levelgen.feature.trunkplacers.GiantTrunkPlacer
[1763|t+17183ms|ThreadId(2)] [class_dump] fdi → net.minecraft.world.level.levelgen.feature.trunkplacers.MegaJungleTrunkPlacer
[1764|t+17183ms|ThreadId(2)] [class_dump] fdj → net.minecraft.world.level.levelgen.feature.trunkplacers.StraightTrunkPlacer
[1765|t+17183ms|ThreadId(2)] [class_dump] fdk → net.minecraft.world.level.levelgen.feature.trunkplacers.TrunkPlacer
[1766|t+17184ms|ThreadId(2)] [class_dump] fdm → net.minecraft.world.level.levelgen.feature.trunkplacers.UpwardsBranchingTrunkPlacer
[1767|t+17184ms|ThreadId(2)] [class_dump] fhb → net.minecraft.world.level.levelgen.structure.pools.alias.PoolAliasBindings
[1768|t+17184ms|ThreadId(2)] [class_dump] fky → net.minecraft.world.level.material.EmptyFluid
[1769|t+17185ms|ThreadId(2)] [class_dump] fkz → net.minecraft.world.level.material.FlowingFluid
[1770|t+17185ms|ThreadId(2)] [class_dump] fla → net.minecraft.world.level.material.Fluid
[1771|t+17185ms|ThreadId(2)] [class_dump] flb → net.minecraft.world.level.material.FluidState
[1772|t+17186ms|ThreadId(2)] [class_dump] flc → net.minecraft.world.level.material.Fluids
[1773|t+17186ms|ThreadId(2)] [class_dump] fle → net.minecraft.world.level.material.LavaFluid
[1774|t+17186ms|ThreadId(2)] [class_dump] flf → net.minecraft.world.level.material.MapColor
[1775|t+17187ms|ThreadId(2)] [class_dump] flg → net.minecraft.world.level.material.PushReaction
[1776|t+17187ms|ThreadId(2)] [class_dump] flh → net.minecraft.world.level.material.WaterFluid
[1777|t+17187ms|ThreadId(2)] [class_dump] flq → net.minecraft.world.level.pathfinder.PathComputationType
[1778|t+17187ms|ThreadId(2)] [class_dump] fme → net.minecraft.world.level.redstone.DefaultRedstoneWireEvaluator
[1779|t+17188ms|ThreadId(2)] [class_dump] fml → net.minecraft.world.level.redstone.RedstoneWireEvaluator
[1780|t+17188ms|ThreadId(2)] [class_dump] fmn → net.minecraft.world.level.saveddata.SavedData
[1781|t+17188ms|ThreadId(2)] [class_dump] fmr → net.minecraft.world.level.saveddata.maps.MapDecorationType
[1782|t+17189ms|ThreadId(2)] [class_dump] fms → net.minecraft.world.level.saveddata.maps.MapDecorationTypes
[1783|t+17189ms|ThreadId(2)] [class_dump] fmu → net.minecraft.world.level.saveddata.maps.MapId
[1784|t+17189ms|ThreadId(2)] [class_dump] fmw → net.minecraft.world.level.saveddata.maps.MapItemSavedData
[1785|t+17190ms|ThreadId(2)] [class_dump] fna → net.minecraft.world.level.storage.DataVersion
[1786|t+17190ms|ThreadId(2)] [class_dump] fne → net.minecraft.world.level.storage.LevelData
[1787|t+17190ms|ThreadId(2)] [class_dump] fns → net.minecraft.world.level.storage.ValueOutput
[1788|t+17191ms|ThreadId(2)] [class_dump] fnu → net.minecraft.world.level.storage.WritableLevelData
[1789|t+17191ms|ThreadId(2)] [class_dump] fob → net.minecraft.world.level.storage.loot.LootContextUser
[1790|t+17191ms|ThreadId(2)] [class_dump] fqw → net.minecraft.world.level.storage.loot.parameters.LootContextParamSets
[1791|t+17192ms|ThreadId(2)] [class_dump] fqx → net.minecraft.world.level.storage.loot.parameters.LootContextParams
[1792|t+17192ms|ThreadId(2)] [class_dump] frm → net.minecraft.world.level.storage.loot.predicates.LootItemCondition
[1793|t+17192ms|ThreadId(2)] [class_dump] frn → net.minecraft.world.level.storage.loot.predicates.LootItemConditionType
[1794|t+17193ms|ThreadId(2)] [class_dump] fth → net.minecraft.world.phys.AABB
[1795|t+17193ms|ThreadId(2)] [class_dump] fti → net.minecraft.world.phys.BlockHitResult
[1796|t+17194ms|ThreadId(2)] [class_dump] ftj → net.minecraft.world.phys.EntityHitResult
[1797|t+17194ms|ThreadId(2)] [class_dump] ftk → net.minecraft.world.phys.HitResult
[1798|t+17194ms|ThreadId(2)] [class_dump] ftm → net.minecraft.world.phys.Vec3
[1799|t+17194ms|ThreadId(2)] [class_dump] fto → net.minecraft.world.phys.shapes.ArrayVoxelShape
[1800|t+17195ms|ThreadId(2)] [class_dump] ftp → net.minecraft.world.phys.shapes.BitSetDiscreteVoxelShape
[1801|t+17195ms|ThreadId(2)] [class_dump] ftq → net.minecraft.world.phys.shapes.BooleanOp
[1802|t+17195ms|ThreadId(2)] [class_dump] ftr → net.minecraft.world.phys.shapes.CollisionContext
[1803|t+17195ms|ThreadId(2)] [class_dump] fts → net.minecraft.world.phys.shapes.CubePointRange
[1804|t+17196ms|ThreadId(2)] [class_dump] ftt → net.minecraft.world.phys.shapes.CubeVoxelShape
[1805|t+17196ms|ThreadId(2)] [class_dump] ftu → net.minecraft.world.phys.shapes.DiscreteCubeMerger
[1806|t+17196ms|ThreadId(2)] [class_dump] ftv → net.minecraft.world.phys.shapes.DiscreteVoxelShape
[1807|t+17197ms|ThreadId(2)] [class_dump] ftw → net.minecraft.world.phys.shapes.EntityCollisionContext
[1808|t+17197ms|ThreadId(2)] [class_dump] ftx → net.minecraft.world.phys.shapes.IdenticalMerger
[1809|t+17197ms|ThreadId(2)] [class_dump] fty → net.minecraft.world.phys.shapes.IndexMerger
[1810|t+17198ms|ThreadId(2)] [class_dump] ftz → net.minecraft.world.phys.shapes.IndirectMerger
[1811|t+17198ms|ThreadId(2)] [class_dump] fua → net.minecraft.world.phys.shapes.MinecartCollisionContext
[1812|t+17199ms|ThreadId(2)] [class_dump] fub → net.minecraft.world.phys.shapes.NonOverlappingMerger
[1813|t+17199ms|ThreadId(2)] [class_dump] fuc → net.minecraft.world.phys.shapes.OffsetDoubleList
[1814|t+17199ms|ThreadId(2)] [class_dump] fud → net.minecraft.world.phys.shapes.Shapes
[1815|t+17200ms|ThreadId(2)] [class_dump] fue → net.minecraft.world.phys.shapes.SliceShape
[1816|t+17200ms|ThreadId(2)] [class_dump] fuf → net.minecraft.world.phys.shapes.SubShape
[1817|t+17200ms|ThreadId(2)] [class_dump] fug → net.minecraft.world.phys.shapes.VoxelShape
[1818|t+17201ms|ThreadId(2)] [class_dump] fum → net.minecraft.world.scores.PlayerTeam
[1819|t+17201ms|ThreadId(2)] [class_dump] fuq → net.minecraft.world.scores.ScoreHolder
[1820|t+17201ms|ThreadId(2)] [class_dump] fur → net.minecraft.world.scores.Scoreboard
[1821|t+17202ms|ThreadId(2)] [class_dump] fut → net.minecraft.world.scores.Team
[1822|t+17203ms|ThreadId(2)] [class_dump] fuy → net.minecraft.world.ticks.ContainerSingleItem
[1823|t+17203ms|ThreadId(2)] [class_dump] fva → net.minecraft.world.ticks.LevelTickAccess
[1824|t+17204ms|ThreadId(2)] [class_dump] fvg → net.minecraft.world.ticks.TickAccess
[1825|t+17204ms|ThreadId(2)] [class_dump] fvh → net.minecraft.world.ticks.TickContainerAccess
[1826|t+17204ms|ThreadId(2)] [class_dump] fvt → net.minecraft.world.waypoints.Waypoint
[1827|t+17205ms|ThreadId(2)] [class_dump] fvx → net.minecraft.world.waypoints.WaypointTransmitter
[1828|t+17205ms|ThreadId(2)] [class_dump] fxs → com.mojang.blaze3d.pipeline.MainTarget
[1829|t+17205ms|ThreadId(2)] [class_dump] fxt → com.mojang.blaze3d.pipeline.RenderTarget
[1830|t+17206ms|ThreadId(2)] [class_dump] fyl → com.mojang.blaze3d.platform.WindowEventHandler
[1831|t+17206ms|ThreadId(2)] [class_dump] fzu → com.mojang.realmsclient.RealmsMainScreen
[1832|t+17207ms|ThreadId(2)] [class_dump] ger → net.minecraft.client.Camera
[1833|t+17207ms|ThreadId(2)] [class_dump] gez → net.minecraft.client.DeltaTracker
[1834|t+17207ms|ThreadId(2)] [class_dump] gfj → net.minecraft.client.Minecraft
[1835|t+17207ms|ThreadId(2)] [class_dump] gih → net.minecraft.client.entity.ClientAvatarEntity
[1836|t+17208ms|ThreadId(2)] [class_dump] gir → net.minecraft.client.gui.GuiGraphics
[1837|t+17208ms|ThreadId(2)] [class_dump] gjm → net.minecraft.client.gui.components.DebugScreenOverlay
[1838|t+17208ms|ThreadId(2)] [class_dump] gki → net.minecraft.client.gui.components.Renderable
[1839|t+17208ms|ThreadId(2)] [class_dump] gkr → net.minecraft.client.gui.components.TabOrderedElement
[1840|t+17209ms|ThreadId(2)] [class_dump] glw → net.minecraft.client.gui.components.debug.DebugScreenDisplayer
[1841|t+17209ms|ThreadId(2)] [class_dump] gmh → net.minecraft.client.gui.components.debugchart.ProfilerPieChart
[1842|t+17209ms|ThreadId(2)] [class_dump] gmk → net.minecraft.client.gui.components.events.AbstractContainerEventHandler
[1843|t+17210ms|ThreadId(2)] [class_dump] gml → net.minecraft.client.gui.components.events.ContainerEventHandler
[1844|t+17210ms|ThreadId(2)] [class_dump] gmm → net.minecraft.client.gui.components.events.GuiEventListener
[1845|t+17210ms|ThreadId(2)] [class_dump] gnb → net.minecraft.client.gui.components.toasts.Toast
[1846|t+17210ms|ThreadId(2)] [class_dump] gpi → net.minecraft.client.gui.navigation.FocusNavigationEvent
[1847|t+17211ms|ThreadId(2)] [class_dump] gqu → net.minecraft.client.gui.screens.AccessibilityOnboardingScreen
[1848|t+17211ms|ThreadId(2)] [class_dump] gqy → net.minecraft.client.gui.screens.ChatScreen
[1849|t+17211ms|ThreadId(2)] [class_dump] gqz → net.minecraft.client.gui.screens.ConfirmLinkScreen
[1850|t+17211ms|ThreadId(2)] [class_dump] gra → net.minecraft.client.gui.screens.ConfirmScreen
[1851|t+17212ms|ThreadId(2)] [class_dump] grg → net.minecraft.client.gui.screens.DeathScreen
[1852|t+17212ms|ThreadId(2)] [class_dump] grm → net.minecraft.client.gui.screens.GenericMessageScreen
[1853|t+17212ms|ThreadId(2)] [class_dump] grp → net.minecraft.client.gui.screens.LevelLoadingScreen
[1854|t+17213ms|ThreadId(2)] [class_dump] grr → net.minecraft.client.gui.screens.LoadingOverlay
[1855|t+17213ms|ThreadId(2)] [class_dump] grv → net.minecraft.client.gui.screens.OutOfMemoryScreen
[1856|t+17213ms|ThreadId(2)] [class_dump] grw → net.minecraft.client.gui.screens.Overlay
[1857|t+17214ms|ThreadId(2)] [class_dump] grx → net.minecraft.client.gui.screens.PauseScreen
[1858|t+17214ms|ThreadId(2)] [class_dump] grz → net.minecraft.client.gui.screens.ProgressScreen
[1859|t+17214ms|ThreadId(2)] [class_dump] gsb → net.minecraft.client.gui.screens.Screen
[1860|t+17214ms|ThreadId(2)] [class_dump] gsd → net.minecraft.client.gui.screens.TitleScreen
[1861|t+17215ms|ThreadId(2)] [class_dump] gsl → net.minecraft.client.gui.screens.advancements.AdvancementsScreen
[1862|t+17215ms|ThreadId(2)] [class_dump] gti → net.minecraft.client.gui.screens.inventory.AbstractContainerScreen
[1863|t+17215ms|ThreadId(2)] [class_dump] gtl → net.minecraft.client.gui.screens.inventory.AbstractRecipeBookScreen
[1864|t+17215ms|ThreadId(2)] [class_dump] gul → net.minecraft.client.gui.screens.inventory.InventoryScreen
[1865|t+17216ms|ThreadId(2)] [class_dump] guq → net.minecraft.client.gui.screens.inventory.MenuAccess
[1866|t+17216ms|ThreadId(2)] [class_dump] gvp → net.minecraft.client.gui.screens.multiplayer.JoinMultiplayerScreen
[1867|t+17216ms|ThreadId(2)] [class_dump] gxa → net.minecraft.client.gui.screens.recipebook.RecipeUpdateListener
[1868|t+17217ms|ThreadId(2)] [class_dump] gxq → net.minecraft.client.gui.screens.social.SocialInteractionsScreen
[1869|t+17217ms|ThreadId(2)] [class_dump] gzg → net.minecraft.client.main.SilentInitException
[1870|t+17217ms|ThreadId(2)] [class_dump] h → com.mojang.math.SymmetricGroup3
[1871|t+17218ms|ThreadId(2)] [class_dump] hif → net.minecraft.client.multiplayer.ClientLevel
[1872|t+17218ms|ThreadId(2)] [class_dump] hne → net.minecraft.client.player.AbstractClientPlayer
[1873|t+17218ms|ThreadId(2)] [class_dump] hnh → net.minecraft.client.player.LocalPlayer
[1874|t+17218ms|ThreadId(2)] [class_dump] ib → net.minecraft.commands.synchronization.ArgumentTypeInfo
[1875|t+17219ms|ThreadId(2)] [class_dump] ic → net.minecraft.commands.synchronization.ArgumentTypeInfos
[1876|t+17219ms|ThreadId(2)] [class_dump] inu → net.minecraft.client.resources.model.MaterialSet
[1877|t+17219ms|ThreadId(2)] [class_dump] ip → net.minecraft.core.AxisCycle
[1878|t+17220ms|ThreadId(2)] [class_dump] iqa → net.minecraft.client.server.IntegratedServer
[1879|t+17220ms|ThreadId(2)] [class_dump] ird → net.minecraft.client.telemetry.TelemetryProperty
[1880|t+17220ms|ThreadId(2)] [class_dump] irh → net.minecraft.client.telemetry.events.GameLoadTimesEvent
[1881|t+17220ms|ThreadId(2)] [class_dump] is → net.minecraft.core.BlockPos
[1882|t+17221ms|ThreadId(2)] [class_dump] isc → net.minecraft.realms.RealmsScreen
[1883|t+17221ms|ThreadId(2)] [class_dump] ix → net.minecraft.core.DefaultedMappedRegistry
[1884|t+17221ms|ThreadId(2)] [class_dump] iy → net.minecraft.core.DefaultedRegistry
[1885|t+17221ms|ThreadId(2)] [class_dump] iz → net.minecraft.core.Direction
[1886|t+17222ms|ThreadId(2)] [class_dump] jb → net.minecraft.core.FrontAndTop
[1887|t+17222ms|ThreadId(2)] [class_dump] jd → net.minecraft.core.Holder
[1888|t+17222ms|ThreadId(2)] [class_dump] je → net.minecraft.core.HolderGetter
[1889|t+17223ms|ThreadId(2)] [class_dump] jf → net.minecraft.core.HolderLookup
[1890|t+17223ms|ThreadId(2)] [class_dump] jg → net.minecraft.core.HolderOwner
[1891|t+17223ms|ThreadId(2)] [class_dump] jh → net.minecraft.core.HolderSet
[1892|t+17223ms|ThreadId(2)] [class_dump] ji → net.minecraft.core.IdMap
[1893|t+17224ms|ThreadId(2)] [class_dump] jj → net.minecraft.core.IdMapper
[1894|t+17224ms|ThreadId(2)] [class_dump] jl → net.minecraft.core.MappedRegistry
[1895|t+17224ms|ThreadId(2)] [class_dump] jm → net.minecraft.core.NonNullList
[1896|t+17224ms|ThreadId(2)] [class_dump] jn → net.minecraft.core.Position
[1897|t+17225ms|ThreadId(2)] [class_dump] jp → net.minecraft.core.RegistrationInfo
[1898|t+17225ms|ThreadId(2)] [class_dump] jq → net.minecraft.core.Registry
[1899|t+17225ms|ThreadId(2)] [class_dump] jr → net.minecraft.core.RegistryAccess
[1900|t+17225ms|ThreadId(2)] [class_dump] js → net.minecraft.core.RegistryCodecs
[1901|t+17226ms|ThreadId(2)] [class_dump] jx → net.minecraft.core.UUIDUtil
[1902|t+17226ms|ThreadId(2)] [class_dump] jy → net.minecraft.core.Vec3i
[1903|t+17226ms|ThreadId(2)] [class_dump] jz → net.minecraft.core.WritableRegistry
[1904|t+17227ms|ThreadId(2)] [class_dump] ka → net.minecraft.core.cauldron.CauldronInteraction
[1905|t+17227ms|ThreadId(2)] [class_dump] kc → net.minecraft.core.component.DataComponentExactPredicate
[1906|t+17227ms|ThreadId(2)] [class_dump] kd → net.minecraft.core.component.DataComponentGetter
[1907|t+17227ms|ThreadId(2)] [class_dump] ke → net.minecraft.core.component.DataComponentHolder
[1908|t+17228ms|ThreadId(2)] [class_dump] kf → net.minecraft.core.component.DataComponentMap
[1909|t+17228ms|ThreadId(2)] [class_dump] kg → net.minecraft.core.component.DataComponentPatch
[1910|t+17228ms|ThreadId(2)] [class_dump] kh → net.minecraft.core.component.DataComponentType
[1911|t+17228ms|ThreadId(2)] [class_dump] ki → net.minecraft.core.component.DataComponents
[1912|t+17229ms|ThreadId(2)] [class_dump] kj → net.minecraft.core.component.PatchedDataComponentMap
[1913|t+17229ms|ThreadId(2)] [class_dump] kk → net.minecraft.core.component.TypedDataComponent
[1914|t+17229ms|ThreadId(2)] [class_dump] ks → net.minecraft.core.component.predicates.DataComponentPredicate
[1915|t+17229ms|ThreadId(2)] [class_dump] kt → net.minecraft.core.component.predicates.DataComponentPredicates
[1916|t+17230ms|ThreadId(2)] [class_dump] l → net.minecraft.ChatFormatting
[1917|t+17230ms|ThreadId(2)] [class_dump] lf → net.minecraft.core.dispenser.DefaultDispenseItemBehavior
[1918|t+17230ms|ThreadId(2)] [class_dump] lg → net.minecraft.core.dispenser.DispenseItemBehavior
[1919|t+17230ms|ThreadId(2)] [class_dump] lp → net.minecraft.core.particles.BlockParticleOption
[1920|t+17231ms|ThreadId(2)] [class_dump] lq → net.minecraft.core.particles.ColorParticleOption
[1921|t+17231ms|ThreadId(2)] [class_dump] lu → net.minecraft.core.particles.ItemParticleOption
[1922|t+17231ms|ThreadId(2)] [class_dump] lw → net.minecraft.core.particles.ParticleOptions
[1923|t+17232ms|ThreadId(2)] [class_dump] lx → net.minecraft.core.particles.ParticleType
[1924|t+17232ms|ThreadId(2)] [class_dump] ly → net.minecraft.core.particles.ParticleTypes
[1925|t+17232ms|ThreadId(2)] [class_dump] lz → net.minecraft.core.particles.PowerParticleOption
[1926|t+17232ms|ThreadId(2)] [class_dump] m → net.minecraft.CrashReport
[1927|t+17233ms|ThreadId(2)] [class_dump] md → net.minecraft.core.particles.SimpleParticleType
[1928|t+17233ms|ThreadId(2)] [class_dump] me → net.minecraft.core.particles.SpellParticleOption
[1929|t+17233ms|ThreadId(2)] [class_dump] mi → net.minecraft.core.registries.BuiltInRegistries
[1930|t+17233ms|ThreadId(2)] [class_dump] mj → net.minecraft.core.registries.Registries
[1931|t+17234ms|ThreadId(2)] [class_dump] net.minecraft.client.main.Main → net.minecraft.client.main.Main
[1932|t+17234ms|ThreadId(2)] [class_dump] net.minecraft.client.main.Main$1 → net.minecraft.client.main.Main$1
[1933|t+17234ms|ThreadId(2)] [class_dump] net.minecraft.client.main.Main$2 → net.minecraft.client.main.Main$2
[1934|t+17234ms|ThreadId(2)] [class_dump] net.minecraft.server.MinecraftServer → net.minecraft.server.MinecraftServer
[1935|t+17235ms|ThreadId(2)] [class_dump] r → net.minecraft.DetectedVersion
[1936|t+17235ms|ThreadId(2)] [class_dump] rq → net.minecraft.data.worldgen.features.CaveFeatures
[1937|t+17235ms|ThreadId(2)] [class_dump] rs → net.minecraft.data.worldgen.features.FeatureUtils
[1938|t+17236ms|ThreadId(2)] [class_dump] rx → net.minecraft.data.worldgen.features.TreeFeatures
[1939|t+17236ms|ThreadId(2)] [class_dump] ry → net.minecraft.data.worldgen.features.VegetationFeatures
[1940|t+17237ms|ThreadId(2)] [class_dump] s → net.minecraft.IdentifierException
[1941|t+17237ms|ThreadId(2)] [class_dump] sn → net.minecraft.gametest.framework.BuiltinTestFunctions
[1942|t+17237ms|ThreadId(2)] [class_dump] tb → net.minecraft.gametest.framework.GameTestInstance
[1943|t+17238ms|ThreadId(2)] [class_dump] tv → net.minecraft.gametest.framework.TestEnvironmentDefinition
[1944|t+17238ms|ThreadId(2)] [class_dump] tx → net.minecraft.gametest.framework.TestFunctionLoader
[1945|t+17238ms|ThreadId(2)] [class_dump] u → net.minecraft.ReportType
[1946|t+17239ms|ThreadId(2)] [class_dump] ui → net.minecraft.gizmos.GizmoCollector
[1947|t+17239ms|ThreadId(2)] [class_dump] ux → net.minecraft.nbt.ByteTag
[1948|t+17239ms|ThreadId(2)] [class_dump] uy → net.minecraft.nbt.CollectionTag
[1949|t+17240ms|ThreadId(2)] [class_dump] uz → net.minecraft.nbt.CompoundTag
[1950|t+17240ms|ThreadId(2)] [class_dump] v → net.minecraft.ReportedException
[1951|t+17240ms|ThreadId(2)] [class_dump] vf → net.minecraft.nbt.ListTag
[1952|t+17240ms|ThreadId(2)] [class_dump] vi → net.minecraft.nbt.NbtAccounter
[1953|t+17241ms|ThreadId(2)] [class_dump] vj → net.minecraft.nbt.NbtAccounterException
[1954|t+17241ms|ThreadId(2)] [class_dump] vk → net.minecraft.nbt.NbtException
[1955|t+17242ms|ThreadId(2)] [class_dump] vl → net.minecraft.nbt.NbtFormatException
[1956|t+17242ms|ThreadId(2)] [class_dump] vn → net.minecraft.nbt.NbtOps
[1957|t+17242ms|ThreadId(2)] [class_dump] vp → net.minecraft.nbt.NumericTag
[1958|t+17243ms|ThreadId(2)] [class_dump] vq → net.minecraft.nbt.PrimitiveTag
[1959|t+17243ms|ThreadId(2)] [class_dump] vr → net.minecraft.nbt.ReportedNbtException
[1960|t+17243ms|ThreadId(2)] [class_dump] vt → net.minecraft.nbt.SnbtGrammar
[1961|t+17244ms|ThreadId(2)] [class_dump] vz → net.minecraft.nbt.Tag
[1962|t+17245ms|ThreadId(2)] [class_dump] w → net.minecraft.SharedConstants
[1963|t+17245ms|ThreadId(2)] [class_dump] wa → net.minecraft.nbt.TagParser
[1964|t+17245ms|ThreadId(2)] [class_dump] wb → net.minecraft.nbt.TagType
[1965|t+17246ms|ThreadId(2)] [class_dump] wr → net.minecraft.network.ClientboundPacketListener
[1966|t+17246ms|ThreadId(2)] [class_dump] wu → net.minecraft.network.Connection
[1967|t+17246ms|ThreadId(2)] [class_dump] wx → net.minecraft.network.FriendlyByteBuf
[1968|t+17246ms|ThreadId(2)] [class_dump] xd → net.minecraft.network.LocalFrameEncoder
[1969|t+17247ms|ThreadId(2)] [class_dump] xi → net.minecraft.network.PacketDecoder
[1970|t+17247ms|ThreadId(2)] [class_dump] xj → net.minecraft.network.PacketEncoder
[1971|t+17248ms|ThreadId(2)] [class_dump] xk → net.minecraft.network.PacketListener
[1972|t+17248ms|ThreadId(2)] [class_dump] xo → net.minecraft.network.ProtocolSwapHandler
[1973|t+17248ms|ThreadId(2)] [class_dump] xq → net.minecraft.network.RegistryFriendlyByteBuf
[1974|t+17248ms|ThreadId(2)] [class_dump] y → net.minecraft.SystemReport
[1975|t+17249ms|ThreadId(2)] [class_dump] yb → net.minecraft.network.Varint21LengthFieldPrepender
[1976|t+17249ms|ThreadId(2)] [class_dump] yf → net.minecraft.network.chat.ClickEvent
[1977|t+17249ms|ThreadId(2)] [class_dump] yh → net.minecraft.network.chat.Component
[1978|t+17249ms|ThreadId(2)] [class_dump] yi → net.minecraft.network.chat.ComponentContents
[1979|t+17250ms|ThreadId(2)] [class_dump] yj → net.minecraft.network.chat.ComponentSerialization
[1980|t+17250ms|ThreadId(2)] [class_dump] ym → net.minecraft.network.chat.FontDescription
[1981|t+17251ms|ThreadId(2)] [class_dump] yn → net.minecraft.network.chat.FormattedText
[1982|t+17251ms|ThreadId(2)] [class_dump] yo → net.minecraft.network.chat.HoverEvent
[1983|t+17251ms|ThreadId(2)] [class_dump] yw → net.minecraft.network.chat.MutableComponent
[1984|t+17252ms|ThreadId(2)] [class_dump] z → net.minecraft.TracingExecutor
[1985|t+17252ms|ThreadId(2)] [class_dump] zf → net.minecraft.network.chat.Style
[1986|t+17252ms|ThreadId(2)] [class_dump] zh → net.minecraft.network.chat.TextColor
[1987|t+17253ms|ThreadId(2)] [class_dump] zq → net.minecraft.network.chat.contents.TranslatableContents
[1988|t+17253ms|ThreadId(2)] [class_dump] zr → net.minecraft.network.chat.contents.TranslatableFormatException
[1989|t+17254ms|ThreadId(2)] [step] title_marker — skipped this attempt (tick=0): Minecraft instance is null (client not ready)
[1990|t+17255ms|ThreadId(2)] [step] deferred_init — entering render/tick loop
[1991|t+17507ms|ThreadId(2)] [step] client_tick — screen getter returned None — screen_m="screen" getscreen_m="getScreen" desc="()Lgsb;" (obf解決失敗/ambiguous が疑われる)
[1992|t+17965ms|ThreadId(2)] [VTable] vtable installed
[1993|t+17966ms|ThreadId(2)] [Rsift] RsiftChunkBridge natives ready
[1994|t+17966ms|ThreadId(2)] [ChunkBridge] sync: minecraft=true loader=true
[1995|t+17967ms|ThreadId(2)] [step] tick_loop — alive tick=0
[1996|t+20679ms|ThreadId(2)] [RsiftPlatformBridge] installed
[1997|t+20680ms|ThreadId(2)] [Platform] ready
[1998|t+20681ms|ThreadId(2)] [RsiftPlatformBridge] apply error: ClassNotFoundException: net.minecraft.core.registries.BuiltInRegistries
[1999|t+20726ms|ThreadId(2)] [RsiftPlatformBridge] apply error: ClassNotFoundException: net.minecraft.core.registries.BuiltInRegistries
[2000|t+20739ms|ThreadId(2)] [JVMTI] wanted class captured at ClassLoad (loader-independent): glz
[2001|t+21062ms|ThreadId(2)] [RsiftPlatformBridge] apply error: ClassNotFoundException: net.minecraft.core.registries.BuiltInRegistries
[2002|t+21064ms|ThreadId(2)] [RsiftPlatformBridge] apply error: ClassNotFoundException: net.minecraft.core.registries.BuiltInRegistries
[2003|t+21372ms|ThreadId(2)] [RsiftPlatformBridge] apply error: ClassNotFoundException: net.minecraft.core.registries.BuiltInRegistries
[2004|t+21373ms|ThreadId(2)] [RsiftPlatformBridge] apply error: ClassNotFoundException: net.minecraft.core.registries.BuiltInRegistries
[2005|t+23073ms|ThreadId(1)] [hook] client_run fired (count=1)
[2006|t+23076ms|ThreadId(1)] [RsiftKeys] WARN vanilla KeyMapping リフレクション失敗 (キー入力は未接続): IdCategoryTypeCode: getEnumConstants net/minecraft/client/KeyMapping$Category: Java exception was thrown | IdTypeCodeCategory: getEnumConstants com/mojang/blaze3d/platform/InputConstants$Type: Java exception was thrown | IdCodeCategory: Java exception was thrown | IdCategoryCode: Java exception was thrown
[2007|t+23081ms|ThreadId(1)] [hook] client_tick fired (count=1)
[2008|t+23169ms|ThreadId(1)] [hook] render_flip fired (count=1)
[2009|t+25046ms|ThreadId(1)] [GlfwHook] glfw.dll!glfwSwapBuffers hooked — DXGI exclusive present
[2010|t+25062ms|ThreadId(2)] [step] title_marker — window title set: Minecraft* 1.21.11 - Rsift (RsGraphics Render)
[2011|t+25065ms|ThreadId(2)] [RsiftPlatformBridge] apply error: ClassNotFoundException: net.minecraft.core.registries.BuiltInRegistries
[2012|t+25066ms|ThreadId(2)] [RsiftPlatformBridge] apply error: ClassNotFoundException: net.minecraft.core.registries.BuiltInRegistries
[2013|t+25403ms|ThreadId(2)] [RsiftPlatformBridge] apply error: ClassNotFoundException: net.minecraft.core.registries.BuiltInRegistries
[2014|t+25407ms|ThreadId(2)] [RsiftPlatformBridge] apply error: ClassNotFoundException: net.minecraft.core.registries.BuiltInRegistries
[2015|t+25724ms|ThreadId(2)] [RsiftPlatformBridge] apply error: ClassNotFoundException: net.minecraft.core.registries.BuiltInRegistries
[2016|t+25728ms|ThreadId(2)] [RsiftPlatformBridge] apply error: ClassNotFoundException: net.minecraft.core.registries.BuiltInRegistries
[2017|t+26057ms|ThreadId(2)] [RsiftPlatformBridge] apply error: ClassNotFoundException: net.minecraft.core.registries.BuiltInRegistries
[2018|t+26058ms|ThreadId(2)] [RsiftPlatformBridge] apply error: ClassNotFoundException: net.minecraft.core.registries.BuiltInRegistries
[2019|t+26376ms|ThreadId(2)] [RsiftPlatformBridge] apply error: ClassNotFoundException: net.minecraft.core.registries.BuiltInRegistries
[2020|t+26377ms|ThreadId(2)] [RsiftPlatformBridge] apply error: ClassNotFoundException: net.minecraft.core.registries.BuiltInRegistries
[2021|t+26685ms|ThreadId(2)] [RsiftPlatformBridge] apply error: ClassNotFoundException: net.minecraft.core.registries.BuiltInRegistries
[2022|t+26686ms|ThreadId(2)] [RsiftPlatformBridge] apply error: ClassNotFoundException: net.minecraft.core.registries.BuiltInRegistries
[2023|t+26992ms|ThreadId(2)] [RsiftPlatformBridge] apply error: ClassNotFoundException: net.minecraft.core.registries.BuiltInRegistries
[2024|t+26993ms|ThreadId(2)] [RsiftPlatformBridge] apply error: ClassNotFoundException: net.minecraft.core.registries.BuiltInRegistries
[2025|t+27297ms|ThreadId(2)] [RsiftPlatformBridge] apply error: ClassNotFoundException: net.minecraft.core.registries.BuiltInRegistries
[2026|t+27298ms|ThreadId(2)] [RsiftPlatformBridge] apply error: ClassNotFoundException: net.minecraft.core.registries.BuiltInRegistries
[2027|t+27605ms|ThreadId(2)] [RsiftPlatformBridge] apply error: ClassNotFoundException: net.minecraft.core.registries.BuiltInRegistries
[2028|t+27605ms|ThreadId(2)] [RsiftPlatformBridge] apply error: ClassNotFoundException: net.minecraft.core.registries.BuiltInRegistries
[2029|t+27912ms|ThreadId(2)] [RsiftPlatformBridge] apply error: ClassNotFoundException: net.minecraft.core.registries.BuiltInRegistries
[2030|t+27913ms|ThreadId(2)] [RsiftPlatformBridge] apply error: ClassNotFoundException: net.minecraft.core.registries.BuiltInRegistries
[2031|t+28219ms|ThreadId(2)] [RsiftPlatformBridge] apply error: ClassNotFoundException: net.minecraft.core.registries.BuiltInRegistries
[2032|t+28219ms|ThreadId(2)] [RsiftPlatformBridge] apply error: ClassNotFoundException: net.minecraft.core.registries.BuiltInRegistries
[2033|t+28526ms|ThreadId(2)] [RsiftPlatformBridge] apply error: ClassNotFoundException: net.minecraft.core.registries.BuiltInRegistries
[2034|t+28527ms|ThreadId(2)] [RsiftPlatformBridge] apply error: ClassNotFoundException: net.minecraft.core.registries.BuiltInRegistries
[2035|t+28833ms|ThreadId(2)] [RsiftPlatformBridge] apply error: ClassNotFoundException: net.minecraft.core.registries.BuiltInRegistries
[2036|t+28834ms|ThreadId(2)] [RsiftPlatformBridge] apply error: ClassNotFoundException: net.minecraft.core.registries.BuiltInRegistries
[2037|t+29139ms|ThreadId(2)] [RsiftPlatformBridge] apply error: ClassNotFoundException: net.minecraft.core.registries.BuiltInRegistries
[2038|t+29140ms|ThreadId(2)] [RsiftPlatformBridge] apply error: ClassNotFoundException: net.minecraft.core.registries.BuiltInRegistries
[2039|t+29446ms|ThreadId(2)] [RsiftPlatformBridge] apply error: ClassNotFoundException: net.minecraft.core.registries.BuiltInRegistries
[2040|t+29447ms|ThreadId(2)] [RsiftPlatformBridge] apply error: ClassNotFoundException: net.minecraft.core.registries.BuiltInRegistries
[2041|t+29751ms|ThreadId(2)] [RsiftPlatformBridge] apply error: ClassNotFoundException: net.minecraft.core.registries.BuiltInRegistries
[2042|t+29752ms|ThreadId(2)] [RsiftPlatformBridge] apply error: ClassNotFoundException: net.minecraft.core.registries.BuiltInRegistries
[2043|t+30058ms|ThreadId(2)] [RsiftPlatformBridge] apply error: ClassNotFoundException: net.minecraft.core.registries.BuiltInRegistries
[2044|t+30059ms|ThreadId(2)] [RsiftPlatformBridge] apply error: ClassNotFoundException: net.minecraft.core.registries.BuiltInRegistries
[2045|t+30751ms|ThreadId(2)] [RsiftPlatformBridge] apply error: ClassNotFoundException: net.minecraft.core.registries.BuiltInRegistries
[2046|t+30752ms|ThreadId(2)] [RsiftPlatformBridge] apply error: ClassNotFoundException: net.minecraft.core.registries.BuiltInRegistries
[2047|t+31057ms|ThreadId(2)] [RsiftPlatformBridge] apply error: ClassNotFoundException: net.minecraft.core.registries.BuiltInRegistries
[2048|t+31058ms|ThreadId(2)] [RsiftPlatformBridge] apply error: ClassNotFoundException: net.minecraft.core.registries.BuiltInRegistries
[2049|t+31059ms|ThreadId(2)] [step] tick_loop — alive tick=120
[2050|t+31363ms|ThreadId(2)] [RsiftPlatformBridge] apply error: ClassNotFoundException: net.minecraft.core.registries.BuiltInRegistries
[2051|t+31609ms|ThreadId(2)] [RsiftPlatformBridge] apply error: ClassNotFoundException: net.minecraft.core.registries.BuiltInRegistries
[2052|t+31914ms|ThreadId(2)] [RsiftPlatformBridge] apply error: ClassNotFoundException: net.minecraft.core.registries.BuiltInRegistries
[2053|t+31915ms|ThreadId(2)] [RsiftPlatformBridge] apply error: ClassNotFoundException: net.minecraft.core.registries.BuiltInRegistries
[2054|t+32221ms|ThreadId(2)] [RsiftPlatformBridge] apply error: ClassNotFoundException: net.minecraft.core.registries.BuiltInRegistries
[2055|t+32546ms|ThreadId(2)] [RsiftPlatformBridge] apply error: ClassNotFoundException: net.minecraft.core.registries.BuiltInRegistries
[2056|t+33130ms|ThreadId(2)] [RsiftPlatformBridge] apply error: ClassNotFoundException: net.minecraft.core.registries.BuiltInRegistries
[2057|t+33131ms|ThreadId(2)] [RsiftPlatformBridge] apply error: ClassNotFoundException: net.minecraft.core.registries.BuiltInRegistries
[2058|t+33436ms|ThreadId(2)] [RsiftPlatformBridge] apply error: ClassNotFoundException: net.minecraft.core.registries.BuiltInRegistries
[2059|t+33437ms|ThreadId(2)] [RsiftPlatformBridge] apply error: ClassNotFoundException: net.minecraft.core.registries.BuiltInRegistries
[2060|t+33744ms|ThreadId(2)] [RsiftPlatformBridge] apply error: ClassNotFoundException: net.minecraft.core.registries.BuiltInRegistries
[2061|t+33745ms|ThreadId(2)] [RsiftPlatformBridge] apply error: ClassNotFoundException: net.minecraft.core.registries.BuiltInRegistries
[2062|t+34051ms|ThreadId(2)] [RsiftPlatformBridge] apply error: ClassNotFoundException: net.minecraft.core.registries.BuiltInRegistries
[2063|t+34052ms|ThreadId(2)] [RsiftPlatformBridge] apply error: ClassNotFoundException: net.minecraft.core.registries.BuiltInRegistries
[2064|t+34359ms|ThreadId(2)] [RsiftPlatformBridge] apply error: ClassNotFoundException: net.minecraft.core.registries.BuiltInRegistries
[2065|t+34360ms|ThreadId(2)] [RsiftPlatformBridge] apply error: ClassNotFoundException: net.minecraft.core.registries.BuiltInRegistries
[2066|t+34667ms|ThreadId(2)] [RsiftPlatformBridge] apply error: ClassNotFoundException: net.minecraft.core.registries.BuiltInRegistries
[2067|t+34668ms|ThreadId(2)] [RsiftPlatformBridge] apply error: ClassNotFoundException: net.minecraft.core.registries.BuiltInRegistries
[2068|t+34973ms|ThreadId(2)] [RsiftPlatformBridge] apply error: ClassNotFoundException: net.minecraft.core.registries.BuiltInRegistries
[2069|t+34974ms|ThreadId(2)] [RsiftPlatformBridge] apply error: ClassNotFoundException: net.minecraft.core.registries.BuiltInRegistries
[2070|t+35310ms|ThreadId(2)] [RsiftPlatformBridge] apply error: ClassNotFoundException: net.minecraft.core.registries.BuiltInRegistries
[2071|t+35311ms|ThreadId(2)] [RsiftPlatformBridge] apply error: ClassNotFoundException: net.minecraft.core.registries.BuiltInRegistries
[2072|t+35616ms|ThreadId(2)] [RsiftPlatformBridge] apply error: ClassNotFoundException: net.minecraft.core.registries.BuiltInRegistries
[2073|t+35617ms|ThreadId(2)] [RsiftPlatformBridge] apply error: ClassNotFoundException: net.minecraft.core.registries.BuiltInRegistries
[2074|t+36016ms|ThreadId(2)] [RsiftPlatformBridge] apply error: ClassNotFoundException: net.minecraft.core.registries.BuiltInRegistries
[2075|t+36026ms|ThreadId(2)] [RsiftPlatformBridge] apply error: ClassNotFoundException: net.minecraft.core.registries.BuiltInRegistries
[2076|t+36562ms|ThreadId(2)] [RsiftPlatformBridge] apply error: ClassNotFoundException: net.minecraft.core.registries.BuiltInRegistries
[2077|t+36572ms|ThreadId(2)] [RsiftPlatformBridge] apply error: ClassNotFoundException: net.minecraft.core.registries.BuiltInRegistries
[2078|t+36881ms|ThreadId(2)] [RsiftPlatformBridge] apply error: ClassNotFoundException: net.minecraft.core.registries.BuiltInRegistries
[2079|t+36881ms|ThreadId(2)] [RsiftPlatformBridge] apply error: ClassNotFoundException: net.minecraft.core.registries.BuiltInRegistries
[2080|t+37188ms|ThreadId(2)] [RsiftPlatformBridge] apply error: ClassNotFoundException: net.minecraft.core.registries.BuiltInRegistries
[2081|t+37189ms|ThreadId(2)] [RsiftPlatformBridge] apply error: ClassNotFoundException: net.minecraft.core.registries.BuiltInRegistries
[2082|t+37668ms|ThreadId(2)] [RsiftPlatformBridge] apply error: ClassNotFoundException: net.minecraft.core.registries.BuiltInRegistries
[2083|t+37761ms|ThreadId(2)] [RsiftPlatformBridge] apply error: ClassNotFoundException: net.minecraft.core.registries.BuiltInRegistries
[2084|t+38432ms|ThreadId(2)] [RsiftPlatformBridge] apply error: ClassNotFoundException: net.minecraft.core.registries.BuiltInRegistries
[2085|t+38439ms|ThreadId(2)] [RsiftPlatformBridge] apply error: ClassNotFoundException: net.minecraft.core.registries.BuiltInRegistries
[2086|t+38768ms|ThreadId(2)] [RsiftPlatformBridge] apply error: ClassNotFoundException: net.minecraft.core.registries.BuiltInRegistries
[2087|t+38769ms|ThreadId(2)] [RsiftPlatformBridge] apply error: ClassNotFoundException: net.minecraft.core.registries.BuiltInRegistries
[2088|t+39658ms|ThreadId(2)] [step] title_marker — window title set: Minecraft* 1.21.11 - Rsift (RsGraphics Render)
[2089|t+39911ms|ThreadId(2)] [RsiftPlatformBridge] apply error: ClassNotFoundException: net.minecraft.core.registries.BuiltInRegistries
[2090|t+39912ms|ThreadId(2)] [RsiftPlatformBridge] apply error: ClassNotFoundException: net.minecraft.core.registries.BuiltInRegistries
[2091|t+40216ms|ThreadId(2)] [RsiftPlatformBridge] apply error: ClassNotFoundException: net.minecraft.core.registries.BuiltInRegistries
[2092|t+40216ms|ThreadId(2)] [RsiftPlatformBridge] apply error: ClassNotFoundException: net.minecraft.core.registries.BuiltInRegistries
[2093|t+40522ms|ThreadId(2)] [RsiftPlatformBridge] apply error: ClassNotFoundException: net.minecraft.core.registries.BuiltInRegistries
[2094|t+40523ms|ThreadId(2)] [RsiftPlatformBridge] apply error: ClassNotFoundException: net.minecraft.core.registries.BuiltInRegistries
[2095|t+40827ms|ThreadId(2)] [RsiftPlatformBridge] apply error: ClassNotFoundException: net.minecraft.core.registries.BuiltInRegistries
[2096|t+40828ms|ThreadId(2)] [RsiftPlatformBridge] apply error: ClassNotFoundException: net.minecraft.core.registries.BuiltInRegistries
[2097|t+41133ms|ThreadId(2)] [RsiftPlatformBridge] apply error: ClassNotFoundException: net.minecraft.core.registries.BuiltInRegistries
[2098|t+41134ms|ThreadId(2)] [RsiftPlatformBridge] apply error: ClassNotFoundException: net.minecraft.core.registries.BuiltInRegistries
[2099|t+41438ms|ThreadId(2)] [RsiftPlatformBridge] apply error: ClassNotFoundException: net.minecraft.core.registries.BuiltInRegistries
[2100|t+41439ms|ThreadId(2)] [RsiftPlatformBridge] apply error: ClassNotFoundException: net.minecraft.core.registries.BuiltInRegistries
[2101|t+41745ms|ThreadId(2)] [RsiftPlatformBridge] apply error: ClassNotFoundException: net.minecraft.core.registries.BuiltInRegistries
[2102|t+41745ms|ThreadId(2)] [RsiftPlatformBridge] apply error: ClassNotFoundException: net.minecraft.core.registries.BuiltInRegistries
[2103|t+42049ms|ThreadId(2)] [RsiftPlatformBridge] apply error: ClassNotFoundException: net.minecraft.core.registries.BuiltInRegistries
[2104|t+42050ms|ThreadId(2)] [RsiftPlatformBridge] apply error: ClassNotFoundException: net.minecraft.core.registries.BuiltInRegistries
[2105|t+42354ms|ThreadId(2)] [RsiftPlatformBridge] apply error: ClassNotFoundException: net.minecraft.core.registries.BuiltInRegistries
[2106|t+42355ms|ThreadId(2)] [RsiftPlatformBridge] apply error: ClassNotFoundException: net.minecraft.core.registries.BuiltInRegistries
[2107|t+42660ms|ThreadId(2)] [RsiftPlatformBridge] apply error: ClassNotFoundException: net.minecraft.core.registries.BuiltInRegistries
[2108|t+42661ms|ThreadId(2)] [RsiftPlatformBridge] apply error: ClassNotFoundException: net.minecraft.core.registries.BuiltInRegistries
[2109|t+42966ms|ThreadId(2)] [RsiftPlatformBridge] apply error: ClassNotFoundException: net.minecraft.core.registries.BuiltInRegistries
[2110|t+42967ms|ThreadId(2)] [RsiftPlatformBridge] apply error: ClassNotFoundException: net.minecraft.core.registries.BuiltInRegistries
[2111|t+42967ms|ThreadId(2)] [step] tick_loop — alive tick=240
[2112|t+43271ms|ThreadId(2)] [RsiftPlatformBridge] apply error: ClassNotFoundException: net.minecraft.core.registries.BuiltInRegistries
[2113|t+43272ms|ThreadId(2)] [RsiftPlatformBridge] apply error: ClassNotFoundException: net.minecraft.core.registries.BuiltInRegistries
[2114|t+43577ms|ThreadId(2)] [RsiftPlatformBridge] apply error: ClassNotFoundException: net.minecraft.core.registries.BuiltInRegistries
[2115|t+43578ms|ThreadId(2)] [RsiftPlatformBridge] apply error: ClassNotFoundException: net.minecraft.core.registries.BuiltInRegistries
[2116|t+43882ms|ThreadId(2)] [step] screen_check — obf=gsd mojmap=net.minecraft.client.gui.screens.TitleScreen → injecting
[2117|t+43883ms|ThreadId(2)] [RsiftPlatformBridge] apply error: ClassNotFoundException: net.minecraft.core.registries.BuiltInRegistries
[2118|t+43884ms|ThreadId(2)] [RsiftPlatformBridge] apply error: ClassNotFoundException: net.minecraft.core.registries.BuiltInRegistries
[2119|t+43884ms|ThreadId(1)] [RsiftScreenHooks] injectCurrentScreen failed: gfj.screen()
[2120|t+43902ms|ThreadId(2)] [step] screen_check — obf=gsd mojmap=net.minecraft.client.gui.screens.TitleScreen → injecting
[2121|t+43919ms|ThreadId(2)] [step] screen_check — obf=gsd mojmap=net.minecraft.client.gui.screens.TitleScreen → injecting
[2122|t+43935ms|ThreadId(1)] [RsiftScreenHooks] injectCurrentScreen failed: gfj.screen()
[2123|t+43936ms|ThreadId(1)] [RsiftScreenHooks] injectCurrentScreen failed: gfj.screen()
[2124|t+43938ms|ThreadId(2)] [step] screen_check — obf=gsd mojmap=net.minecraft.client.gui.screens.TitleScreen → injecting
[2125|t+43952ms|ThreadId(1)] [RsiftScreenHooks] injectCurrentScreen failed: gfj.screen()
[2126|t+44190ms|ThreadId(2)] [step] screen_check — obf=gsd mojmap=net.minecraft.client.gui.screens.TitleScreen → injecting
[2127|t+44191ms|ThreadId(2)] [RsiftPlatformBridge] apply error: ClassNotFoundException: net.minecraft.core.registries.BuiltInRegistries
[2128|t+44191ms|ThreadId(2)] [RsiftPlatformBridge] apply error: ClassNotFoundException: net.minecraft.core.registries.BuiltInRegistries
[2129|t+44196ms|ThreadId(1)] [RsiftScreenHooks] injectCurrentScreen failed: gfj.screen()
[2130|t+44210ms|ThreadId(2)] [step] screen_check — obf=gsd mojmap=net.minecraft.client.gui.screens.TitleScreen → injecting
[2131|t+44212ms|ThreadId(1)] [RsiftScreenHooks] injectCurrentScreen failed: gfj.screen()
[2132|t+44228ms|ThreadId(2)] [step] screen_check — obf=gsd mojmap=net.minecraft.client.gui.screens.TitleScreen → injecting
[2133|t+44247ms|ThreadId(2)] [step] screen_check — obf=gsd mojmap=net.minecraft.client.gui.screens.TitleScreen → injecting
[2134|t+44266ms|ThreadId(1)] [RsiftScreenHooks] injectCurrentScreen failed: gfj.screen()
[2135|t+44267ms|ThreadId(1)] [RsiftScreenHooks] injectCurrentScreen failed: gfj.screen()
[2136|t+44500ms|ThreadId(2)] [step] screen_check — obf=gsd mojmap=net.minecraft.client.gui.screens.TitleScreen → injecting
[2137|t+44500ms|ThreadId(2)] [RsiftPlatformBridge] apply error: ClassNotFoundException: net.minecraft.core.registries.BuiltInRegistries
[2138|t+44501ms|ThreadId(2)] [RsiftPlatformBridge] apply error: ClassNotFoundException: net.minecraft.core.registries.BuiltInRegistries
[2139|t+44519ms|ThreadId(2)] [step] screen_check — obf=gsd mojmap=net.minecraft.client.gui.screens.TitleScreen → injecting
[2140|t+44523ms|ThreadId(1)] [RsiftScreenHooks] injectCurrentScreen failed: gfj.screen()
[2141|t+44523ms|ThreadId(1)] [RsiftScreenHooks] injectCurrentScreen failed: gfj.screen()
[2142|t+44537ms|ThreadId(2)] [step] screen_check — obf=gsd mojmap=net.minecraft.client.gui.screens.TitleScreen → injecting
[2143|t+44542ms|ThreadId(1)] [RsiftScreenHooks] injectCurrentScreen failed: gfj.screen()
[2144|t+44555ms|ThreadId(2)] [step] screen_check — obf=gsd mojmap=net.minecraft.client.gui.screens.TitleScreen → injecting
[2145|t+44560ms|ThreadId(1)] [RsiftScreenHooks] injectCurrentScreen failed: gfj.screen()
[2146|t+44808ms|ThreadId(2)] [step] screen_check — obf=gsd mojmap=net.minecraft.client.gui.screens.TitleScreen → injecting
[2147|t+44810ms|ThreadId(2)] [RsiftPlatformBridge] apply error: ClassNotFoundException: net.minecraft.core.registries.BuiltInRegistries
[2149|t+44825ms|ThreadId(1)] [RsiftScreenHooks] injectCurrentScreen failed: gfj.screen()[2148|t+44810ms|ThreadId(2)] [RsiftPlatformBridge] apply error: ClassNotFoundException: net.minecraft.core.registries.BuiltInRegistries

[2150|t+44844ms|ThreadId(2)] [step] screen_check — obf=gsd mojmap=net.minecraft.client.gui.screens.TitleScreen → injecting
[2151|t+44862ms|ThreadId(2)] [step] screen_check — obf=gsd mojmap=net.minecraft.client.gui.screens.TitleScreen → injecting
[2152|t+44863ms|ThreadId(1)] [RsiftScreenHooks] injectCurrentScreen failed: gfj.screen()
[2153|t+44864ms|ThreadId(1)] [RsiftScreenHooks] injectCurrentScreen failed: gfj.screen()
[2154|t+44880ms|ThreadId(2)] [step] screen_check — obf=gsd mojmap=net.minecraft.client.gui.screens.TitleScreen → injecting
[2155|t+44896ms|ThreadId(1)] [RsiftScreenHooks] injectCurrentScreen failed: gfj.screen()
[2156|t+45132ms|ThreadId(2)] [step] screen_check — obf=gsd mojmap=net.minecraft.client.gui.screens.TitleScreen → injecting
[2157|t+45133ms|ThreadId(2)] [RsiftPlatformBridge] apply error: ClassNotFoundException: net.minecraft.core.registries.BuiltInRegistries
[2158|t+45134ms|ThreadId(2)] [RsiftPlatformBridge] apply error: ClassNotFoundException: net.minecraft.core.registries.BuiltInRegistries
[2159|t+45147ms|ThreadId(1)] [RsiftScreenHooks] injectCurrentScreen failed: gfj.screen()
[2160|t+45152ms|ThreadId(2)] [step] screen_check — obf=gsd mojmap=net.minecraft.client.gui.screens.TitleScreen → injecting
[2161|t+45170ms|ThreadId(2)] [step] screen_check — obf=gsd mojmap=net.minecraft.client.gui.screens.TitleScreen → injecting
[2162|t+45179ms|ThreadId(1)] [RsiftScreenHooks] injectCurrentScreen failed: gfj.screen()
[2163|t+45180ms|ThreadId(1)] [RsiftScreenHooks] injectCurrentScreen failed: gfj.screen()
[2164|t+45187ms|ThreadId(2)] [step] screen_check — obf=gsd mojmap=net.minecraft.client.gui.screens.TitleScreen → injecting
[2165|t+45196ms|ThreadId(1)] [RsiftScreenHooks] injectCurrentScreen failed: gfj.screen()
[2166|t+45439ms|ThreadId(2)] [step] screen_check — obf=gsd mojmap=net.minecraft.client.gui.screens.TitleScreen → injecting
[2167|t+45440ms|ThreadId(2)] [RsiftPlatformBridge] apply error: ClassNotFoundException: net.minecraft.core.registries.BuiltInRegistries
[2168|t+45441ms|ThreadId(2)] [RsiftPlatformBridge] apply error: ClassNotFoundException: net.minecraft.core.registries.BuiltInRegistries
[2169|t+45447ms|ThreadId(1)] [RsiftScreenHooks] injectCurrentScreen failed: gfj.screen()
[2170|t+45458ms|ThreadId(2)] [step] screen_check — obf=gsd mojmap=net.minecraft.client.gui.screens.TitleScreen → injecting
[2171|t+45463ms|ThreadId(1)] [RsiftScreenHooks] injectCurrentScreen failed: gfj.screen()
[2172|t+45476ms|ThreadId(2)] [step] screen_check — obf=gsd mojmap=net.minecraft.client.gui.screens.TitleScreen → injecting
[2173|t+45480ms|ThreadId(1)] [RsiftScreenHooks] injectCurrentScreen failed: gfj.screen()
[2174|t+45495ms|ThreadId(2)] [step] screen_check — obf=gsd mojmap=net.minecraft.client.gui.screens.TitleScreen → injecting
[2175|t+45519ms|ThreadId(1)] [RsiftScreenHooks] injectCurrentScreen failed: gfj.screen()
[2176|t+45746ms|ThreadId(2)] [step] screen_check — obf=gsd mojmap=net.minecraft.client.gui.screens.TitleScreen → injecting
[2177|t+45747ms|ThreadId(2)] [RsiftPlatformBridge] apply error: ClassNotFoundException: net.minecraft.core.registries.BuiltInRegistries
[2178|t+45748ms|ThreadId(2)] [RsiftPlatformBridge] apply error: ClassNotFoundException: net.minecraft.core.registries.BuiltInRegistries
[2179|t+45761ms|ThreadId(1)] [RsiftScreenHooks] injectCurrentScreen failed: gfj.screen()
[2180|t+45765ms|ThreadId(2)] [step] screen_check — obf=gsd mojmap=net.minecraft.client.gui.screens.TitleScreen → injecting
[2181|t+45780ms|ThreadId(1)] [RsiftScreenHooks] injectCurrentScreen failed: gfj.screen()
[2182|t+45783ms|ThreadId(2)] [step] screen_check — obf=gsd mojmap=net.minecraft.client.gui.screens.TitleScreen → injecting
[2183|t+45797ms|ThreadId(1)] [RsiftScreenHooks] injectCurrentScreen failed: gfj.screen()
[2184|t+45801ms|ThreadId(2)] [step] screen_check — obf=gsd mojmap=net.minecraft.client.gui.screens.TitleScreen → injecting
[2185|t+45815ms|ThreadId(1)] [RsiftScreenHooks] injectCurrentScreen failed: gfj.screen()
[2186|t+46053ms|ThreadId(2)] [RsiftPlatformBridge] apply error: ClassNotFoundException: net.minecraft.core.registries.BuiltInRegistries
[2187|t+46054ms|ThreadId(2)] [RsiftPlatformBridge] apply error: ClassNotFoundException: net.minecraft.core.registries.BuiltInRegistries
[2188|t+46358ms|ThreadId(2)] [RsiftPlatformBridge] apply error: ClassNotFoundException: net.minecraft.core.registries.BuiltInRegistries
[2189|t+46359ms|ThreadId(2)] [RsiftPlatformBridge] apply error: ClassNotFoundException: net.minecraft.core.registries.BuiltInRegistries
[2190|t+46662ms|ThreadId(2)] [RsiftPlatformBridge] apply error: ClassNotFoundException: net.minecraft.core.registries.BuiltInRegistries
[2191|t+46663ms|ThreadId(2)] [RsiftPlatformBridge] apply error: ClassNotFoundException: net.minecraft.core.registries.BuiltInRegistries
[2192|t+46968ms|ThreadId(2)] [RsiftPlatformBridge] apply error: ClassNotFoundException: net.minecraft.core.registries.BuiltInRegistries
[2193|t+46968ms|ThreadId(2)] [RsiftPlatformBridge] apply error: ClassNotFoundException: net.minecraft.core.registries.BuiltInRegistries
[2194|t+47273ms|ThreadId(2)] [RsiftPlatformBridge] apply error: ClassNotFoundException: net.minecraft.core.registries.BuiltInRegistries
[2195|t+47274ms|ThreadId(2)] [RsiftPlatformBridge] apply error: ClassNotFoundException: net.minecraft.core.registries.BuiltInRegistries
[2196|t+47579ms|ThreadId(2)] [RsiftPlatformBridge] apply error: ClassNotFoundException: net.minecraft.core.registries.BuiltInRegistries
[2197|t+47579ms|ThreadId(2)] [RsiftPlatformBridge] apply error: ClassNotFoundException: net.minecraft.core.registries.BuiltInRegistries
[2198|t+47885ms|ThreadId(2)] [RsiftPlatformBridge] apply error: ClassNotFoundException: net.minecraft.core.registries.BuiltInRegistries
[2199|t+47885ms|ThreadId(2)] [RsiftPlatformBridge] apply error: ClassNotFoundException: net.minecraft.core.registries.BuiltInRegistries
[2200|t+48188ms|ThreadId(2)] [RsiftPlatformBridge] apply error: ClassNotFoundException: net.minecraft.core.registries.BuiltInRegistries
[2201|t+48189ms|ThreadId(2)] [RsiftPlatformBridge] apply error: ClassNotFoundException: net.minecraft.core.registries.BuiltInRegistries
[2202|t+48494ms|ThreadId(2)] [RsiftPlatformBridge] apply error: ClassNotFoundException: net.minecraft.core.registries.BuiltInRegistries
[2203|t+48495ms|ThreadId(2)] [RsiftPlatformBridge] apply error: ClassNotFoundException: net.minecraft.core.registries.BuiltInRegistries
[2204|t+48800ms|ThreadId(2)] [step] screen_check — obf=gsd mojmap=net.minecraft.client.gui.screens.TitleScreen → injecting
[2205|t+48801ms|ThreadId(2)] [RsiftPlatformBridge] apply error: ClassNotFoundException: net.minecraft.core.registries.BuiltInRegistries
[2206|t+48802ms|ThreadId(2)] [RsiftPlatformBridge] apply error: ClassNotFoundException: net.minecraft.core.registries.BuiltInRegistries
[2207|t+48817ms|ThreadId(1)] [RsiftScreenHooks] injectCurrentScreen failed: gfj.screen()
[2208|t+48819ms|ThreadId(2)] [step] screen_check — obf=gsd mojmap=net.minecraft.client.gui.screens.TitleScreen → injecting
[2209|t+48834ms|ThreadId(1)] [RsiftScreenHooks] injectCurrentScreen failed: gfj.screen()
[2210|t+48837ms|ThreadId(2)] [step] screen_check — obf=gsd mojmap=net.minecraft.client.gui.screens.TitleScreen → injecting
[2211|t+48852ms|ThreadId(1)] [RsiftScreenHooks] injectCurrentScreen failed: gfj.screen()
[2212|t+48856ms|ThreadId(2)] [step] screen_check — obf=gsd mojmap=net.minecraft.client.gui.screens.TitleScreen → injecting
[2213|t+48882ms|ThreadId(1)] [RsiftScreenHooks] injectCurrentScreen failed: gfj.screen()
[2214|t+49107ms|ThreadId(2)] [step] screen_check — obf=gsd mojmap=net.minecraft.client.gui.screens.TitleScreen → injecting
[2215|t+49108ms|ThreadId(2)] [RsiftPlatformBridge] apply error: ClassNotFoundException: net.minecraft.core.registries.BuiltInRegistries
[2216|t+49109ms|ThreadId(2)] [RsiftPlatformBridge] apply error: ClassNotFoundException: net.minecraft.core.registries.BuiltInRegistries
[2217|t+49127ms|ThreadId(2)] [step] screen_check — obf=gsd mojmap=net.minecraft.client.gui.screens.TitleScreen → injecting
[2218|t+49133ms|ThreadId(1)] [RsiftScreenHooks] injectCurrentScreen failed: gfj.screen()
[2219|t+49133ms|ThreadId(1)] [RsiftScreenHooks] injectCurrentScreen failed: gfj.screen()
[2220|t+49145ms|ThreadId(2)] [step] screen_check — obf=gsd mojmap=net.minecraft.client.gui.screens.TitleScreen → injecting
[2221|t+49152ms|ThreadId(1)] [RsiftScreenHooks] injectCurrentScreen failed: gfj.screen()
[2222|t+49162ms|ThreadId(2)] [step] screen_check — obf=gsd mojmap=net.minecraft.client.gui.screens.TitleScreen → injecting
[2223|t+49168ms|ThreadId(1)] [RsiftScreenHooks] injectCurrentScreen failed: gfj.screen()
[2224|t+49414ms|ThreadId(2)] [step] screen_check — obf=gsd mojmap=net.minecraft.client.gui.screens.TitleScreen → injecting
[2225|t+49415ms|ThreadId(2)] [RsiftPlatformBridge] apply error: ClassNotFoundException: net.minecraft.core.registries.BuiltInRegistries
[2226|t+49416ms|ThreadId(2)] [RsiftPlatformBridge] apply error: ClassNotFoundException: net.minecraft.core.registries.BuiltInRegistries
[2227|t+49417ms|ThreadId(1)] [RsiftScreenHooks] injectCurrentScreen failed: gfj.screen()
[2228|t+49434ms|ThreadId(2)] [step] screen_check — obf=gsd mojmap=net.minecraft.client.gui.screens.TitleScreen → injecting
[2229|t+49447ms|ThreadId(1)] [RsiftScreenHooks] injectCurrentScreen failed: gfj.screen()
[2230|t+49452ms|ThreadId(2)] [step] screen_check — obf=gsd mojmap=net.minecraft.client.gui.screens.TitleScreen → injecting
[2231|t+49466ms|ThreadId(1)] [RsiftScreenHooks] injectCurrentScreen failed: gfj.screen()
[2232|t+49470ms|ThreadId(2)] [step] screen_check — obf=gsd mojmap=net.minecraft.client.gui.screens.TitleScreen → injecting
[2233|t+49484ms|ThreadId(1)] [RsiftScreenHooks] injectCurrentScreen failed: gfj.screen()
[2234|t+49721ms|ThreadId(2)] [step] screen_check — obf=gsd mojmap=net.minecraft.client.gui.screens.TitleScreen → injecting
[2235|t+49722ms|ThreadId(2)] [RsiftPlatformBridge] apply error: ClassNotFoundException: net.minecraft.core.registries.BuiltInRegistries
[2236|t+49723ms|ThreadId(2)] [RsiftPlatformBridge] apply error: ClassNotFoundException: net.minecraft.core.registries.BuiltInRegistries
[2237|t+49735ms|ThreadId(1)] [RsiftScreenHooks] injectCurrentScreen failed: gfj.screen()
[2238|t+49741ms|ThreadId(2)] [step] screen_check — obf=gsd mojmap=net.minecraft.client.gui.screens.TitleScreen → injecting
[2239|t+49752ms|ThreadId(1)] [RsiftScreenHooks] injectCurrentScreen failed: gfj.screen()
[2240|t+49760ms|ThreadId(2)] [step] screen_check — obf=gsd mojmap=net.minecraft.client.gui.screens.TitleScreen → injecting
[2241|t+49770ms|ThreadId(1)] [RsiftScreenHooks] injectCurrentScreen failed: gfj.screen()
[2242|t+49778ms|ThreadId(2)] [step] screen_check — obf=gsd mojmap=net.minecraft.client.gui.screens.TitleScreen → injecting
[2243|t+49797ms|ThreadId(1)] [RsiftScreenHooks] injectCurrentScreen failed: gfj.screen()
[2244|t+50029ms|ThreadId(2)] [step] screen_check — obf=gsd mojmap=net.minecraft.client.gui.screens.TitleScreen → injecting
[2245|t+50030ms|ThreadId(2)] [RsiftPlatformBridge] apply error: ClassNotFoundException: net.minecraft.core.registries.BuiltInRegistries
[2246|t+50031ms|ThreadId(2)] [RsiftPlatformBridge] apply error: ClassNotFoundException: net.minecraft.core.registries.BuiltInRegistries
[2247|t+50049ms|ThreadId(2)] [step] screen_check — obf=gsd mojmap=net.minecraft.client.gui.screens.TitleScreen → injecting
[2248|t+50050ms|ThreadId(1)] [RsiftScreenHooks] injectCurrentScreen failed: gfj.screen()
[2249|t+50050ms|ThreadId(1)] [RsiftScreenHooks] injectCurrentScreen failed: gfj.screen()
[2250|t+50067ms|ThreadId(2)] [step] screen_check — obf=gsd mojmap=net.minecraft.client.gui.screens.TitleScreen → injecting
[2251|t+50087ms|ThreadId(1)] [RsiftScreenHooks] injectCurrentScreen failed: gfj.screen()
[2252|t+50090ms|ThreadId(2)] [step] screen_check — obf=gsd mojmap=net.minecraft.client.gui.screens.TitleScreen → injecting
[2253|t+50104ms|ThreadId(1)] [RsiftScreenHooks] injectCurrentScreen failed: gfj.screen()
[2254|t+50343ms|ThreadId(2)] [step] screen_check — obf=gsd mojmap=net.minecraft.client.gui.screens.TitleScreen → injecting
[2255|t+50343ms|ThreadId(2)] [RsiftPlatformBridge] apply error: ClassNotFoundException: net.minecraft.core.registries.BuiltInRegistries
[2256|t+50344ms|ThreadId(2)] [RsiftPlatformBridge] apply error: ClassNotFoundException: net.minecraft.core.registries.BuiltInRegistries
[2257|t+50346ms|ThreadId(1)] [RsiftScreenHooks] injectCurrentScreen failed: gfj.screen()
[2258|t+50362ms|ThreadId(2)] [step] screen_check — obf=gsd mojmap=net.minecraft.client.gui.screens.TitleScreen → injecting
[2259|t+50373ms|ThreadId(1)] [RsiftScreenHooks] injectCurrentScreen failed: gfj.screen()
[2260|t+50380ms|ThreadId(2)] [step] screen_check — obf=gsd mojmap=net.minecraft.client.gui.screens.TitleScreen → injecting
[2261|t+50390ms|ThreadId(1)] [RsiftScreenHooks] injectCurrentScreen failed: gfj.screen()
[2262|t+50398ms|ThreadId(2)] [step] screen_check — obf=gsd mojmap=net.minecraft.client.gui.screens.TitleScreen → injecting
[2263|t+50406ms|ThreadId(1)] [RsiftScreenHooks] injectCurrentScreen failed: gfj.screen()
[2264|t+50651ms|ThreadId(2)] [step] screen_check — obf=gsd mojmap=net.minecraft.client.gui.screens.TitleScreen → injecting
[2265|t+50652ms|ThreadId(2)] [RsiftPlatformBridge] apply error: ClassNotFoundException: net.minecraft.core.registries.BuiltInRegistries
[2266|t+50653ms|ThreadId(2)] [RsiftPlatformBridge] apply error: ClassNotFoundException: net.minecraft.core.registries.BuiltInRegistries
[2267|t+50654ms|ThreadId(1)] [RsiftScreenHooks] injectCurrentScreen failed: gfj.screen()
[2268|t+50672ms|ThreadId(2)] [step] screen_check — obf=gsd mojmap=net.minecraft.client.gui.screens.TitleScreen → injecting
[2269|t+50689ms|ThreadId(2)] [step] screen_check — obf=gsd mojmap=net.minecraft.client.gui.screens.TitleScreen → injecting
[2270|t+50707ms|ThreadId(2)] [step] screen_check — obf=gsd mojmap=net.minecraft.client.gui.screens.TitleScreen → injecting
[2271|t+50716ms|ThreadId(1)] [RsiftScreenHooks] injectCurrentScreen failed: gfj.screen()
[2272|t+50717ms|ThreadId(1)] [RsiftScreenHooks] injectCurrentScreen failed: gfj.screen()
[2273|t+50718ms|ThreadId(1)] [RsiftScreenHooks] injectCurrentScreen failed: gfj.screen()
[2274|t+51007ms|ThreadId(2)] [RsiftPlatformBridge] apply error: ClassNotFoundException: net.minecraft.core.registries.BuiltInRegistries
[2275|t+51086ms|ThreadId(2)] [RsiftPlatformBridge] apply error: ClassNotFoundException: net.minecraft.core.registries.BuiltInRegistries
[2276|t+51458ms|ThreadId(2)] [RsiftPlatformBridge] apply error: ClassNotFoundException: net.minecraft.core.registries.BuiltInRegistries
[2277|t+51499ms|ThreadId(2)] [RsiftPlatformBridge] apply error: ClassNotFoundException: net.minecraft.core.registries.BuiltInRegistries
[2278|t+51806ms|ThreadId(2)] [RsiftPlatformBridge] apply error: ClassNotFoundException: net.minecraft.core.registries.BuiltInRegistries
[2279|t+51807ms|ThreadId(2)] [RsiftPlatformBridge] apply error: ClassNotFoundException: net.minecraft.core.registries.BuiltInRegistries
[2280|t+52170ms|ThreadId(2)] [RsiftPlatformBridge] apply error: ClassNotFoundException: net.minecraft.core.registries.BuiltInRegistries
[2281|t+52171ms|ThreadId(2)] [RsiftPlatformBridge] apply error: ClassNotFoundException: net.minecraft.core.registries.BuiltInRegistries
[2282|t+52698ms|ThreadId(2)] [RsiftPlatformBridge] apply error: ClassNotFoundException: net.minecraft.core.registries.BuiltInRegistries
[2283|t+52717ms|ThreadId(2)] [RsiftPlatformBridge] apply error: ClassNotFoundException: net.minecraft.core.registries.BuiltInRegistries
[2284|t+52717ms|ThreadId(2)] [step] tick_loop — alive tick=360
[2285|t+53022ms|ThreadId(2)] [RsiftPlatformBridge] apply error: ClassNotFoundException: net.minecraft.core.registries.BuiltInRegistries
[2286|t+53023ms|ThreadId(2)] [RsiftPlatformBridge] apply error: ClassNotFoundException: net.minecraft.core.registries.BuiltInRegistries
[2287|t+53401ms|ThreadId(2)] [RsiftPlatformBridge] apply error: ClassNotFoundException: net.minecraft.core.registries.BuiltInRegistries
[2288|t+53486ms|ThreadId(2)] [RsiftPlatformBridge] apply error: ClassNotFoundException: net.minecraft.core.registries.BuiltInRegistries
[2289|t+53790ms|ThreadId(2)] [RsiftPlatformBridge] apply error: ClassNotFoundException: net.minecraft.core.registries.BuiltInRegistries
[2290|t+53791ms|ThreadId(2)] [RsiftPlatformBridge] apply error: ClassNotFoundException: net.minecraft.core.registries.BuiltInRegistries
[2291|t+54115ms|ThreadId(2)] [RsiftPlatformBridge] apply error: ClassNotFoundException: net.minecraft.core.registries.BuiltInRegistries
[2292|t+54196ms|ThreadId(2)] [RsiftPlatformBridge] apply error: ClassNotFoundException: net.minecraft.core.registries.BuiltInRegistries
[2293|t+54652ms|ThreadId(2)] [RsiftPlatformBridge] apply error: ClassNotFoundException: net.minecraft.core.registries.BuiltInRegistries
[2294|t+54653ms|ThreadId(2)] [RsiftPlatformBridge] apply error: ClassNotFoundException: net.minecraft.core.registries.BuiltInRegistries
[2295|t+55261ms|ThreadId(2)] [RsiftPlatformBridge] apply error: ClassNotFoundException: net.minecraft.core.registries.BuiltInRegistries
[2296|t+55262ms|ThreadId(2)] [RsiftPlatformBridge] apply error: ClassNotFoundException: net.minecraft.core.registries.BuiltInRegistries
[2297|t+55876ms|ThreadId(2)] [RsiftPlatformBridge] apply error: ClassNotFoundException: net.minecraft.core.registries.BuiltInRegistries
[2298|t+56557ms|ThreadId(2)] [RsiftPlatformBridge] apply error: ClassNotFoundException: net.minecraft.core.registries.BuiltInRegistries
[2299|t+56862ms|ThreadId(2)] [RsiftPlatformBridge] apply error: ClassNotFoundException: net.minecraft.core.registries.BuiltInRegistries
[2300|t+57906ms|ThreadId(2)] [RsiftPlatformBridge] apply error: ClassNotFoundException: net.minecraft.core.registries.BuiltInRegistries
[2301|t+58247ms|ThreadId(2)] [RsiftPlatformBridge] apply error: ClassNotFoundException: net.minecraft.core.registries.BuiltInRegistries
[2302|t+58554ms|ThreadId(2)] [RsiftPlatformBridge] apply error: ClassNotFoundException: net.minecraft.core.registries.BuiltInRegistries
[2303|t+61270ms|ThreadId(2)] [step] title_marker — window title set: Minecraft* 1.21.11 - Rsift (RsGraphics Render)
[2304|t+61523ms|ThreadId(2)] [RsiftPlatformBridge] apply error: ClassNotFoundException: net.minecraft.core.registries.BuiltInRegistries
[2305|t+61523ms|ThreadId(2)] [RsiftPlatformBridge] apply error: ClassNotFoundException: net.minecraft.core.registries.BuiltInRegistries
[2306|t+61828ms|ThreadId(2)] [RsiftPlatformBridge] apply error: ClassNotFoundException: net.minecraft.core.registries.BuiltInRegistries
[2307|t+61829ms|ThreadId(2)] [RsiftPlatformBridge] apply error: ClassNotFoundException: net.minecraft.core.registries.BuiltInRegistries
[2308|t+62135ms|ThreadId(2)] [RsiftPlatformBridge] apply error: ClassNotFoundException: net.minecraft.core.registries.BuiltInRegistries
[2309|t+62135ms|ThreadId(2)] [RsiftPlatformBridge] apply error: ClassNotFoundException: net.minecraft.core.registries.BuiltInRegistries
[2310|t+62440ms|ThreadId(2)] [RsiftPlatformBridge] apply error: ClassNotFoundException: net.minecraft.core.registries.BuiltInRegistries
[2311|t+62441ms|ThreadId(2)] [RsiftPlatformBridge] apply error: ClassNotFoundException: net.minecraft.core.registries.BuiltInRegistries
[2312|t+62688ms|ThreadId(1)] [hook] render_flip fired (count=600)
[2313|t+62745ms|ThreadId(2)] [RsiftPlatformBridge] apply error: ClassNotFoundException: net.minecraft.core.registries.BuiltInRegistries
[2314|t+62746ms|ThreadId(2)] [RsiftPlatformBridge] apply error: ClassNotFoundException: net.minecraft.core.registries.BuiltInRegistries
[2315|t+63051ms|ThreadId(2)] [RsiftPlatformBridge] apply error: ClassNotFoundException: net.minecraft.core.registries.BuiltInRegistries
[2316|t+63051ms|ThreadId(2)] [RsiftPlatformBridge] apply error: ClassNotFoundException: net.minecraft.core.registries.BuiltInRegistries
[2317|t+63356ms|ThreadId(2)] [RsiftPlatformBridge] apply error: ClassNotFoundException: net.minecraft.core.registries.BuiltInRegistries
[2318|t+63357ms|ThreadId(2)] [RsiftPlatformBridge] apply error: ClassNotFoundException: net.minecraft.core.registries.BuiltInRegistries
[2319|t+63660ms|ThreadId(2)] [RsiftPlatformBridge] apply error: ClassNotFoundException: net.minecraft.core.registries.BuiltInRegistries
[2320|t+63661ms|ThreadId(2)] [RsiftPlatformBridge] apply error: ClassNotFoundException: net.minecraft.core.registries.BuiltInRegistries
[2321|t+63971ms|ThreadId(2)] [RsiftPlatformBridge] apply error: ClassNotFoundException: net.minecraft.core.registries.BuiltInRegistries
[2322|t+63972ms|ThreadId(2)] [RsiftPlatformBridge] apply error: ClassNotFoundException: net.minecraft.core.registries.BuiltInRegistries
[2323|t+64275ms|ThreadId(2)] [RsiftPlatformBridge] apply error: ClassNotFoundException: net.minecraft.core.registries.BuiltInRegistries
[2324|t+64276ms|ThreadId(2)] [RsiftPlatformBridge] apply error: ClassNotFoundException: net.minecraft.core.registries.BuiltInRegistries
[2325|t+64661ms|ThreadId(2)] [RsiftPlatformBridge] apply error: ClassNotFoundException: net.minecraft.core.registries.BuiltInRegistries
[2326|t+64661ms|ThreadId(2)] [RsiftPlatformBridge] apply error: ClassNotFoundException: net.minecraft.core.registries.BuiltInRegistries
[2327|t+65055ms|ThreadId(2)] [RsiftPlatformBridge] apply error: ClassNotFoundException: net.minecraft.core.registries.BuiltInRegistries
[2328|t+65056ms|ThreadId(2)] [RsiftPlatformBridge] apply error: ClassNotFoundException: net.minecraft.core.registries.BuiltInRegistries
[2329|t+65360ms|ThreadId(2)] [RsiftPlatformBridge] apply error: ClassNotFoundException: net.minecraft.core.registries.BuiltInRegistries
[2330|t+65361ms|ThreadId(2)] [RsiftPlatformBridge] apply error: ClassNotFoundException: net.minecraft.core.registries.BuiltInRegistries
[2331|t+65670ms|ThreadId(2)] [RsiftPlatformBridge] apply error: ClassNotFoundException: net.minecraft.core.registries.BuiltInRegistries
[2332|t+65671ms|ThreadId(2)] [RsiftPlatformBridge] apply error: ClassNotFoundException: net.minecraft.core.registries.BuiltInRegistries
[2333|t+65998ms|ThreadId(2)] [RsiftPlatformBridge] apply error: ClassNotFoundException: net.minecraft.core.registries.BuiltInRegistries
[2334|t+65999ms|ThreadId(2)] [RsiftPlatformBridge] apply error: ClassNotFoundException: net.minecraft.core.registries.BuiltInRegistries
[2335|t+66363ms|ThreadId(2)] [RsiftPlatformBridge] apply error: ClassNotFoundException: net.minecraft.core.registries.BuiltInRegistries
[2336|t+66364ms|ThreadId(2)] [RsiftPlatformBridge] apply error: ClassNotFoundException: net.minecraft.core.registries.BuiltInRegistries
[2337|t+66683ms|ThreadId(2)] [RsiftPlatformBridge] apply error: ClassNotFoundException: net.minecraft.core.registries.BuiltInRegistries
[2338|t+66684ms|ThreadId(2)] [RsiftPlatformBridge] apply error: ClassNotFoundException: net.minecraft.core.registries.BuiltInRegistries
[2339|t+67015ms|ThreadId(2)] [RsiftPlatformBridge] apply error: ClassNotFoundException: net.minecraft.core.registries.BuiltInRegistries
[2340|t+67016ms|ThreadId(2)] [RsiftPlatformBridge] apply error: ClassNotFoundException: net.minecraft.core.registries.BuiltInRegistries
[2341|t+67351ms|ThreadId(2)] [RsiftPlatformBridge] apply error: ClassNotFoundException: net.minecraft.core.registries.BuiltInRegistries
[2342|t+67352ms|ThreadId(2)] [RsiftPlatformBridge] apply error: ClassNotFoundException: net.minecraft.core.registries.BuiltInRegistries
[2343|t+67656ms|ThreadId(2)] [RsiftPlatformBridge] apply error: ClassNotFoundException: net.minecraft.core.registries.BuiltInRegistries
[2344|t+67657ms|ThreadId(2)] [RsiftPlatformBridge] apply error: ClassNotFoundException: net.minecraft.core.registries.BuiltInRegistries
[2345|t+67960ms|ThreadId(2)] [RsiftPlatformBridge] apply error: ClassNotFoundException: net.minecraft.core.registries.BuiltInRegistries
[2346|t+67961ms|ThreadId(2)] [RsiftPlatformBridge] apply error: ClassNotFoundException: net.minecraft.core.registries.BuiltInRegistries
[2347|t+67961ms|ThreadId(2)] [step] tick_loop — alive tick=480
[2348|t+68266ms|ThreadId(2)] [RsiftPlatformBridge] apply error: ClassNotFoundException: net.minecraft.core.registries.BuiltInRegistries
[2349|t+68267ms|ThreadId(2)] [RsiftPlatformBridge] apply error: ClassNotFoundException: net.minecraft.core.registries.BuiltInRegistries
[2350|t+68619ms|ThreadId(2)] [RsiftPlatformBridge] apply error: ClassNotFoundException: net.minecraft.core.registries.BuiltInRegistries
[2351|t+68620ms|ThreadId(2)] [RsiftPlatformBridge] apply error: ClassNotFoundException: net.minecraft.core.registries.BuiltInRegistries
[2352|t+69015ms|ThreadId(2)] [RsiftPlatformBridge] apply error: ClassNotFoundException: net.minecraft.core.registries.BuiltInRegistries
[2353|t+69016ms|ThreadId(2)] [RsiftPlatformBridge] apply error: ClassNotFoundException: net.minecraft.core.registries.BuiltInRegistries
[2354|t+69374ms|ThreadId(2)] [RsiftPlatformBridge] apply error: ClassNotFoundException: net.minecraft.core.registries.BuiltInRegistries
[2355|t+69375ms|ThreadId(2)] [RsiftPlatformBridge] apply error: ClassNotFoundException: net.minecraft.core.registries.BuiltInRegistries
[2356|t+69705ms|ThreadId(2)] [RsiftPlatformBridge] apply error: ClassNotFoundException: net.minecraft.core.registries.BuiltInRegistries
[2357|t+69706ms|ThreadId(2)] [RsiftPlatformBridge] apply error: ClassNotFoundException: net.minecraft.core.registries.BuiltInRegistries
[2358|t+70012ms|ThreadId(2)] [RsiftPlatformBridge] apply error: ClassNotFoundException: net.minecraft.core.registries.BuiltInRegistries
[2359|t+70013ms|ThreadId(2)] [RsiftPlatformBridge] apply error: ClassNotFoundException: net.minecraft.core.registries.BuiltInRegistries
[2360|t+70343ms|ThreadId(2)] [RsiftPlatformBridge] apply error: ClassNotFoundException: net.minecraft.core.registries.BuiltInRegistries
[2361|t+70344ms|ThreadId(2)] [RsiftPlatformBridge] apply error: ClassNotFoundException: net.minecraft.core.registries.BuiltInRegistries
[2362|t+70675ms|ThreadId(2)] [RsiftPlatformBridge] apply error: ClassNotFoundException: net.minecraft.core.registries.BuiltInRegistries
[2363|t+70749ms|ThreadId(2)] [RsiftPlatformBridge] apply error: ClassNotFoundException: net.minecraft.core.registries.BuiltInRegistries
[2364|t+71073ms|ThreadId(2)] [RsiftPlatformBridge] apply error: ClassNotFoundException: net.minecraft.core.registries.BuiltInRegistries
[2365|t+71074ms|ThreadId(2)] [RsiftPlatformBridge] apply error: ClassNotFoundException: net.minecraft.core.registries.BuiltInRegistries
[2366|t+71092ms|ThreadId(15)] [hook] network_packet fired (count=1)
[2367|t+71385ms|ThreadId(2)] [RsiftPlatformBridge] apply error: ClassNotFoundException: net.minecraft.core.registries.BuiltInRegistries
[2368|t+71386ms|ThreadId(2)] [RsiftPlatformBridge] apply error: ClassNotFoundException: net.minecraft.core.registries.BuiltInRegistries
[2369|t+71775ms|ThreadId(2)] [RsiftPlatformBridge] apply error: ClassNotFoundException: net.minecraft.core.registries.BuiltInRegistries
[2370|t+71776ms|ThreadId(2)] [RsiftPlatformBridge] apply error: ClassNotFoundException: net.minecraft.core.registries.BuiltInRegistries
[2371|t+72156ms|ThreadId(2)] [RsiftPlatformBridge] apply error: ClassNotFoundException: net.minecraft.core.registries.BuiltInRegistries
[2372|t+72156ms|ThreadId(2)] [RsiftPlatformBridge] apply error: ClassNotFoundException: net.minecraft.core.registries.BuiltInRegistries
[2373|t+72478ms|ThreadId(2)] [RsiftPlatformBridge] apply error: ClassNotFoundException: net.minecraft.core.registries.BuiltInRegistries
[2374|t+72480ms|ThreadId(2)] [RsiftPlatformBridge] apply error: ClassNotFoundException: net.minecraft.core.registries.BuiltInRegistries
[2375|t+72807ms|ThreadId(2)] [RsiftPlatformBridge] apply error: ClassNotFoundException: net.minecraft.core.registries.BuiltInRegistries
[2376|t+72808ms|ThreadId(2)] [RsiftPlatformBridge] apply error: ClassNotFoundException: net.minecraft.core.registries.BuiltInRegistries
[2377|t+73183ms|ThreadId(2)] [RsiftPlatformBridge] apply error: ClassNotFoundException: net.minecraft.core.registries.BuiltInRegistries
[2378|t+73234ms|ThreadId(2)] [RsiftPlatformBridge] apply error: ClassNotFoundException: net.minecraft.core.registries.BuiltInRegistries
[2379|t+73540ms|ThreadId(2)] [RsiftPlatformBridge] apply error: ClassNotFoundException: net.minecraft.core.registries.BuiltInRegistries
[2380|t+73541ms|ThreadId(2)] [RsiftPlatformBridge] apply error: ClassNotFoundException: net.minecraft.core.registries.BuiltInRegistries
[2381|t+73846ms|ThreadId(2)] [RsiftPlatformBridge] apply error: ClassNotFoundException: net.minecraft.core.registries.BuiltInRegistries
[2382|t+73847ms|ThreadId(2)] [RsiftPlatformBridge] apply error: ClassNotFoundException: net.minecraft.core.registries.BuiltInRegistries
[2383|t+74122ms|ThreadId(16)] [hook] fluid_tick fired (count=1)
[2384|t+74150ms|ThreadId(2)] [RsiftPlatformBridge] apply error: ClassNotFoundException: net.minecraft.core.registries.BuiltInRegistries
[2385|t+74151ms|ThreadId(2)] [RsiftPlatformBridge] apply error: ClassNotFoundException: net.minecraft.core.registries.BuiltInRegistries
[2386|t+74551ms|ThreadId(2)] [RsiftPlatformBridge] apply error: ClassNotFoundException: net.minecraft.core.registries.BuiltInRegistries
[2387|t+74552ms|ThreadId(2)] [RsiftPlatformBridge] apply error: ClassNotFoundException: net.minecraft.core.registries.BuiltInRegistries
[2388|t+74941ms|ThreadId(2)] [RsiftPlatformBridge] apply error: ClassNotFoundException: net.minecraft.core.registries.BuiltInRegistries
[2389|t+74942ms|ThreadId(2)] [RsiftPlatformBridge] apply error: ClassNotFoundException: net.minecraft.core.registries.BuiltInRegistries
[2390|t+75246ms|ThreadId(2)] [RsiftPlatformBridge] apply error: ClassNotFoundException: net.minecraft.core.registries.BuiltInRegistries
[2391|t+75247ms|ThreadId(2)] [RsiftPlatformBridge] apply error: ClassNotFoundException: net.minecraft.core.registries.BuiltInRegistries
[2392|t+75551ms|ThreadId(2)] [RsiftPlatformBridge] apply error: ClassNotFoundException: net.minecraft.core.registries.BuiltInRegistries
[2393|t+75552ms|ThreadId(2)] [RsiftPlatformBridge] apply error: ClassNotFoundException: net.minecraft.core.registries.BuiltInRegistries
[2394|t+75687ms|ThreadId(16)] [hook] fluid_tick fired (count=600)
[2395|t+75857ms|ThreadId(2)] [RsiftPlatformBridge] apply error: ClassNotFoundException: net.minecraft.core.registries.BuiltInRegistries
[2396|t+75857ms|ThreadId(2)] [RsiftPlatformBridge] apply error: ClassNotFoundException: net.minecraft.core.registries.BuiltInRegistries
[2397|t+76161ms|ThreadId(2)] [RsiftPlatformBridge] apply error: ClassNotFoundException: net.minecraft.core.registries.BuiltInRegistries
[2398|t+76162ms|ThreadId(2)] [RsiftPlatformBridge] apply error: ClassNotFoundException: net.minecraft.core.registries.BuiltInRegistries
[2399|t+76533ms|ThreadId(2)] [RsiftPlatformBridge] apply error: ClassNotFoundException: net.minecraft.core.registries.BuiltInRegistries
[2400|t+76534ms|ThreadId(2)] [RsiftPlatformBridge] apply error: ClassNotFoundException: net.minecraft.core.registries.BuiltInRegistries
[2401|t+76908ms|ThreadId(2)] [RsiftPlatformBridge] apply error: ClassNotFoundException: net.minecraft.core.registries.BuiltInRegistries
[2402|t+76909ms|ThreadId(2)] [RsiftPlatformBridge] apply error: ClassNotFoundException: net.minecraft.core.registries.BuiltInRegistries
[2403|t+77122ms|ThreadId(16)] [hook] mob_ai_step fired (count=1)
[2404|t+77213ms|ThreadId(2)] [RsiftPlatformBridge] apply error: ClassNotFoundException: net.minecraft.core.registries.BuiltInRegistries
[2405|t+77214ms|ThreadId(2)] [RsiftPlatformBridge] apply error: ClassNotFoundException: net.minecraft.core.registries.BuiltInRegistries
[2406|t+77351ms|ThreadId(17)] [hook] network_packet fired (count=600)
[2407|t+77519ms|ThreadId(2)] [RsiftPlatformBridge] apply error: ClassNotFoundException: net.minecraft.core.registries.BuiltInRegistries
[2408|t+77520ms|ThreadId(2)] [RsiftPlatformBridge] apply error: ClassNotFoundException: net.minecraft.core.registries.BuiltInRegistries
[2409|t+77657ms|ThreadId(16)] [hook] fluid_tick fired (count=1200)
[2410|t+78568ms|ThreadId(2)] [RsiftPlatformBridge] apply error: ClassNotFoundException: net.minecraft.core.registries.BuiltInRegistries
[2411|t+78573ms|ThreadId(2)] [RsiftPlatformBridge] apply error: ClassNotFoundException: net.minecraft.core.registries.BuiltInRegistries
[2412|t+78609ms|ThreadId(17)] [hook] network_packet fired (count=1200)
[2413|t+78703ms|ThreadId(2)] [step] title_marker — window title set: Minecraft* 1.21.11 - Rsift (RsGraphics Render)
[2414|t+78752ms|ThreadId(1)] [hook] mob_ai_step fired (count=600)
[2415|t+78955ms|ThreadId(2)] [RsiftPlatformBridge] apply error: ClassNotFoundException: net.minecraft.core.registries.BuiltInRegistries
[2416|t+78956ms|ThreadId(2)] [RsiftPlatformBridge] apply error: ClassNotFoundException: net.minecraft.core.registries.BuiltInRegistries
[2417|t+78992ms|ThreadId(2)] [step] tick_loop — alive tick=600
[2418|t+79145ms|ThreadId(16)] [hook] fluid_tick fired (count=1800)
[2419|t+79152ms|ThreadId(16)] [hook] fluid_tick fired (count=2400)
[2420|t+79155ms|ThreadId(16)] [hook] fluid_tick fired (count=3000)
[2421|t+79296ms|ThreadId(2)] [RsiftPlatformBridge] apply error: ClassNotFoundException: net.minecraft.core.registries.BuiltInRegistries
[2422|t+79297ms|ThreadId(2)] [RsiftPlatformBridge] apply error: ClassNotFoundException: net.minecraft.core.registries.BuiltInRegistries
[2423|t+79624ms|ThreadId(2)] [RsiftPlatformBridge] apply error: ClassNotFoundException: net.minecraft.core.registries.BuiltInRegistries
[2424|t+79625ms|ThreadId(2)] [RsiftPlatformBridge] apply error: ClassNotFoundException: net.minecraft.core.registries.BuiltInRegistries
[2425|t+79649ms|ThreadId(15)] [hook] network_packet fired (count=1800)
[2426|t+79654ms|ThreadId(1)] [hook] mob_ai_step fired (count=1200)
[2427|t+79913ms|ThreadId(16)] [hook] fluid_tick fired (count=3600)
[2428|t+79916ms|ThreadId(16)] [hook] mob_ai_step fired (count=1800)
[2429|t+79932ms|ThreadId(2)] [RsiftPlatformBridge] apply error: ClassNotFoundException: net.minecraft.core.registries.BuiltInRegistries
[2430|t+79933ms|ThreadId(2)] [RsiftPlatformBridge] apply error: ClassNotFoundException: net.minecraft.core.registries.BuiltInRegistries
[2431|t+80237ms|ThreadId(2)] [RsiftPlatformBridge] apply error: ClassNotFoundException: net.minecraft.core.registries.BuiltInRegistries
[2432|t+80238ms|ThreadId(2)] [RsiftPlatformBridge] apply error: ClassNotFoundException: net.minecraft.core.registries.BuiltInRegistries
[2433|t+80264ms|ThreadId(17)] [hook] network_packet fired (count=2400)
[2434|t+80358ms|ThreadId(16)] [hook] fluid_tick fired (count=4200)
[2435|t+80412ms|ThreadId(16)] [hook] mob_ai_step fired (count=2400)
[2436|t+80613ms|ThreadId(2)] [RsiftPlatformBridge] apply error: ClassNotFoundException: net.minecraft.core.registries.BuiltInRegistries
[2437|t+80614ms|ThreadId(2)] [RsiftPlatformBridge] apply error: ClassNotFoundException: net.minecraft.core.registries.BuiltInRegistries
[2438|t+80695ms|ThreadId(16)] [hook] fluid_tick fired (count=4800)
[2439|t+80791ms|ThreadId(16)] [hook] mob_ai_step fired (count=3000)
[2440|t+80826ms|ThreadId(17)] [hook] network_packet fired (count=3000)
[2441|t+80982ms|ThreadId(2)] [RsiftPlatformBridge] apply error: ClassNotFoundException: net.minecraft.core.registries.BuiltInRegistries
[2442|t+80983ms|ThreadId(2)] [RsiftPlatformBridge] apply error: ClassNotFoundException: net.minecraft.core.registries.BuiltInRegistries
[2443|t+81094ms|ThreadId(1)] [hook] mob_ai_step fired (count=3600)
[2444|t+81136ms|ThreadId(16)] [hook] fluid_tick fired (count=5400)
[2445|t+81294ms|ThreadId(2)] [RsiftPlatformBridge] apply error: ClassNotFoundException: net.minecraft.core.registries.BuiltInRegistries
[2446|t+81297ms|ThreadId(2)] [RsiftPlatformBridge] apply error: ClassNotFoundException: net.minecraft.core.registries.BuiltInRegistries
[2447|t+81327ms|ThreadId(17)] [hook] network_packet fired (count=3600)
[2448|t+81412ms|ThreadId(1)] [hook] mob_ai_step fired (count=4200)
[2449|t+81450ms|ThreadId(16)] [hook] fluid_tick fired (count=6000)
[2450|t+81454ms|ThreadId(16)] [hook] fluid_tick fired (count=6600)
[2451|t+81577ms|ThreadId(17)] [hook] network_packet fired (count=4200)
[2452|t+81624ms|ThreadId(1)] [hook] mob_ai_step fired (count=4800)
[2453|t+81637ms|ThreadId(2)] [RsiftPlatformBridge] apply error: ClassNotFoundException: net.minecraft.core.registries.BuiltInRegistries
[2454|t+81638ms|ThreadId(2)] [RsiftPlatformBridge] apply error: ClassNotFoundException: net.minecraft.core.registries.BuiltInRegistries
[2455|t+81827ms|ThreadId(17)] [hook] network_packet fired (count=4800)
[2456|t+81863ms|ThreadId(16)] [hook] mob_ai_step fired (count=5400)
[2457|t+81943ms|ThreadId(2)] [RsiftPlatformBridge] apply error: ClassNotFoundException: net.minecraft.core.registries.BuiltInRegistries
[2458|t+81945ms|ThreadId(2)] [RsiftPlatformBridge] apply error: ClassNotFoundException: net.minecraft.core.registries.BuiltInRegistries
[2459|t+82056ms|ThreadId(1)] [hook] mob_ai_step fired (count=6000)
[2460|t+82175ms|ThreadId(17)] [hook] network_packet fired (count=5400)
[2461|t+82245ms|ThreadId(16)] [hook] fluid_tick fired (count=7200)
[2462|t+82253ms|ThreadId(2)] [RsiftPlatformBridge] apply error: ClassNotFoundException: net.minecraft.core.registries.BuiltInRegistries
[2463|t+82254ms|ThreadId(2)] [RsiftPlatformBridge] apply error: ClassNotFoundException: net.minecraft.core.registries.BuiltInRegistries
[2464|t+82258ms|ThreadId(1)] [hook] mob_ai_step fired (count=6600)
[2465|t+82424ms|ThreadId(17)] [hook] network_packet fired (count=6000)
[2466|t+82473ms|ThreadId(16)] [hook] mob_ai_step fired (count=7200)
[2467|t+82560ms|ThreadId(2)] [RsiftPlatformBridge] apply error: ClassNotFoundException: net.minecraft.core.registries.BuiltInRegistries
[2468|t+82571ms|ThreadId(2)] [RsiftPlatformBridge] apply error: ClassNotFoundException: net.minecraft.core.registries.BuiltInRegistries
[2469|t+82669ms|ThreadId(16)] [hook] mob_ai_step fired (count=7800)
[2470|t+82720ms|ThreadId(17)] [hook] network_packet fired (count=6600)
[2471|t+82780ms|ThreadId(16)] [hook] fluid_tick fired (count=7800)
[2472|t+82786ms|ThreadId(16)] [hook] fluid_tick fired (count=8400)
[2473|t+82847ms|ThreadId(1)] [hook] mob_ai_step fired (count=8400)
[2474|t+82876ms|ThreadId(2)] [RsiftPlatformBridge] apply error: ClassNotFoundException: net.minecraft.core.registries.BuiltInRegistries
[2475|t+82877ms|ThreadId(2)] [RsiftPlatformBridge] apply error: ClassNotFoundException: net.minecraft.core.registries.BuiltInRegistries
[2476|t+83024ms|ThreadId(17)] [hook] network_packet fired (count=7200)
[2477|t+83034ms|ThreadId(1)] [hook] mob_ai_step fired (count=9000)
[2478|t+83167ms|ThreadId(16)] [hook] mob_ai_step fired (count=9600)
[2479|t+83199ms|ThreadId(2)] [RsiftPlatformBridge] apply error: ClassNotFoundException: net.minecraft.core.registries.BuiltInRegistries
[2480|t+83200ms|ThreadId(2)] [RsiftPlatformBridge] apply error: ClassNotFoundException: net.minecraft.core.registries.BuiltInRegistries
[2481|t+83323ms|ThreadId(17)] [hook] network_packet fired (count=7800)
[2482|t+83370ms|ThreadId(1)] [hook] mob_ai_step fired (count=10200)
[2483|t+83513ms|ThreadId(2)] [RsiftPlatformBridge] apply error: ClassNotFoundException: net.minecraft.core.registries.BuiltInRegistries
[2484|t+83514ms|ThreadId(2)] [RsiftPlatformBridge] apply error: ClassNotFoundException: net.minecraft.core.registries.BuiltInRegistries
[2485|t+83523ms|ThreadId(16)] [hook] mob_ai_step fired (count=10800)
[2486|t+83625ms|ThreadId(17)] [hook] network_packet fired (count=8400)
[2487|t+83674ms|ThreadId(16)] [hook] mob_ai_step fired (count=11400)
[2488|t+83820ms|ThreadId(16)] [hook] mob_ai_step fired (count=12000)
[2489|t+83822ms|ThreadId(2)] [RsiftPlatformBridge] apply error: ClassNotFoundException: net.minecraft.core.registries.BuiltInRegistries
[2490|t+83823ms|ThreadId(2)] [RsiftPlatformBridge] apply error: ClassNotFoundException: net.minecraft.core.registries.BuiltInRegistries
[2491|t+83827ms|ThreadId(17)] [hook] network_packet fired (count=9000)
[2492|t+83841ms|ThreadId(16)] [hook] fluid_tick fired (count=9000)
[2493|t+83845ms|ThreadId(16)] [hook] fluid_tick fired (count=9600)
[2494|t+83885ms|ThreadId(16)] [hook] fluid_tick fired (count=10200)
[2495|t+84018ms|ThreadId(1)] [hook] mob_ai_step fired (count=12600)
[2496|t+84079ms|ThreadId(17)] [hook] network_packet fired (count=9600)
[2497|t+84123ms|ThreadId(16)] [hook] mob_ai_step fired (count=13200)
[2498|t+84237ms|ThreadId(16)] [hook] fluid_tick fired (count=10800)
[2499|t+84303ms|ThreadId(17)] [hook] network_packet fired (count=10200)
[2500|t+84323ms|ThreadId(2)] [RsiftPlatformBridge] apply error: ClassNotFoundException: net.minecraft.core.registries.BuiltInRegistries
[2502|t+84324ms|ThreadId(2)] [RsiftPlatformBridge] apply error: ClassNotFoundException: net.minecraft.core.registries.BuiltInRegistries[2501|t+84324ms|ThreadId(16)] [hook] mob_ai_step fired (count=13800)

[2503|t+84413ms|ThreadId(16)] [hook] mob_ai_step fired (count=14400)
[2504|t+84499ms|ThreadId(16)] [hook] fluid_tick fired (count=11400)
[2505|t+84504ms|ThreadId(16)] [hook] fluid_tick fired (count=12000)
[2506|t+84539ms|ThreadId(17)] [hook] network_packet fired (count=10800)
[2507|t+84574ms|ThreadId(16)] [hook] mob_ai_step fired (count=15000)
[2508|t+84729ms|ThreadId(16)] [hook] mob_ai_step fired (count=15600)
[2509|t+84737ms|ThreadId(2)] [RsiftPlatformBridge] apply error: ClassNotFoundException: net.minecraft.core.registries.BuiltInRegistries
[2510|t+84738ms|ThreadId(2)] [RsiftPlatformBridge] apply error: ClassNotFoundException: net.minecraft.core.registries.BuiltInRegistries
[2511|t+84742ms|ThreadId(17)] [hook] network_packet fired (count=11400)
[2512|t+84867ms|ThreadId(16)] [hook] mob_ai_step fired (count=16200)
[2513|t+84873ms|ThreadId(1)] [hook] client_tick fired (count=600)
[2514|t+84935ms|ThreadId(17)] [hook] network_packet fired (count=12000)
[2515|t+84970ms|ThreadId(16)] [hook] mob_ai_step fired (count=16800)
[2516|t+85033ms|ThreadId(16)] [hook] fluid_tick fired (count=12600)
[2517|t+85071ms|ThreadId(16)] [hook] mob_ai_step fired (count=17400)
[2518|t+85082ms|ThreadId(2)] [RsiftPlatformBridge] apply error: ClassNotFoundException: net.minecraft.core.registries.BuiltInRegistries
[2519|t+85083ms|ThreadId(2)] [RsiftPlatformBridge] apply error: ClassNotFoundException: net.minecraft.core.registries.BuiltInRegistries
[2520|t+85124ms|ThreadId(17)] [hook] network_packet fired (count=12600)
[2521|t+85207ms|ThreadId(1)] [hook] mob_ai_step fired (count=18000)
[2522|t+85327ms|ThreadId(16)] [hook] mob_ai_step fired (count=18600)
[2523|t+85343ms|ThreadId(17)] [hook] network_packet fired (count=13200)
[2524|t+85458ms|ThreadId(16)] [hook] fluid_tick fired (count=13200)
[2525|t+85482ms|ThreadId(1)] [hook] mob_ai_step fired (count=19200)
[2526|t+85498ms|ThreadId(2)] [RsiftPlatformBridge] apply error: ClassNotFoundException: net.minecraft.core.registries.BuiltInRegistries
[2528|t+85550ms|ThreadId(17)] [hook] network_packet fired (count=13800)
[2527|t+85527ms|ThreadId(2)] [RsiftPlatformBridge] apply error: ClassNotFoundException: net.minecraft.core.registries.BuiltInRegistries
[2529|t+85571ms|ThreadId(16)] [hook] mob_ai_step fired (count=19800)
[2530|t+85665ms|ThreadId(16)] [hook] mob_ai_step fired (count=20400)
[2531|t+85725ms|ThreadId(17)] [hook] network_packet fired (count=14400)
[2532|t+85780ms|ThreadId(1)] [hook] mob_ai_step fired (count=21000)
[2533|t+85872ms|ThreadId(2)] [RsiftPlatformBridge] apply error: ClassNotFoundException: net.minecraft.core.registries.BuiltInRegistries
[2534|t+85873ms|ThreadId(2)] [RsiftPlatformBridge] apply error: ClassNotFoundException: net.minecraft.core.registries.BuiltInRegistries
[2535|t+85911ms|ThreadId(1)] [hook] mob_ai_step fired (count=21600)
[2536|t+85926ms|ThreadId(17)] [hook] network_packet fired (count=15000)
[2537|t+86013ms|ThreadId(16)] [hook] mob_ai_step fired (count=22200)
[2538|t+86139ms|ThreadId(17)] [hook] network_packet fired (count=15600)
[2539|t+86186ms|ThreadId(1)] [hook] mob_ai_step fired (count=22800)
[2540|t+86283ms|ThreadId(1)] [hook] mob_ai_step fired (count=23400)
[2541|t+86314ms|ThreadId(17)] [hook] network_packet fired (count=16200)
[2542|t+86420ms|ThreadId(2)] [RsiftPlatformBridge] apply error: ClassNotFoundException: net.minecraft.core.registries.BuiltInRegistries[2543|t+86420ms|ThreadId(16)] [hook] mob_ai_step fired (count=24000)

[2544|t+86421ms|ThreadId(2)] [RsiftPlatformBridge] apply error: ClassNotFoundException: net.minecraft.core.registries.BuiltInRegistries
[2545|t+86460ms|ThreadId(16)] [hook] fluid_tick fired (count=13800)
[2546|t+86510ms|ThreadId(16)] [hook] mob_ai_step fired (count=24600)
[2547|t+86528ms|ThreadId(17)] [hook] network_packet fired (count=16800)
[2548|t+86630ms|ThreadId(1)] [hook] mob_ai_step fired (count=25200)
[2549|t+86703ms|ThreadId(17)] [hook] network_packet fired (count=17400)
[2550|t+86715ms|ThreadId(16)] [hook] mob_ai_step fired (count=25800)
[2551|t+86802ms|ThreadId(2)] [RsiftPlatformBridge] apply error: ClassNotFoundException: net.minecraft.core.registries.BuiltInRegistries
[2552|t+86803ms|ThreadId(2)] [RsiftPlatformBridge] apply error: ClassNotFoundException: net.minecraft.core.registries.BuiltInRegistries
[2553|t+86822ms|ThreadId(16)] [hook] mob_ai_step fired (count=26400)
[2554|t+86912ms|ThreadId(16)] [hook] mob_ai_step fired (count=27000)
[2555|t+86925ms|ThreadId(17)] [hook] network_packet fired (count=18000)
[2556|t+86997ms|ThreadId(1)] [hook] render_flip fired (count=1200)
[2557|t+87020ms|ThreadId(16)] [hook] mob_ai_step fired (count=27600)
[2558|t+87109ms|ThreadId(2)] [RsiftPlatformBridge] apply error: ClassNotFoundException: net.minecraft.core.registries.BuiltInRegistries
[2559|t+87110ms|ThreadId(2)] [RsiftPlatformBridge] apply error: ClassNotFoundException: net.minecraft.core.registries.BuiltInRegistries
[2560|t+87129ms|ThreadId(17)] [hook] network_packet fired (count=18600)
[2561|t+87187ms|ThreadId(1)] [hook] mob_ai_step fired (count=28200)
[2562|t+87382ms|ThreadId(1)] [hook] mob_ai_step fired (count=28800)
[2563|t+87418ms|ThreadId(2)] [RsiftPlatformBridge] apply error: ClassNotFoundException: net.minecraft.core.registries.BuiltInRegistries
[2564|t+87486ms|ThreadId(2)] [RsiftPlatformBridge] apply error: ClassNotFoundException: net.minecraft.core.registries.BuiltInRegistries
[2565|t+87676ms|ThreadId(16)] [hook] mob_ai_step fired (count=29400)
[2566|t+87725ms|ThreadId(16)] [hook] mob_ai_step fired (count=30000)
[2567|t+87753ms|ThreadId(17)] [hook] network_packet fired (count=19200)
[2568|t+87809ms|ThreadId(16)] [hook] mob_ai_step fired (count=30600)
[2569|t+87821ms|ThreadId(17)] [hook] network_packet fired (count=19800)
[2570|t+87826ms|ThreadId(2)] [RsiftPlatformBridge] apply error: ClassNotFoundException: net.minecraft.core.registries.BuiltInRegistries
[2571|t+87827ms|ThreadId(2)] [RsiftPlatformBridge] apply error: ClassNotFoundException: net.minecraft.core.registries.BuiltInRegistries
[2572|t+87860ms|ThreadId(16)] [hook] mob_ai_step fired (count=31200)
[2573|t+87972ms|ThreadId(16)] [hook] mob_ai_step fired (count=31800)
[2574|t+88000ms|ThreadId(17)] [hook] network_packet fired (count=20400)
[2575|t+88052ms|ThreadId(16)] [hook] mob_ai_step fired (count=32400)
[2576|t+88072ms|ThreadId(17)] [hook] network_packet fired (count=21000)
[2577|t+88107ms|ThreadId(16)] [hook] mob_ai_step fired (count=33000)
[2578|t+88133ms|ThreadId(2)] [RsiftPlatformBridge] apply error: ClassNotFoundException: net.minecraft.core.registries.BuiltInRegistries
[2579|t+88134ms|ThreadId(2)] [RsiftPlatformBridge] apply error: ClassNotFoundException: net.minecraft.core.registries.BuiltInRegistries
[2580|t+88150ms|ThreadId(17)] [hook] network_packet fired (count=21600)
[2581|t+88213ms|ThreadId(1)] [hook] mob_ai_step fired (count=33600)
[2582|t+89084ms|ThreadId(2)] [RsiftPlatformBridge] apply error: ClassNotFoundException: net.minecraft.core.registries.BuiltInRegistries
[2583|t+89085ms|ThreadId(2)] [RsiftPlatformBridge] apply error: ClassNotFoundException: net.minecraft.core.registries.BuiltInRegistries
[2584|t+89107ms|ThreadId(16)] [hook] mob_ai_step fired (count=34200)
[2585|t+89848ms|ThreadId(16)] [hook] fluid_tick fired (count=14400)
[2586|t+89851ms|ThreadId(16)] [hook] fluid_tick fired (count=15000)
[2587|t+89857ms|ThreadId(16)] [hook] fluid_tick fired (count=15600)
[2588|t+90345ms|ThreadId(2)] [RsiftPlatformBridge] apply error: ClassNotFoundException: net.minecraft.core.registries.BuiltInRegistries
[2589|t+90729ms|ThreadId(2)] [RsiftPlatformBridge] apply error: ClassNotFoundException: net.minecraft.core.registries.BuiltInRegistries
[2590|t+90746ms|ThreadId(2)] [step] screen_check — obf=grx mojmap=net.minecraft.client.gui.screens.PauseScreen → injecting
[2591|t+90755ms|ThreadId(17)] [hook] network_packet fired (count=22200)
[2592|t+91292ms|ThreadId(2)] [step] screen_check — obf=grx mojmap=net.minecraft.client.gui.screens.PauseScreen → injecting
[2593|t+91310ms|ThreadId(2)] [step] screen_check — obf=grx mojmap=net.minecraft.client.gui.screens.PauseScreen → injecting
[2594|t+91562ms|ThreadId(2)] [step] screen_check — obf=grx mojmap=net.minecraft.client.gui.screens.PauseScreen → injecting
[2595|t+91563ms|ThreadId(2)] [RsiftPlatformBridge] apply error: ClassNotFoundException: net.minecraft.core.registries.BuiltInRegistries
[2596|t+91564ms|ThreadId(2)] [RsiftPlatformBridge] apply error: ClassNotFoundException: net.minecraft.core.registries.BuiltInRegistries
[2597|t+91582ms|ThreadId(2)] [step] screen_check — obf=grx mojmap=net.minecraft.client.gui.screens.PauseScreen → injecting
[2598|t+91599ms|ThreadId(2)] [step] screen_check — obf=grx mojmap=net.minecraft.client.gui.screens.PauseScreen → injecting
[2599|t+91617ms|ThreadId(2)] [step] screen_check — obf=grx mojmap=net.minecraft.client.gui.screens.PauseScreen → injecting
[2600|t+91869ms|ThreadId(2)] [step] screen_check — obf=grx mojmap=net.minecraft.client.gui.screens.PauseScreen → injecting
[2601|t+91911ms|ThreadId(2)] [RsiftPlatformBridge] apply error: ClassNotFoundException: net.minecraft.core.registries.BuiltInRegistries
[2602|t+91912ms|ThreadId(2)] [RsiftPlatformBridge] apply error: ClassNotFoundException: net.minecraft.core.registries.BuiltInRegistries
[2603|t+91912ms|ThreadId(2)] [step] tick_loop — alive tick=720
[2604|t+91922ms|ThreadId(1)] [RsiftScreenHooks] injectCurrentScreen failed: gfj.screen()
[2605|t+91922ms|ThreadId(1)] [RsiftScreenHooks] injectCurrentScreen failed: gfj.screen()
[2606|t+91923ms|ThreadId(1)] [RsiftScreenHooks] injectCurrentScreen failed: gfj.screen()
[2607|t+91923ms|ThreadId(1)] [RsiftScreenHooks] injectCurrentScreen failed: gfj.screen()
[2608|t+91924ms|ThreadId(1)] [RsiftScreenHooks] injectCurrentScreen failed: gfj.screen()
[2609|t+91924ms|ThreadId(1)] [RsiftScreenHooks] injectCurrentScreen failed: gfj.screen()
[2610|t+91925ms|ThreadId(1)] [RsiftScreenHooks] injectCurrentScreen failed: gfj.screen()
[2611|t+91925ms|ThreadId(1)] [RsiftScreenHooks] injectCurrentScreen failed: gfj.screen()
[2612|t+91929ms|ThreadId(2)] [step] screen_check — obf=grx mojmap=net.minecraft.client.gui.screens.PauseScreen → injecting
[2613|t+92043ms|ThreadId(2)] [step] screen_check — obf=grx mojmap=net.minecraft.client.gui.screens.PauseScreen → injecting
[2614|t+92063ms|ThreadId(2)] [step] screen_check — obf=grx mojmap=net.minecraft.client.gui.screens.PauseScreen → injecting
[2615|t+92070ms|ThreadId(1)] [RsiftScreenHooks] injectCurrentScreen failed: gfj.screen()
[2616|t+92070ms|ThreadId(1)] [RsiftScreenHooks] injectCurrentScreen failed: gfj.screen()
[2617|t+92071ms|ThreadId(1)] [RsiftScreenHooks] injectCurrentScreen failed: gfj.screen()
[2618|t+92317ms|ThreadId(2)] [step] screen_check — obf=grx mojmap=net.minecraft.client.gui.screens.PauseScreen → injecting
[2619|t+92325ms|ThreadId(2)] [RsiftPlatformBridge] apply error: ClassNotFoundException: net.minecraft.core.registries.BuiltInRegistries
[2620|t+92326ms|ThreadId(2)] [RsiftPlatformBridge] apply error: ClassNotFoundException: net.minecraft.core.registries.BuiltInRegistries
[2621|t+92344ms|ThreadId(2)] [step] screen_check — obf=grx mojmap=net.minecraft.client.gui.screens.PauseScreen → injecting
[2622|t+92368ms|ThreadId(2)] [step] screen_check — obf=grx mojmap=net.minecraft.client.gui.screens.PauseScreen → injecting
[2623|t+92383ms|ThreadId(1)] [RsiftScreenHooks] injectCurrentScreen failed: gfj.screen()
[2624|t+92383ms|ThreadId(1)] [RsiftScreenHooks] injectCurrentScreen failed: gfj.screen()
[2625|t+92384ms|ThreadId(1)] [RsiftScreenHooks] injectCurrentScreen failed: gfj.screen()
[2626|t+92388ms|ThreadId(2)] [step] screen_check — obf=grx mojmap=net.minecraft.client.gui.screens.PauseScreen → injecting
[2627|t+92401ms|ThreadId(1)] [RsiftScreenHooks] injectCurrentScreen failed: gfj.screen()
[2628|t+92659ms|ThreadId(2)] [step] screen_check — obf=grx mojmap=net.minecraft.client.gui.screens.PauseScreen → injecting
[2629|t+92660ms|ThreadId(2)] [RsiftPlatformBridge] apply error: ClassNotFoundException: net.minecraft.core.registries.BuiltInRegistries
[2630|t+92661ms|ThreadId(2)] [RsiftPlatformBridge] apply error: ClassNotFoundException: net.minecraft.core.registries.BuiltInRegistries
[2631|t+92676ms|ThreadId(1)] [RsiftScreenHooks] injectCurrentScreen failed: gfj.screen()
[2632|t+92681ms|ThreadId(2)] [step] screen_check — obf=grx mojmap=net.minecraft.client.gui.screens.PauseScreen → injecting
[2633|t+92697ms|ThreadId(1)] [RsiftScreenHooks] injectCurrentScreen failed: gfj.screen()
[2634|t+92700ms|ThreadId(2)] [step] screen_check — obf=grx mojmap=net.minecraft.client.gui.screens.PauseScreen → injecting
[2635|t+92714ms|ThreadId(1)] [RsiftScreenHooks] injectCurrentScreen failed: gfj.screen()
[2636|t+92718ms|ThreadId(2)] [step] screen_check — obf=grx mojmap=net.minecraft.client.gui.screens.PauseScreen → injecting
[2637|t+92773ms|ThreadId(1)] [RsiftScreenHooks] injectCurrentScreen failed: gfj.screen()
[2638|t+92867ms|ThreadId(16)] [hook] fluid_tick fired (count=16200)
[2639|t+93314ms|ThreadId(2)] [RsiftPlatformBridge] apply error: ClassNotFoundException: net.minecraft.core.registries.BuiltInRegistries
[2640|t+93591ms|ThreadId(2)] [RsiftPlatformBridge] apply error: ClassNotFoundException: net.minecraft.core.registries.BuiltInRegistries
[2641|t+93931ms|ThreadId(2)] [RsiftPlatformBridge] apply error: ClassNotFoundException: net.minecraft.core.registries.BuiltInRegistries
[2642|t+93932ms|ThreadId(2)] [RsiftPlatformBridge] apply error: ClassNotFoundException: net.minecraft.core.registries.BuiltInRegistries
[2643|t+94237ms|ThreadId(2)] [RsiftPlatformBridge] apply error: ClassNotFoundException: net.minecraft.core.registries.BuiltInRegistries
[2644|t+94238ms|ThreadId(2)] [RsiftPlatformBridge] apply error: ClassNotFoundException: net.minecraft.core.registries.BuiltInRegistries
[2645|t+94575ms|ThreadId(2)] [RsiftPlatformBridge] apply error: ClassNotFoundException: net.minecraft.core.registries.BuiltInRegistries
[2646|t+94576ms|ThreadId(2)] [RsiftPlatformBridge] apply error: ClassNotFoundException: net.minecraft.core.registries.BuiltInRegistries
[2647|t+94602ms|ThreadId(16)] [hook] fluid_tick fired (count=16800)
[2648|t+94914ms|ThreadId(2)] [RsiftPlatformBridge] apply error: ClassNotFoundException: net.minecraft.core.registries.BuiltInRegistries
[2649|t+94915ms|ThreadId(2)] [RsiftPlatformBridge] apply error: ClassNotFoundException: net.minecraft.core.registries.BuiltInRegistries
[2650|t+95043ms|ThreadId(16)] [hook] fluid_tick fired (count=17400)
[2651|t+95051ms|ThreadId(16)] [hook] fluid_tick fired (count=18000)
[2652|t+95229ms|ThreadId(2)] [RsiftPlatformBridge] apply error: ClassNotFoundException: net.minecraft.core.registries.BuiltInRegistries
[2653|t+95230ms|ThreadId(2)] [RsiftPlatformBridge] apply error: ClassNotFoundException: net.minecraft.core.registries.BuiltInRegistries
[2654|t+95409ms|ThreadId(16)] [hook] fluid_tick fired (count=18600)
[2655|t+95423ms|ThreadId(16)] [hook] fluid_tick fired (count=19200)
[2656|t+95437ms|ThreadId(16)] [hook] fluid_tick fired (count=19800)
[2657|t+95554ms|ThreadId(2)] [RsiftPlatformBridge] apply error: ClassNotFoundException: net.minecraft.core.registries.BuiltInRegistries
[2658|t+95555ms|ThreadId(2)] [RsiftPlatformBridge] apply error: ClassNotFoundException: net.minecraft.core.registries.BuiltInRegistries
[2659|t+95728ms|ThreadId(16)] [hook] fluid_tick fired (count=20400)
[2660|t+95858ms|ThreadId(2)] [RsiftPlatformBridge] apply error: ClassNotFoundException: net.minecraft.core.registries.BuiltInRegistries
[2661|t+95859ms|ThreadId(2)] [RsiftPlatformBridge] apply error: ClassNotFoundException: net.minecraft.core.registries.BuiltInRegistries
[2662|t+96172ms|ThreadId(2)] [RsiftPlatformBridge] apply error: ClassNotFoundException: net.minecraft.core.registries.BuiltInRegistries
[2663|t+96173ms|ThreadId(2)] [RsiftPlatformBridge] apply error: ClassNotFoundException: net.minecraft.core.registries.BuiltInRegistries
[2664|t+96492ms|ThreadId(2)] [RsiftPlatformBridge] apply error: ClassNotFoundException: net.minecraft.core.registries.BuiltInRegistries
[2665|t+96494ms|ThreadId(2)] [RsiftPlatformBridge] apply error: ClassNotFoundException: net.minecraft.core.registries.BuiltInRegistries
[2666|t+96797ms|ThreadId(2)] [RsiftPlatformBridge] apply error: ClassNotFoundException: net.minecraft.core.registries.BuiltInRegistries
[2667|t+96798ms|ThreadId(2)] [RsiftPlatformBridge] apply error: ClassNotFoundException: net.minecraft.core.registries.BuiltInRegistries
[2668|t+97018ms|ThreadId(16)] [hook] fluid_tick fired (count=21000)
[2669|t+97031ms|ThreadId(16)] [hook] fluid_tick fired (count=21600)
[2670|t+97037ms|ThreadId(16)] [hook] fluid_tick fired (count=22200)
[2671|t+97124ms|ThreadId(2)] [RsiftPlatformBridge] apply error: ClassNotFoundException: net.minecraft.core.registries.BuiltInRegistries
[2672|t+97125ms|ThreadId(2)] [RsiftPlatformBridge] apply error: ClassNotFoundException: net.minecraft.core.registries.BuiltInRegistries
[2673|t+97433ms|ThreadId(2)] [RsiftPlatformBridge] apply error: ClassNotFoundException: net.minecraft.core.registries.BuiltInRegistries
[2674|t+97434ms|ThreadId(2)] [RsiftPlatformBridge] apply error: ClassNotFoundException: net.minecraft.core.registries.BuiltInRegistries
[2675|t+97806ms|ThreadId(16)] [hook] fluid_tick fired (count=22800)
[2676|t+97819ms|ThreadId(2)] [RsiftPlatformBridge] apply error: ClassNotFoundException: net.minecraft.core.registries.BuiltInRegistries
[2677|t+97826ms|ThreadId(2)] [RsiftPlatformBridge] apply error: ClassNotFoundException: net.minecraft.core.registries.BuiltInRegistries
[2678|t+97902ms|ThreadId(16)] [hook] fluid_tick fired (count=23400)
[2679|t+98291ms|ThreadId(2)] [RsiftPlatformBridge] apply error: ClassNotFoundException: net.minecraft.core.registries.BuiltInRegistries
[2680|t+98292ms|ThreadId(2)] [RsiftPlatformBridge] apply error: ClassNotFoundException: net.minecraft.core.registries.BuiltInRegistries
[2681|t+98343ms|ThreadId(16)] [hook] fluid_tick fired (count=24000)
[2682|t+98706ms|ThreadId(2)] [RsiftPlatformBridge] apply error: ClassNotFoundException: net.minecraft.core.registries.BuiltInRegistries
[2683|t+98706ms|ThreadId(2)] [RsiftPlatformBridge] apply error: ClassNotFoundException: net.minecraft.core.registries.BuiltInRegistries
[2684|t+98867ms|ThreadId(16)] [hook] fluid_tick fired (count=24600)
[2685|t+99027ms|ThreadId(2)] [RsiftPlatformBridge] apply error: ClassNotFoundException: net.minecraft.core.registries.BuiltInRegistries
[2686|t+99028ms|ThreadId(2)] [RsiftPlatformBridge] apply error: ClassNotFoundException: net.minecraft.core.registries.BuiltInRegistries
[2687|t+99070ms|ThreadId(16)] [hook] fluid_tick fired (count=25200)
[2688|t+99089ms|ThreadId(2)] [step] title_marker — window title set: Minecraft* 1.21.11 - Rsift (RsGraphics Render)
[2689|t+99348ms|ThreadId(2)] [RsiftRuntimeHooks] install failed: gfj.getConnection()
[2690|t+99348ms|ThreadId(2)] [RsiftPlatformBridge] apply error: ClassNotFoundException: net.minecraft.core.registries.BuiltInRegistries
[2691|t+99349ms|ThreadId(2)] [RsiftPlatformBridge] apply error: ClassNotFoundException: net.minecraft.core.registries.BuiltInRegistries
[2692|t+99673ms|ThreadId(2)] [RsiftPlatformBridge] apply error: ClassNotFoundException: net.minecraft.core.registries.BuiltInRegistries
[2693|t+99674ms|ThreadId(2)] [RsiftPlatformBridge] apply error: ClassNotFoundException: net.minecraft.core.registries.BuiltInRegistries
[2694|t+99977ms|ThreadId(2)] [RsiftPlatformBridge] apply error: ClassNotFoundException: net.minecraft.core.registries.BuiltInRegistries
[2695|t+99978ms|ThreadId(2)] [RsiftPlatformBridge] apply error: ClassNotFoundException: net.minecraft.core.registries.BuiltInRegistries
[2696|t+100164ms|ThreadId(16)] [hook] fluid_tick fired (count=25800)
[2697|t+100282ms|ThreadId(2)] [RsiftPlatformBridge] apply error: ClassNotFoundException: net.minecraft.core.registries.BuiltInRegistries
[2698|t+100283ms|ThreadId(2)] [RsiftPlatformBridge] apply error: ClassNotFoundException: net.minecraft.core.registries.BuiltInRegistries
[2699|t+100587ms|ThreadId(2)] [RsiftPlatformBridge] apply error: ClassNotFoundException: net.minecraft.core.registries.BuiltInRegistries
[2700|t+100588ms|ThreadId(2)] [RsiftPlatformBridge] apply error: ClassNotFoundException: net.minecraft.core.registries.BuiltInRegistries
[2701|t+100905ms|ThreadId(16)] [hook] fluid_tick fired (count=26400)
[2702|t+100908ms|ThreadId(16)] [hook] fluid_tick fired (count=27000)
[2703|t+100921ms|ThreadId(2)] [RsiftPlatformBridge] apply error: ClassNotFoundException: net.minecraft.core.registries.BuiltInRegistries
[2704|t+100923ms|ThreadId(2)] [RsiftPlatformBridge] apply error: ClassNotFoundException: net.minecraft.core.registries.BuiltInRegistries
[2705|t+101195ms|ThreadId(16)] [hook] fluid_tick fired (count=27600)
[2706|t+101233ms|ThreadId(2)] [RsiftPlatformBridge] apply error: ClassNotFoundException: net.minecraft.core.registries.BuiltInRegistries
[2707|t+101234ms|ThreadId(2)] [RsiftPlatformBridge] apply error: ClassNotFoundException: net.minecraft.core.registries.BuiltInRegistries
[2708|t+101550ms|ThreadId(16)] [hook] fluid_tick fired (count=28200)
[2709|t+101603ms|ThreadId(2)] [RsiftPlatformBridge] apply error: ClassNotFoundException: net.minecraft.core.registries.BuiltInRegistries
[2710|t+101604ms|ThreadId(2)] [RsiftPlatformBridge] apply error: ClassNotFoundException: net.minecraft.core.registries.BuiltInRegistries
[2711|t+101733ms|ThreadId(16)] [hook] fluid_tick fired (count=28800)
[2712|t+101870ms|ThreadId(16)] [hook] fluid_tick fired (count=29400)
[2713|t+101879ms|ThreadId(16)] [hook] fluid_tick fired (count=30000)
[2714|t+101884ms|ThreadId(16)] [hook] fluid_tick fired (count=30600)
[2715|t+101888ms|ThreadId(16)] [hook] fluid_tick fired (count=31200)
[2716|t+101912ms|ThreadId(2)] [RsiftPlatformBridge] apply error: ClassNotFoundException: net.minecraft.core.registries.BuiltInRegistries
[2717|t+101912ms|ThreadId(2)] [RsiftPlatformBridge] apply error: ClassNotFoundException: net.minecraft.core.registries.BuiltInRegistries
[2718|t+102014ms|ThreadId(16)] [hook] fluid_tick fired (count=31800)
[2719|t+102216ms|ThreadId(2)] [RsiftPlatformBridge] apply error: ClassNotFoundException: net.minecraft.core.registries.BuiltInRegistries
[2720|t+102217ms|ThreadId(2)] [RsiftPlatformBridge] apply error: ClassNotFoundException: net.minecraft.core.registries.BuiltInRegistries
[2721|t+102529ms|ThreadId(2)] [RsiftPlatformBridge] apply error: ClassNotFoundException: net.minecraft.core.registries.BuiltInRegistries
[2722|t+102530ms|ThreadId(2)] [RsiftPlatformBridge] apply error: ClassNotFoundException: net.minecraft.core.registries.BuiltInRegistries
[2723|t+102531ms|ThreadId(2)] [step] tick_loop — alive tick=840
[2724|t+102839ms|ThreadId(2)] [RsiftPlatformBridge] apply error: ClassNotFoundException: net.minecraft.core.registries.BuiltInRegistries
[2725|t+102840ms|ThreadId(2)] [RsiftPlatformBridge] apply error: ClassNotFoundException: net.minecraft.core.registries.BuiltInRegistries
[2726|t+103144ms|ThreadId(2)] [step] screen_check — obf=grx mojmap=net.minecraft.client.gui.screens.PauseScreen → injecting
[2727|t+103146ms|ThreadId(2)] [RsiftPlatformBridge] apply error: ClassNotFoundException: net.minecraft.core.registries.BuiltInRegistries
[2728|t+103148ms|ThreadId(2)] [RsiftPlatformBridge] apply error: ClassNotFoundException: net.minecraft.core.registries.BuiltInRegistries
[2729|t+103152ms|ThreadId(1)] [RsiftScreenHooks] injectCurrentScreen failed: gfj.screen()
[2730|t+103166ms|ThreadId(2)] [step] screen_check — obf=grx mojmap=net.minecraft.client.gui.screens.PauseScreen → injecting
[2731|t+103174ms|ThreadId(1)] [RsiftScreenHooks] injectCurrentScreen failed: gfj.screen()
[2732|t+103184ms|ThreadId(2)] [step] screen_check — obf=grx mojmap=net.minecraft.client.gui.screens.PauseScreen → injecting
[2733|t+103202ms|ThreadId(2)] [step] screen_check — obf=grx mojmap=net.minecraft.client.gui.screens.PauseScreen → injecting
[2734|t+103242ms|ThreadId(1)] [RsiftScreenHooks] injectCurrentScreen failed: gfj.screen()
[2735|t+103242ms|ThreadId(1)] [RsiftScreenHooks] injectCurrentScreen failed: gfj.screen()
[2736|t+103254ms|ThreadId(16)] [hook] fluid_tick fired (count=32400)
[2737|t+103257ms|ThreadId(16)] [hook] fluid_tick fired (count=33000)
[2738|t+103260ms|ThreadId(16)] [hook] fluid_tick fired (count=33600)
[2739|t+103263ms|ThreadId(16)] [hook] fluid_tick fired (count=34200)
[2740|t+103454ms|ThreadId(2)] [step] screen_check — obf=grx mojmap=net.minecraft.client.gui.screens.PauseScreen → injecting
[2741|t+103455ms|ThreadId(2)] [RsiftPlatformBridge] apply error: ClassNotFoundException: net.minecraft.core.registries.BuiltInRegistries
[2742|t+103456ms|ThreadId(2)] [RsiftPlatformBridge] apply error: ClassNotFoundException: net.minecraft.core.registries.BuiltInRegistries
[2743|t+103474ms|ThreadId(2)] [step] screen_check — obf=grx mojmap=net.minecraft.client.gui.screens.PauseScreen → injecting
[2744|t+103490ms|ThreadId(1)] [RsiftScreenHooks] injectCurrentScreen failed: gfj.screen()
[2745|t+103491ms|ThreadId(1)] [RsiftScreenHooks] injectCurrentScreen failed: gfj.screen()
[2746|t+103492ms|ThreadId(2)] [step] screen_check — obf=grx mojmap=net.minecraft.client.gui.screens.PauseScreen → injecting
[2747|t+103499ms|ThreadId(1)] [RsiftScreenHooks] injectCurrentScreen failed: gfj.screen()
[2748|t+103519ms|ThreadId(2)] [step] screen_check — obf=grx mojmap=net.minecraft.client.gui.screens.PauseScreen → injecting
[2749|t+103523ms|ThreadId(1)] [RsiftScreenHooks] injectCurrentScreen failed: gfj.screen()
[2750|t+103771ms|ThreadId(2)] [step] screen_check — obf=grx mojmap=net.minecraft.client.gui.screens.PauseScreen → injecting
[2751|t+103772ms|ThreadId(2)] [RsiftPlatformBridge] apply error: ClassNotFoundException: net.minecraft.core.registries.BuiltInRegistries
[2752|t+103773ms|ThreadId(2)] [RsiftPlatformBridge] apply error: ClassNotFoundException: net.minecraft.core.registries.BuiltInRegistries
[2753|t+103776ms|ThreadId(1)] [RsiftScreenHooks] injectCurrentScreen failed: gfj.screen()
[2754|t+103791ms|ThreadId(2)] [step] screen_check — obf=grx mojmap=net.minecraft.client.gui.screens.PauseScreen → injecting
[2755|t+103797ms|ThreadId(1)] [RsiftScreenHooks] injectCurrentScreen failed: gfj.screen()
[2756|t+103810ms|ThreadId(2)] [step] screen_check — obf=grx mojmap=net.minecraft.client.gui.screens.PauseScreen → injecting
[2757|t+103828ms|ThreadId(2)] [step] screen_check — obf=grx mojmap=net.minecraft.client.gui.screens.PauseScreen → injecting
[2758|t+103845ms|ThreadId(1)] [RsiftScreenHooks] injectCurrentScreen failed: gfj.screen()
[2759|t+103845ms|ThreadId(1)] [RsiftScreenHooks] injectCurrentScreen failed: gfj.screen()
[2760|t+103900ms|ThreadId(16)] [hook] fluid_tick fired (count=34800)
[2761|t+103944ms|ThreadId(1)] [hook] mob_ai_step fired (count=34800)
[2762|t+103947ms|ThreadId(17)] [hook] network_packet fired (count=22800)
[2763|t+103952ms|ThreadId(17)] [hook] network_packet fired (count=23400)
[2764|t+104014ms|ThreadId(17)] [hook] network_packet fired (count=24000)
[2765|t+104080ms|ThreadId(2)] [RsiftPlatformBridge] apply error: ClassNotFoundException: net.minecraft.core.registries.BuiltInRegistries
[2766|t+104081ms|ThreadId(2)] [RsiftPlatformBridge] apply error: ClassNotFoundException: net.minecraft.core.registries.BuiltInRegistries
[2767|t+104106ms|ThreadId(16)] [hook] mob_ai_step fired (count=35400)
[2768|t+104199ms|ThreadId(17)] [hook] network_packet fired (count=24600)
[2769|t+104234ms|ThreadId(16)] [hook] mob_ai_step fired (count=36000)
[2770|t+104247ms|ThreadId(17)] [hook] network_packet fired (count=25200)
[2771|t+104301ms|ThreadId(17)] [hook] network_packet fired (count=25800)
[2772|t+104302ms|ThreadId(1)] [hook] mob_ai_step fired (count=36600)
[2773|t+104361ms|ThreadId(16)] [hook] fluid_tick fired (count=35400)
[2774|t+104369ms|ThreadId(16)] [hook] mob_ai_step fired (count=37200)
[2775|t+104383ms|ThreadId(17)] [hook] network_packet fired (count=26400)
[2776|t+104388ms|ThreadId(2)] [RsiftPlatformBridge] apply error: ClassNotFoundException: net.minecraft.core.registries.BuiltInRegistries
[2777|t+104392ms|ThreadId(2)] [RsiftPlatformBridge] apply error: ClassNotFoundException: net.minecraft.core.registries.BuiltInRegistries
[2778|t+104481ms|ThreadId(16)] [hook] mob_ai_step fired (count=37800)
[2779|t+104603ms|ThreadId(16)] [hook] mob_ai_step fired (count=38400)
[2780|t+104643ms|ThreadId(17)] [hook] network_packet fired (count=27000)
[2781|t+104669ms|ThreadId(16)] [hook] mob_ai_step fired (count=39000)
[2782|t+104749ms|ThreadId(2)] [RsiftPlatformBridge] apply error: ClassNotFoundException: net.minecraft.core.registries.BuiltInRegistries
[2783|t+104750ms|ThreadId(2)] [RsiftPlatformBridge] apply error: ClassNotFoundException: net.minecraft.core.registries.BuiltInRegistries
[2784|t+104826ms|ThreadId(16)] [hook] mob_ai_step fired (count=39600)
[2785|t+104833ms|ThreadId(17)] [hook] network_packet fired (count=27600)
[2786|t+104878ms|ThreadId(1)] [hook] mob_ai_step fired (count=40200)
[2787|t+104982ms|ThreadId(1)] [hook] mob_ai_step fired (count=40800)
[2788|t+105057ms|ThreadId(16)] [hook] fluid_tick fired (count=36000)
[2789|t+105076ms|ThreadId(2)] [RsiftPlatformBridge] apply error: ClassNotFoundException: net.minecraft.core.registries.BuiltInRegistries
[2790|t+105077ms|ThreadId(2)] [RsiftPlatformBridge] apply error: ClassNotFoundException: net.minecraft.core.registries.BuiltInRegistries
[2791|t+105099ms|ThreadId(17)] [hook] network_packet fired (count=28200)
[2792|t+105106ms|ThreadId(1)] [hook] mob_ai_step fired (count=41400)
[2793|t+105212ms|ThreadId(16)] [hook] mob_ai_step fired (count=42000)
[2794|t+105304ms|ThreadId(1)] [hook] mob_ai_step fired (count=42600)
[2795|t+105346ms|ThreadId(17)] [hook] network_packet fired (count=28800)
[2796|t+105387ms|ThreadId(2)] [RsiftPlatformBridge] apply error: ClassNotFoundException: net.minecraft.core.registries.BuiltInRegistries
[2797|t+105387ms|ThreadId(1)] [hook] mob_ai_step fired (count=43200)
[2798|t+105388ms|ThreadId(2)] [RsiftPlatformBridge] apply error: ClassNotFoundException: net.minecraft.core.registries.BuiltInRegistries
[2799|t+105496ms|ThreadId(1)] [hook] mob_ai_step fired (count=43800)
[2800|t+105526ms|ThreadId(17)] [hook] network_packet fired (count=29400)
[2801|t+105619ms|ThreadId(16)] [hook] mob_ai_step fired (count=44400)
[2802|t+105693ms|ThreadId(2)] [RsiftPlatformBridge] apply error: ClassNotFoundException: net.minecraft.core.registries.BuiltInRegistries
[2803|t+105694ms|ThreadId(2)] [RsiftPlatformBridge] apply error: ClassNotFoundException: net.minecraft.core.registries.BuiltInRegistries
[2804|t+105738ms|ThreadId(1)] [hook] mob_ai_step fired (count=45000)
[2805|t+105803ms|ThreadId(17)] [hook] network_packet fired (count=30000)
[2806|t+105824ms|ThreadId(16)] [hook] mob_ai_step fired (count=45600)
[2807|t+105924ms|ThreadId(16)] [hook] mob_ai_step fired (count=46200)
[2808|t+105973ms|ThreadId(17)] [hook] network_packet fired (count=30600)
[2809|t+105998ms|ThreadId(2)] [RsiftPlatformBridge] apply error: ClassNotFoundException: net.minecraft.core.registries.BuiltInRegistries
[2810|t+105999ms|ThreadId(2)] [RsiftPlatformBridge] apply error: ClassNotFoundException: net.minecraft.core.registries.BuiltInRegistries
[2811|t+106042ms|ThreadId(1)] [hook] mob_ai_step fired (count=46800)
[2812|t+106058ms|ThreadId(16)] [hook] fluid_tick fired (count=36600)
[2813|t+106143ms|ThreadId(1)] [hook] mob_ai_step fired (count=47400)
[2814|t+106234ms|ThreadId(1)] [hook] mob_ai_step fired (count=48000)
[2815|t+106276ms|ThreadId(17)] [hook] network_packet fired (count=31200)
[2816|t+106330ms|ThreadId(2)] [RsiftPlatformBridge] apply error: ClassNotFoundException: net.minecraft.core.registries.BuiltInRegistries
[2817|t+106331ms|ThreadId(2)] [RsiftPlatformBridge] apply error: ClassNotFoundException: net.minecraft.core.registries.BuiltInRegistries
[2818|t+106340ms|ThreadId(1)] [hook] mob_ai_step fired (count=48600)
[2819|t+106476ms|ThreadId(1)] [hook] mob_ai_step fired (count=49200)
[2820|t+106524ms|ThreadId(17)] [hook] network_packet fired (count=31800)
[2821|t+106564ms|ThreadId(16)] [hook] mob_ai_step fired (count=49800)
[2822|t+106638ms|ThreadId(2)] [RsiftPlatformBridge] apply error: ClassNotFoundException: net.minecraft.core.registries.BuiltInRegistries
[2823|t+106639ms|ThreadId(2)] [RsiftPlatformBridge] apply error: ClassNotFoundException: net.minecraft.core.registries.BuiltInRegistries
[2824|t+106670ms|ThreadId(16)] [hook] mob_ai_step fired (count=50400)
[2825|t+106780ms|ThreadId(1)] [hook] mob_ai_step fired (count=51000)
[2826|t+106824ms|ThreadId(17)] [hook] network_packet fired (count=32400)
[2827|t+106884ms|ThreadId(1)] [hook] mob_ai_step fired (count=51600)
[2828|t+106943ms|ThreadId(2)] [RsiftPlatformBridge] apply error: ClassNotFoundException: net.minecraft.core.registries.BuiltInRegistries
[2829|t+106944ms|ThreadId(2)] [RsiftPlatformBridge] apply error: ClassNotFoundException: net.minecraft.core.registries.BuiltInRegistries
[2830|t+107000ms|ThreadId(1)] [hook] mob_ai_step fired (count=52200)
[2831|t+107067ms|ThreadId(17)] [hook] network_packet fired (count=33000)
[2832|t+107090ms|ThreadId(1)] [hook] mob_ai_step fired (count=52800)
[2833|t+107216ms|ThreadId(16)] [hook] mob_ai_step fired (count=53400)
[2834|t+107251ms|ThreadId(2)] [RsiftPlatformBridge] apply error: ClassNotFoundException: net.minecraft.core.registries.BuiltInRegistries
[2835|t+107252ms|ThreadId(2)] [RsiftPlatformBridge] apply error: ClassNotFoundException: net.minecraft.core.registries.BuiltInRegistries
[2836|t+107320ms|ThreadId(17)] [hook] network_packet fired (count=33600)
[2837|t+107340ms|ThreadId(1)] [hook] mob_ai_step fired (count=54000)
[2838|t+107447ms|ThreadId(1)] [hook] mob_ai_step fired (count=54600)
[2839|t+107546ms|ThreadId(1)] [hook] mob_ai_step fired (count=55200)
[2840|t+107575ms|ThreadId(2)] [RsiftPlatformBridge] apply error: ClassNotFoundException: net.minecraft.core.registries.BuiltInRegistries
[2841|t+107576ms|ThreadId(2)] [RsiftPlatformBridge] apply error: ClassNotFoundException: net.minecraft.core.registries.BuiltInRegistries
[2842|t+107619ms|ThreadId(1)] [hook] mob_ai_step fired (count=55800)
[2843|t+107620ms|ThreadId(17)] [hook] network_packet fired (count=34200)
[2844|t+107750ms|ThreadId(1)] [hook] mob_ai_step fired (count=56400)
[2845|t+107841ms|ThreadId(1)] [hook] mob_ai_step fired (count=57000)
[2846|t+107896ms|ThreadId(2)] [RsiftPlatformBridge] apply error: ClassNotFoundException: net.minecraft.core.registries.BuiltInRegistries
[2847|t+107896ms|ThreadId(2)] [RsiftPlatformBridge] apply error: ClassNotFoundException: net.minecraft.core.registries.BuiltInRegistries
[2848|t+107921ms|ThreadId(17)] [hook] network_packet fired (count=34800)
[2849|t+107960ms|ThreadId(16)] [hook] mob_ai_step fired (count=57600)
[2850|t+108036ms|ThreadId(1)] [hook] mob_ai_step fired (count=58200)
[2851|t+108157ms|ThreadId(16)] [hook] fluid_tick fired (count=37200)
[2852|t+108172ms|ThreadId(1)] [hook] mob_ai_step fired (count=58800)
[2853|t+108199ms|ThreadId(2)] [RsiftPlatformBridge] apply error: ClassNotFoundException: net.minecraft.core.registries.BuiltInRegistries
[2854|t+108200ms|ThreadId(2)] [RsiftPlatformBridge] apply error: ClassNotFoundException: net.minecraft.core.registries.BuiltInRegistries
[2855|t+108217ms|ThreadId(17)] [hook] network_packet fired (count=35400)
[2856|t+108262ms|ThreadId(16)] [hook] mob_ai_step fired (count=59400)
[2857|t+108280ms|ThreadId(1)] [hook] render_flip fired (count=1800)
[2858|t+108363ms|ThreadId(16)] [hook] mob_ai_step fired (count=60000)
[2859|t+108467ms|ThreadId(1)] [hook] mob_ai_step fired (count=60600)
[2860|t+108504ms|ThreadId(2)] [RsiftPlatformBridge] apply error: ClassNotFoundException: net.minecraft.core.registries.BuiltInRegistries
[2861|t+108508ms|ThreadId(2)] [RsiftPlatformBridge] apply error: ClassNotFoundException: net.minecraft.core.registries.BuiltInRegistries
[2862|t+108521ms|ThreadId(17)] [hook] network_packet fired (count=36000)
[2863|t+108586ms|ThreadId(1)] [hook] mob_ai_step fired (count=61200)
[2864|t+108710ms|ThreadId(16)] [hook] mob_ai_step fired (count=61800)
[2865|t+108789ms|ThreadId(1)] [hook] mob_ai_step fired (count=62400)
[2866|t+108812ms|ThreadId(2)] [RsiftPlatformBridge] apply error: ClassNotFoundException: net.minecraft.core.registries.BuiltInRegistries
[2867|t+108813ms|ThreadId(2)] [RsiftPlatformBridge] apply error: ClassNotFoundException: net.minecraft.core.registries.BuiltInRegistries
[2868|t+108866ms|ThreadId(17)] [hook] network_packet fired (count=36600)
[2869|t+108913ms|ThreadId(1)] [hook] mob_ai_step fired (count=63000)
[2870|t+109009ms|ThreadId(16)] [hook] mob_ai_step fired (count=63600)
[2871|t+109112ms|ThreadId(16)] [hook] mob_ai_step fired (count=64200)
[2872|t+109117ms|ThreadId(2)] [RsiftPlatformBridge] apply error: ClassNotFoundException: net.minecraft.core.registries.BuiltInRegistries
[2873|t+109118ms|ThreadId(2)] [RsiftPlatformBridge] apply error: ClassNotFoundException: net.minecraft.core.registries.BuiltInRegistries
[2874|t+109214ms|ThreadId(16)] [hook] mob_ai_step fired (count=64800)
[2875|t+109272ms|ThreadId(17)] [hook] network_packet fired (count=37200)
[2876|t+109317ms|ThreadId(16)] [hook] mob_ai_step fired (count=65400)
[2877|t+109428ms|ThreadId(2)] [RsiftPlatformBridge] apply error: ClassNotFoundException: net.minecraft.core.registries.BuiltInRegistries
[2878|t+109429ms|ThreadId(2)] [RsiftPlatformBridge] apply error: ClassNotFoundException: net.minecraft.core.registries.BuiltInRegistries
[2879|t+109438ms|ThreadId(1)] [hook] mob_ai_step fired (count=66000)
[2880|t+109556ms|ThreadId(1)] [hook] mob_ai_step fired (count=66600)
[2881|t+109618ms|ThreadId(17)] [hook] network_packet fired (count=37800)
[2882|t+109657ms|ThreadId(1)] [hook] mob_ai_step fired (count=67200)
[2883|t+109742ms|ThreadId(2)] [RsiftPlatformBridge] apply error: ClassNotFoundException: net.minecraft.core.registries.BuiltInRegistries
[2884|t+109743ms|ThreadId(2)] [RsiftPlatformBridge] apply error: ClassNotFoundException: net.minecraft.core.registries.BuiltInRegistries
[2885|t+109760ms|ThreadId(16)] [hook] mob_ai_step fired (count=67800)
[2886|t+109808ms|ThreadId(16)] [hook] fluid_tick fired (count=37800)
[2887|t+109863ms|ThreadId(16)] [hook] mob_ai_step fired (count=68400)
[2888|t+109921ms|ThreadId(17)] [hook] network_packet fired (count=38400)
[2889|t+109974ms|ThreadId(1)] [hook] mob_ai_step fired (count=69000)
[2890|t+110050ms|ThreadId(2)] [RsiftPlatformBridge] apply error: ClassNotFoundException: net.minecraft.core.registries.BuiltInRegistries
[2891|t+110051ms|ThreadId(2)] [RsiftPlatformBridge] apply error: ClassNotFoundException: net.minecraft.core.registries.BuiltInRegistries
[2892|t+110063ms|ThreadId(16)] [hook] mob_ai_step fired (count=69600)
[2893|t+110185ms|ThreadId(1)] [hook] mob_ai_step fired (count=70200)
[2894|t+110270ms|ThreadId(17)] [hook] network_packet fired (count=39000)
[2895|t+110286ms|ThreadId(1)] [hook] mob_ai_step fired (count=70800)
[2896|t+110356ms|ThreadId(2)] [RsiftPlatformBridge] apply error: ClassNotFoundException: net.minecraft.core.registries.BuiltInRegistries
[2897|t+110357ms|ThreadId(2)] [RsiftPlatformBridge] apply error: ClassNotFoundException: net.minecraft.core.registries.BuiltInRegistries
[2898|t+110411ms|ThreadId(16)] [hook] mob_ai_step fired (count=71400)
[2899|t+110497ms|ThreadId(1)] [hook] mob_ai_step fired (count=72000)
[2900|t+110593ms|ThreadId(1)] [hook] mob_ai_step fired (count=72600)
[2901|t+110636ms|ThreadId(17)] [hook] network_packet fired (count=39600)
[2902|t+110663ms|ThreadId(2)] [RsiftPlatformBridge] apply error: ClassNotFoundException: net.minecraft.core.registries.BuiltInRegistries
[2903|t+110666ms|ThreadId(2)] [RsiftPlatformBridge] apply error: ClassNotFoundException: net.minecraft.core.registries.BuiltInRegistries
[2904|t+110712ms|ThreadId(16)] [hook] mob_ai_step fired (count=73200)
[2905|t+110969ms|ThreadId(2)] [RsiftPlatformBridge] apply error: ClassNotFoundException: net.minecraft.core.registries.BuiltInRegistries
[2906|t+110970ms|ThreadId(2)] [RsiftPlatformBridge] apply error: ClassNotFoundException: net.minecraft.core.registries.BuiltInRegistries
[2907|t+111066ms|ThreadId(1)] [hook] mob_ai_step fired (count=73800)
[2908|t+111076ms|ThreadId(1)] [hook] mob_ai_step fired (count=74400)
[2909|t+111093ms|ThreadId(16)] [hook] mob_ai_step fired (count=75000)
[2910|t+111135ms|ThreadId(17)] [hook] network_packet fired (count=40200)
[2911|t+111160ms|ThreadId(16)] [hook] mob_ai_step fired (count=75600)
[2912|t+111261ms|ThreadId(16)] [hook] mob_ai_step fired (count=76200)
[2913|t+111274ms|ThreadId(2)] [RsiftPlatformBridge] apply error: ClassNotFoundException: net.minecraft.core.registries.BuiltInRegistries
[2914|t+111274ms|ThreadId(2)] [RsiftPlatformBridge] apply error: ClassNotFoundException: net.minecraft.core.registries.BuiltInRegistries
[2915|t+111397ms|ThreadId(1)] [hook] mob_ai_step fired (count=76800)
[2916|t+111463ms|ThreadId(16)] [hook] mob_ai_step fired (count=77400)
[2917|t+111465ms|ThreadId(17)] [hook] network_packet fired (count=40800)
[2918|t+111560ms|ThreadId(16)] [hook] mob_ai_step fired (count=78000)
[2919|t+111578ms|ThreadId(2)] [RsiftPlatformBridge] apply error: ClassNotFoundException: net.minecraft.core.registries.BuiltInRegistries
[2920|t+111578ms|ThreadId(2)] [RsiftPlatformBridge] apply error: ClassNotFoundException: net.minecraft.core.registries.BuiltInRegistries
[2921|t+111663ms|ThreadId(16)] [hook] mob_ai_step fired (count=78600)
[2922|t+111766ms|ThreadId(16)] [hook] mob_ai_step fired (count=79200)
[2923|t+111873ms|ThreadId(16)] [hook] mob_ai_step fired (count=79800)
[2924|t+111877ms|ThreadId(17)] [hook] network_packet fired (count=41400)
[2925|t+111922ms|ThreadId(2)] [RsiftPlatformBridge] apply error: ClassNotFoundException: net.minecraft.core.registries.BuiltInRegistries
[2926|t+111925ms|ThreadId(2)] [RsiftPlatformBridge] apply error: ClassNotFoundException: net.minecraft.core.registries.BuiltInRegistries
[2927|t+111926ms|ThreadId(2)] [step] tick_loop — alive tick=960
[2928|t+111989ms|ThreadId(1)] [hook] mob_ai_step fired (count=80400)
[2929|t+112115ms|ThreadId(16)] [hook] mob_ai_step fired (count=81000)
[2930|t+112200ms|ThreadId(1)] [hook] mob_ai_step fired (count=81600)
[2931|t+112233ms|ThreadId(2)] [RsiftPlatformBridge] apply error: ClassNotFoundException: net.minecraft.core.registries.BuiltInRegistries
[2932|t+112234ms|ThreadId(2)] [RsiftPlatformBridge] apply error: ClassNotFoundException: net.minecraft.core.registries.BuiltInRegistries
[2933|t+112290ms|ThreadId(1)] [hook] mob_ai_step fired (count=82200)
[2934|t+112318ms|ThreadId(17)] [hook] network_packet fired (count=42000)
[2935|t+112379ms|ThreadId(16)] [hook] fluid_tick fired (count=38400)
[2936|t+112413ms|ThreadId(16)] [hook] mob_ai_step fired (count=82800)
[2937|t+112512ms|ThreadId(16)] [hook] mob_ai_step fired (count=83400)
[2938|t+112540ms|ThreadId(2)] [RsiftPlatformBridge] apply error: ClassNotFoundException: net.minecraft.core.registries.BuiltInRegistries
[2939|t+112543ms|ThreadId(2)] [RsiftPlatformBridge] apply error: ClassNotFoundException: net.minecraft.core.registries.BuiltInRegistries
[2940|t+112614ms|ThreadId(16)] [hook] mob_ai_step fired (count=84000)
[2941|t+112722ms|ThreadId(1)] [hook] mob_ai_step fired (count=84600)
[2942|t+112818ms|ThreadId(17)] [hook] network_packet fired (count=42600)
[2943|t+112849ms|ThreadId(2)] [RsiftPlatformBridge] apply error: ClassNotFoundException: net.minecraft.core.registries.BuiltInRegistries
[2944|t+112851ms|ThreadId(2)] [RsiftPlatformBridge] apply error: ClassNotFoundException: net.minecraft.core.registries.BuiltInRegistries
[2945|t+112860ms|ThreadId(16)] [hook] mob_ai_step fired (count=85200)
[2946|t+112947ms|ThreadId(1)] [hook] mob_ai_step fired (count=85800)
[2947|t+113044ms|ThreadId(1)] [hook] mob_ai_step fired (count=86400)
[2948|t+113162ms|ThreadId(2)] [RsiftPlatformBridge] apply error: ClassNotFoundException: net.minecraft.core.registries.BuiltInRegistries
[2949|t+113162ms|ThreadId(2)] [RsiftPlatformBridge] apply error: ClassNotFoundException: net.minecraft.core.registries.BuiltInRegistries
[2950|t+113163ms|ThreadId(16)] [hook] mob_ai_step fired (count=87000)
[2951|t+113249ms|ThreadId(1)] [hook] mob_ai_step fired (count=87600)
[2952|t+113267ms|ThreadId(17)] [hook] network_packet fired (count=43200)
[2953|t+113363ms|ThreadId(16)] [hook] mob_ai_step fired (count=88200)
[2954|t+113464ms|ThreadId(16)] [hook] mob_ai_step fired (count=88800)
[2955|t+113467ms|ThreadId(2)] [RsiftPlatformBridge] apply error: ClassNotFoundException: net.minecraft.core.registries.BuiltInRegistries
[2956|t+113468ms|ThreadId(2)] [RsiftPlatformBridge] apply error: ClassNotFoundException: net.minecraft.core.registries.BuiltInRegistries
[2957|t+113569ms|ThreadId(16)] [hook] mob_ai_step fired (count=89400)
[2958|t+113672ms|ThreadId(16)] [hook] mob_ai_step fired (count=90000)
[2959|t+113771ms|ThreadId(17)] [hook] network_packet fired (count=43800)
[2960|t+113773ms|ThreadId(2)] [RsiftPlatformBridge] apply error: ClassNotFoundException: net.minecraft.core.registries.BuiltInRegistries
[2961|t+113774ms|ThreadId(2)] [RsiftPlatformBridge] apply error: ClassNotFoundException: net.minecraft.core.registries.BuiltInRegistries
[2962|t+113811ms|ThreadId(16)] [hook] mob_ai_step fired (count=90600)
[2963|t+113913ms|ThreadId(16)] [hook] mob_ai_step fired (count=91200)
[2964|t+114012ms|ThreadId(16)] [hook] mob_ai_step fired (count=91800)
[2965|t+114079ms|ThreadId(2)] [RsiftPlatformBridge] apply error: ClassNotFoundException: net.minecraft.core.registries.BuiltInRegistries
[2966|t+114080ms|ThreadId(2)] [RsiftPlatformBridge] apply error: ClassNotFoundException: net.minecraft.core.registries.BuiltInRegistries
[2967|t+114115ms|ThreadId(16)] [hook] mob_ai_step fired (count=92400)
[2968|t+114215ms|ThreadId(17)] [hook] network_packet fired (count=44400)
[2969|t+114227ms|ThreadId(1)] [hook] mob_ai_step fired (count=93000)
[2970|t+114313ms|ThreadId(16)] [hook] mob_ai_step fired (count=93600)
[2971|t+114385ms|ThreadId(2)] [RsiftPlatformBridge] apply error: ClassNotFoundException: net.minecraft.core.registries.BuiltInRegistries
[2972|t+114386ms|ThreadId(2)] [RsiftPlatformBridge] apply error: ClassNotFoundException: net.minecraft.core.registries.BuiltInRegistries
[2973|t+114416ms|ThreadId(16)] [hook] mob_ai_step fired (count=94200)
[2974|t+114517ms|ThreadId(16)] [hook] mob_ai_step fired (count=94800)
[2975|t+114660ms|ThreadId(16)] [hook] mob_ai_step fired (count=95400)
[2976|t+114691ms|ThreadId(2)] [RsiftPlatformBridge] apply error: ClassNotFoundException: net.minecraft.core.registries.BuiltInRegistries
[2977|t+114692ms|ThreadId(2)] [RsiftPlatformBridge] apply error: ClassNotFoundException: net.minecraft.core.registries.BuiltInRegistries
[2978|t+114716ms|ThreadId(17)] [hook] network_packet fired (count=45000)
[2979|t+114743ms|ThreadId(1)] [hook] mob_ai_step fired (count=96000)
[2980|t+114751ms|ThreadId(2)] [step] title_marker — window title set: Minecraft* 1.21.11 - Rsift (RsGraphics Render)
[2981|t+114838ms|ThreadId(1)] [hook] mob_ai_step fired (count=96600)
[2982|t+114966ms|ThreadId(16)] [hook] mob_ai_step fired (count=97200)
[2983|t+115003ms|ThreadId(2)] [RsiftPlatformBridge] apply error: ClassNotFoundException: net.minecraft.core.registries.BuiltInRegistries
[2984|t+115004ms|ThreadId(2)] [RsiftPlatformBridge] apply error: ClassNotFoundException: net.minecraft.core.registries.BuiltInRegistries
[2985|t+115083ms|ThreadId(1)] [hook] mob_ai_step fired (count=97800)
[2986|t+115168ms|ThreadId(1)] [hook] mob_ai_step fired (count=98400)
[2987|t+115223ms|ThreadId(17)] [hook] network_packet fired (count=45600)
[2988|t+115264ms|ThreadId(16)] [hook] mob_ai_step fired (count=99000)
[2989|t+115309ms|ThreadId(2)] [RsiftPlatformBridge] apply error: ClassNotFoundException: net.minecraft.core.registries.BuiltInRegistries
[2990|t+115310ms|ThreadId(2)] [RsiftPlatformBridge] apply error: ClassNotFoundException: net.minecraft.core.registries.BuiltInRegistries
[2991|t+115368ms|ThreadId(16)] [hook] mob_ai_step fired (count=99600)
[2992|t+115408ms|ThreadId(16)] [hook] fluid_tick fired (count=39000)
[2993|t+115511ms|ThreadId(16)] [hook] mob_ai_step fired (count=100200)
[2994|t+115612ms|ThreadId(16)] [hook] mob_ai_step fired (count=100800)
[2995|t+115616ms|ThreadId(2)] [RsiftPlatformBridge] apply error: ClassNotFoundException: net.minecraft.core.registries.BuiltInRegistries
[2996|t+115617ms|ThreadId(2)] [RsiftPlatformBridge] apply error: ClassNotFoundException: net.minecraft.core.registries.BuiltInRegistries
[2997|t+115710ms|ThreadId(1)] [hook] mob_ai_step fired (count=101400)
[2998|t+115767ms|ThreadId(17)] [hook] network_packet fired (count=46200)
[2999|t+115793ms|ThreadId(1)] [hook] mob_ai_step fired (count=102000)
[3000|t+115910ms|ThreadId(1)] [hook] mob_ai_step fired (count=102600)
[3001|t+115921ms|ThreadId(2)] [RsiftPlatformBridge] apply error: ClassNotFoundException: net.minecraft.core.registries.BuiltInRegistries
[3002|t+115922ms|ThreadId(2)] [RsiftPlatformBridge] apply error: ClassNotFoundException: net.minecraft.core.registries.BuiltInRegistries
[3003|t+116012ms|ThreadId(16)] [hook] mob_ai_step fired (count=103200)
[3004|t+116113ms|ThreadId(16)] [hook] mob_ai_step fired (count=103800)
[3005|t+116214ms|ThreadId(16)] [hook] mob_ai_step fired (count=104400)
[3006|t+116225ms|ThreadId(2)] [RsiftPlatformBridge] apply error: ClassNotFoundException: net.minecraft.core.registries.BuiltInRegistries
[3007|t+116226ms|ThreadId(2)] [RsiftPlatformBridge] apply error: ClassNotFoundException: net.minecraft.core.registries.BuiltInRegistries
[3008|t+116267ms|ThreadId(17)] [hook] network_packet fired (count=46800)
[3009|t+116316ms|ThreadId(16)] [hook] mob_ai_step fired (count=105000)
[3010|t+116445ms|ThreadId(1)] [hook] mob_ai_step fired (count=105600)
[3011|t+116532ms|ThreadId(2)] [RsiftPlatformBridge] apply error: ClassNotFoundException: net.minecraft.core.registries.BuiltInRegistries
[3012|t+116533ms|ThreadId(2)] [RsiftPlatformBridge] apply error: ClassNotFoundException: net.minecraft.core.registries.BuiltInRegistries
[3013|t+116537ms|ThreadId(1)] [hook] mob_ai_step fired (count=106200)
[3014|t+116651ms|ThreadId(1)] [hook] mob_ai_step fired (count=106800)
[3015|t+116746ms|ThreadId(1)] [hook] mob_ai_step fired (count=107400)
[3016|t+116815ms|ThreadId(17)] [hook] network_packet fired (count=47400)
[3017|t+116837ms|ThreadId(2)] [RsiftPlatformBridge] apply error: ClassNotFoundException: net.minecraft.core.registries.BuiltInRegistries
[3018|t+116838ms|ThreadId(2)] [RsiftPlatformBridge] apply error: ClassNotFoundException: net.minecraft.core.registries.BuiltInRegistries
[3019|t+116862ms|ThreadId(16)] [hook] mob_ai_step fired (count=108000)
[3020|t+116968ms|ThreadId(1)] [hook] mob_ai_step fired (count=108600)
[3021|t+117062ms|ThreadId(16)] [hook] mob_ai_step fired (count=109200)
[3022|t+117145ms|ThreadId(2)] [RsiftPlatformBridge] apply error: ClassNotFoundException: net.minecraft.core.registries.BuiltInRegistries
[3023|t+117146ms|ThreadId(2)] [RsiftPlatformBridge] apply error: ClassNotFoundException: net.minecraft.core.registries.BuiltInRegistries
[3024|t+117165ms|ThreadId(16)] [hook] mob_ai_step fired (count=109800)
[3025|t+117287ms|ThreadId(1)] [hook] mob_ai_step fired (count=110400)
[3026|t+117366ms|ThreadId(17)] [hook] network_packet fired (count=48000)
[3027|t+117400ms|ThreadId(1)] [hook] mob_ai_step fired (count=111000)
[3028|t+117449ms|ThreadId(2)] [RsiftPlatformBridge] apply error: ClassNotFoundException: net.minecraft.core.registries.BuiltInRegistries
[3029|t+117450ms|ThreadId(2)] [RsiftPlatformBridge] apply error: ClassNotFoundException: net.minecraft.core.registries.BuiltInRegistries
[3030|t+117490ms|ThreadId(1)] [hook] mob_ai_step fired (count=111600)
[3031|t+117596ms|ThreadId(1)] [hook] mob_ai_step fired (count=112200)
[3032|t+117660ms|ThreadId(1)] [hook] client_tick fired (count=1200)
[3033|t+117722ms|ThreadId(1)] [hook] mob_ai_step fired (count=112800)
[3034|t+117753ms|ThreadId(2)] [RsiftPlatformBridge] apply error: ClassNotFoundException: net.minecraft.core.registries.BuiltInRegistries
[3035|t+117754ms|ThreadId(2)] [RsiftPlatformBridge] apply error: ClassNotFoundException: net.minecraft.core.registries.BuiltInRegistries
[3036|t+117811ms|ThreadId(16)] [hook] mob_ai_step fired (count=113400)
[3037|t+117911ms|ThreadId(16)] [hook] mob_ai_step fired (count=114000)
[3038|t+117914ms|ThreadId(17)] [hook] network_packet fired (count=48600)
[3039|t+118012ms|ThreadId(16)] [hook] mob_ai_step fired (count=114600)
[3040|t+118058ms|ThreadId(2)] [RsiftPlatformBridge] apply error: ClassNotFoundException: net.minecraft.core.registries.BuiltInRegistries
[3041|t+118059ms|ThreadId(2)] [RsiftPlatformBridge] apply error: ClassNotFoundException: net.minecraft.core.registries.BuiltInRegistries
[3042|t+118132ms|ThreadId(1)] [hook] mob_ai_step fired (count=115200)
[3043|t+118235ms|ThreadId(1)] [hook] mob_ai_step fired (count=115800)
[3044|t+118347ms|ThreadId(1)] [hook] mob_ai_step fired (count=116400)
[3045|t+118363ms|ThreadId(2)] [RsiftPlatformBridge] apply error: ClassNotFoundException: net.minecraft.core.registries.BuiltInRegistries
[3046|t+118365ms|ThreadId(2)] [RsiftPlatformBridge] apply error: ClassNotFoundException: net.minecraft.core.registries.BuiltInRegistries
[3047|t+118413ms|ThreadId(17)] [hook] network_packet fired (count=49200)
[3048|t+118440ms|ThreadId(1)] [hook] mob_ai_step fired (count=117000)
[3049|t+118558ms|ThreadId(16)] [hook] mob_ai_step fired (count=117600)
[3050|t+118659ms|ThreadId(16)] [hook] mob_ai_step fired (count=118200)
[3051|t+118670ms|ThreadId(2)] [RsiftPlatformBridge] apply error: ClassNotFoundException: net.minecraft.core.registries.BuiltInRegistries
[3052|t+118670ms|ThreadId(2)] [RsiftPlatformBridge] apply error: ClassNotFoundException: net.minecraft.core.registries.BuiltInRegistries
[3053|t+118761ms|ThreadId(16)] [hook] mob_ai_step fired (count=118800)
[3054|t+118864ms|ThreadId(16)] [hook] mob_ai_step fired (count=119400)
[3055|t+118916ms|ThreadId(17)] [hook] network_packet fired (count=49800)
[3056|t+118966ms|ThreadId(16)] [hook] mob_ai_step fired (count=120000)
[3057|t+118973ms|ThreadId(2)] [RsiftPlatformBridge] apply error: ClassNotFoundException: net.minecraft.core.registries.BuiltInRegistries
[3058|t+118974ms|ThreadId(2)] [RsiftPlatformBridge] apply error: ClassNotFoundException: net.minecraft.core.registries.BuiltInRegistries
[3059|t+119109ms|ThreadId(16)] [hook] mob_ai_step fired (count=120600)
[3060|t+119200ms|ThreadId(1)] [hook] mob_ai_step fired (count=121200)
[3061|t+119279ms|ThreadId(2)] [RsiftPlatformBridge] apply error: ClassNotFoundException: net.minecraft.core.registries.BuiltInRegistries
[3062|t+119280ms|ThreadId(2)] [RsiftPlatformBridge] apply error: ClassNotFoundException: net.minecraft.core.registries.BuiltInRegistries
[3063|t+119291ms|ThreadId(1)] [hook] mob_ai_step fired (count=121800)
[3064|t+119412ms|ThreadId(16)] [hook] mob_ai_step fired (count=122400)
[3065|t+119414ms|ThreadId(17)] [hook] network_packet fired (count=50400)
[3066|t+119510ms|ThreadId(16)] [hook] mob_ai_step fired (count=123000)
[3067|t+119585ms|ThreadId(2)] [RsiftPlatformBridge] apply error: ClassNotFoundException: net.minecraft.core.registries.BuiltInRegistries
[3068|t+119586ms|ThreadId(2)] [RsiftPlatformBridge] apply error: ClassNotFoundException: net.minecraft.core.registries.BuiltInRegistries
[3069|t+119612ms|ThreadId(16)] [hook] mob_ai_step fired (count=123600)
[3070|t+119711ms|ThreadId(16)] [hook] mob_ai_step fired (count=124200)
[3071|t+119812ms|ThreadId(16)] [hook] mob_ai_step fired (count=124800)
[3072|t+119890ms|ThreadId(2)] [RsiftPlatformBridge] apply error: ClassNotFoundException: net.minecraft.core.registries.BuiltInRegistries
[3073|t+119891ms|ThreadId(2)] [RsiftPlatformBridge] apply error: ClassNotFoundException: net.minecraft.core.registries.BuiltInRegistries
[3074|t+119952ms|ThreadId(1)] [hook] mob_ai_step fired (count=125400)
[3075|t+120033ms|ThreadId(1)] [hook] mob_ai_step fired (count=126000)
[3076|t+120064ms|ThreadId(17)] [hook] network_packet fired (count=51000)
[3077|t+120158ms|ThreadId(1)] [hook] mob_ai_step fired (count=126600)
[3078|t+120195ms|ThreadId(2)] [RsiftPlatformBridge] apply error: ClassNotFoundException: net.minecraft.core.registries.BuiltInRegistries
[3079|t+120196ms|ThreadId(2)] [RsiftPlatformBridge] apply error: ClassNotFoundException: net.minecraft.core.registries.BuiltInRegistries
[3080|t+120247ms|ThreadId(1)] [hook] mob_ai_step fired (count=127200)
[3081|t+120360ms|ThreadId(16)] [hook] mob_ai_step fired (count=127800)
[3082|t+120450ms|ThreadId(1)] [hook] render_flip fired (count=2400)
[3083|t+120462ms|ThreadId(16)] [hook] mob_ai_step fired (count=128400)
[3084|t+120501ms|ThreadId(2)] [RsiftPlatformBridge] apply error: ClassNotFoundException: net.minecraft.core.registries.BuiltInRegistries
[3085|t+120502ms|ThreadId(2)] [RsiftPlatformBridge] apply error: ClassNotFoundException: net.minecraft.core.registries.BuiltInRegistries
[3086|t+120563ms|ThreadId(16)] [hook] mob_ai_step fired (count=129000)
[3087|t+120613ms|ThreadId(17)] [hook] network_packet fired (count=51600)
[3088|t+120667ms|ThreadId(16)] [hook] mob_ai_step fired (count=129600)
[3089|t+120786ms|ThreadId(1)] [hook] mob_ai_step fired (count=130200)
[3090|t+120808ms|ThreadId(2)] [RsiftPlatformBridge] apply error: ClassNotFoundException: net.minecraft.core.registries.BuiltInRegistries
[3091|t+120809ms|ThreadId(2)] [RsiftPlatformBridge] apply error: ClassNotFoundException: net.minecraft.core.registries.BuiltInRegistries
[3092|t+120900ms|ThreadId(1)] [hook] mob_ai_step fired (count=130800)
[3093|t+120988ms|ThreadId(1)] [hook] mob_ai_step fired (count=131400)
[3094|t+121103ms|ThreadId(1)] [hook] mob_ai_step fired (count=132000)
[3095|t+121112ms|ThreadId(2)] [RsiftPlatformBridge] apply error: ClassNotFoundException: net.minecraft.core.registries.BuiltInRegistries
[3096|t+121113ms|ThreadId(2)] [RsiftPlatformBridge] apply error: ClassNotFoundException: net.minecraft.core.registries.BuiltInRegistries
[3097|t+121113ms|ThreadId(2)] [step] tick_loop — alive tick=1080
[3098|t+121136ms|ThreadId(15)] [hook] network_packet fired (count=52200)
[3099|t+121209ms|ThreadId(16)] [hook] mob_ai_step fired (count=132600)
[3100|t+121309ms|ThreadId(16)] [hook] mob_ai_step fired (count=133200)
[3101|t+121411ms|ThreadId(16)] [hook] mob_ai_step fired (count=133800)
[3102|t+121417ms|ThreadId(2)] [RsiftPlatformBridge] apply error: ClassNotFoundException: net.minecraft.core.registries.BuiltInRegistries
[3103|t+121418ms|ThreadId(2)] [RsiftPlatformBridge] apply error: ClassNotFoundException: net.minecraft.core.registries.BuiltInRegistries
[3104|t+121512ms|ThreadId(16)] [hook] mob_ai_step fired (count=134400)
[3105|t+121630ms|ThreadId(1)] [hook] mob_ai_step fired (count=135000)
[3106|t+121712ms|ThreadId(17)] [hook] network_packet fired (count=52800)
[3107|t+121721ms|ThreadId(2)] [RsiftPlatformBridge] apply error: ClassNotFoundException: net.minecraft.core.registries.BuiltInRegistries
[3108|t+121722ms|ThreadId(2)] [RsiftPlatformBridge] apply error: ClassNotFoundException: net.minecraft.core.registries.BuiltInRegistries
[3109|t+121757ms|ThreadId(1)] [hook] mob_ai_step fired (count=135600)
[3110|t+121835ms|ThreadId(1)] [hook] mob_ai_step fired (count=136200)
[3111|t+121906ms|ThreadId(16)] [hook] fluid_tick fired (count=39600)
[3112|t+121947ms|ThreadId(1)] [hook] mob_ai_step fired (count=136800)
[3113|t+122025ms|ThreadId(2)] [RsiftPlatformBridge] apply error: ClassNotFoundException: net.minecraft.core.registries.BuiltInRegistries
[3114|t+122026ms|ThreadId(2)] [RsiftPlatformBridge] apply error: ClassNotFoundException: net.minecraft.core.registries.BuiltInRegistries
[3115|t+122033ms|ThreadId(1)] [hook] mob_ai_step fired (count=137400)
[3116|t+122165ms|ThreadId(16)] [hook] mob_ai_step fired (count=138000)
[3117|t+122261ms|ThreadId(16)] [hook] mob_ai_step fired (count=138600)
[3118|t+122266ms|ThreadId(17)] [hook] network_packet fired (count=53400)
[3119|t+122331ms|ThreadId(2)] [RsiftPlatformBridge] apply error: ClassNotFoundException: net.minecraft.core.registries.BuiltInRegistries
[3120|t+122332ms|ThreadId(2)] [RsiftPlatformBridge] apply error: ClassNotFoundException: net.minecraft.core.registries.BuiltInRegistries
[3121|t+122366ms|ThreadId(1)] [hook] mob_ai_step fired (count=139200)
[3122|t+122463ms|ThreadId(16)] [hook] mob_ai_step fired (count=139800)
[3123|t+122591ms|ThreadId(1)] [hook] mob_ai_step fired (count=140400)
[3124|t+122635ms|ThreadId(2)] [RsiftPlatformBridge] apply error: ClassNotFoundException: net.minecraft.core.registries.BuiltInRegistries
[3125|t+122636ms|ThreadId(2)] [RsiftPlatformBridge] apply error: ClassNotFoundException: net.minecraft.core.registries.BuiltInRegistries
[3126|t+122695ms|ThreadId(1)] [hook] mob_ai_step fired (count=141000)
[3127|t+122795ms|ThreadId(1)] [hook] mob_ai_step fired (count=141600)
[3128|t+122864ms|ThreadId(17)] [hook] network_packet fired (count=54000)
[3129|t+122905ms|ThreadId(1)] [hook] mob_ai_step fired (count=142200)
[3130|t+122941ms|ThreadId(2)] [RsiftPlatformBridge] apply error: ClassNotFoundException: net.minecraft.core.registries.BuiltInRegistries
[3131|t+122942ms|ThreadId(2)] [RsiftPlatformBridge] apply error: ClassNotFoundException: net.minecraft.core.registries.BuiltInRegistries
[3132|t+123009ms|ThreadId(16)] [hook] mob_ai_step fired (count=142800)
[3133|t+123111ms|ThreadId(16)] [hook] mob_ai_step fired (count=143400)
[3134|t+123210ms|ThreadId(16)] [hook] mob_ai_step fired (count=144000)
[3135|t+123246ms|ThreadId(2)] [RsiftPlatformBridge] apply error: ClassNotFoundException: net.minecraft.core.registries.BuiltInRegistries
[3136|t+123247ms|ThreadId(2)] [RsiftPlatformBridge] apply error: ClassNotFoundException: net.minecraft.core.registries.BuiltInRegistries
[3137|t+123314ms|ThreadId(16)] [hook] mob_ai_step fired (count=144600)
[3138|t+123414ms|ThreadId(17)] [hook] network_packet fired (count=54600)
[3139|t+123419ms|ThreadId(1)] [hook] mob_ai_step fired (count=145200)
[3140|t+123550ms|ThreadId(2)] [RsiftPlatformBridge] apply error: ClassNotFoundException: net.minecraft.core.registries.BuiltInRegistries
[3141|t+123552ms|ThreadId(2)] [RsiftPlatformBridge] apply error: ClassNotFoundException: net.minecraft.core.registries.BuiltInRegistries
[3142|t+123553ms|ThreadId(1)] [hook] mob_ai_step fired (count=145800)
[3143|t+123644ms|ThreadId(1)] [hook] mob_ai_step fired (count=146400)
[3144|t+123749ms|ThreadId(1)] [hook] mob_ai_step fired (count=147000)
[3145|t+123855ms|ThreadId(2)] [RsiftPlatformBridge] apply error: ClassNotFoundException: net.minecraft.core.registries.BuiltInRegistries
[3146|t+123856ms|ThreadId(2)] [RsiftPlatformBridge] apply error: ClassNotFoundException: net.minecraft.core.registries.BuiltInRegistries
[3147|t+123859ms|ThreadId(16)] [hook] mob_ai_step fired (count=147600)
[3148|t+123963ms|ThreadId(16)] [hook] mob_ai_step fired (count=148200)
[3149|t+123969ms|ThreadId(17)] [hook] network_packet fired (count=55200)
[3150|t+124062ms|ThreadId(16)] [hook] mob_ai_step fired (count=148800)
[3151|t+124161ms|ThreadId(2)] [RsiftPlatformBridge] apply error: ClassNotFoundException: net.minecraft.core.registries.BuiltInRegistries
[3152|t+124163ms|ThreadId(2)] [RsiftPlatformBridge] apply error: ClassNotFoundException: net.minecraft.core.registries.BuiltInRegistries
[3153|t+124164ms|ThreadId(16)] [hook] mob_ai_step fired (count=149400)
[3154|t+124299ms|ThreadId(1)] [hook] mob_ai_step fired (count=150000)
[3155|t+124387ms|ThreadId(1)] [hook] mob_ai_step fired (count=150600)
[3156|t+124466ms|ThreadId(2)] [RsiftPlatformBridge] apply error: ClassNotFoundException: net.minecraft.core.registries.BuiltInRegistries
[3157|t+124467ms|ThreadId(2)] [RsiftPlatformBridge] apply error: ClassNotFoundException: net.minecraft.core.registries.BuiltInRegistries
[3158|t+124485ms|ThreadId(1)] [hook] mob_ai_step fired (count=151200)
[3159|t+124563ms|ThreadId(17)] [hook] network_packet fired (count=55800)
[3160|t+124611ms|ThreadId(16)] [hook] mob_ai_step fired (count=151800)
[3161|t+124710ms|ThreadId(16)] [hook] mob_ai_step fired (count=152400)
[3162|t+124770ms|ThreadId(2)] [RsiftPlatformBridge] apply error: ClassNotFoundException: net.minecraft.core.registries.BuiltInRegistries
[3163|t+124771ms|ThreadId(2)] [RsiftPlatformBridge] apply error: ClassNotFoundException: net.minecraft.core.registries.BuiltInRegistries
[3164|t+124817ms|ThreadId(1)] [hook] mob_ai_step fired (count=153000)
[3165|t+124908ms|ThreadId(16)] [hook] fluid_tick fired (count=40200)
[3166|t+124921ms|ThreadId(16)] [hook] mob_ai_step fired (count=153600)
[3167|t+125013ms|ThreadId(17)] [hook] network_packet fired (count=56400)
[3168|t+125025ms|ThreadId(1)] [hook] mob_ai_step fired (count=154200)
[3169|t+125076ms|ThreadId(2)] [RsiftPlatformBridge] apply error: ClassNotFoundException: net.minecraft.core.registries.BuiltInRegistries
[3170|t+125076ms|ThreadId(2)] [RsiftPlatformBridge] apply error: ClassNotFoundException: net.minecraft.core.registries.BuiltInRegistries
[3171|t+125160ms|ThreadId(16)] [hook] mob_ai_step fired (count=154800)
[3172|t+125242ms|ThreadId(1)] [hook] mob_ai_step fired (count=155400)
[3173|t+125335ms|ThreadId(1)] [hook] mob_ai_step fired (count=156000)
[3174|t+125380ms|ThreadId(2)] [RsiftPlatformBridge] apply error: ClassNotFoundException: net.minecraft.core.registries.BuiltInRegistries
[3175|t+125381ms|ThreadId(2)] [RsiftPlatformBridge] apply error: ClassNotFoundException: net.minecraft.core.registries.BuiltInRegistries
[3176|t+125464ms|ThreadId(16)] [hook] mob_ai_step fired (count=156600)
[3177|t+125562ms|ThreadId(16)] [hook] mob_ai_step fired (count=157200)
[3178|t+125614ms|ThreadId(17)] [hook] network_packet fired (count=57000)
[3179|t+125675ms|ThreadId(16)] [hook] mob_ai_step fired (count=157800)
[3180|t+125684ms|ThreadId(2)] [RsiftPlatformBridge] apply error: ClassNotFoundException: net.minecraft.core.registries.BuiltInRegistries
[3181|t+125685ms|ThreadId(2)] [RsiftPlatformBridge] apply error: ClassNotFoundException: net.minecraft.core.registries.BuiltInRegistries
[3182|t+125798ms|ThreadId(1)] [hook] mob_ai_step fired (count=158400)
[3183|t+125890ms|ThreadId(1)] [hook] mob_ai_step fired (count=159000)
[3184|t+125989ms|ThreadId(2)] [RsiftPlatformBridge] apply error: ClassNotFoundException: net.minecraft.core.registries.BuiltInRegistries
[3185|t+125990ms|ThreadId(2)] [RsiftPlatformBridge] apply error: ClassNotFoundException: net.minecraft.core.registries.BuiltInRegistries
[3186|t+126009ms|ThreadId(16)] [hook] mob_ai_step fired (count=159600)
[3187|t+126111ms|ThreadId(16)] [hook] mob_ai_step fired (count=160200)
[3188|t+126214ms|ThreadId(16)] [hook] mob_ai_step fired (count=160800)
[3189|t+126264ms|ThreadId(17)] [hook] network_packet fired (count=57600)
[3190|t+126305ms|ThreadId(2)] [RsiftPlatformBridge] apply error: ClassNotFoundException: net.minecraft.core.registries.BuiltInRegistries
[3191|t+126305ms|ThreadId(2)] [RsiftPlatformBridge] apply error: ClassNotFoundException: net.minecraft.core.registries.BuiltInRegistries
[3192|t+126359ms|ThreadId(1)] [hook] mob_ai_step fired (count=161400)
[3193|t+126435ms|ThreadId(1)] [hook] mob_ai_step fired (count=162000)
[3194|t+126563ms|ThreadId(16)] [hook] mob_ai_step fired (count=162600)
[3195|t+126608ms|ThreadId(2)] [RsiftPlatformBridge] apply error: ClassNotFoundException: net.minecraft.core.registries.BuiltInRegistries
[3196|t+126609ms|ThreadId(2)] [RsiftPlatformBridge] apply error: ClassNotFoundException: net.minecraft.core.registries.BuiltInRegistries
[3197|t+126661ms|ThreadId(16)] [hook] mob_ai_step fired (count=163200)
[3198|t+126760ms|ThreadId(16)] [hook] mob_ai_step fired (count=163800)
[3199|t+126764ms|ThreadId(17)] [hook] network_packet fired (count=58200)
[3200|t+126865ms|ThreadId(16)] [hook] mob_ai_step fired (count=164400)
[3201|t+126913ms|ThreadId(2)] [RsiftPlatformBridge] apply error: ClassNotFoundException: net.minecraft.core.registries.BuiltInRegistries
[3202|t+126915ms|ThreadId(2)] [RsiftPlatformBridge] apply error: ClassNotFoundException: net.minecraft.core.registries.BuiltInRegistries
[3203|t+126989ms|ThreadId(1)] [hook] mob_ai_step fired (count=165000)
[3204|t+127089ms|ThreadId(1)] [hook] mob_ai_step fired (count=165600)
[3205|t+127188ms|ThreadId(1)] [hook] mob_ai_step fired (count=166200)
[3206|t+127218ms|ThreadId(2)] [RsiftPlatformBridge] apply error: ClassNotFoundException: net.minecraft.core.registries.BuiltInRegistries
[3207|t+127219ms|ThreadId(2)] [RsiftPlatformBridge] apply error: ClassNotFoundException: net.minecraft.core.registries.BuiltInRegistries
[3208|t+127310ms|ThreadId(16)] [hook] mob_ai_step fired (count=166800)
[3209|t+127365ms|ThreadId(17)] [hook] network_packet fired (count=58800)
[3210|t+127413ms|ThreadId(16)] [hook] mob_ai_step fired (count=167400)
[3211|t+127522ms|ThreadId(2)] [RsiftPlatformBridge] apply error: ClassNotFoundException: net.minecraft.core.registries.BuiltInRegistries
[3212|t+127524ms|ThreadId(2)] [RsiftPlatformBridge] apply error: ClassNotFoundException: net.minecraft.core.registries.BuiltInRegistries
[3213|t+127561ms|ThreadId(16)] [hook] mob_ai_step fired (count=168000)
[3214|t+127641ms|ThreadId(1)] [hook] mob_ai_step fired (count=168600)
[3215|t+127758ms|ThreadId(1)] [hook] mob_ai_step fired (count=169200)
[3216|t+127828ms|ThreadId(2)] [RsiftPlatformBridge] apply error: ClassNotFoundException: net.minecraft.core.registries.BuiltInRegistries
[3217|t+127828ms|ThreadId(2)] [RsiftPlatformBridge] apply error: ClassNotFoundException: net.minecraft.core.registries.BuiltInRegistries
[3218|t+127863ms|ThreadId(16)] [hook] mob_ai_step fired (count=169800)
[3219|t+127920ms|ThreadId(17)] [hook] network_packet fired (count=59400)
[3220|t+127963ms|ThreadId(16)] [hook] mob_ai_step fired (count=170400)
[3221|t+128108ms|ThreadId(16)] [hook] mob_ai_step fired (count=171000)
[3222|t+128132ms|ThreadId(2)] [RsiftPlatformBridge] apply error: ClassNotFoundException: net.minecraft.core.registries.BuiltInRegistries
[3223|t+128133ms|ThreadId(2)] [RsiftPlatformBridge] apply error: ClassNotFoundException: net.minecraft.core.registries.BuiltInRegistries
[3224|t+128188ms|ThreadId(1)] [hook] mob_ai_step fired (count=171600)
[3225|t+128308ms|ThreadId(16)] [hook] mob_ai_step fired (count=172200)
[3226|t+128409ms|ThreadId(16)] [hook] mob_ai_step fired (count=172800)
[3227|t+128436ms|ThreadId(2)] [RsiftPlatformBridge] apply error: ClassNotFoundException: net.minecraft.core.registries.BuiltInRegistries
[3228|t+128437ms|ThreadId(2)] [RsiftPlatformBridge] apply error: ClassNotFoundException: net.minecraft.core.registries.BuiltInRegistries
[3229|t+128511ms|ThreadId(16)] [hook] mob_ai_step fired (count=173400)
[3230|t+128563ms|ThreadId(17)] [hook] network_packet fired (count=60000)
[3231|t+128642ms|ThreadId(1)] [hook] mob_ai_step fired (count=174000)
[3232|t+128740ms|ThreadId(2)] [RsiftPlatformBridge] apply error: ClassNotFoundException: net.minecraft.core.registries.BuiltInRegistries
[3233|t+128741ms|ThreadId(2)] [RsiftPlatformBridge] apply error: ClassNotFoundException: net.minecraft.core.registries.BuiltInRegistries
[3234|t+128761ms|ThreadId(1)] [hook] mob_ai_step fired (count=174600)
[3235|t+128859ms|ThreadId(16)] [hook] mob_ai_step fired (count=175200)
[3236|t+128961ms|ThreadId(16)] [hook] mob_ai_step fired (count=175800)
[3237|t+129045ms|ThreadId(2)] [RsiftPlatformBridge] apply error: ClassNotFoundException: net.minecraft.core.registries.BuiltInRegistries
[3238|t+129046ms|ThreadId(2)] [RsiftPlatformBridge] apply error: ClassNotFoundException: net.minecraft.core.registries.BuiltInRegistries
[3239|t+129062ms|ThreadId(16)] [hook] mob_ai_step fired (count=176400)
[3240|t+129195ms|ThreadId(1)] [hook] mob_ai_step fired (count=177000)
[3241|t+129214ms|ThreadId(17)] [hook] network_packet fired (count=60600)
[3242|t+129305ms|ThreadId(1)] [hook] mob_ai_step fired (count=177600)
[3243|t+129349ms|ThreadId(2)] [RsiftPlatformBridge] apply error: ClassNotFoundException: net.minecraft.core.registries.BuiltInRegistries
[3244|t+129350ms|ThreadId(2)] [RsiftPlatformBridge] apply error: ClassNotFoundException: net.minecraft.core.registries.BuiltInRegistries
[3245|t+129410ms|ThreadId(16)] [hook] mob_ai_step fired (count=178200)
[3246|t+129511ms|ThreadId(16)] [hook] mob_ai_step fired (count=178800)
[3247|t+129653ms|ThreadId(1)] [hook] mob_ai_step fired (count=179400)
[3248|t+129653ms|ThreadId(2)] [RsiftPlatformBridge] apply error: ClassNotFoundException: net.minecraft.core.registries.BuiltInRegistries
[3249|t+129654ms|ThreadId(2)] [RsiftPlatformBridge] apply error: ClassNotFoundException: net.minecraft.core.registries.BuiltInRegistries
[3250|t+129760ms|ThreadId(1)] [hook] mob_ai_step fired (count=180000)
[3251|t+129860ms|ThreadId(16)] [hook] mob_ai_step fired (count=180600)
[3252|t+129864ms|ThreadId(17)] [hook] network_packet fired (count=61200)
[3253|t+129958ms|ThreadId(2)] [RsiftPlatformBridge] apply error: ClassNotFoundException: net.minecraft.core.registries.BuiltInRegistries
[3254|t+129958ms|ThreadId(2)] [RsiftPlatformBridge] apply error: ClassNotFoundException: net.minecraft.core.registries.BuiltInRegistries
[3255|t+129964ms|ThreadId(16)] [hook] mob_ai_step fired (count=181200)
[3256|t+130012ms|ThreadId(2)] [step] title_marker — window title set: Minecraft* 1.21.11 - Rsift (RsGraphics Render)
[3257|t+130088ms|ThreadId(1)] [hook] mob_ai_step fired (count=181800)
[3258|t+130210ms|ThreadId(16)] [hook] mob_ai_step fired (count=182400)
[3259|t+130264ms|ThreadId(2)] [RsiftPlatformBridge] apply error: ClassNotFoundException: net.minecraft.core.registries.BuiltInRegistries
[3260|t+130265ms|ThreadId(2)] [RsiftPlatformBridge] apply error: ClassNotFoundException: net.minecraft.core.registries.BuiltInRegistries
[3261|t+130266ms|ThreadId(2)] [step] tick_loop — alive tick=1200
[3262|t+130299ms|ThreadId(1)] [hook] render_flip fired (count=3000)
[3263|t+130309ms|ThreadId(16)] [hook] mob_ai_step fired (count=183000)
[3264|t+130357ms|ThreadId(16)] [hook] fluid_tick fired (count=40800)
[3265|t+130411ms|ThreadId(16)] [hook] mob_ai_step fired (count=183600)
[3266|t+130464ms|ThreadId(17)] [hook] network_packet fired (count=61800)
[3267|t+130558ms|ThreadId(16)] [hook] mob_ai_step fired (count=184200)
[3268|t+130569ms|ThreadId(2)] [RsiftPlatformBridge] apply error: ClassNotFoundException: net.minecraft.core.registries.BuiltInRegistries
[3269|t+130570ms|ThreadId(2)] [RsiftPlatformBridge] apply error: ClassNotFoundException: net.minecraft.core.registries.BuiltInRegistries
[3270|t+130640ms|ThreadId(1)] [hook] mob_ai_step fired (count=184800)
[3271|t+130759ms|ThreadId(16)] [hook] mob_ai_step fired (count=185400)
[3272|t+130862ms|ThreadId(16)] [hook] mob_ai_step fired (count=186000)
[3273|t+130873ms|ThreadId(2)] [RsiftPlatformBridge] apply error: ClassNotFoundException: net.minecraft.core.registries.BuiltInRegistries
[3274|t+130874ms|ThreadId(2)] [RsiftPlatformBridge] apply error: ClassNotFoundException: net.minecraft.core.registries.BuiltInRegistries
[3275|t+130987ms|ThreadId(1)] [hook] mob_ai_step fired (count=186600)
[3276|t+131095ms|ThreadId(17)] [hook] network_packet fired (count=62400)
[3277|t+131110ms|ThreadId(16)] [hook] mob_ai_step fired (count=187200)
[3278|t+131125ms|ThreadId(16)] [hook] fluid_tick fired (count=41400)
[3279|t+131177ms|ThreadId(2)] [RsiftPlatformBridge] apply error: ClassNotFoundException: net.minecraft.core.registries.BuiltInRegistries
[3280|t+131178ms|ThreadId(2)] [RsiftPlatformBridge] apply error: ClassNotFoundException: net.minecraft.core.registries.BuiltInRegistries
[3281|t+131215ms|ThreadId(16)] [hook] mob_ai_step fired (count=187800)
[3282|t+131292ms|ThreadId(16)] [hook] fluid_tick fired (count=42000)
[3283|t+131361ms|ThreadId(16)] [hook] mob_ai_step fired (count=188400)
[3284|t+131414ms|ThreadId(16)] [hook] fluid_tick fired (count=42600)
[3285|t+131462ms|ThreadId(16)] [hook] mob_ai_step fired (count=189000)
[3286|t+131490ms|ThreadId(2)] [RsiftPlatformBridge] apply error: ClassNotFoundException: net.minecraft.core.registries.BuiltInRegistries
[3287|t+131491ms|ThreadId(2)] [RsiftPlatformBridge] apply error: ClassNotFoundException: net.minecraft.core.registries.BuiltInRegistries
[3288|t+131564ms|ThreadId(16)] [hook] mob_ai_step fired (count=189600)
[3289|t+131662ms|ThreadId(17)] [hook] network_packet fired (count=63000)
[3290|t+131683ms|ThreadId(1)] [hook] mob_ai_step fired (count=190200)
[3291|t+131795ms|ThreadId(2)] [RsiftPlatformBridge] apply error: ClassNotFoundException: net.minecraft.core.registries.BuiltInRegistries
[3292|t+131796ms|ThreadId(2)] [RsiftPlatformBridge] apply error: ClassNotFoundException: net.minecraft.core.registries.BuiltInRegistries
[3293|t+131802ms|ThreadId(1)] [hook] mob_ai_step fired (count=190800)
[3294|t+131910ms|ThreadId(16)] [hook] mob_ai_step fired (count=191400)
[3295|t+132059ms|ThreadId(16)] [hook] mob_ai_step fired (count=192000)
[3296|t+132100ms|ThreadId(2)] [RsiftPlatformBridge] apply error: ClassNotFoundException: net.minecraft.core.registries.BuiltInRegistries
[3297|t+132101ms|ThreadId(2)] [RsiftPlatformBridge] apply error: ClassNotFoundException: net.minecraft.core.registries.BuiltInRegistries
[3298|t+132107ms|ThreadId(16)] [hook] fluid_tick fired (count=43200)
[3299|t+132161ms|ThreadId(1)] [hook] mob_ai_step fired (count=192600)
[3300|t+132263ms|ThreadId(16)] [hook] mob_ai_step fired (count=193200)
[3301|t+132266ms|ThreadId(17)] [hook] network_packet fired (count=63600)
[3302|t+132403ms|ThreadId(2)] [RsiftPlatformBridge] apply error: ClassNotFoundException: net.minecraft.core.registries.BuiltInRegistries
[3303|t+132405ms|ThreadId(2)] [RsiftPlatformBridge] apply error: ClassNotFoundException: net.minecraft.core.registries.BuiltInRegistries
[3304|t+132409ms|ThreadId(16)] [hook] mob_ai_step fired (count=193800)
[3305|t+132512ms|ThreadId(16)] [hook] mob_ai_step fired (count=194400)
[3306|t+132612ms|ThreadId(16)] [hook] mob_ai_step fired (count=195000)
[3307|t+132708ms|ThreadId(2)] [RsiftPlatformBridge] apply error: ClassNotFoundException: net.minecraft.core.registries.BuiltInRegistries
[3308|t+132710ms|ThreadId(2)] [RsiftPlatformBridge] apply error: ClassNotFoundException: net.minecraft.core.registries.BuiltInRegistries
[3309|t+132754ms|ThreadId(1)] [hook] mob_ai_step fired (count=195600)
[3310|t+132812ms|ThreadId(17)] [hook] network_packet fired (count=64200)
[3311|t+132836ms|ThreadId(1)] [hook] mob_ai_step fired (count=196200)
[3312|t+132961ms|ThreadId(16)] [hook] mob_ai_step fired (count=196800)
[3313|t+133015ms|ThreadId(2)] [RsiftPlatformBridge] apply error: ClassNotFoundException: net.minecraft.core.registries.BuiltInRegistries
[3314|t+133015ms|ThreadId(2)] [RsiftPlatformBridge] apply error: ClassNotFoundException: net.minecraft.core.registries.BuiltInRegistries
[3315|t+133088ms|ThreadId(1)] [hook] mob_ai_step fired (count=197400)
[3316|t+133211ms|ThreadId(16)] [hook] mob_ai_step fired (count=198000)
[3317|t+133311ms|ThreadId(16)] [hook] mob_ai_step fired (count=198600)
[3318|t+133319ms|ThreadId(2)] [RsiftPlatformBridge] apply error: ClassNotFoundException: net.minecraft.core.registries.BuiltInRegistries
[3319|t+133319ms|ThreadId(2)] [RsiftPlatformBridge] apply error: ClassNotFoundException: net.minecraft.core.registries.BuiltInRegistries
[3320|t+133413ms|ThreadId(16)] [hook] mob_ai_step fired (count=199200)
[3321|t+133463ms|ThreadId(17)] [hook] network_packet fired (count=64800)
[3322|t+133533ms|ThreadId(1)] [hook] mob_ai_step fired (count=199800)
[3323|t+133622ms|ThreadId(2)] [RsiftPlatformBridge] apply error: ClassNotFoundException: net.minecraft.core.registries.BuiltInRegistries
[3324|t+133623ms|ThreadId(2)] [RsiftPlatformBridge] apply error: ClassNotFoundException: net.minecraft.core.registries.BuiltInRegistries
[3325|t+133662ms|ThreadId(16)] [hook] mob_ai_step fired (count=200400)
[3326|t+133767ms|ThreadId(1)] [hook] mob_ai_step fired (count=201000)
[3327|t+133887ms|ThreadId(1)] [hook] mob_ai_step fired (count=201600)
[3328|t+133927ms|ThreadId(2)] [RsiftPlatformBridge] apply error: ClassNotFoundException: net.minecraft.core.registries.BuiltInRegistries
[3329|t+133928ms|ThreadId(2)] [RsiftPlatformBridge] apply error: ClassNotFoundException: net.minecraft.core.registries.BuiltInRegistries
[3330|t+134011ms|ThreadId(16)] [hook] mob_ai_step fired (count=202200)
[3331|t+134138ms|ThreadId(1)] [hook] mob_ai_step fired (count=202800)
[3332|t+134164ms|ThreadId(17)] [hook] network_packet fired (count=65400)
[3333|t+134231ms|ThreadId(2)] [RsiftPlatformBridge] apply error: ClassNotFoundException: net.minecraft.core.registries.BuiltInRegistries
[3334|t+134231ms|ThreadId(2)] [RsiftPlatformBridge] apply error: ClassNotFoundException: net.minecraft.core.registries.BuiltInRegistries
[3335|t+134261ms|ThreadId(16)] [hook] mob_ai_step fired (count=203400)
[3336|t+134389ms|ThreadId(1)] [hook] mob_ai_step fired (count=204000)
[3337|t+134511ms|ThreadId(16)] [hook] mob_ai_step fired (count=204600)
[3338|t+134535ms|ThreadId(2)] [RsiftPlatformBridge] apply error: ClassNotFoundException: net.minecraft.core.registries.BuiltInRegistries
[3339|t+134536ms|ThreadId(2)] [RsiftPlatformBridge] apply error: ClassNotFoundException: net.minecraft.core.registries.BuiltInRegistries
[3340|t+134613ms|ThreadId(16)] [hook] mob_ai_step fired (count=205200)
[3341|t+134754ms|ThreadId(1)] [hook] mob_ai_step fired (count=205800)
[3342|t+134840ms|ThreadId(2)] [RsiftPlatformBridge] apply error: ClassNotFoundException: net.minecraft.core.registries.BuiltInRegistries
[3343|t+134841ms|ThreadId(2)] [RsiftPlatformBridge] apply error: ClassNotFoundException: net.minecraft.core.registries.BuiltInRegistries
[3344|t+134862ms|ThreadId(16)] [hook] mob_ai_step fired (count=206400)
[3345|t+134966ms|ThreadId(17)] [hook] network_packet fired (count=66000)
[3346|t+135010ms|ThreadId(1)] [hook] mob_ai_step fired (count=207000)
[3347|t+135111ms|ThreadId(16)] [hook] mob_ai_step fired (count=207600)
[3348|t+135145ms|ThreadId(2)] [RsiftPlatformBridge] apply error: ClassNotFoundException: net.minecraft.core.registries.BuiltInRegistries
[3349|t+135146ms|ThreadId(2)] [RsiftPlatformBridge] apply error: ClassNotFoundException: net.minecraft.core.registries.BuiltInRegistries
[3350|t+135213ms|ThreadId(16)] [hook] mob_ai_step fired (count=208200)
[3351|t+135340ms|ThreadId(1)] [hook] mob_ai_step fired (count=208800)
[3352|t+135449ms|ThreadId(2)] [RsiftPlatformBridge] apply error: ClassNotFoundException: net.minecraft.core.registries.BuiltInRegistries
[3353|t+135451ms|ThreadId(2)] [RsiftPlatformBridge] apply error: ClassNotFoundException: net.minecraft.core.registries.BuiltInRegistries
[3354|t+135464ms|ThreadId(16)] [hook] mob_ai_step fired (count=209400)
[3355|t+135468ms|ThreadId(17)] [hook] network_packet fired (count=66600)
[3356|t+135601ms|ThreadId(1)] [hook] mob_ai_step fired (count=210000)
[3357|t+135714ms|ThreadId(16)] [hook] mob_ai_step fired (count=210600)
[3358|t+135760ms|ThreadId(2)] [RsiftPlatformBridge] apply error: ClassNotFoundException: net.minecraft.core.registries.BuiltInRegistries
[3359|t+135768ms|ThreadId(2)] [RsiftPlatformBridge] apply error: ClassNotFoundException: net.minecraft.core.registries.BuiltInRegistries
[3360|t+135796ms|ThreadId(16)] [hook] fluid_tick fired (count=43800)
[3361|t+135868ms|ThreadId(16)] [hook] mob_ai_step fired (count=211200)
[3362|t+135919ms|ThreadId(17)] [hook] network_packet fired (count=67200)
[3363|t+135961ms|ThreadId(16)] [hook] mob_ai_step fired (count=211800)
[3364|t+136079ms|ThreadId(2)] [RsiftPlatformBridge] apply error: ClassNotFoundException: net.minecraft.core.registries.BuiltInRegistries
[3365|t+136080ms|ThreadId(2)] [RsiftPlatformBridge] apply error: ClassNotFoundException: net.minecraft.core.registries.BuiltInRegistries
[3366|t+136088ms|ThreadId(1)] [hook] mob_ai_step fired (count=212400)
[3367|t+136216ms|ThreadId(16)] [hook] mob_ai_step fired (count=213000)
[3368|t+136360ms|ThreadId(16)] [hook] mob_ai_step fired (count=213600)
[3369|t+136384ms|ThreadId(2)] [RsiftPlatformBridge] apply error: ClassNotFoundException: net.minecraft.core.registries.BuiltInRegistries
[3370|t+136385ms|ThreadId(2)] [RsiftPlatformBridge] apply error: ClassNotFoundException: net.minecraft.core.registries.BuiltInRegistries
[3371|t+136504ms|ThreadId(1)] [hook] mob_ai_step fired (count=214200)
[3372|t+136563ms|ThreadId(17)] [hook] network_packet fired (count=67800)
[3373|t+136617ms|ThreadId(16)] [hook] mob_ai_step fired (count=214800)
[3374|t+136688ms|ThreadId(2)] [RsiftPlatformBridge] apply error: ClassNotFoundException: net.minecraft.core.registries.BuiltInRegistries
[3375|t+136689ms|ThreadId(2)] [RsiftPlatformBridge] apply error: ClassNotFoundException: net.minecraft.core.registries.BuiltInRegistries
[3376|t+136760ms|ThreadId(16)] [hook] mob_ai_step fired (count=215400)
[3377|t+136911ms|ThreadId(1)] [hook] mob_ai_step fired (count=216000)
[3378|t+136997ms|ThreadId(2)] [RsiftPlatformBridge] apply error: ClassNotFoundException: net.minecraft.core.registries.BuiltInRegistries
[3379|t+136998ms|ThreadId(2)] [RsiftPlatformBridge] apply error: ClassNotFoundException: net.minecraft.core.registries.BuiltInRegistries
[3380|t+137057ms|ThreadId(16)] [hook] mob_ai_step fired (count=216600)
[3381|t+137163ms|ThreadId(16)] [hook] mob_ai_step fired (count=217200)
[3382|t+137216ms|ThreadId(17)] [hook] network_packet fired (count=68400)
[3383|t+137301ms|ThreadId(2)] [RsiftPlatformBridge] apply error: ClassNotFoundException: net.minecraft.core.registries.BuiltInRegistries
[3384|t+137302ms|ThreadId(2)] [RsiftPlatformBridge] apply error: ClassNotFoundException: net.minecraft.core.registries.BuiltInRegistries
[3385|t+137309ms|ThreadId(16)] [hook] mob_ai_step fired (count=217800)
[3386|t+137436ms|ThreadId(1)] [hook] mob_ai_step fired (count=218400)
[3387|t+137602ms|ThreadId(1)] [hook] mob_ai_step fired (count=219000)
[3388|t+137605ms|ThreadId(2)] [RsiftPlatformBridge] apply error: ClassNotFoundException: net.minecraft.core.registries.BuiltInRegistries
[3389|t+137606ms|ThreadId(2)] [RsiftPlatformBridge] apply error: ClassNotFoundException: net.minecraft.core.registries.BuiltInRegistries
[3390|t+137710ms|ThreadId(16)] [hook] mob_ai_step fired (count=219600)
[3391|t+137860ms|ThreadId(16)] [hook] mob_ai_step fired (count=220200)
[3392|t+137909ms|ThreadId(15)] [hook] network_packet fired (count=69000)
[3393|t+137910ms|ThreadId(2)] [RsiftPlatformBridge] apply error: ClassNotFoundException: net.minecraft.core.registries.BuiltInRegistries
[3394|t+137911ms|ThreadId(2)] [RsiftPlatformBridge] apply error: ClassNotFoundException: net.minecraft.core.registries.BuiltInRegistries
[3395|t+137985ms|ThreadId(1)] [hook] mob_ai_step fired (count=220800)
[3396|t+138132ms|ThreadId(1)] [hook] mob_ai_step fired (count=221400)
[3397|t+138215ms|ThreadId(2)] [RsiftPlatformBridge] apply error: ClassNotFoundException: net.minecraft.core.registries.BuiltInRegistries
[3398|t+138216ms|ThreadId(2)] [RsiftPlatformBridge] apply error: ClassNotFoundException: net.minecraft.core.registries.BuiltInRegistries
[3399|t+138262ms|ThreadId(16)] [hook] mob_ai_step fired (count=222000)
[3400|t+138426ms|ThreadId(1)] [hook] mob_ai_step fired (count=222600)
[3401|t+138519ms|ThreadId(2)] [RsiftPlatformBridge] apply error: ClassNotFoundException: net.minecraft.core.registries.BuiltInRegistries
[3402|t+138520ms|ThreadId(2)] [RsiftPlatformBridge] apply error: ClassNotFoundException: net.minecraft.core.registries.BuiltInRegistries
[3403|t+138538ms|ThreadId(1)] [hook] mob_ai_step fired (count=223200)
[3404|t+138612ms|ThreadId(17)] [hook] network_packet fired (count=69600)
[3405|t+138683ms|ThreadId(1)] [hook] mob_ai_step fired (count=223800)
[3406|t+138811ms|ThreadId(16)] [hook] mob_ai_step fired (count=224400)
[3407|t+138825ms|ThreadId(2)] [RsiftPlatformBridge] apply error: ClassNotFoundException: net.minecraft.core.registries.BuiltInRegistries
[3408|t+138825ms|ThreadId(2)] [RsiftPlatformBridge] apply error: ClassNotFoundException: net.minecraft.core.registries.BuiltInRegistries
[3409|t+138959ms|ThreadId(16)] [hook] mob_ai_step fired (count=225000)
[3410|t+139109ms|ThreadId(16)] [hook] mob_ai_step fired (count=225600)
[3411|t+139129ms|ThreadId(2)] [RsiftPlatformBridge] apply error: ClassNotFoundException: net.minecraft.core.registries.BuiltInRegistries
[3412|t+139130ms|ThreadId(2)] [RsiftPlatformBridge] apply error: ClassNotFoundException: net.minecraft.core.registries.BuiltInRegistries
[3413|t+139233ms|ThreadId(1)] [hook] mob_ai_step fired (count=226200)
[3414|t+139312ms|ThreadId(17)] [hook] network_packet fired (count=70200)
[3415|t+139364ms|ThreadId(1)] [hook] mob_ai_step fired (count=226800)
[3416|t+139434ms|ThreadId(2)] [RsiftPlatformBridge] apply error: ClassNotFoundException: net.minecraft.core.registries.BuiltInRegistries
[3417|t+139435ms|ThreadId(2)] [RsiftPlatformBridge] apply error: ClassNotFoundException: net.minecraft.core.registries.BuiltInRegistries
[3418|t+139436ms|ThreadId(2)] [step] tick_loop — alive tick=1320
[3419|t+139508ms|ThreadId(16)] [hook] mob_ai_step fired (count=227400)
[3420|t+139635ms|ThreadId(1)] [hook] mob_ai_step fired (count=228000)
[3421|t+139740ms|ThreadId(2)] [RsiftPlatformBridge] apply error: ClassNotFoundException: net.minecraft.core.registries.BuiltInRegistries
[3422|t+139768ms|ThreadId(2)] [RsiftPlatformBridge] apply error: ClassNotFoundException: net.minecraft.core.registries.BuiltInRegistries
[3423|t+139802ms|ThreadId(1)] [hook] mob_ai_step fired (count=228600)
[3424|t+139912ms|ThreadId(16)] [hook] mob_ai_step fired (count=229200)
[3425|t+139962ms|ThreadId(17)] [hook] network_packet fired (count=70800)
[3426|t+140062ms|ThreadId(16)] [hook] mob_ai_step fired (count=229800)
[3427|t+140155ms|ThreadId(2)] [RsiftPlatformBridge] apply error: ClassNotFoundException: net.minecraft.core.registries.BuiltInRegistries
[3428|t+140156ms|ThreadId(2)] [RsiftPlatformBridge] apply error: ClassNotFoundException: net.minecraft.core.registries.BuiltInRegistries
[3429|t+140184ms|ThreadId(1)] [hook] mob_ai_step fired (count=230400)
[3430|t+140198ms|ThreadId(1)] [hook] render_flip fired (count=3600)
[3431|t+140285ms|ThreadId(16)] [hook] fluid_tick fired (count=44400)
[3432|t+140288ms|ThreadId(16)] [hook] fluid_tick fired (count=45000)
[3433|t+140314ms|ThreadId(16)] [hook] fluid_tick fired (count=45600)
[3434|t+140317ms|ThreadId(16)] [hook] fluid_tick fired (count=46200)
[3435|t+140319ms|ThreadId(16)] [hook] fluid_tick fired (count=46800)
[3436|t+140321ms|ThreadId(16)] [hook] fluid_tick fired (count=47400)
[3437|t+140341ms|ThreadId(1)] [hook] mob_ai_step fired (count=231000)
[3438|t+140462ms|ThreadId(2)] [RsiftPlatformBridge] apply error: ClassNotFoundException: net.minecraft.core.registries.BuiltInRegistries
[3439|t+140462ms|ThreadId(2)] [RsiftPlatformBridge] apply error: ClassNotFoundException: net.minecraft.core.registries.BuiltInRegistries
[3440|t+140464ms|ThreadId(16)] [hook] mob_ai_step fired (count=231600)
[3441|t+140558ms|ThreadId(16)] [hook] fluid_tick fired (count=48000)
[3442|t+140612ms|ThreadId(16)] [hook] mob_ai_step fired (count=232200)
[3443|t+140616ms|ThreadId(17)] [hook] network_packet fired (count=71400)
[3444|t+140737ms|ThreadId(1)] [hook] mob_ai_step fired (count=232800)
[3445|t+140766ms|ThreadId(2)] [RsiftPlatformBridge] apply error: ClassNotFoundException: net.minecraft.core.registries.BuiltInRegistries
[3446|t+140767ms|ThreadId(2)] [RsiftPlatformBridge] apply error: ClassNotFoundException: net.minecraft.core.registries.BuiltInRegistries
[3447|t+140892ms|ThreadId(1)] [hook] mob_ai_step fired (count=233400)
[3448|t+141012ms|ThreadId(16)] [hook] mob_ai_step fired (count=234000)
[3449|t+141072ms|ThreadId(2)] [RsiftPlatformBridge] apply error: ClassNotFoundException: net.minecraft.core.registries.BuiltInRegistries
[3450|t+141073ms|ThreadId(2)] [RsiftPlatformBridge] apply error: ClassNotFoundException: net.minecraft.core.registries.BuiltInRegistries
[3451|t+141160ms|ThreadId(16)] [hook] mob_ai_step fired (count=234600)
[3452|t+141213ms|ThreadId(17)] [hook] network_packet fired (count=72000)
[3453|t+141302ms|ThreadId(1)] [hook] mob_ai_step fired (count=235200)
[3454|t+141378ms|ThreadId(2)] [RsiftPlatformBridge] apply error: ClassNotFoundException: net.minecraft.core.registries.BuiltInRegistries
[3455|t+141379ms|ThreadId(2)] [RsiftPlatformBridge] apply error: ClassNotFoundException: net.minecraft.core.registries.BuiltInRegistries
[3456|t+141435ms|ThreadId(1)] [hook] mob_ai_step fired (count=235800)
[3457|t+141561ms|ThreadId(16)] [hook] mob_ai_step fired (count=236400)
[3458|t+141683ms|ThreadId(2)] [RsiftPlatformBridge] apply error: ClassNotFoundException: net.minecraft.core.registries.BuiltInRegistries
[3459|t+141684ms|ThreadId(2)] [RsiftPlatformBridge] apply error: ClassNotFoundException: net.minecraft.core.registries.BuiltInRegistries
[3460|t+141709ms|ThreadId(16)] [hook] mob_ai_step fired (count=237000)
[3461|t+141813ms|ThreadId(17)] [hook] network_packet fired (count=72600)
[3462|t+141861ms|ThreadId(16)] [hook] mob_ai_step fired (count=237600)
[3463|t+141987ms|ThreadId(2)] [RsiftPlatformBridge] apply error: ClassNotFoundException: net.minecraft.core.registries.BuiltInRegistries
[3464|t+141988ms|ThreadId(2)] [RsiftPlatformBridge] apply error: ClassNotFoundException: net.minecraft.core.registries.BuiltInRegistries
[3465|t+141999ms|ThreadId(1)] [hook] mob_ai_step fired (count=238200)
[3466|t+142128ms|ThreadId(1)] [hook] mob_ai_step fired (count=238800)
[3467|t+142260ms|ThreadId(16)] [hook] mob_ai_step fired (count=239400)
[3468|t+142293ms|ThreadId(2)] [RsiftPlatformBridge] apply error: ClassNotFoundException: net.minecraft.core.registries.BuiltInRegistries
[3469|t+142294ms|ThreadId(2)] [RsiftPlatformBridge] apply error: ClassNotFoundException: net.minecraft.core.registries.BuiltInRegistries
[3470|t+142384ms|ThreadId(1)] [hook] mob_ai_step fired (count=240000)
[3471|t+142464ms|ThreadId(17)] [hook] network_packet fired (count=73200)
[3472|t+142557ms|ThreadId(16)] [hook] mob_ai_step fired (count=240600)
[3473|t+142597ms|ThreadId(2)] [RsiftPlatformBridge] apply error: ClassNotFoundException: net.minecraft.core.registries.BuiltInRegistries
[3474|t+142598ms|ThreadId(2)] [RsiftPlatformBridge] apply error: ClassNotFoundException: net.minecraft.core.registries.BuiltInRegistries
[3475|t+142606ms|ThreadId(16)] [hook] fluid_tick fired (count=48600)
[3476|t+142663ms|ThreadId(16)] [hook] mob_ai_step fired (count=241200)
[3477|t+142815ms|ThreadId(1)] [hook] mob_ai_step fired (count=241800)
[3478|t+142901ms|ThreadId(2)] [RsiftPlatformBridge] apply error: ClassNotFoundException: net.minecraft.core.registries.BuiltInRegistries
[3479|t+142902ms|ThreadId(2)] [RsiftPlatformBridge] apply error: ClassNotFoundException: net.minecraft.core.registries.BuiltInRegistries
[3480|t+142942ms|ThreadId(1)] [hook] mob_ai_step fired (count=242400)
[3481|t+143063ms|ThreadId(17)] [hook] network_packet fired (count=73800)
[3482|t+143086ms|ThreadId(1)] [hook] mob_ai_step fired (count=243000)
[3483|t+143206ms|ThreadId(2)] [RsiftPlatformBridge] apply error: ClassNotFoundException: net.minecraft.core.registries.BuiltInRegistries
[3484|t+143207ms|ThreadId(2)] [RsiftPlatformBridge] apply error: ClassNotFoundException: net.minecraft.core.registries.BuiltInRegistries
[3485|t+143212ms|ThreadId(16)] [hook] mob_ai_step fired (count=243600)
[3486|t+143360ms|ThreadId(16)] [hook] mob_ai_step fired (count=244200)
[3487|t+143508ms|ThreadId(1)] [hook] mob_ai_step fired (count=244800)
[3488|t+143511ms|ThreadId(2)] [RsiftPlatformBridge] apply error: ClassNotFoundException: net.minecraft.core.registries.BuiltInRegistries
[3489|t+143512ms|ThreadId(2)] [RsiftPlatformBridge] apply error: ClassNotFoundException: net.minecraft.core.registries.BuiltInRegistries
[3490|t+143644ms|ThreadId(1)] [hook] mob_ai_step fired (count=245400)
[3491|t+143762ms|ThreadId(17)] [hook] network_packet fired (count=74400)
[3492|t+143784ms|ThreadId(1)] [hook] mob_ai_step fired (count=246000)
[3493|t+143815ms|ThreadId(2)] [RsiftPlatformBridge] apply error: ClassNotFoundException: net.minecraft.core.registries.BuiltInRegistries
[3494|t+143816ms|ThreadId(2)] [RsiftPlatformBridge] apply error: ClassNotFoundException: net.minecraft.core.registries.BuiltInRegistries
[3495|t+143910ms|ThreadId(16)] [hook] mob_ai_step fired (count=246600)
[3496|t+144058ms|ThreadId(16)] [hook] mob_ai_step fired (count=247200)
[3497|t+144119ms|ThreadId(2)] [RsiftPlatformBridge] apply error: ClassNotFoundException: net.minecraft.core.registries.BuiltInRegistries
[3498|t+144119ms|ThreadId(2)] [RsiftPlatformBridge] apply error: ClassNotFoundException: net.minecraft.core.registries.BuiltInRegistries
[3499|t+144210ms|ThreadId(1)] [hook] mob_ai_step fired (count=247800)
[3500|t+144336ms|ThreadId(1)] [hook] mob_ai_step fired (count=248400)
[3501|t+144413ms|ThreadId(17)] [hook] network_packet fired (count=75000)
[3502|t+144424ms|ThreadId(2)] [RsiftPlatformBridge] apply error: ClassNotFoundException: net.minecraft.core.registries.BuiltInRegistries
[3503|t+144424ms|ThreadId(2)] [RsiftPlatformBridge] apply error: ClassNotFoundException: net.minecraft.core.registries.BuiltInRegistries
[3504|t+144464ms|ThreadId(1)] [hook] mob_ai_step fired (count=249000)
[3505|t+144608ms|ThreadId(16)] [hook] mob_ai_step fired (count=249600)
[3506|t+144728ms|ThreadId(2)] [RsiftPlatformBridge] apply error: ClassNotFoundException: net.minecraft.core.registries.BuiltInRegistries
[3507|t+144729ms|ThreadId(2)] [RsiftPlatformBridge] apply error: ClassNotFoundException: net.minecraft.core.registries.BuiltInRegistries
[3508|t+144760ms|ThreadId(16)] [hook] mob_ai_step fired (count=250200)
[3509|t+144889ms|ThreadId(1)] [hook] mob_ai_step fired (count=250800)
[3510|t+145010ms|ThreadId(16)] [hook] mob_ai_step fired (count=251400)
[3511|t+145014ms|ThreadId(17)] [hook] network_packet fired (count=75600)
[3512|t+145034ms|ThreadId(2)] [RsiftPlatformBridge] apply error: ClassNotFoundException: net.minecraft.core.registries.BuiltInRegistries
[3513|t+145035ms|ThreadId(2)] [RsiftPlatformBridge] apply error: ClassNotFoundException: net.minecraft.core.registries.BuiltInRegistries
[3514|t+145161ms|ThreadId(16)] [hook] mob_ai_step fired (count=252000)
[3515|t+145285ms|ThreadId(1)] [hook] mob_ai_step fired (count=252600)
[3516|t+145339ms|ThreadId(2)] [RsiftPlatformBridge] apply error: ClassNotFoundException: net.minecraft.core.registries.BuiltInRegistries
[3517|t+145340ms|ThreadId(2)] [RsiftPlatformBridge] apply error: ClassNotFoundException: net.minecraft.core.registries.BuiltInRegistries
[3518|t+145394ms|ThreadId(2)] [step] title_marker — window title set: Minecraft* 1.21.11 - Rsift (RsGraphics Render)
[3519|t+145459ms|ThreadId(16)] [hook] mob_ai_step fired (count=253200)
[3520|t+145562ms|ThreadId(16)] [hook] mob_ai_step fired (count=253800)
[3521|t+145613ms|ThreadId(17)] [hook] network_packet fired (count=76200)
[3522|t+145646ms|ThreadId(2)] [RsiftPlatformBridge] apply error: ClassNotFoundException: net.minecraft.core.registries.BuiltInRegistries
[3523|t+145647ms|ThreadId(2)] [RsiftPlatformBridge] apply error: ClassNotFoundException: net.minecraft.core.registries.BuiltInRegistries
[3524|t+145709ms|ThreadId(16)] [hook] mob_ai_step fired (count=254400)
[3525|t+145863ms|ThreadId(16)] [hook] mob_ai_step fired (count=255000)
[3526|t+145949ms|ThreadId(2)] [RsiftPlatformBridge] apply error: ClassNotFoundException: net.minecraft.core.registries.BuiltInRegistries
[3527|t+145950ms|ThreadId(2)] [RsiftPlatformBridge] apply error: ClassNotFoundException: net.minecraft.core.registries.BuiltInRegistries
[3528|t+145988ms|ThreadId(1)] [hook] mob_ai_step fired (count=255600)
[3529|t+146110ms|ThreadId(16)] [hook] mob_ai_step fired (count=256200)
[3530|t+146213ms|ThreadId(17)] [hook] network_packet fired (count=76800)
[3531|t+146255ms|ThreadId(2)] [RsiftPlatformBridge] apply error: ClassNotFoundException: net.minecraft.core.registries.BuiltInRegistries
[3532|t+146256ms|ThreadId(2)] [RsiftPlatformBridge] apply error: ClassNotFoundException: net.minecraft.core.registries.BuiltInRegistries
[3533|t+146260ms|ThreadId(16)] [hook] mob_ai_step fired (count=256800)
[3534|t+146384ms|ThreadId(1)] [hook] mob_ai_step fired (count=257400)
[3535|t+146514ms|ThreadId(16)] [hook] mob_ai_step fired (count=258000)
[3536|t+146560ms|ThreadId(2)] [RsiftPlatformBridge] apply error: ClassNotFoundException: net.minecraft.core.registries.BuiltInRegistries
[3537|t+146561ms|ThreadId(2)] [RsiftPlatformBridge] apply error: ClassNotFoundException: net.minecraft.core.registries.BuiltInRegistries
[3538|t+146661ms|ThreadId(16)] [hook] mob_ai_step fired (count=258600)
[3539|t+146783ms|ThreadId(1)] [hook] mob_ai_step fired (count=259200)
[3540|t+146864ms|ThreadId(2)] [RsiftPlatformBridge] apply error: ClassNotFoundException: net.minecraft.core.registries.BuiltInRegistries
[3541|t+146865ms|ThreadId(2)] [RsiftPlatformBridge] apply error: ClassNotFoundException: net.minecraft.core.registries.BuiltInRegistries
[3542|t+146867ms|ThreadId(17)] [hook] network_packet fired (count=77400)
[3543|t+146955ms|ThreadId(1)] [hook] mob_ai_step fired (count=259800)
[3544|t+147062ms|ThreadId(16)] [hook] mob_ai_step fired (count=260400)
[3545|t+147168ms|ThreadId(2)] [RsiftPlatformBridge] apply error: ClassNotFoundException: net.minecraft.core.registries.BuiltInRegistries
[3546|t+147169ms|ThreadId(2)] [RsiftPlatformBridge] apply error: ClassNotFoundException: net.minecraft.core.registries.BuiltInRegistries
[3547|t+147210ms|ThreadId(16)] [hook] mob_ai_step fired (count=261000)
[3548|t+147337ms|ThreadId(1)] [hook] mob_ai_step fired (count=261600)
[3549|t+147472ms|ThreadId(2)] [RsiftPlatformBridge] apply error: ClassNotFoundException: net.minecraft.core.registries.BuiltInRegistries
[3550|t+147473ms|ThreadId(2)] [RsiftPlatformBridge] apply error: ClassNotFoundException: net.minecraft.core.registries.BuiltInRegistries
[3551|t+147509ms|ThreadId(16)] [hook] mob_ai_step fired (count=262200)
[3552|t+147514ms|ThreadId(17)] [hook] network_packet fired (count=78000)
[3553|t+147611ms|ThreadId(16)] [hook] mob_ai_step fired (count=262800)
[3554|t+147652ms|ThreadId(1)] [hook] client_tick fired (count=1800)
[3555|t+147740ms|ThreadId(1)] [hook] mob_ai_step fired (count=263400)
[3556|t+147778ms|ThreadId(2)] [RsiftPlatformBridge] apply error: ClassNotFoundException: net.minecraft.core.registries.BuiltInRegistries
[3557|t+147779ms|ThreadId(2)] [RsiftPlatformBridge] apply error: ClassNotFoundException: net.minecraft.core.registries.BuiltInRegistries
[3558|t+147905ms|ThreadId(1)] [hook] mob_ai_step fired (count=264000)
[3559|t+148011ms|ThreadId(16)] [hook] mob_ai_step fired (count=264600)
[3560|t+148082ms|ThreadId(2)] [RsiftPlatformBridge] apply error: ClassNotFoundException: net.minecraft.core.registries.BuiltInRegistries
[3561|t+148083ms|ThreadId(2)] [RsiftPlatformBridge] apply error: ClassNotFoundException: net.minecraft.core.registries.BuiltInRegistries
[3562|t+148161ms|ThreadId(16)] [hook] mob_ai_step fired (count=265200)
[3563|t+148212ms|ThreadId(17)] [hook] network_packet fired (count=78600)
[3564|t+148289ms|ThreadId(1)] [hook] mob_ai_step fired (count=265800)
[3565|t+148388ms|ThreadId(2)] [RsiftPlatformBridge] apply error: ClassNotFoundException: net.minecraft.core.registries.BuiltInRegistries
[3566|t+148389ms|ThreadId(2)] [RsiftPlatformBridge] apply error: ClassNotFoundException: net.minecraft.core.registries.BuiltInRegistries
[3567|t+148439ms|ThreadId(1)] [hook] mob_ai_step fired (count=266400)
[3568|t+148565ms|ThreadId(1)] [hook] mob_ai_step fired (count=267000)
[3569|t+148710ms|ThreadId(16)] [hook] mob_ai_step fired (count=267600)
[3570|t+148762ms|ThreadId(2)] [RsiftPlatformBridge] apply error: ClassNotFoundException: net.minecraft.core.registries.BuiltInRegistries
[3571|t+148763ms|ThreadId(2)] [RsiftPlatformBridge] apply error: ClassNotFoundException: net.minecraft.core.registries.BuiltInRegistries
[3572|t+148764ms|ThreadId(2)] [step] tick_loop — alive tick=1440
[3573|t+148812ms|ThreadId(17)] [hook] network_packet fired (count=79200)
[3574|t+148865ms|ThreadId(1)] [hook] mob_ai_step fired (count=268200)
[3575|t+148992ms|ThreadId(1)] [hook] mob_ai_step fired (count=268800)
[3576|t+149117ms|ThreadId(2)] [RsiftPlatformBridge] apply error: ClassNotFoundException: net.minecraft.core.registries.BuiltInRegistries
[3578|t+149139ms|ThreadId(1)] [hook] mob_ai_step fired (count=269400)
[3577|t+149122ms|ThreadId(2)] [RsiftPlatformBridge] apply error: ClassNotFoundException: net.minecraft.core.registries.BuiltInRegistries
[3579|t+149273ms|ThreadId(16)] [hook] fluid_tick fired (count=49200)
[3580|t+149276ms|ThreadId(16)] [hook] fluid_tick fired (count=49800)
[3581|t+149279ms|ThreadId(16)] [hook] fluid_tick fired (count=50400)
[3582|t+149300ms|ThreadId(1)] [hook] mob_ai_step fired (count=270000)
[3583|t+149410ms|ThreadId(16)] [hook] mob_ai_step fired (count=270600)
[3584|t+149412ms|ThreadId(17)] [hook] network_packet fired (count=79800)
[3585|t+149454ms|ThreadId(2)] [RsiftPlatformBridge] apply error: ClassNotFoundException: net.minecraft.core.registries.BuiltInRegistries
[3586|t+149454ms|ThreadId(2)] [RsiftPlatformBridge] apply error: ClassNotFoundException: net.minecraft.core.registries.BuiltInRegistries
[3587|t+149473ms|ThreadId(16)] [hook] fluid_tick fired (count=51000)
[3588|t+149584ms|ThreadId(1)] [hook] mob_ai_step fired (count=271200)
[3589|t+149710ms|ThreadId(16)] [hook] mob_ai_step fired (count=271800)
[3590|t+149758ms|ThreadId(2)] [RsiftPlatformBridge] apply error: ClassNotFoundException: net.minecraft.core.registries.BuiltInRegistries
[3591|t+149759ms|ThreadId(2)] [RsiftPlatformBridge] apply error: ClassNotFoundException: net.minecraft.core.registries.BuiltInRegistries
[3592|t+149837ms|ThreadId(1)] [hook] mob_ai_step fired (count=272400)
[3593|t+150005ms|ThreadId(1)] [hook] mob_ai_step fired (count=273000)
[3594|t+150063ms|ThreadId(2)] [RsiftPlatformBridge] apply error: ClassNotFoundException: net.minecraft.core.registries.BuiltInRegistries
[3595|t+150063ms|ThreadId(2)] [RsiftPlatformBridge] apply error: ClassNotFoundException: net.minecraft.core.registries.BuiltInRegistries
[3596|t+150138ms|ThreadId(1)] [hook] mob_ai_step fired (count=273600)
[3597|t+150165ms|ThreadId(17)] [hook] network_packet fired (count=80400)
[3598|t+150166ms|ThreadId(1)] [hook] render_flip fired (count=4200)
[3599|t+150206ms|ThreadId(16)] [hook] fluid_tick fired (count=51600)
[3600|t+150262ms|ThreadId(16)] [hook] mob_ai_step fired (count=274200)
[3601|t+150371ms|ThreadId(2)] [RsiftPlatformBridge] apply error: ClassNotFoundException: net.minecraft.core.registries.BuiltInRegistries
[3602|t+150372ms|ThreadId(2)] [RsiftPlatformBridge] apply error: ClassNotFoundException: net.minecraft.core.registries.BuiltInRegistries
[3603|t+150411ms|ThreadId(16)] [hook] mob_ai_step fired (count=274800)
[3604|t+150562ms|ThreadId(16)] [hook] mob_ai_step fired (count=275400)
[3605|t+150675ms|ThreadId(2)] [RsiftPlatformBridge] apply error: ClassNotFoundException: net.minecraft.core.registries.BuiltInRegistries
[3606|t+150676ms|ThreadId(2)] [RsiftPlatformBridge] apply error: ClassNotFoundException: net.minecraft.core.registries.BuiltInRegistries
[3607|t+150711ms|ThreadId(16)] [hook] mob_ai_step fired (count=276000)
[3608|t+150765ms|ThreadId(17)] [hook] network_packet fired (count=81000)
[3609|t+150836ms|ThreadId(1)] [hook] mob_ai_step fired (count=276600)
[3610|t+150981ms|ThreadId(2)] [RsiftPlatformBridge] apply error: ClassNotFoundException: net.minecraft.core.registries.BuiltInRegistries
[3611|t+150982ms|ThreadId(2)] [RsiftPlatformBridge] apply error: ClassNotFoundException: net.minecraft.core.registries.BuiltInRegistries
[3612|t+150991ms|ThreadId(1)] [hook] mob_ai_step fired (count=277200)
[3613|t+151139ms|ThreadId(1)] [hook] mob_ai_step fired (count=277800)
[3614|t+151261ms|ThreadId(16)] [hook] mob_ai_step fired (count=278400)
[3615|t+151285ms|ThreadId(2)] [RsiftPlatformBridge] apply error: ClassNotFoundException: net.minecraft.core.registries.BuiltInRegistries
[3616|t+151286ms|ThreadId(2)] [RsiftPlatformBridge] apply error: ClassNotFoundException: net.minecraft.core.registries.BuiltInRegistries
[3617|t+151409ms|ThreadId(16)] [hook] mob_ai_step fired (count=279000)
[3618|t+151413ms|ThreadId(17)] [hook] network_packet fired (count=81600)
[3619|t+151534ms|ThreadId(1)] [hook] mob_ai_step fired (count=279600)
[3620|t+151589ms|ThreadId(2)] [RsiftPlatformBridge] apply error: ClassNotFoundException: net.minecraft.core.registries.BuiltInRegistries
[3621|t+151590ms|ThreadId(2)] [RsiftPlatformBridge] apply error: ClassNotFoundException: net.minecraft.core.registries.BuiltInRegistries
[3622|t+151689ms|ThreadId(1)] [hook] mob_ai_step fired (count=280200)
[3623|t+151858ms|ThreadId(16)] [hook] mob_ai_step fired (count=280800)
[3624|t+151893ms|ThreadId(2)] [RsiftPlatformBridge] apply error: ClassNotFoundException: net.minecraft.core.registries.BuiltInRegistries
[3625|t+151894ms|ThreadId(2)] [RsiftPlatformBridge] apply error: ClassNotFoundException: net.minecraft.core.registries.BuiltInRegistries
[3626|t+151961ms|ThreadId(16)] [hook] mob_ai_step fired (count=281400)
[3627|t+152012ms|ThreadId(17)] [hook] network_packet fired (count=82200)
[3628|t+152111ms|ThreadId(16)] [hook] mob_ai_step fired (count=282000)
[3629|t+152197ms|ThreadId(2)] [RsiftPlatformBridge] apply error: ClassNotFoundException: net.minecraft.core.registries.BuiltInRegistries
[3630|t+152198ms|ThreadId(2)] [RsiftPlatformBridge] apply error: ClassNotFoundException: net.minecraft.core.registries.BuiltInRegistries
[3631|t+152240ms|ThreadId(1)] [hook] mob_ai_step fired (count=282600)
[3632|t+152388ms|ThreadId(1)] [hook] mob_ai_step fired (count=283200)
[3633|t+152502ms|ThreadId(2)] [RsiftPlatformBridge] apply error: ClassNotFoundException: net.minecraft.core.registries.BuiltInRegistries
[3634|t+152503ms|ThreadId(2)] [RsiftPlatformBridge] apply error: ClassNotFoundException: net.minecraft.core.registries.BuiltInRegistries
[3635|t+152556ms|ThreadId(16)] [hook] fluid_tick fired (count=52200)
[3636|t+152558ms|ThreadId(16)] [hook] mob_ai_step fired (count=283800)
[3637|t+152562ms|ThreadId(17)] [hook] network_packet fired (count=82800)
[3638|t+152661ms|ThreadId(16)] [hook] mob_ai_step fired (count=284400)
[3639|t+152806ms|ThreadId(2)] [RsiftPlatformBridge] apply error: ClassNotFoundException: net.minecraft.core.registries.BuiltInRegistries
[3640|t+152807ms|ThreadId(2)] [RsiftPlatformBridge] apply error: ClassNotFoundException: net.minecraft.core.registries.BuiltInRegistries
[3641|t+152809ms|ThreadId(16)] [hook] mob_ai_step fired (count=285000)
[3642|t+152943ms|ThreadId(1)] [hook] mob_ai_step fired (count=285600)
[3643|t+153088ms|ThreadId(1)] [hook] mob_ai_step fired (count=286200)
[3644|t+153111ms|ThreadId(2)] [RsiftPlatformBridge] apply error: ClassNotFoundException: net.minecraft.core.registries.BuiltInRegistries
[3645|t+153112ms|ThreadId(2)] [RsiftPlatformBridge] apply error: ClassNotFoundException: net.minecraft.core.registries.BuiltInRegistries
[3646|t+153163ms|ThreadId(17)] [hook] network_packet fired (count=83400)
[3647|t+153213ms|ThreadId(16)] [hook] mob_ai_step fired (count=286800)
[3648|t+153361ms|ThreadId(16)] [hook] mob_ai_step fired (count=287400)
[3649|t+153414ms|ThreadId(2)] [RsiftPlatformBridge] apply error: ClassNotFoundException: net.minecraft.core.registries.BuiltInRegistries
[3650|t+153415ms|ThreadId(2)] [RsiftPlatformBridge] apply error: ClassNotFoundException: net.minecraft.core.registries.BuiltInRegistries
[3651|t+153517ms|ThreadId(1)] [hook] mob_ai_step fired (count=288000)
[3652|t+153639ms|ThreadId(1)] [hook] mob_ai_step fired (count=288600)
[3653|t+153712ms|ThreadId(17)] [hook] network_packet fired (count=84000)
[3654|t+153718ms|ThreadId(2)] [RsiftPlatformBridge] apply error: ClassNotFoundException: net.minecraft.core.registries.BuiltInRegistries
[3655|t+153719ms|ThreadId(2)] [RsiftPlatformBridge] apply error: ClassNotFoundException: net.minecraft.core.registries.BuiltInRegistries
[3656|t+153793ms|ThreadId(1)] [hook] mob_ai_step fired (count=289200)
[3657|t+153947ms|ThreadId(1)] [hook] mob_ai_step fired (count=289800)
[3658|t+154022ms|ThreadId(2)] [RsiftPlatformBridge] apply error: ClassNotFoundException: net.minecraft.core.registries.BuiltInRegistries
[3659|t+154023ms|ThreadId(2)] [RsiftPlatformBridge] apply error: ClassNotFoundException: net.minecraft.core.registries.BuiltInRegistries
[3660|t+154061ms|ThreadId(16)] [hook] mob_ai_step fired (count=290400)
[3661|t+154210ms|ThreadId(16)] [hook] mob_ai_step fired (count=291000)
[3662|t+154318ms|ThreadId(17)] [hook] network_packet fired (count=84600)
[3663|t+154325ms|ThreadId(2)] [RsiftPlatformBridge] apply error: ClassNotFoundException: net.minecraft.core.registries.BuiltInRegistries
[3664|t+154326ms|ThreadId(2)] [RsiftPlatformBridge] apply error: ClassNotFoundException: net.minecraft.core.registries.BuiltInRegistries
[3665|t+154361ms|ThreadId(16)] [hook] mob_ai_step fired (count=291600)
[3666|t+154510ms|ThreadId(16)] [hook] mob_ai_step fired (count=292200)
[3667|t+154640ms|ThreadId(1)] [hook] mob_ai_step fired (count=292800)
[3668|t+154644ms|ThreadId(2)] [RsiftPlatformBridge] apply error: ClassNotFoundException: net.minecraft.core.registries.BuiltInRegistries
[3669|t+154645ms|ThreadId(2)] [RsiftPlatformBridge] apply error: ClassNotFoundException: net.minecraft.core.registries.BuiltInRegistries
[3670|t+154785ms|ThreadId(1)] [hook] mob_ai_step fired (count=293400)
[3671|t+154865ms|ThreadId(17)] [hook] network_packet fired (count=85200)
[3672|t+154948ms|ThreadId(2)] [RsiftPlatformBridge] apply error: ClassNotFoundException: net.minecraft.core.registries.BuiltInRegistries
[3673|t+154949ms|ThreadId(2)] [RsiftPlatformBridge] apply error: ClassNotFoundException: net.minecraft.core.registries.BuiltInRegistries
[3674|t+154953ms|ThreadId(1)] [hook] mob_ai_step fired (count=294000)
[3675|t+155060ms|ThreadId(16)] [hook] mob_ai_step fired (count=294600)
[3676|t+155210ms|ThreadId(16)] [hook] mob_ai_step fired (count=295200)
[3677|t+155252ms|ThreadId(2)] [RsiftPlatformBridge] apply error: ClassNotFoundException: net.minecraft.core.registries.BuiltInRegistries
[3678|t+155253ms|ThreadId(2)] [RsiftPlatformBridge] apply error: ClassNotFoundException: net.minecraft.core.registries.BuiltInRegistries
[3679|t+155338ms|ThreadId(1)] [hook] mob_ai_step fired (count=295800)
[3680|t+155463ms|ThreadId(16)] [hook] mob_ai_step fired (count=296400)
[3681|t+155464ms|ThreadId(17)] [hook] network_packet fired (count=85800)
[3682|t+155557ms|ThreadId(2)] [RsiftPlatformBridge] apply error: ClassNotFoundException: net.minecraft.core.registries.BuiltInRegistries
[3683|t+155558ms|ThreadId(2)] [RsiftPlatformBridge] apply error: ClassNotFoundException: net.minecraft.core.registries.BuiltInRegistries
[3684|t+155611ms|ThreadId(16)] [hook] mob_ai_step fired (count=297000)
[3685|t+155743ms|ThreadId(1)] [hook] mob_ai_step fired (count=297600)
[3686|t+155816ms|ThreadId(17)] [hook] network_packet fired (count=86400)
[3687|t+155860ms|ThreadId(16)] [hook] mob_ai_step fired (count=298200)
[3688|t+155861ms|ThreadId(2)] [RsiftPlatformBridge] apply error: ClassNotFoundException: net.minecraft.core.registries.BuiltInRegistries
[3689|t+155861ms|ThreadId(2)] [RsiftPlatformBridge] apply error: ClassNotFoundException: net.minecraft.core.registries.BuiltInRegistries
[3690|t+155962ms|ThreadId(16)] [hook] mob_ai_step fired (count=298800)
[3691|t+156091ms|ThreadId(1)] [hook] mob_ai_step fired (count=299400)
[3692|t+156113ms|ThreadId(17)] [hook] network_packet fired (count=87000)
[3693|t+156165ms|ThreadId(2)] [RsiftPlatformBridge] apply error: ClassNotFoundException: net.minecraft.core.registries.BuiltInRegistries
[3694|t+156166ms|ThreadId(2)] [RsiftPlatformBridge] apply error: ClassNotFoundException: net.minecraft.core.registries.BuiltInRegistries
[3695|t+156212ms|ThreadId(1)] [hook] mob_ai_step fired (count=300000)
[3696|t+156311ms|ThreadId(16)] [hook] mob_ai_step fired (count=300600)
[3697|t+156419ms|ThreadId(1)] [hook] mob_ai_step fired (count=301200)
[3698|t+156471ms|ThreadId(2)] [RsiftPlatformBridge] apply error: ClassNotFoundException: net.minecraft.core.registries.BuiltInRegistries
[3699|t+156472ms|ThreadId(2)] [RsiftPlatformBridge] apply error: ClassNotFoundException: net.minecraft.core.registries.BuiltInRegistries
[3700|t+156515ms|ThreadId(17)] [hook] network_packet fired (count=87600)
[3701|t+156547ms|ThreadId(1)] [hook] mob_ai_step fired (count=301800)
[3702|t+156644ms|ThreadId(1)] [hook] mob_ai_step fired (count=302400)
[3703|t+156761ms|ThreadId(16)] [hook] mob_ai_step fired (count=303000)
[3704|t+156776ms|ThreadId(2)] [RsiftPlatformBridge] apply error: ClassNotFoundException: net.minecraft.core.registries.BuiltInRegistries
[3705|t+156776ms|ThreadId(2)] [RsiftPlatformBridge] apply error: ClassNotFoundException: net.minecraft.core.registries.BuiltInRegistries
[3706|t+156862ms|ThreadId(16)] [hook] mob_ai_step fired (count=303600)
[3707|t+156965ms|ThreadId(17)] [hook] network_packet fired (count=88200)
[3708|t+157010ms|ThreadId(16)] [hook] mob_ai_step fired (count=304200)
[3709|t+157081ms|ThreadId(2)] [RsiftPlatformBridge] apply error: ClassNotFoundException: net.minecraft.core.registries.BuiltInRegistries
[3710|t+157082ms|ThreadId(2)] [RsiftPlatformBridge] apply error: ClassNotFoundException: net.minecraft.core.registries.BuiltInRegistries
[3711|t+157086ms|ThreadId(1)] [hook] mob_ai_step fired (count=304800)
[3712|t+157213ms|ThreadId(1)] [hook] mob_ai_step fired (count=305400)
[3713|t+157384ms|ThreadId(2)] [step] screen_check — obf=grx mojmap=net.minecraft.client.gui.screens.PauseScreen → injecting
[3714|t+157385ms|ThreadId(2)] [RsiftPlatformBridge] apply error: ClassNotFoundException: net.minecraft.core.registries.BuiltInRegistries
[3715|t+157389ms|ThreadId(2)] [RsiftPlatformBridge] apply error: ClassNotFoundException: net.minecraft.core.registries.BuiltInRegistries
[3716|t+157407ms|ThreadId(2)] [step] screen_check — obf=grx mojmap=net.minecraft.client.gui.screens.PauseScreen → injecting
[3717|t+157423ms|ThreadId(1)] [RsiftScreenHooks] injectCurrentScreen failed: gfj.screen()
[3718|t+157424ms|ThreadId(1)] [RsiftScreenHooks] injectCurrentScreen failed: gfj.screen()[3719|t+157425ms|ThreadId(2)] [step] screen_check — obf=grx mojmap=net.minecraft.client.gui.screens.PauseScreen → injecting

[3720|t+157438ms|ThreadId(1)] [RsiftScreenHooks] injectCurrentScreen failed: gfj.screen()
[3721|t+157443ms|ThreadId(2)] [step] screen_check — obf=grx mojmap=net.minecraft.client.gui.screens.PauseScreen → injecting
[3722|t+157453ms|ThreadId(1)] [RsiftScreenHooks] injectCurrentScreen failed: gfj.screen()
[3723|t+157695ms|ThreadId(2)] [step] screen_check — obf=grx mojmap=net.minecraft.client.gui.screens.PauseScreen → injecting
[3724|t+157696ms|ThreadId(2)] [RsiftPlatformBridge] apply error: ClassNotFoundException: net.minecraft.core.registries.BuiltInRegistries
[3725|t+157697ms|ThreadId(2)] [RsiftPlatformBridge] apply error: ClassNotFoundException: net.minecraft.core.registries.BuiltInRegistries
[3726|t+157700ms|ThreadId(1)] [RsiftScreenHooks] injectCurrentScreen failed: gfj.screen()
[3727|t+157715ms|ThreadId(2)] [step] screen_check — obf=grx mojmap=net.minecraft.client.gui.screens.PauseScreen → injecting
[3728|t+157733ms|ThreadId(2)] [step] screen_check — obf=grx mojmap=net.minecraft.client.gui.screens.PauseScreen → injecting
[3729|t+157752ms|ThreadId(2)] [step] screen_check — obf=grx mojmap=net.minecraft.client.gui.screens.PauseScreen → injecting
[3730|t+157757ms|ThreadId(1)] [RsiftScreenHooks] injectCurrentScreen failed: gfj.screen()
[3731|t+157758ms|ThreadId(1)] [RsiftScreenHooks] injectCurrentScreen failed: gfj.screen()
[3732|t+157758ms|ThreadId(1)] [RsiftScreenHooks] injectCurrentScreen failed: gfj.screen()
[3733|t+158004ms|ThreadId(2)] [step] screen_check — obf=grx mojmap=net.minecraft.client.gui.screens.PauseScreen → injecting
[3734|t+158005ms|ThreadId(2)] [RsiftPlatformBridge] apply error: ClassNotFoundException: net.minecraft.core.registries.BuiltInRegistries
[3735|t+158006ms|ThreadId(2)] [RsiftPlatformBridge] apply error: ClassNotFoundException: net.minecraft.core.registries.BuiltInRegistries
[3736|t+158007ms|ThreadId(2)] [step] tick_loop — alive tick=1560
[3737|t+158010ms|ThreadId(1)] [RsiftScreenHooks] injectCurrentScreen failed: gfj.screen()
[3738|t+158025ms|ThreadId(2)] [step] screen_check — obf=grx mojmap=net.minecraft.client.gui.screens.PauseScreen → injecting
[3739|t+158042ms|ThreadId(2)] [step] screen_check — obf=grx mojmap=net.minecraft.client.gui.screens.PauseScreen → injecting
[3740|t+158052ms|ThreadId(1)] [RsiftScreenHooks] injectCurrentScreen failed: gfj.screen()
[3741|t+158053ms|ThreadId(1)] [RsiftScreenHooks] injectCurrentScreen failed: gfj.screen()
[3742|t+158060ms|ThreadId(2)] [step] screen_check — obf=grx mojmap=net.minecraft.client.gui.screens.PauseScreen → injecting
[3743|t+158061ms|ThreadId(1)] [RsiftScreenHooks] injectCurrentScreen failed: gfj.screen()
[3744|t+158311ms|ThreadId(2)] [step] screen_check — obf=grx mojmap=net.minecraft.client.gui.screens.PauseScreen → injecting
[3745|t+158312ms|ThreadId(2)] [RsiftPlatformBridge] apply error: ClassNotFoundException: net.minecraft.core.registries.BuiltInRegistries
[3746|t+158313ms|ThreadId(2)] [RsiftPlatformBridge] apply error: ClassNotFoundException: net.minecraft.core.registries.BuiltInRegistries
[3747|t+158331ms|ThreadId(2)] [step] screen_check — obf=grx mojmap=net.minecraft.client.gui.screens.PauseScreen → injecting
[3748|t+158348ms|ThreadId(2)] [step] screen_check — obf=grx mojmap=net.minecraft.client.gui.screens.PauseScreen → injecting
[3749|t+158350ms|ThreadId(1)] [RsiftScreenHooks] injectCurrentScreen failed: gfj.screen()
[3750|t+158351ms|ThreadId(1)] [RsiftScreenHooks] injectCurrentScreen failed: gfj.screen()
[3751|t+158351ms|ThreadId(1)] [RsiftScreenHooks] injectCurrentScreen failed: gfj.screen()
[3752|t+158366ms|ThreadId(2)] [step] screen_check — obf=grx mojmap=net.minecraft.client.gui.screens.PauseScreen → injecting
[3753|t+158368ms|ThreadId(1)] [RsiftScreenHooks] injectCurrentScreen failed: gfj.screen()
[3754|t+158460ms|ThreadId(16)] [hook] mob_ai_step fired (count=306000)
[3755|t+158465ms|ThreadId(17)] [hook] network_packet fired (count=88800)
[3756|t+158566ms|ThreadId(1)] [hook] mob_ai_step fired (count=306600)
[3757|t+158618ms|ThreadId(2)] [RsiftPlatformBridge] apply error: ClassNotFoundException: net.minecraft.core.registries.BuiltInRegistries
[3758|t+158619ms|ThreadId(2)] [RsiftPlatformBridge] apply error: ClassNotFoundException: net.minecraft.core.registries.BuiltInRegistries
[3759|t+158700ms|ThreadId(1)] [hook] mob_ai_step fired (count=307200)
[3760|t+158810ms|ThreadId(16)] [hook] mob_ai_step fired (count=307800)
[3761|t+158864ms|ThreadId(17)] [hook] network_packet fired (count=89400)
[3762|t+158913ms|ThreadId(16)] [hook] mob_ai_step fired (count=308400)
[3763|t+158933ms|ThreadId(2)] [RsiftPlatformBridge] apply error: ClassNotFoundException: net.minecraft.core.registries.BuiltInRegistries
[3764|t+158934ms|ThreadId(2)] [RsiftPlatformBridge] apply error: ClassNotFoundException: net.minecraft.core.registries.BuiltInRegistries
[3765|t+159039ms|ThreadId(1)] [hook] mob_ai_step fired (count=309000)
[3766|t+159158ms|ThreadId(16)] [hook] mob_ai_step fired (count=309600)
[3767|t+159214ms|ThreadId(17)] [hook] network_packet fired (count=90000)
[3768|t+159237ms|ThreadId(2)] [RsiftPlatformBridge] apply error: ClassNotFoundException: net.minecraft.core.registries.BuiltInRegistries
[3769|t+159239ms|ThreadId(2)] [RsiftPlatformBridge] apply error: ClassNotFoundException: net.minecraft.core.registries.BuiltInRegistries
[3770|t+159263ms|ThreadId(16)] [hook] mob_ai_step fired (count=310200)
[3771|t+159545ms|ThreadId(2)] [step] screen_check — obf=grx mojmap=net.minecraft.client.gui.screens.PauseScreen → injecting
[3772|t+159547ms|ThreadId(2)] [RsiftPlatformBridge] apply error: ClassNotFoundException: net.minecraft.core.registries.BuiltInRegistries
[3773|t+159548ms|ThreadId(2)] [RsiftPlatformBridge] apply error: ClassNotFoundException: net.minecraft.core.registries.BuiltInRegistries
[3774|t+159550ms|ThreadId(1)] [RsiftScreenHooks] injectCurrentScreen failed: gfj.screen()
[3775|t+159566ms|ThreadId(2)] [step] screen_check — obf=grx mojmap=net.minecraft.client.gui.screens.PauseScreen → injecting
[3776|t+159571ms|ThreadId(1)] [RsiftScreenHooks] injectCurrentScreen failed: gfj.screen()
[3777|t+159584ms|ThreadId(2)] [step] screen_check — obf=grx mojmap=net.minecraft.client.gui.screens.PauseScreen → injecting
[3778|t+159601ms|ThreadId(2)] [step] screen_check — obf=grx mojmap=net.minecraft.client.gui.screens.PauseScreen → injecting
[3779|t+159612ms|ThreadId(1)] [RsiftScreenHooks] injectCurrentScreen failed: gfj.screen()
[3780|t+159612ms|ThreadId(1)] [RsiftScreenHooks] injectCurrentScreen failed: gfj.screen()
[3781|t+159853ms|ThreadId(2)] [step] screen_check — obf=grx mojmap=net.minecraft.client.gui.screens.PauseScreen → injecting
[3782|t+159854ms|ThreadId(2)] [RsiftPlatformBridge] apply error: ClassNotFoundException: net.minecraft.core.registries.BuiltInRegistries
[3783|t+159855ms|ThreadId(2)] [RsiftPlatformBridge] apply error: ClassNotFoundException: net.minecraft.core.registries.BuiltInRegistries
[3784|t+159865ms|ThreadId(1)] [RsiftScreenHooks] injectCurrentScreen failed: gfj.screen()
[3785|t+159873ms|ThreadId(2)] [step] screen_check — obf=grx mojmap=net.minecraft.client.gui.screens.PauseScreen → injecting
[3786|t+159891ms|ThreadId(2)] [step] screen_check — obf=grx mojmap=net.minecraft.client.gui.screens.PauseScreen → injecting
[3787|t+159904ms|ThreadId(1)] [RsiftScreenHooks] injectCurrentScreen failed: gfj.screen()
[3788|t+159904ms|ThreadId(1)] [RsiftScreenHooks] injectCurrentScreen failed: gfj.screen()
[3789|t+159909ms|ThreadId(2)] [step] screen_check — obf=grx mojmap=net.minecraft.client.gui.screens.PauseScreen → injecting
[3790|t+159914ms|ThreadId(1)] [RsiftScreenHooks] injectCurrentScreen failed: gfj.screen()
[3791|t+160161ms|ThreadId(2)] [step] screen_check — obf=grx mojmap=net.minecraft.client.gui.screens.PauseScreen → injecting
[3792|t+160162ms|ThreadId(2)] [RsiftPlatformBridge] apply error: ClassNotFoundException: net.minecraft.core.registries.BuiltInRegistries
[3793|t+160163ms|ThreadId(2)] [RsiftPlatformBridge] apply error: ClassNotFoundException: net.minecraft.core.registries.BuiltInRegistries
[3794|t+160181ms|ThreadId(2)] [step] screen_check — obf=grx mojmap=net.minecraft.client.gui.screens.PauseScreen → injecting
[3795|t+160199ms|ThreadId(2)] [step] screen_check — obf=grx mojmap=net.minecraft.client.gui.screens.PauseScreen → injecting
[3796|t+160208ms|ThreadId(1)] [RsiftScreenHooks] injectCurrentScreen failed: gfj.screen()
[3797|t+160209ms|ThreadId(1)] [RsiftScreenHooks] injectCurrentScreen failed: gfj.screen()
[3798|t+160209ms|ThreadId(1)] [RsiftScreenHooks] injectCurrentScreen failed: gfj.screen()
[3799|t+160217ms|ThreadId(2)] [step] screen_check — obf=grx mojmap=net.minecraft.client.gui.screens.PauseScreen → injecting
[3800|t+160219ms|ThreadId(1)] [RsiftScreenHooks] injectCurrentScreen failed: gfj.screen()
[3801|t+160469ms|ThreadId(2)] [step] screen_check — obf=grx mojmap=net.minecraft.client.gui.screens.PauseScreen → injecting
[3802|t+160470ms|ThreadId(2)] [RsiftPlatformBridge] apply error: ClassNotFoundException: net.minecraft.core.registries.BuiltInRegistries
[3803|t+160471ms|ThreadId(2)] [RsiftPlatformBridge] apply error: ClassNotFoundException: net.minecraft.core.registries.BuiltInRegistries
[3804|t+160488ms|ThreadId(2)] [step] screen_check — obf=grx mojmap=net.minecraft.client.gui.screens.PauseScreen → injecting
[3805|t+160506ms|ThreadId(2)] [step] screen_check — obf=grx mojmap=net.minecraft.client.gui.screens.PauseScreen → injecting
[3806|t+160524ms|ThreadId(2)] [step] screen_check — obf=grx mojmap=net.minecraft.client.gui.screens.PauseScreen → injecting
[3807|t+160530ms|ThreadId(1)] [RsiftScreenHooks] injectCurrentScreen failed: gfj.screen()
[3808|t+160531ms|ThreadId(1)] [RsiftScreenHooks] injectCurrentScreen failed: gfj.screen()
[3809|t+160532ms|ThreadId(1)] [RsiftScreenHooks] injectCurrentScreen failed: gfj.screen()
[3810|t+160532ms|ThreadId(1)] [RsiftScreenHooks] injectCurrentScreen failed: gfj.screen()
[3811|t+160645ms|ThreadId(1)] [hook] render_flip fired (count=4800)
[3812|t+160776ms|ThreadId(2)] [step] screen_check — obf=grx mojmap=net.minecraft.client.gui.screens.PauseScreen → injecting
[3813|t+160777ms|ThreadId(2)] [RsiftPlatformBridge] apply error: ClassNotFoundException: net.minecraft.core.registries.BuiltInRegistries
[3814|t+160777ms|ThreadId(2)] [RsiftPlatformBridge] apply error: ClassNotFoundException: net.minecraft.core.registries.BuiltInRegistries
[3815|t+160843ms|ThreadId(2)] [step] title_marker — window title set: Minecraft* 1.21.11 - Rsift (RsGraphics Render)
[3816|t+161095ms|ThreadId(2)] [RsiftRuntimeHooks] install failed: gfj.getConnection()
[3817|t+161096ms|ThreadId(2)] [RsiftPlatformBridge] apply error: ClassNotFoundException: net.minecraft.core.registries.BuiltInRegistries
[3818|t+161097ms|ThreadId(2)] [RsiftPlatformBridge] apply error: ClassNotFoundException: net.minecraft.core.registries.BuiltInRegistries
[3819|t+161401ms|ThreadId(2)] [RsiftPlatformBridge] apply error: ClassNotFoundException: net.minecraft.core.registries.BuiltInRegistries
[3820|t+161402ms|ThreadId(2)] [RsiftPlatformBridge] apply error: ClassNotFoundException: net.minecraft.core.registries.BuiltInRegistries
[3821|t+161705ms|ThreadId(2)] [RsiftPlatformBridge] apply error: ClassNotFoundException: net.minecraft.core.registries.BuiltInRegistries
[3822|t+161706ms|ThreadId(2)] [RsiftPlatformBridge] apply error: ClassNotFoundException: net.minecraft.core.registries.BuiltInRegistries
[3823|t+162011ms|ThreadId(2)] [RsiftPlatformBridge] apply error: ClassNotFoundException: net.minecraft.core.registries.BuiltInRegistries
[3824|t+162012ms|ThreadId(2)] [RsiftPlatformBridge] apply error: ClassNotFoundException: net.minecraft.core.registries.BuiltInRegistries
[3825|t+162317ms|ThreadId(2)] [RsiftPlatformBridge] apply error: ClassNotFoundException: net.minecraft.core.registries.BuiltInRegistries
[3826|t+162318ms|ThreadId(2)] [RsiftPlatformBridge] apply error: ClassNotFoundException: net.minecraft.core.registries.BuiltInRegistries
[3827|t+162623ms|ThreadId(2)] [RsiftPlatformBridge] apply error: ClassNotFoundException: net.minecraft.core.registries.BuiltInRegistries
[3828|t+162624ms|ThreadId(2)] [RsiftPlatformBridge] apply error: ClassNotFoundException: net.minecraft.core.registries.BuiltInRegistries
[3829|t+162927ms|ThreadId(2)] [step] screen_check — obf=gsd mojmap=net.minecraft.client.gui.screens.TitleScreen → injecting
[3830|t+162927ms|ThreadId(2)] [RsiftPlatformBridge] apply error: ClassNotFoundException: net.minecraft.core.registries.BuiltInRegistries
[3831|t+162928ms|ThreadId(2)] [RsiftPlatformBridge] apply error: ClassNotFoundException: net.minecraft.core.registries.BuiltInRegistries
[3832|t+162936ms|ThreadId(1)] [RsiftScreenHooks] injectCurrentScreen failed: gfj.screen()
[3833|t+162945ms|ThreadId(2)] [step] screen_check — obf=gsd mojmap=net.minecraft.client.gui.screens.TitleScreen → injecting
[3834|t+162953ms|ThreadId(1)] [RsiftScreenHooks] injectCurrentScreen failed: gfj.screen()
[3835|t+162963ms|ThreadId(2)] [step] screen_check — obf=gsd mojmap=net.minecraft.client.gui.screens.TitleScreen → injecting
[3836|t+162970ms|ThreadId(1)] [RsiftScreenHooks] injectCurrentScreen failed: gfj.screen()
[3837|t+162981ms|ThreadId(2)] [step] screen_check — obf=gsd mojmap=net.minecraft.client.gui.screens.TitleScreen → injecting
[3838|t+162987ms|ThreadId(1)] [RsiftScreenHooks] injectCurrentScreen failed: gfj.screen()
[3839|t+163232ms|ThreadId(2)] [step] screen_check — obf=gsd mojmap=net.minecraft.client.gui.screens.TitleScreen → injecting
[3840|t+163233ms|ThreadId(2)] [RsiftPlatformBridge] apply error: ClassNotFoundException: net.minecraft.core.registries.BuiltInRegistries
[3841|t+163233ms|ThreadId(2)] [RsiftPlatformBridge] apply error: ClassNotFoundException: net.minecraft.core.registries.BuiltInRegistries
[3842|t+163243ms|ThreadId(1)] [RsiftScreenHooks] injectCurrentScreen failed: gfj.screen()
[3843|t+163251ms|ThreadId(2)] [step] screen_check — obf=gsd mojmap=net.minecraft.client.gui.screens.TitleScreen → injecting
[3844|t+163269ms|ThreadId(2)] [step] screen_check — obf=gsd mojmap=net.minecraft.client.gui.screens.TitleScreen → injecting
[3846|t+163286ms|ThreadId(2)] [step] screen_check — obf=gsd mojmap=net.minecraft.client.gui.screens.TitleScreen → injecting[3845|t+163286ms|ThreadId(1)] [RsiftScreenHooks] injectCurrentScreen failed: gfj.screen()

[3847|t+163287ms|ThreadId(1)] [RsiftScreenHooks] injectCurrentScreen failed: gfj.screen()
[3848|t+163287ms|ThreadId(1)] [RsiftScreenHooks] injectCurrentScreen failed: gfj.screen()
[3849|t+163538ms|ThreadId(2)] [step] screen_check — obf=gsd mojmap=net.minecraft.client.gui.screens.TitleScreen → injecting
[3850|t+163539ms|ThreadId(2)] [RsiftPlatformBridge] apply error: ClassNotFoundException: net.minecraft.core.registries.BuiltInRegistries
[3851|t+163540ms|ThreadId(2)] [RsiftPlatformBridge] apply error: ClassNotFoundException: net.minecraft.core.registries.BuiltInRegistries
[3852|t+163548ms|ThreadId(1)] [RsiftScreenHooks] injectCurrentScreen failed: gfj.screen()
[3853|t+163557ms|ThreadId(2)] [step] screen_check — obf=gsd mojmap=net.minecraft.client.gui.screens.TitleScreen → injecting
[3854|t+163565ms|ThreadId(1)] [RsiftScreenHooks] injectCurrentScreen failed: gfj.screen()
[3855|t+163575ms|ThreadId(2)] [step] screen_check — obf=gsd mojmap=net.minecraft.client.gui.screens.TitleScreen → injecting
[3856|t+163581ms|ThreadId(1)] [RsiftScreenHooks] injectCurrentScreen failed: gfj.screen()
[3857|t+163593ms|ThreadId(2)] [step] screen_check — obf=gsd mojmap=net.minecraft.client.gui.screens.TitleScreen → injecting
[3858|t+163613ms|ThreadId(1)] [RsiftScreenHooks] injectCurrentScreen failed: gfj.screen()
[3859|t+163844ms|ThreadId(2)] [step] screen_check — obf=gsd mojmap=net.minecraft.client.gui.screens.TitleScreen → injecting
[3860|t+163845ms|ThreadId(2)] [RsiftPlatformBridge] apply error: ClassNotFoundException: net.minecraft.core.registries.BuiltInRegistries
[3861|t+163846ms|ThreadId(2)] [RsiftPlatformBridge] apply error: ClassNotFoundException: net.minecraft.core.registries.BuiltInRegistries
[3862|t+163861ms|ThreadId(1)] [RsiftScreenHooks] injectCurrentScreen failed: gfj.screen()
[3863|t+163864ms|ThreadId(2)] [step] screen_check — obf=gsd mojmap=net.minecraft.client.gui.screens.TitleScreen → injecting
[3864|t+163878ms|ThreadId(1)] [RsiftScreenHooks] injectCurrentScreen failed: gfj.screen()
[3865|t+163881ms|ThreadId(2)] [step] screen_check — obf=gsd mojmap=net.minecraft.client.gui.screens.TitleScreen → injecting
[3866|t+163895ms|ThreadId(1)] [RsiftScreenHooks] injectCurrentScreen failed: gfj.screen()
[3867|t+163901ms|ThreadId(2)] [step] screen_check — obf=gsd mojmap=net.minecraft.client.gui.screens.TitleScreen → injecting
[3868|t+163912ms|ThreadId(1)] [RsiftScreenHooks] injectCurrentScreen failed: gfj.screen()
[3869|t+164153ms|ThreadId(2)] [step] screen_check — obf=gsd mojmap=net.minecraft.client.gui.screens.TitleScreen → injecting
[3871|t+164153ms|ThreadId(1)] [RsiftScreenHooks] injectCurrentScreen failed: gfj.screen()[3870|t+164153ms|ThreadId(2)] [RsiftPlatformBridge] apply error: ClassNotFoundException: net.minecraft.core.registries.BuiltInRegistries

[3872|t+164154ms|ThreadId(2)] [RsiftPlatformBridge] apply error: ClassNotFoundException: net.minecraft.core.registries.BuiltInRegistries
[3873|t+164172ms|ThreadId(2)] [step] screen_check — obf=gsd mojmap=net.minecraft.client.gui.screens.TitleScreen → injecting
[3874|t+164184ms|ThreadId(1)] [RsiftScreenHooks] injectCurrentScreen failed: gfj.screen()
[3875|t+164190ms|ThreadId(2)] [step] screen_check — obf=gsd mojmap=net.minecraft.client.gui.screens.TitleScreen → injecting
[3876|t+164201ms|ThreadId(1)] [RsiftScreenHooks] injectCurrentScreen failed: gfj.screen()
[3877|t+164208ms|ThreadId(2)] [step] screen_check — obf=gsd mojmap=net.minecraft.client.gui.screens.TitleScreen → injecting
[3878|t+164217ms|ThreadId(1)] [RsiftScreenHooks] injectCurrentScreen failed: gfj.screen()
[3879|t+164459ms|ThreadId(2)] [step] screen_check — obf=gsd mojmap=net.minecraft.client.gui.screens.TitleScreen → injecting
[3880|t+164460ms|ThreadId(2)] [RsiftPlatformBridge] apply error: ClassNotFoundException: net.minecraft.core.registries.BuiltInRegistries
[3882|t+164461ms|ThreadId(2)] [RsiftPlatformBridge] apply error: ClassNotFoundException: net.minecraft.core.registries.BuiltInRegistries
[3881|t+164460ms|ThreadId(1)] [RsiftScreenHooks] injectCurrentScreen failed: gfj.screen()
[3883|t+164478ms|ThreadId(2)] [step] screen_check — obf=gsd mojmap=net.minecraft.client.gui.screens.TitleScreen → injecting
[3884|t+164495ms|ThreadId(2)] [step] screen_check — obf=gsd mojmap=net.minecraft.client.gui.screens.TitleScreen → injecting
[3885|t+164506ms|ThreadId(1)] [RsiftScreenHooks] injectCurrentScreen failed: gfj.screen()
[3886|t+164506ms|ThreadId(1)] [RsiftScreenHooks] injectCurrentScreen failed: gfj.screen()
[3887|t+164513ms|ThreadId(2)] [step] screen_check — obf=gsd mojmap=net.minecraft.client.gui.screens.TitleScreen → injecting
[3888|t+164522ms|ThreadId(1)] [RsiftScreenHooks] injectCurrentScreen failed: gfj.screen()
[3889|t+164765ms|ThreadId(2)] [step] screen_check — obf=gsd mojmap=net.minecraft.client.gui.screens.TitleScreen → injecting
[3890|t+164766ms|ThreadId(2)] [RsiftPlatformBridge] apply error: ClassNotFoundException: net.minecraft.core.registries.BuiltInRegistries
[3891|t+164766ms|ThreadId(2)] [RsiftPlatformBridge] apply error: ClassNotFoundException: net.minecraft.core.registries.BuiltInRegistries
[3892|t+164780ms|ThreadId(1)] [RsiftScreenHooks] injectCurrentScreen failed: gfj.screen()
[3893|t+164784ms|ThreadId(2)] [step] screen_check — obf=gsd mojmap=net.minecraft.client.gui.screens.TitleScreen → injecting
[3894|t+164797ms|ThreadId(1)] [RsiftScreenHooks] injectCurrentScreen failed: gfj.screen()
[3895|t+164802ms|ThreadId(2)] [step] screen_check — obf=gsd mojmap=net.minecraft.client.gui.screens.TitleScreen → injecting
[3896|t+164814ms|ThreadId(1)] [RsiftScreenHooks] injectCurrentScreen failed: gfj.screen()
[3897|t+164820ms|ThreadId(2)] [step] screen_check — obf=gsd mojmap=net.minecraft.client.gui.screens.TitleScreen → injecting
[3898|t+164845ms|ThreadId(1)] [RsiftScreenHooks] injectCurrentScreen failed: gfj.screen()
[3899|t+165071ms|ThreadId(2)] [step] screen_check — obf=gsd mojmap=net.minecraft.client.gui.screens.TitleScreen → injecting
[3900|t+165072ms|ThreadId(2)] [RsiftPlatformBridge] apply error: ClassNotFoundException: net.minecraft.core.registries.BuiltInRegistries
[3901|t+165073ms|ThreadId(2)] [RsiftPlatformBridge] apply error: ClassNotFoundException: net.minecraft.core.registries.BuiltInRegistries
[3902|t+165090ms|ThreadId(2)] [step] screen_check — obf=gsd mojmap=net.minecraft.client.gui.screens.TitleScreen → injecting
[3903|t+165095ms|ThreadId(1)] [RsiftScreenHooks] injectCurrentScreen failed: gfj.screen()
[3904|t+165096ms|ThreadId(1)] [RsiftScreenHooks] injectCurrentScreen failed: gfj.screen()
[3905|t+165108ms|ThreadId(2)] [step] screen_check — obf=gsd mojmap=net.minecraft.client.gui.screens.TitleScreen → injecting
[3906|t+165112ms|ThreadId(1)] [RsiftScreenHooks] injectCurrentScreen failed: gfj.screen()
[3907|t+165125ms|ThreadId(2)] [step] screen_check — obf=gsd mojmap=net.minecraft.client.gui.screens.TitleScreen → injecting
[3908|t+165129ms|ThreadId(1)] [RsiftScreenHooks] injectCurrentScreen failed: gfj.screen()
[3909|t+165377ms|ThreadId(2)] [step] screen_check — obf=gsd mojmap=net.minecraft.client.gui.screens.TitleScreen → injecting
[3910|t+165377ms|ThreadId(2)] [RsiftPlatformBridge] apply error: ClassNotFoundException: net.minecraft.core.registries.BuiltInRegistries
[3911|t+165378ms|ThreadId(2)] [RsiftPlatformBridge] apply error: ClassNotFoundException: net.minecraft.core.registries.BuiltInRegistries
[3912|t+165387ms|ThreadId(1)] [RsiftScreenHooks] injectCurrentScreen failed: gfj.screen()
[3913|t+165396ms|ThreadId(2)] [step] screen_check — obf=gsd mojmap=net.minecraft.client.gui.screens.TitleScreen → injecting
[3914|t+165413ms|ThreadId(2)] [step] screen_check — obf=gsd mojmap=net.minecraft.client.gui.screens.TitleScreen → injecting
[3915|t+165417ms|ThreadId(1)] [RsiftScreenHooks] injectCurrentScreen failed: gfj.screen()
[3916|t+165418ms|ThreadId(1)] [RsiftScreenHooks] injectCurrentScreen failed: gfj.screen()
[3917|t+165431ms|ThreadId(2)] [step] screen_check — obf=gsd mojmap=net.minecraft.client.gui.screens.TitleScreen → injecting
[3918|t+165434ms|ThreadId(1)] [RsiftScreenHooks] injectCurrentScreen failed: gfj.screen()
[3919|t+165683ms|ThreadId(2)] [step] screen_check — obf=gsd mojmap=net.minecraft.client.gui.screens.TitleScreen → injecting
[3920|t+165684ms|ThreadId(2)] [RsiftPlatformBridge] apply error: ClassNotFoundException: net.minecraft.core.registries.BuiltInRegistries
[3921|t+165684ms|ThreadId(2)] [RsiftPlatformBridge] apply error: ClassNotFoundException: net.minecraft.core.registries.BuiltInRegistries
[3922|t+165693ms|ThreadId(1)] [RsiftScreenHooks] injectCurrentScreen failed: gfj.screen()
[3923|t+165703ms|ThreadId(2)] [step] screen_check — obf=gsd mojmap=net.minecraft.client.gui.screens.TitleScreen → injecting
[3924|t+165710ms|ThreadId(1)] [RsiftScreenHooks] injectCurrentScreen failed: gfj.screen()
[3925|t+165721ms|ThreadId(2)] [step] screen_check — obf=gsd mojmap=net.minecraft.client.gui.screens.TitleScreen → injecting
[3926|t+165738ms|ThreadId(2)] [step] screen_check — obf=gsd mojmap=net.minecraft.client.gui.screens.TitleScreen → injecting
[3927|t+165744ms|ThreadId(1)] [RsiftScreenHooks] injectCurrentScreen failed: gfj.screen()
[3928|t+165745ms|ThreadId(1)] [RsiftScreenHooks] injectCurrentScreen failed: gfj.screen()
[3929|t+165990ms|ThreadId(2)] [step] screen_check — obf=gsd mojmap=net.minecraft.client.gui.screens.TitleScreen → injecting
[3930|t+165991ms|ThreadId(2)] [RsiftPlatformBridge] apply error: ClassNotFoundException: net.minecraft.core.registries.BuiltInRegistries
[3931|t+165991ms|ThreadId(2)] [RsiftPlatformBridge] apply error: ClassNotFoundException: net.minecraft.core.registries.BuiltInRegistries
